"","location","freq"
"1","1_2764000",0.0738
"2","1_5897000",0.35793
"3","1_8189000",0.01107
"4","1_12579000",0.00369
"5","1_12927000",0.34317
"6","1_13704000",0.01107
"7","1_17873000",0.00369
"8","1_19981000",0.02583
"9","1_20176000",0.00738
"10","1_21711000",0.00738
"11","1_22205000",0.00369
"12","1_22971000",0.00369
"13","1_24553000",0.0738
"14","1_27575000",0.00738
"15","1_27576000",0.00738
"16","1_27706000",0.01845
"17","1_28162000",0.00369
"18","1_28590000",0.00738
"19","1_29748000",0.05535
"20","1_30382000",0.02952
"21","1_31937000",0.00369
"22","1_33210000",0.01845
"23","1_33480000",0.00369
"24","1_35416000",0.00738
"25","1_38971000",0.00369
"26","1_39328000",0.00738
"27","1_41034000",0.00369
"28","1_44603000",0.00369
"29","1_44925000",0.11808
"30","1_49961000",0.02214
"31","1_61392000",0.00369
"32","1_61492000",0.00369
"33","1_64135000",0.01107
"34","1_64581000",0.00738
"35","1_65466000",0.15498
"36","1_65475000",0.03321
"37","1_65577000",0.00369
"38","1_65594000",0.00738
"39","1_66078000",0.00369
"40","1_66083000",0.01107
"41","1_72828000",0.00369
"42","1_76275000",0.00738
"43","1_80544000",0.01476
"44","1_80887000",0.19557
"45","1_86845000",0.01845
"46","1_87461000",0.00369
"47","1_90037000",0.00369
"48","1_96003000",0.00369
"49","1_103823000",0.00369
"50","1_103885000",0.34686
"51","1_106184000",0.00369
"52","1_120760000",0.1107
"53","1_121231000",0.00369
"54","1_124843000",0.00738
"55","1_125213000",0.26937
"56","1_128749000",0.00369
"57","1_142451000",0.00369
"58","1_152020000",0.01476
"59","1_152172000",0.03321
"60","1_155558000",0.00369
"61","1_159741000",0.00738
"62","1_160770000",0.00369
"63","1_166375000",0.00369
"64","1_168962000",0.10701
"65","1_175839000",0.00369
"66","1_175932000",0.02583
"67","1_175933000",0.07749
"68","1_177302000",0.01845
"69","1_184014000",0.00369
"70","1_190762000",0.00369
"71","1_193155000",0.02214
"72","1_193230000",0.0369
"73","1_202464000",0.00369
"74","1_211439000",0.00369
"75","1_211649000",0.01107
"76","1_211762000",0.00738
"77","1_216029000",0.04428
"78","1_219059000",0.0369
"79","1_219944000",0.00738
"80","1_221422000",0.17343
"81","1_221466000",0.01845
"82","1_224972000",0.00369
"83","1_224973000",0.13284
"84","1_229897000",0.08487
"85","1_229909000",0.3321
"86","1_229944000",0.02952
"87","1_229956000",0.00369
"88","1_232049000",0.08487
"89","1_232295000",0.01476
"90","1_235273000",0.01476
"91","1_240550000",0.25092
"92","1_241738000",0.00738
"93","1_249640000",0.02214
"94","1_250336000",0.00369
"95","1_251910000",0.1107
"96","1_251912000",0.02583
"97","1_254989000",0.29889
"98","1_254996000",0.11439
"99","1_254997000",0.00369
"100","1_254999000",0.41328
"101","1_255697000",0.00369
"102","1_257217000",0.00369
"103","1_258566000",0.00369
"104","1_262885000",0.11439
"105","1_265330000",0.05904
"106","1_265331000",0.00738
"107","1_266979000",0.67528
"108","1_266985000",0.42435
"109","1_267833000",0.00738
"110","1_271084000",0.01107
"111","1_274370000",0.00369
"112","1_274371000",0.00369
"113","1_277309000",0.01107
"114","1_277837000",0.00369
"115","1_279232000",0.01476
"116","1_279394000",0.00738
"117","1_281334000",0.0738
"118","1_283195000",0.01845
"119","1_287105000",0.07749
"120","1_289972000",0.02214
"121","1_294400000",0.00738
"122","1_294525000",0.05535
"123","1_295532000",0.06273
"124","1_297148000",0.01845
"125","1_298474000",0.00369
"126","1_303882000",0.00738
"127","1_305259000",0.08118
"128","1_307313000",0.25092
"129","2_1979000",0.04797
"130","2_2912000",0.01107
"131","2_3107000",0.00369
"132","2_3342000",0.01107
"133","2_5198000",0.00738
"134","2_13391000",0.00369
"135","2_13446000",0.18819
"136","2_13456000",0.00369
"137","2_13546000",0.05166
"138","2_14663000",0.00369
"139","2_15972000",0.00369
"140","2_19421000",0.00738
"141","2_19574000",0.19926
"142","2_19620000",0.00369
"143","2_19628000",0.0738
"144","2_24982000",0.02952
"145","2_26527000",0.46125
"146","2_26545000",0.01476
"147","2_26546000",0.00738
"148","2_26565000",0.47232
"149","2_26881000",0.00369
"150","2_26882000",0.4428
"151","2_26884000",0.43911
"152","2_27901000",0.00369
"153","2_29556000",0.02952
"154","2_32837000",0.06273
"155","2_32839000",0.18819
"156","2_32970000",0.02214
"157","2_35015000",0.29151
"158","2_37257000",0.00369
"159","2_38856000",0.08118
"160","2_39577000",0.00369
"161","2_46079000",0.00369
"162","2_52886000",0.16974
"163","2_53229000",0.00369
"164","2_57611000",0.04059
"165","2_70868000",0.00369
"166","2_70869000",0.00369
"167","2_71675000",0.00738
"168","2_74130000",0.02583
"169","2_78874000",0.66052
"170","2_78875000",0.02583
"171","2_79013000",0.02214
"172","2_89468000",0.00369
"173","2_92160000",0.00738
"174","2_93624000",0.00738
"175","2_108506000",0.01476
"176","2_108903000",0.00369
"177","2_108904000",0.01476
"178","2_115932000",0.00738
"179","2_124695000",0.00738
"180","2_127990000",0.01107
"181","2_133367000",0.15867
"182","2_133709000",0.00738
"183","2_138850000",0.01107
"184","2_139520000",0.00369
"185","2_140544000",0.00369
"186","2_141874000",0.17343
"187","2_142055000",0.00369
"188","2_149361000",0.15867
"189","2_156044000",0.00369
"190","2_159582000",0.70111
"191","2_162482000",0.00369
"192","2_165812000",0.49446
"193","2_165814000",0.16605
"194","2_168269000",0.00369
"195","2_170131000",0.00369
"196","2_173423000",0.09963
"197","2_180409000",0.2214
"198","2_182051000",0.01476
"199","2_183410000",0.00369
"200","2_184608000",0.00369
"201","2_185388000",0.0369
"202","2_185389000",0.04428
"203","2_190348000",0.01107
"204","2_190713000",0.00738
"205","2_200261000",0.08118
"206","2_202991000",0.00738
"207","2_202993000",0.15498
"208","2_203908000",0.00369
"209","2_205587000",0.01845
"210","2_206788000",0.16236
"211","2_207024000",0.00369
"212","2_207030000",0.00738
"213","2_207984000",0.00369
"214","2_208050000",0.00369
"215","2_213907000",0.01476
"216","2_216034000",0.01845
"217","2_216040000",0.59041
"218","2_217323000",0.00369
"219","2_217421000",0.01107
"220","2_217445000",0.00369
"221","2_217758000",0.28413
"222","2_217945000",0.01476
"223","2_218010000",0.00738
"224","2_219874000",0.33579
"225","2_223226000",0.28044
"226","2_223231000",0.00738
"227","2_223763000",0.00369
"228","2_225304000",0.00369
"229","2_230035000",0.15867
"230","2_231108000",0.13653
"231","2_231435000",0.01476
"232","2_231515000",0.00369
"233","2_234814000",0.02952
"234","2_238789000",0.00369
"235","2_241072000",0.00369
"236","3_3968000",0.04428
"237","3_4642000",0.00738
"238","3_8219000",0.00369
"239","3_9260000",0.00738
"240","3_13053000",0.02952
"241","3_17473000",0.00369
"242","3_19282000",0.00738
"243","3_19283000",0.01476
"244","3_23442000",0.03321
"245","3_26408000",0.00369
"246","3_26424000",0.01107
"247","3_31545000",0.00369
"248","3_32107000",0.18081
"249","3_33075000",0.05904
"250","3_33417000",0.00369
"251","3_36254000",0.02952
"252","3_36260000",0.01845
"253","3_37977000",0.10332
"254","3_37978000",0.00738
"255","3_40166000",0.05535
"256","3_41806000",0.00369
"257","3_42445000",0.01476
"258","3_71858000",0.00369
"259","3_77565000",0.56089
"260","3_88774000",0.00369
"261","3_94655000",0.01107
"262","3_104301000",0.00369
"263","3_107229000",0.00369
"264","3_111885000",0.02214
"265","3_126908000",0.25461
"266","3_128788000",0.00369
"267","3_135902000",0.10332
"268","3_138395000",0.00369
"269","3_142916000",0.00369
"270","3_151042000",0.08856
"271","3_152946000",0.05166
"272","3_152947000",0.01107
"273","3_154602000",0.01476
"274","3_156840000",0.16605
"275","3_159743000",0.02214
"276","3_159824000",0.00369
"277","3_159975000",0.00738
"278","3_160990000",0.00738
"279","3_163894000",0.00369
"280","3_169344000",0.02583
"281","3_169587000",0.00369
"282","3_170094000",0.00369
"283","3_170400000",0.01845
"284","3_174164000",0.02952
"285","3_176621000",0.4428
"286","3_176622000",0.50554
"287","3_177357000",0.28413
"288","3_179077000",0.00369
"289","3_180321000",0.04059
"290","3_185563000",0.02214
"291","3_186545000",0.00369
"292","3_187194000",0.28044
"293","3_187584000",0.37269
"294","3_187586000",0.56089
"295","3_192251000",0.00369
"296","3_193512000",0.00738
"297","3_193513000",0.01107
"298","3_194127000",0.00369
"299","3_196792000",0.01476
"300","3_197032000",0.00369
"301","3_199047000",0.00738
"302","3_199130000",0.19188
"303","3_199333000",0.11439
"304","3_199586000",0.00369
"305","3_199587000",0.00369
"306","3_213054000",0.22878
"307","3_215226000",0.00369
"308","3_215227000",0.00369
"309","3_218166000",0.00369
"310","3_218400000",0.00738
"311","3_222082000",0.00369
"312","3_223232000",0.00369
"313","3_223233000",0.00369
"314","3_223732000",0.19557
"315","3_223733000",0.00369
"316","3_227545000",0.02214
"317","3_229372000",0.00369
"318","3_229440000",0.01476
"319","3_229441000",0.01845
"320","3_230914000",0.20295
"321","3_230952000",0.04797
"322","3_231447000",0.02952
"323","3_232902000",0.07749
"324","3_234965000",0.00369
"325","3_235423000",0.02214
"326","3_236490000",0.00369
"327","4_1843000",0.14391
"328","4_1844000",0.01476
"329","4_1850000",0.20664
"330","4_2135000",0.01845
"331","4_3531000",0.00369
"332","4_6333000",0.01845
"333","4_6370000",0.09225
"334","4_6373000",0.00369
"335","4_13843000",0.10701
"336","4_14814000",0.00369
"337","4_15601000",0.00369
"338","4_23919000",0.00369
"339","4_26972000",0.03321
"340","4_28022000",0.00369
"341","4_34146000",0.04428
"342","4_35076000",0.00369
"343","4_45609000",0.00738
"344","4_56434000",0.00369
"345","4_63776000",0.02214
"346","4_64787000",0.00738
"347","4_68620000",0.03321
"348","4_70836000",0.00738
"349","4_73083000",0.00369
"350","4_73994000",0.09594
"351","4_76830000",0.00738
"352","4_78606000",0.00369
"353","4_83110000",0.00738
"354","4_84427000",0.00369
"355","4_87123000",0.01476
"356","4_87977000",0.00369
"357","4_92853000",0.41697
"358","4_92854000",0.61624
"359","4_93872000",0.05166
"360","4_93874000",0.04428
"361","4_98802000",0.00369
"362","4_102261000",0.63469
"363","4_108104000",0.78229
"364","4_114071000",0.00738
"365","4_125482000",0.09225
"366","4_137692000",0.00369
"367","4_142025000",0.00369
"368","4_144808000",0.01845
"369","4_144979000",0.00369
"370","4_151893000",0.01476
"371","4_158736000",0.01845
"372","4_165623000",0.48708
"373","4_165624000",0.27306
"374","4_171961000",0.08856
"375","4_171966000",0.06642
"376","4_171968000",0.10701
"377","4_172500000",0.39114
"378","4_174648000",0.06273
"379","4_179143000",0.00369
"380","4_181859000",0.01107
"381","4_184127000",0.00369
"382","4_186360000",0.00738
"383","4_189105000",0.12546
"384","4_189125000",0.04428
"385","4_190067000",0.01476
"386","4_190068000",0.02583
"387","4_191143000",0.02952
"388","4_192258000",0.00369
"389","4_193242000",0.02214
"390","4_193903000",0.00369
"391","4_193904000",0.00369
"392","4_195464000",0.01845
"393","4_195465000",0.01476
"394","4_201664000",0.01107
"395","4_202437000",0.00369
"396","4_204567000",0.0369
"397","4_205211000",0.00369
"398","4_209503000",0.01107
"399","4_209629000",0.04059
"400","4_209630000",0.02583
"401","4_212067000",0.00369
"402","4_225841000",0.06642
"403","4_231959000",0.00369
"404","4_236270000",0.00738
"405","4_236789000",0.09225
"406","4_236796000",0.00369
"407","4_241710000",0.00369
"408","4_242311000",0.05166
"409","4_245462000",0.00369
"410","4_247862000",0.19188
"411","4_247863000",0.29151
"412","4_248933000",0.00369
"413","5_961000",0.05166
"414","5_1267000",0.04428
"415","5_3932000",0.01476
"416","5_4023000",0.00369
"417","5_4809000",0.00369
"418","5_4857000",0.00369
"419","5_5516000",0.00369
"420","5_6053000",0.00369
"421","5_6339000",0.27675
"422","5_6368000",0.00738
"423","5_6885000",0.00369
"424","5_7645000",0.00369
"425","5_7887000",0.00369
"426","5_8516000",0.03321
"427","5_9145000",0.07749
"428","5_10706000",0.00369
"429","5_10879000",0.07749
"430","5_11100000",0.02214
"431","5_12954000",0.00369
"432","5_13128000",0.2583
"433","5_13808000",0.2583
"434","5_13813000",0.01107
"435","5_14201000",0.06642
"436","5_15149000",0.27306
"437","5_15194000",0.00369
"438","5_18410000",0.00738
"439","5_18704000",0.3321
"440","5_18741000",0.41328
"441","5_18742000",0.00369
"442","5_21715000",0.00369
"443","5_27636000",0.67528
"444","5_28055000",0.38745
"445","5_28056000",0.00369
"446","5_28060000",0.13284
"447","5_28405000",0.00369
"448","5_28918000",0.29151
"449","5_31186000",0.00369
"450","5_35526000",0.00369
"451","5_35959000",0.05904
"452","5_35961000",0.07749
"453","5_37123000",0.00369
"454","5_40949000",0.04428
"455","5_42048000",0.00738
"456","5_51441000",0.00738
"457","5_52474000",0.00369
"458","5_52903000",0.01107
"459","5_60875000",0.01845
"460","5_61143000",0.36531
"461","5_61145000",0.25092
"462","5_70643000",0.04059
"463","5_73119000",0.00738
"464","5_73437000",0.00738
"465","5_73709000",0.05904
"466","5_75137000",0.00369
"467","5_76462000",0.00369
"468","5_77692000",0.00369
"469","5_83734000",0.01107
"470","5_84850000",0.00369
"471","5_89436000",0.00369
"472","5_92168000",0.00369
"473","5_93141000",0.00369
"474","5_101714000",0.00369
"475","5_101762000",0.00369
"476","5_111131000",0.01476
"477","5_115244000",0.0369
"478","5_117158000",0.02583
"479","5_117189000",0.00738
"480","5_124839000",0.01476
"481","5_125054000",0.00369
"482","5_127897000",0.00369
"483","5_134135000",0.41328
"484","5_134138000",0.53137
"485","5_139092000",0.00369
"486","5_147338000",0.02583
"487","5_149772000",0.00369
"488","5_150862000",0.00369
"489","5_162042000",0.00369
"490","5_162873000",0.28413
"491","5_165904000",0.09594
"492","5_166110000",0.04059
"493","5_167767000",0.04059
"494","5_167773000",0.24354
"495","5_172183000",0.13653
"496","5_175356000",0.00369
"497","5_178270000",0.02583
"498","5_180597000",0.02583
"499","5_182538000",0.26199
"500","5_185359000",0.01107
"501","5_185965000",0.03321
"502","5_185966000",0.0369
"503","5_188070000",0.00369
"504","5_189575000",0.01845
"505","5_189602000",0.34686
"506","5_192389000",0.00369
"507","5_194694000",0.00369
"508","5_194695000",0.00369
"509","5_194851000",0.00369
"510","5_195072000",0.13284
"511","5_195074000",0.0369
"512","5_195428000",0.00369
"513","5_195713000",0.01107
"514","5_196469000",0.21033
"515","5_196905000",0.00369
"516","5_203374000",0.02952
"517","5_207807000",0.00738
"518","5_209674000",0.17343
"519","5_210371000",0.25092
"520","5_210372000",0.42435
"521","5_211705000",0.03321
"522","5_211716000",0.0369
"523","5_212311000",0.00738
"524","5_213115000",0.19557
"525","5_213128000",0.1845
"526","5_213510000",0.00369
"527","5_218370000",0.00369
"528","5_220545000",0.02214
"529","5_220546000",0.09225
"530","5_221450000",0.00369
"531","5_221477000",0.08487
"532","5_221499000",0.01107
"533","5_223137000",0.00738
"534","5_223750000",0.11439
"535","6_1793000",0.00369
"536","6_7286000",0.00738
"537","6_9956000",0.00738
"538","6_11503000",0.00369
"539","6_13427000",0.00738
"540","6_18037000",0.57934
"541","6_18038000",0.00369
"542","6_19822000",0.00369
"543","6_20018000",0.00369
"544","6_25603000",0.13284
"545","6_28647000",0.04797
"546","6_39244000",0.01476
"547","6_40513000",0.00369
"548","6_42331000",0.02583
"549","6_42431000",0.06642
"550","6_48613000",0.18819
"551","6_51611000",0.05535
"552","6_66574000",0.02214
"553","6_73470000",0.2214
"554","6_80855000",0.02583
"555","6_82322000",0.01845
"556","6_84526000",0.00369
"557","6_91957000",0.00369
"558","6_94352000",0.04428
"559","6_94353000",0.04428
"560","6_94725000",0.00369
"561","6_97458000",0.06642
"562","6_98703000",0.00369
"563","6_99614000",0.00369
"564","6_100188000",0.00369
"565","6_100816000",0.00369
"566","6_100820000",0.00369
"567","6_101320000",0.06642
"568","6_102875000",0.33948
"569","6_103551000",0.00369
"570","6_106982000",0.01845
"571","6_113708000",0.00369
"572","6_115775000",0.00369
"573","6_118283000",0.09963
"574","6_118569000",0.01107
"575","6_120737000",0.00738
"576","6_122152000",0.13284
"577","6_123174000",0.12546
"578","6_123175000",0.02952
"579","6_125271000",0.00369
"580","6_125311000",0.1476
"581","6_130632000",0.00369
"582","6_131817000",0.10332
"583","6_133316000",0.01107
"584","6_133317000",0.02952
"585","6_133709000",0.04797
"586","6_138184000",0.00369
"587","6_139650000",0.11439
"588","6_139652000",0.08487
"589","6_143687000",0.00369
"590","6_145133000",0.00369
"591","6_148365000",0.06642
"592","6_149281000",0.02214
"593","6_149736000",0.00369
"594","6_152826000",0.01107
"595","6_152827000",0.06642
"596","6_154494000",0.02952
"597","6_156546000",0.00369
"598","6_161205000",0.05166
"599","6_161206000",0.00738
"600","6_161208000",0.76015
"601","6_161216000",0.00369
"602","6_161887000",0.01845
"603","6_164137000",0.15498
"604","6_165513000",0.00369
"605","6_166670000",0.00369
"606","6_167469000",0.00369
"607","6_168371000",0.10332
"608","6_169756000",0.04428
"609","6_170123000",0.00369
"610","6_171268000",0.00369
"611","6_171895000",0.00738
"612","6_172776000",0.03321
"613","6_173226000",0.01107
"614","6_173351000",0.00369
"615","6_174770000",0.00738
"616","6_176023000",0.00369
"617","6_177182000",0.00369
"618","6_177190000",0.00369
"619","6_179208000",0.00738
"620","6_179209000",0.00369
"621","7_226000",0.00738
"622","7_1329000",0.07011
"623","7_2848000",0.05166
"624","7_5120000",0.02583
"625","7_8849000",0.01107
"626","7_13788000",0.00738
"627","7_13914000",0.01107
"628","7_14095000",0.00369
"629","7_15710000",0.00369
"630","7_16100000",0.04059
"631","7_16430000",0.01107
"632","7_18012000",0.01476
"633","7_18202000",0.19926
"634","7_25924000",0.00369
"635","7_27821000",0.00369
"636","7_28088000",0.01476
"637","7_28395000",0.1107
"638","7_28657000",0.00369
"639","7_32717000",0.01845
"640","7_33865000",0.06273
"641","7_35527000",0.00369
"642","7_42677000",0.00369
"643","7_54872000",0.00738
"644","7_58875000",0.04797
"645","7_71173000",0.00738
"646","7_84284000",0.00369
"647","7_90120000",0.00369
"648","7_92094000",0.19926
"649","7_92096000",0.32103
"650","7_102194000",0.00369
"651","7_102195000",0.00738
"652","7_103422000",0.04059
"653","7_105613000",0.01107
"654","7_109751000",0.00369
"655","7_110918000",0.0369
"656","7_114619000",0.01107
"657","7_114911000",0.01107
"658","7_120019000",0.00369
"659","7_120785000",0.01476
"660","7_125767000",0.00369
"661","7_125768000",0.00369
"662","7_126100000",0.02583
"663","7_127160000",0.00369
"664","7_130208000",0.00369
"665","7_130308000",0.00369
"666","7_134519000",0.00369
"667","7_134950000",0.00369
"668","7_135291000",0.00369
"669","7_145534000",0.05535
"670","7_153574000",0.00369
"671","7_153693000",0.01107
"672","7_154687000",0.10332
"673","7_155589000",0.04428
"674","7_161765000",0.00369
"675","7_161981000",0.07011
"676","7_168507000",0.00369
"677","7_168514000",0.24723
"678","7_168518000",0.28044
"679","7_168519000",0.04059
"680","7_168577000",0.01476
"681","7_169448000",0.00369
"682","7_170386000",0.00369
"683","7_171748000",0.00369
"684","7_172060000",0.00369
"685","7_173060000",0.04428
"686","7_174161000",0.14022
"687","7_175030000",0.02952
"688","7_176134000",0.02214
"689","7_176920000",0.01107
"690","7_181597000",0.32103
"691","7_183936000",0.00369
"692","7_184506000",0.01107
"693","8_521000",0.00369
"694","8_2509000",0.00369
"695","8_4226000",0.00369
"696","8_5810000",0.00738
"697","8_7225000",0.00738
"698","8_8983000",0.00369
"699","8_9701000",0.00369
"700","8_10067000",0.00369
"701","8_14510000",0.05904
"702","8_16449000",0.02583
"703","8_19882000",0.02583
"704","8_20846000",0.00369
"705","8_26941000",0.00369
"706","8_29915000",0.00369
"707","8_29947000",0.01476
"708","8_34184000",0.00369
"709","8_42312000",0.00369
"710","8_42511000",0.00369
"711","8_48520000",0.00369
"712","8_67059000",0.03321
"713","8_67435000",0.01107
"714","8_67440000",0.01845
"715","8_68752000",0.04059
"716","8_69577000",0.03321
"717","8_72685000",0.02952
"718","8_73129000",0.07749
"719","8_74289000",0.00369
"720","8_88893000",0.00369
"721","8_92666000",0.00369
"722","8_93294000",0.00369
"723","8_97154000",0.00369
"724","8_101316000",0.01845
"725","8_102916000",0.00369
"726","8_103755000",0.34317
"727","8_103757000",0.00738
"728","8_104687000",0.00369
"729","8_106788000",0.00369
"730","8_107131000",0.00369
"731","8_107376000",0.00369
"732","8_109766000",0.01107
"733","8_109767000",0.45018
"734","8_109768000",0.00369
"735","8_112580000",0.00738
"736","8_117554000",0.00369
"737","8_117591000",0.01107
"738","8_119053000",0.00369
"739","8_119083000",0.00369
"740","8_119471000",0.01845
"741","8_122367000",0.00738
"742","8_122368000",0.01476
"743","8_124287000",0.69742
"744","8_124418000",0.04797
"745","8_124419000",0.00369
"746","8_125386000",0.09963
"747","8_125771000",0.00369
"748","8_127975000",0.00369
"749","8_132336000",0.00369
"750","8_134756000",0.01476
"751","8_135303000",0.00369
"752","8_141382000",0.01845
"753","8_143695000",0.35055
"754","8_144921000",0.02214
"755","8_145515000",0.05166
"756","8_145706000",0.02214
"757","8_146691000",0.0369
"758","8_148116000",0.34686
"759","8_151021000",0.05904
"760","8_152442000",0.00369
"761","8_154188000",0.15498
"762","8_154189000",0.14022
"763","8_154498000",0.01107
"764","8_156091000",0.01476
"765","8_156722000",0.11439
"766","8_156724000",0.27675
"767","8_156920000",0.11808
"768","8_158171000",0.24723
"769","8_158173000",0.01476
"770","8_158566000",0.00369
"771","8_158567000",0.00738
"772","8_163053000",0.02214
"773","8_164801000",0.00738
"774","8_164969000",0.01107
"775","8_165110000",0.04059
"776","8_166203000",0.09594
"777","8_166299000",0.00369
"778","8_168245000",0.00369
"779","8_170163000",0.00369
"780","8_171639000",0.00738
"781","8_172007000",0.00369
"782","8_172253000",0.01845
"783","8_172319000",0.01476
"784","8_172709000",0.01476
"785","8_172931000",0.00369
"786","8_173205000",0.01107
"787","8_176535000",0.09225
"788","8_177363000",0.02583
"789","8_177733000",0.00369
"790","8_178077000",0.01476
"791","8_178937000",0.06273
"792","8_179369000",0.00369
"793","8_179531000",0.01845
"794","8_179552000",0.00738
"795","8_180202000",0.00738
"796","8_180335000",0.01476
"797","8_180347000",0.00369
"798","8_180416000",0.00738
"799","8_181881000",0.03321
"800","9_1503000",0.00369
"801","9_1924000",0.06642
"802","9_1925000",0.00369
"803","9_3697000",0.00369
"804","9_3954000",0.00369
"805","9_6978000",0.04428
"806","9_8838000",0.00738
"807","9_9430000",0.00738
"808","9_9489000",0.00369
"809","9_9963000",0.00369
"810","9_12657000",0.00369
"811","9_14463000",0.00369
"812","9_16108000",0.02583
"813","9_16302000",0.01476
"814","9_16311000",0.05535
"815","9_16779000",0.27675
"816","9_17879000",0.00369
"817","9_17957000",0.00738
"818","9_21616000",0.00369
"819","9_22842000",0.00369
"820","9_26897000",0.00738
"821","9_27785000",0.01476
"822","9_27828000",0.00369
"823","9_29027000",0.00369
"824","9_29298000",0.05535
"825","9_31203000",0.00738
"826","9_34097000",0.00369
"827","9_41071000",0.63838
"828","9_41072000",0.26199
"829","9_41086000",0.00369
"830","9_41793000",0.01107
"831","9_42486000",0.00369
"832","9_46103000",0.00369
"833","9_52959000",0.05166
"834","9_66747000",0.00369
"835","9_70515000",0.00369
"836","9_77037000",0.07749
"837","9_82474000",0.03321
"838","9_91564000",0.00738
"839","9_95226000",0.10332
"840","9_99910000",0.00369
"841","9_101183000",0.00738
"842","9_105721000",0.00369
"843","9_105829000",0.14391
"844","9_105941000",0.00369
"845","9_106163000",0.17343
"846","9_107400000",0.17712
"847","9_112564000",0.01845
"848","9_115605000",0.00738
"849","9_118039000",0.00369
"850","9_119502000",0.01845
"851","9_125895000",0.02214
"852","9_129743000",0.00369
"853","9_129975000",0.01476
"854","9_130382000",0.00369
"855","9_133919000",0.00738
"856","9_134363000",0.00369
"857","9_134874000",0.02214
"858","9_135256000",0.02583
"859","9_135638000",0.1845
"860","9_136624000",0.00369
"861","9_139043000",0.02583
"862","9_141192000",0.05166
"863","9_143325000",0.00369
"864","9_145298000",0.01476
"865","9_146180000",0.00738
"866","9_146559000",0.05166
"867","9_146669000",0.00369
"868","9_149484000",0.01476
"869","9_153290000",0.05166
"870","9_154617000",0.61624
"871","9_156963000",0.00369
"872","9_157278000",0.00369
"873","9_157512000",0.00369
"874","9_157740000",0.00369
"875","9_157752000",0.00369
"876","9_157774000",0.00369
"877","9_159216000",0.17712
"878","9_159560000",0.00369
"879","9_160053000",0.00738
"880","9_160226000",0.00369
"881","9_160336000",0.03321
"882","9_161779000",0.2214
"883","9_161780000",0.00369
"884","9_161973000",0.00738
"885","9_162039000",0.15498
"886","10_611000",0.00369
"887","10_9e.05",0
"888","10_1023000",0.01845
"889","10_1195000",0.00369
"890","10_1561000",0.00369
"891","10_1574000",0.01107
"892","10_1705000",0.00369
"893","10_3942000",0.12546
"894","10_4014000",0.78967
"895","10_4064000",0.01107
"896","10_4065000",0.00738
"897","10_4614000",0.00738
"898","10_11237000",0.02583
"899","10_12647000",0.08118
"900","10_12753000",0.00369
"901","10_13303000",0.00369
"902","10_14902000",0.00369
"903","10_15599000",0.00369
"904","10_18163000",0.00369
"905","10_24544000",0.01476
"906","10_25684000",0.00369
"907","10_26936000",0.00369
"908","10_27810000",0.0369
"909","10_32695000",0.00738
"910","10_32943000",0.05904
"911","10_33222000",0.00369
"912","10_36056000",0.01845
"913","10_37311000",0.00369
"914","10_47606000",0.45387
"915","10_53173000",0.00369
"916","10_53725000",0.0738
"917","10_55005000",0.00369
"918","10_58453000",0.39852
"919","10_59282000",0.01845
"920","10_65675000",0.18081
"921","10_67560000",0.00369
"922","10_69826000",0.00369
"923","10_72113000",0.02583
"924","10_74542000",0.00369
"925","10_75135000",0.00369
"926","10_80630000",0.01845
"927","10_80709000",0.00738
"928","10_85763000",0.00369
"929","10_85910000",0.01107
"930","10_88956000",0.00738
"931","10_90427000",0.04059
"932","10_92621000",0.00369
"933","10_103066000",0.00738
"934","10_109057000",0.01107
"935","10_111355000",0.02214
"936","10_112014000",0.00369
"937","10_112089000",0.05166
"938","10_113821000",0.00738
"939","10_114297000",0.00738
"940","10_115038000",0.00369
"941","10_119637000",0.04797
"942","10_121956000",0.00369
"943","10_127603000",0.00369
"944","10_128413000",0.1107
"945","10_128414000",0.04797
"946","10_131268000",0.02583
"947","10_131539000",0.00369
"948","10_132728000",0.00369
"949","10_132947000",0.0369
"950","10_135502000",0.01107
"951","10_136682000",0.00369
"952","10_137124000",0.05535
"953","10_138326000",0.00369
"954","10_138823000",0.00738
"955","10_140003000",0.01107
"956","10_140491000",0.00738
"957","10_141739000",0.00369
"958","10_144343000",0.22878
"959","10_145019000",0.00738
"960","10_146360000",0.02952
"961","10_146375000",0.00369
"962","10_147786000",0.00369
"963","10_148614000",0.00369
"964","10_149592000",0.00369
"965","10_149618000",0.04428
"966","10_149629000",0.0738
"967","10_151457000",0.00369
