"","X","qname","sname","percent_identity","alignment_length","mismatches","gap_opens","q_start","q_end","s_start","s_end","evalue","bit_score","tsds","strand"
"1",1,"A214NGoodman-Buckler_H3CWKBGXX_GATCAG_read2","MuTIR_1",94.167,120,6,1,32,151,1,119,2.11e-50,182,"AGATGTAGC","+"
"2",2,"A214NGoodman-Buckler_H3CWKBGXX_GATCAG_read4","MuTIR_1",94.4,125,6,1,21,145,1,124,3.51e-53,191,"GACGCCAGC","+"
"3",3,"A214NGoodman-Buckler_H3CWKBGXX_GATCAG_read9","MuTIR_1",94.737,95,4,1,10,104,1,94,7.72e-40,147,"CATCCATTT","+"
"4",4,"A214NGoodman-Buckler_H3CWKBGXX_GATCAG_read10","MuTIR_1",95.276,127,5,1,20,146,1,126,5.84e-56,200,"GAGAGCCTC","+"
"10",10,"A214NGoodman-Buckler_H3CWKBGXX_GATCAG_read22","MuTIR_1",94.737,95,4,1,25,119,1,94,7.72e-40,147,"TCTTCCTGA","-"
"13",14,"A214NGoodman-Buckler_H3CWKBGXX_GATCAG_read29","MuTIR_1",94.915,59,2,1,93,151,1,58,3.67e-23,91.6,"CCCTCCCCA","+"
"15",31,"A214NGoodman-Buckler_H3CWKBGXX_GATCAG_read88","MuTIR_2",84.127,126,20,0,26,151,1,126,1.3e-32,122,"GGAGAAGTG","+"
"16",32,"A214NGoodman-Buckler_H3CWKBGXX_GATCAG_read89","MuTIR_2",94.03,67,4,0,83,149,1,67,1.69e-26,102,"CTACTCGGT","+"
"17",33,"A214NGoodman-Buckler_H3CWKBGXX_GATCAG_read92","MuTIR_2",91.209,91,8,0,61,151,1,91,3.61e-33,124,"TCGAATGGC","+"
"18",34,"A214NGoodman-Buckler_H3CWKBGXX_GATCAG_read94","MuTIR_2",85.859,99,12,2,51,148,1,98,4.71e-27,104,"CTCCGTTAT","+"
"19",35,"A214NGoodman-Buckler_H3CWKBGXX_GATCAG_read95","MuTIR_2",95.556,90,4,0,60,149,1,90,2.77e-39,145,"CCCAGAGCC","+"
"20",36,"A214NGoodman-Buckler_H3CWKBGXX_GATCAG_read98","MuTIR_2",91.346,104,9,0,48,151,1,104,9.98e-39,143,"TAATGTTGA","+"
"21",37,"A214NGoodman-Buckler_H3CWKBGXX_GATCAG_read100","MuTIR_2",95.506,89,4,0,63,151,1,89,9.98e-39,143,"CGCGCGTGG","+"
"33",56,"A214NGoodman-Buckler_H3CWKBGXX_GATCAG_read135","MuTIR_2",86.747,83,8,1,53,132,1,83,1.32e-22,89.8,"AAGATGACA","-"
"35",60,"A214NGoodman-Buckler_H3CWKBGXX_GATCAG_read152","MuTIR_2",88.281,128,15,0,6,133,1,128,4.61e-42,154,"CAGTAGTGA","-"
"36",63,"A214NGoodman-Buckler_H3CWKBGXX_GATCAG_read166","MuTIR_3",92.793,111,8,0,30,140,1,111,2.76e-44,161,"GGCCCCCAC","+"
"37",64,"A214NGoodman-Buckler_H3CWKBGXX_GATCAG_read167","MuTIR_3",95.556,90,4,0,52,141,1,90,2.77e-39,145,"TTTTGTCTG","+"
"45",73,"A214NGoodman-Buckler_H3CWKBGXX_GATCAG_read182","MuTIR_3",88.636,88,10,0,51,138,1,88,3.64e-28,108,"TGACCAAGA","+"
"47",75,"A214NGoodman-Buckler_H3CWKBGXX_GATCAG_read185","MuTIR_3",92.208,77,6,0,73,149,1,77,1.01e-28,110,"GAGATTTGG","+"
"52",84,"A214NGoodman-Buckler_H3CWKBGXX_GATCAG_read198","MuTIR_3",85.246,122,16,2,30,150,1,121,3.61e-33,124,"GCAGGCTAG","+"
"53",85,"A214NGoodman-Buckler_H3CWKBGXX_GATCAG_read199","MuTIR_3",84.962,133,18,2,10,141,1,132,6.01e-36,134,"AAACGTCGA","-"
"54",100,"A214NGoodman-Buckler_H3CWKBGXX_GATCAG_read224","MuTIR_4",88.333,120,13,1,15,134,1,119,2.77e-39,145,"CTCTCTTGC","+"
"55",101,"A214NGoodman-Buckler_H3CWKBGXX_GATCAG_read227","MuTIR_4",91.429,70,6,0,82,151,1,70,7.88e-25,97.1,"CGGCCACCG","+"
"60",106,"A214NGoodman-Buckler_H3CWKBGXX_GATCAG_read242","MuTIR_4",95.062,81,4,0,62,142,1,81,2.79e-34,128,"AAAATAGGA","-"
"65",115,"A214NGoodman-Buckler_H3CWKBGXX_GATCAG_read279","MuTIR_5",89.381,113,9,2,17,127,1,112,3.59e-38,141,"ATTGAGCCC","+"
"66",116,"A214NGoodman-Buckler_H3CWKBGXX_GATCAG_read280","MuTIR_5",95.918,49,2,0,87,135,1,49,7.94e-20,80.5,"ATTGAGCCC","+"
"67",117,"A214NGoodman-Buckler_H3CWKBGXX_GATCAG_read282","MuTIR_5",89.908,109,9,1,45,151,1,109,3.59e-38,141,"GCTGCAGGA","+"
"69",119,"A214NGoodman-Buckler_H3CWKBGXX_GATCAG_read284","MuTIR_5",89.412,85,7,1,69,151,1,85,3.64e-28,108,"ATTGAGCCC","+"
"70",120,"A214NGoodman-Buckler_H3CWKBGXX_GATCAG_read285","MuTIR_5",87.234,94,10,1,60,151,1,94,3.64e-28,108,"CGAGACGGC","+"
"72",122,"A214NGoodman-Buckler_H3CWKBGXX_GATCAG_read288","MuTIR_5",95.918,49,2,0,101,149,1,49,7.94e-20,80.5,"CGAGACGGC","+"
"73",123,"A214NGoodman-Buckler_H3CWKBGXX_GATCAG_read289","MuTIR_5",89.381,113,10,1,39,149,1,113,9.98e-39,143,"AGCTGCGGC","+"
"75",125,"A214NGoodman-Buckler_H3CWKBGXX_GATCAG_read291","MuTIR_5",88.43,121,11,2,25,142,1,121,2.77e-39,145,"TCCCATTAG","-"
"77",127,"A214NGoodman-Buckler_H3CWKBGXX_GATCAG_read294","MuTIR_5",95.918,49,2,0,87,135,1,49,7.94e-20,80.5,"AGGCATAGG","-"
"78",128,"A214NGoodman-Buckler_H3CWKBGXX_GATCAG_read295","MuTIR_5",89.764,127,11,1,14,138,1,127,7.66e-45,163,"CGTTGTTAT","-"
"84",138,"A214NGoodman-Buckler_H3CWKBGXX_GATCAG_read320","MuTIR_6",95.575,113,5,0,39,151,1,113,2.11e-50,182,"TGCACTATG","+"
"85",139,"A214NGoodman-Buckler_H3CWKBGXX_GATCAG_read321","MuTIR_6",95.798,119,5,0,31,149,1,119,9.77e-54,193,"TGTACTACG","+"
"87",146,"A214NGoodman-Buckler_H3CWKBGXX_GATCAG_read355","MuTIR_7",89.474,57,6,0,91,147,1,57,1.03e-18,76.8,"TCGTACCGC","+"
"88",147,"A214NGoodman-Buckler_HLCY2CCXX_L4_read1","MuTIR_1",95.833,48,2,0,103,150,1,48,2.83e-19,78.7,"CAAGGTGGG","+"
"90",149,"A214NGoodman-Buckler_HLCY2CCXX_L4_read8","MuTIR_1",96.491,57,1,1,90,146,1,56,1.01e-23,93.5,"AGATGTAGC","+"
"92",151,"A214NGoodman-Buckler_HLCY2CCXX_L4_read16","MuTIR_1",96.364,110,3,1,41,150,1,109,7.55e-50,180,"GAGAGCCTC","+"
"93",152,"A214NGoodman-Buckler_HLCY2CCXX_L4_read22","MuTIR_1",95.05,101,4,1,49,149,1,100,3.54e-43,158,"AGATGTAGC","+"
"94",153,"A214NGoodman-Buckler_HLCY2CCXX_L4_read23","MuTIR_1",88.333,120,13,1,24,143,1,119,9.91e-39,143,"CTCGCACAG","+"
"95",154,"A214NGoodman-Buckler_HLCY2CCXX_L4_read24","MuTIR_1",93.684,95,5,1,43,137,1,94,3.56e-38,141,"CTCGCACAG","+"
"96",155,"A214NGoodman-Buckler_HLCY2CCXX_L4_read26","MuTIR_1",97.727,44,1,0,107,150,1,44,1.02e-18,76.8,"GCTACATCT","+"
"97",156,"A214NGoodman-Buckler_HLCY2CCXX_L4_read28","MuTIR_1",97.727,44,1,0,107,150,1,44,1.02e-18,76.8,"GCTACATCT","+"
"98",157,"A214NGoodman-Buckler_HLCY2CCXX_L4_read32","MuTIR_1",95.349,43,2,0,107,149,1,43,1.71e-16,69.4,"GCTACATCT","+"
"99",158,"A214NGoodman-Buckler_HLCY2CCXX_L4_read33","MuTIR_1",93.684,95,5,1,50,144,1,94,3.56e-38,141,"CTCGCACAG","+"
"100",159,"A214NGoodman-Buckler_HLCY2CCXX_L4_read37","MuTIR_1",94.186,86,4,1,64,149,1,85,7.71e-35,130,"GTCAGGGAC","+"
"101",160,"A214NGoodman-Buckler_HLCY2CCXX_L4_read38","MuTIR_1",93.939,66,1,2,87,150,1,65,7.82e-25,97.1,"GCCGTGCGA","+"
"102",161,"A214NGoodman-Buckler_HLCY2CCXX_L4_read40","MuTIR_1",93.651,63,1,2,90,150,1,62,3.64e-23,91.6,"GCCGTGCGA","+"
"112",171,"A214NGoodman-Buckler_HLCY2CCXX_L4_read65","MuTIR_1",93.684,95,5,1,35,129,1,94,3.56e-38,141,"TCTTTCTGA","-"
"115",174,"A214NGoodman-Buckler_HLCY2CCXX_L4_read69","MuTIR_1",93.684,95,5,1,42,136,1,94,3.56e-38,141,"TCTTTCTGA","-"
"118",177,"A214NGoodman-Buckler_HLCY2CCXX_L4_read72","MuTIR_1",93.684,95,5,1,40,134,1,94,3.56e-38,141,"TCTTTCTGA","-"
"119",178,"A214NGoodman-Buckler_HLCY2CCXX_L4_read75","MuTIR_1",95.789,95,3,1,13,107,1,94,1.65e-41,152,"TCTTTCTGA","-"
"121",180,"A214NGoodman-Buckler_HLCY2CCXX_L4_read87","MuTIR_1",94.828,116,5,1,35,150,1,115,7.55e-50,180,"CCCTCCCCA","+"
"122",181,"A214NGoodman-Buckler_HLCY2CCXX_L4_read90","MuTIR_1",95.604,91,3,1,60,150,1,90,2.76e-39,145,"CCCTCCCCA","+"
"125",221,"A214NGoodman-Buckler_HLCY2CCXX_L4_read221","MuTIR_2",97.297,74,2,0,77,150,1,74,9.98e-34,126,"CGCGCGTGG","+"
"127",223,"A214NGoodman-Buckler_HLCY2CCXX_L4_read224","MuTIR_2",92,100,6,2,52,150,1,99,1.28e-37,139,"TGCCGCCGC","+"
"128",224,"A214NGoodman-Buckler_HLCY2CCXX_L4_read225","MuTIR_2",92,100,6,2,52,150,1,99,1.28e-37,139,"TGCCGCCGC","+"
"129",225,"A214NGoodman-Buckler_HLCY2CCXX_L4_read226","MuTIR_2",93.976,83,5,0,68,150,1,83,9.98e-34,126,"TGCAATGAT","+"
"130",226,"A214NGoodman-Buckler_HLCY2CCXX_L4_read228","MuTIR_2",89.024,82,9,0,62,143,1,82,1.68e-26,102,"GGAGAAGTG","+"
"131",227,"A214NGoodman-Buckler_HLCY2CCXX_L4_read229","MuTIR_2",92.381,105,6,2,47,150,1,104,2.13e-40,148,"TGCCGCCGC","+"
"132",228,"A214NGoodman-Buckler_HLCY2CCXX_L4_read231","MuTIR_2",91.667,84,7,0,65,148,1,84,6.01e-31,117,"GGGGTTTGT","+"
"133",229,"A214NGoodman-Buckler_HLCY2CCXX_L4_read232","MuTIR_2",97.101,69,2,0,82,150,1,69,6.01e-31,117,"CGCGCGTGG","+"
"134",230,"A214NGoodman-Buckler_HLCY2CCXX_L4_read234","MuTIR_2",91.667,84,7,0,65,148,1,84,6.01e-31,117,"GGGGTTTGT","+"
"135",231,"A214NGoodman-Buckler_HLCY2CCXX_L4_read235","MuTIR_2",92.683,82,6,0,64,145,1,82,1.67e-31,119,"TCCAACGAG","+"
"136",232,"A214NGoodman-Buckler_HLCY2CCXX_L4_read236","MuTIR_2",95,60,3,0,91,150,1,60,2.81e-24,95.3,"CATTCTCAA","+"
"137",233,"A214NGoodman-Buckler_HLCY2CCXX_L4_read237","MuTIR_2",96.053,76,3,0,68,143,1,76,3.59e-33,124,"TGCCGCCGC","+"
"138",234,"A214NGoodman-Buckler_HLCY2CCXX_L4_read239","MuTIR_2",94.167,120,7,0,29,148,1,120,5.84e-51,183,"CGCGCGTGG","+"
"139",235,"A214NGoodman-Buckler_HLCY2CCXX_L4_read240","MuTIR_2",97.368,38,1,0,113,150,1,38,2.21e-15,65.8,"TTCCTCGCC","+"
"140",236,"A214NGoodman-Buckler_HLCY2CCXX_L4_read241","MuTIR_2",92.683,82,6,0,61,142,1,82,1.67e-31,119,"GGCTCTCTG","+"
"141",237,"A214NGoodman-Buckler_HLCY2CCXX_L4_read242","MuTIR_2",96.053,76,3,0,68,143,1,76,3.59e-33,124,"TGCCGCCGC","+"
"142",238,"A214NGoodman-Buckler_HLCY2CCXX_L4_read243","MuTIR_2",92,100,6,2,52,150,1,99,1.28e-37,139,"TGCCGCCGC","+"
"143",239,"A214NGoodman-Buckler_HLCY2CCXX_L4_read251","MuTIR_2",92.784,97,7,0,54,150,1,97,3.56e-38,141,"CCCAGAGCC","+"
"144",240,"A214NGoodman-Buckler_HLCY2CCXX_L4_read256","MuTIR_2",95.122,82,4,0,69,150,1,82,7.71e-35,130,"CCCAGAGCC","+"
"145",241,"A214NGoodman-Buckler_HLCY2CCXX_L4_read257","MuTIR_2",86.735,98,13,0,52,149,1,98,1.01e-28,110,"GCTGGGAAG","+"
"146",242,"A214NGoodman-Buckler_HLCY2CCXX_L4_read258","MuTIR_2",93.103,87,6,0,64,150,1,87,2.77e-34,128,"TGCAATGAT","+"
"147",243,"A214NGoodman-Buckler_HLCY2CCXX_L4_read259","MuTIR_2",92,100,6,2,52,150,1,99,1.28e-37,139,"TGCCGCCGC","+"
"148",244,"A214NGoodman-Buckler_HLCY2CCXX_L4_read262","MuTIR_2",89.024,82,9,0,62,143,1,82,1.68e-26,102,"GGAGAAGTG","+"
"149",245,"A214NGoodman-Buckler_HLCY2CCXX_L4_read263","MuTIR_2",92.222,90,7,0,57,146,1,90,2.15e-35,132,"ACTGATAGA","+"
"162",258,"A214NGoodman-Buckler_HLCY2CCXX_L4_read283","MuTIR_2",92.969,128,9,0,7,134,1,128,4.51e-52,187,"CAGTAGTGA","-"
"166",262,"A214NGoodman-Buckler_HLCY2CCXX_L4_read290","MuTIR_2",93.701,127,8,0,9,135,1,127,3.49e-53,191,"TACGGATAG","-"
"185",297,"A214NGoodman-Buckler_HLCY2CCXX_L4_read368","MuTIR_2",89.535,86,9,0,63,148,1,86,1.01e-28,110,"TCCTTGGAC","+"
"186",302,"A214NGoodman-Buckler_HLCY2CCXX_L4_read395","MuTIR_3",91.667,132,11,0,19,150,1,132,5.84e-51,183,"GTTTCCCAA","+"
"187",303,"A214NGoodman-Buckler_HLCY2CCXX_L4_read397","MuTIR_3",95.122,82,4,0,69,150,1,82,7.71e-35,130,"CAGACAAAA","+"
"188",304,"A214NGoodman-Buckler_HLCY2CCXX_L4_read398","MuTIR_3",97.297,37,1,0,114,150,1,37,7.94e-15,63.9,"CATATGTAC","+"
"189",305,"A214NGoodman-Buckler_HLCY2CCXX_L4_read400","MuTIR_3",92.029,138,11,0,10,147,1,138,2.7e-54,195,"CCAGTAGCA","+"
"190",306,"A214NGoodman-Buckler_HLCY2CCXX_L4_read401","MuTIR_3",93.75,80,5,0,69,148,1,80,4.64e-32,121,"CCGTTTTTT","+"
"201",318,"A214NGoodman-Buckler_HLCY2CCXX_L4_read424","MuTIR_3",92.174,115,9,0,33,147,1,115,7.61e-45,163,"CCTACAATG","+"
"202",319,"A214NGoodman-Buckler_HLCY2CCXX_L4_read425","MuTIR_3",92.92,113,8,0,37,149,1,113,2.11e-45,165,"GTGGTTTAG","+"
"203",320,"A214NGoodman-Buckler_HLCY2CCXX_L4_read426","MuTIR_3",91.791,134,11,0,17,150,1,134,4.51e-52,187,"GTGGTTTAG","+"
"204",321,"A214NGoodman-Buckler_HLCY2CCXX_L4_read427","MuTIR_3",92.241,116,7,2,36,150,1,115,7.61e-45,163,"CCCTGCGAG","+"
"205",322,"A214NGoodman-Buckler_HLCY2CCXX_L4_read428","MuTIR_3",91.791,134,11,0,17,150,1,134,4.51e-52,187,"GTGGTTTAG","+"
"209",326,"A214NGoodman-Buckler_HLCY2CCXX_L4_read435","MuTIR_3",91.603,131,11,0,11,141,1,131,2.1e-50,182,"GTGGTTTAG","+"
"215",336,"A214NGoodman-Buckler_HLCY2CCXX_L4_read455","MuTIR_3",92.424,66,5,0,82,147,1,66,2.81e-24,95.3,"CACTAGTGC","+"
"216",337,"A214NGoodman-Buckler_HLCY2CCXX_L4_read461","MuTIR_3",90.426,94,9,0,56,149,1,94,3.59e-33,124,"AGTTACGCC","+"
"225",346,"A214NGoodman-Buckler_HLCY2CCXX_L4_read479","MuTIR_3",89.024,82,8,1,65,146,1,81,6.05e-26,100,"AGTTTCAGA","+"
"226",347,"A214NGoodman-Buckler_HLCY2CCXX_L4_read481","MuTIR_3",89.922,129,13,0,6,134,1,129,5.88e-46,167,"GACGATCTC","-"
"227",350,"A214NGoodman-Buckler_HLCY2CCXX_L4_read484","MuTIR_3",93.056,72,5,0,79,150,1,72,1.3e-27,106,"CTCCAGGAT","+"
"229",356,"A214NGoodman-Buckler_HLCY2CCXX_L4_read496","MuTIR_3",84.314,102,14,2,50,150,1,101,2.18e-25,99,"GCAGGCTAG","+"
"230",357,"A214NGoodman-Buckler_HLCY2CCXX_L4_read497","MuTIR_3",87.805,82,10,0,54,135,1,82,7.82e-25,97.1,"GCGGGCTAG","+"
"233",412,"A214NGoodman-Buckler_HLCY2CCXX_L4_read568","MuTIR_4",93.023,129,9,0,14,142,1,129,3.49e-53,191,"CCGAAGACT","+"
"234",413,"A214NGoodman-Buckler_HLCY2CCXX_L4_read574","MuTIR_4",87.611,113,14,0,38,150,1,113,5.96e-36,134,"GTGACTGAG","+"
"236",415,"A214NGoodman-Buckler_HLCY2CCXX_L4_read578","MuTIR_4",89.773,88,9,0,54,141,1,88,7.77e-30,113,"GTTAAAAAG","+"
"237",416,"A214NGoodman-Buckler_HLCY2CCXX_L4_read579","MuTIR_4",93.243,74,5,0,77,150,1,74,1.01e-28,110,"CGGCCACCG","+"
"238",417,"A214NGoodman-Buckler_HLCY2CCXX_L4_read586","MuTIR_4",91.743,109,9,0,42,150,1,109,4.58e-42,154,"CGGCCACCG","+"
"239",418,"A214NGoodman-Buckler_HLCY2CCXX_L4_read589","MuTIR_4",95,40,2,0,109,148,1,40,7.94e-15,63.9,"GTTAAAAAG","+"
"240",419,"A214NGoodman-Buckler_HLCY2CCXX_L4_read590","MuTIR_4",100,30,0,0,118,147,1,30,1.33e-12,56.5,"GTTAAAAAG","+"
"241",420,"A214NGoodman-Buckler_HLCY2CCXX_L4_read591","MuTIR_4",89.831,118,12,0,32,149,1,118,4.58e-42,154,"CTCTCTTGC","+"
"242",421,"A214NGoodman-Buckler_HLCY2CCXX_L4_read593","MuTIR_4",93.103,58,4,0,91,148,1,58,1.69e-21,86.1,"CGGCCACCG","+"
"243",422,"A214NGoodman-Buckler_HLCY2CCXX_L4_read594","MuTIR_4",90.833,120,11,0,11,130,1,120,7.61e-45,163,"CGGCCACCG","+"
"244",423,"A214NGoodman-Buckler_HLCY2CCXX_L4_read595","MuTIR_4",100,31,0,0,120,150,1,31,3.69e-13,58.4,"CGGCCACCG","+"
"245",424,"A214NGoodman-Buckler_HLCY2CCXX_L4_read597","MuTIR_4",91.358,81,7,0,66,146,1,81,2.79e-29,111,"GTTAAAAAG","+"
"251",430,"A214NGoodman-Buckler_HLCY2CCXX_L4_read610","MuTIR_4",90.833,120,11,0,18,137,1,120,7.61e-45,163,"CTTTTATGC","-"
"258",438,"A214NGoodman-Buckler_HLCY2CCXX_L4_read633","MuTIR_4",86.923,130,16,1,12,141,1,129,7.66e-40,147,"AGCGACGAG","+"
"260",440,"A214NGoodman-Buckler_HLCY2CCXX_L4_read636","MuTIR_4",86.923,130,16,1,12,141,1,129,7.66e-40,147,"ACCGAGGAG","-"
"261",442,"A214NGoodman-Buckler_HLCY2CCXX_L4_read639","MuTIR_4",89.362,94,10,0,55,148,1,94,1.67e-31,119,"TTCAACCTC","+"
"262",443,"A214NGoodman-Buckler_HLCY2CCXX_L4_read640","MuTIR_4",89.362,94,10,0,55,148,1,94,1.67e-31,119,"TTCAACCTC","+"
"264",445,"A214NGoodman-Buckler_HLCY2CCXX_L4_read649","MuTIR_4",91.935,62,5,0,89,150,1,62,4.71e-22,87.9,"GACTTTAGC","+"
"266",451,"A214NGoodman-Buckler_HLCY2CCXX_L4_read665","MuTIR_4",86.111,108,15,0,43,150,1,108,1.67e-31,119,"GTGTGTGGG","+"
"268",456,"A214NGoodman-Buckler_HLCY2CCXX_L4_read690","MuTIR_5",87.611,113,12,1,37,147,1,113,2.15e-35,132,"CTCAGAAAG","+"
"269",457,"A214NGoodman-Buckler_HLCY2CCXX_L4_read691","MuTIR_5",87.705,122,13,1,31,150,1,122,9.91e-39,143,"AGCTGCGGC","+"
"270",458,"A214NGoodman-Buckler_HLCY2CCXX_L4_read695","MuTIR_5",95.918,49,2,0,71,119,1,49,7.88e-20,80.5,"TAAACCACC","+"
"273",461,"A214NGoodman-Buckler_HLCY2CCXX_L4_read698","MuTIR_5",87.5,120,13,1,24,141,1,120,1.28e-37,139,"CCGTTACAT","-"
"279",467,"A214NGoodman-Buckler_HLCY2CCXX_L4_read704","MuTIR_5",87.5,120,13,1,24,141,1,120,1.28e-37,139,"CCGTTACAT","-"
"280",468,"A214NGoodman-Buckler_HLCY2CCXX_L4_read733","MuTIR_6",96.053,76,3,0,75,150,1,76,3.59e-33,124,"TGTACTACG","+"
"281",469,"A214NGoodman-Buckler_HLCY2CCXX_L4_read739","MuTIR_6",100,34,0,0,117,150,1,34,7.94e-15,63.9,"TGCACTACA","+"
"282",470,"A214NGoodman-Buckler_HLCY2CCXX_L4_read743","MuTIR_6",96.19,105,4,0,46,150,1,105,1.26e-47,172,"TGTACTACG","+"
"283",471,"A214NGoodman-Buckler_HLCY2CCXX_L4_read744","MuTIR_6",100,34,0,0,117,150,1,34,7.94e-15,63.9,"TGCACTACA","+"
"284",472,"A214NGoodman-Buckler_HLCY2CCXX_L4_read745","MuTIR_6",95.588,136,6,0,15,150,1,136,1.6e-61,219,"TGTACTACG","+"
"290",478,"A214NGoodman-Buckler_HLCY2CCXX_L4_read758","MuTIR_6",95.588,68,3,0,83,150,1,68,1.01e-28,110,"TCCTAGGCT","+"
"294",490,"A214NGoodman-Buckler_HLCY2CCXX_L4_read832","MuTIR_7",89.565,115,11,1,34,148,1,114,2.13e-40,148,"TCGTACCGC","+"
"296",492,"A214NGoodman-Buckler_HLCY2CCXX_L4_read836","MuTIR_7",93.382,136,7,2,16,150,1,135,4.48e-57,204,"TACCTAGTT","+"
"297",493,"A214NGoodman-Buckler_HLCY2CCXX_L4_read837","MuTIR_7",91.912,136,9,2,16,150,1,135,9.7e-54,193,"TACCTAGTT","+"
