"","X","qname","sname","percent_identity","alignment_length","mismatches","gap_opens","q_start","q_end","s_start","s_end","evalue","bit_score","tsds","strand"
"1",1,"A632_HFFGKADXX_TGACCA_read3","MuTIR_1",92.632,95,6,1,43,137,1,94,1.67e-36,135,"TCGCACGGC","+"
"2",2,"A632_HFFGKADXX_TGACCA_read5","MuTIR_1",93.684,95,5,1,56,150,1,94,3.59e-38,141,"CTCTCTACC","+"
"3",3,"A632_HFFGKADXX_TGACCA_read6","MuTIR_1",93.878,98,5,1,54,151,1,97,7.72e-40,147,"CTCGGCCAT","+"
"6",6,"A632_HFFGKADXX_TGACCA_read16","MuTIR_1",94.737,95,4,1,24,118,1,94,7.72e-40,147,"TCTTCCTGA","-"
"7",7,"A632_HFFGKADXX_TGACCA_read24","MuTIR_1",95.789,95,3,1,51,145,1,94,1.66e-41,152,"CCAGCAGCC","+"
"8",8,"A632_HFFGKADXX_TGACCA_read26","MuTIR_1",96.552,58,1,1,94,151,1,57,2.83e-24,95.3,"CCAGCAGCC","+"
"9",9,"A632_HFFGKADXX_TGACCA_read28","MuTIR_1",95.789,95,3,1,20,114,1,94,1.66e-41,152,"TCTTCCTAA","-"
"10",16,"A632_HFFGKADXX_TGACCA_read65","MuTIR_2",91.339,127,11,0,15,141,1,127,3.54e-48,174,"CCGTGACCC","+"
"11",17,"A632_HFFGKADXX_TGACCA_read66","MuTIR_2",91.803,61,5,0,91,151,1,61,1.71e-21,86.1,"GTGTTTCCT","+"
"15",21,"A632_HFFGKADXX_TGACCA_read78","MuTIR_2",89.844,128,13,0,5,132,1,128,2.13e-45,165,"CAGTAGTGA","-"
"22",39,"A632_HFFGKADXX_TGACCA_read117","MuTIR_3",97.872,47,1,0,103,149,1,47,2.21e-20,82.4,"CCGTTTTTT","+"
"23",40,"A632_HFFGKADXX_TGACCA_read120","MuTIR_3",92.174,115,9,0,27,141,1,115,7.66e-45,163,"GTGAGTGAG","+"
"24",41,"A632_HFFGKADXX_TGACCA_read122","MuTIR_3",96.226,53,2,0,96,148,1,53,4.74e-22,87.9,"AAAAAATGG","+"
"25",42,"A632_HFFGKADXX_TGACCA_read123","MuTIR_3",96.226,53,2,0,96,148,1,53,4.74e-22,87.9,"CCGTTTTTT","+"
"26",43,"A632_HFFGKADXX_TGACCA_read124","MuTIR_3",93.519,108,7,0,44,151,1,108,2.76e-44,161,"CCGTTTTTT","+"
"31",52,"A632_HFFGKADXX_TGACCA_read133","MuTIR_3",91.228,114,10,0,38,151,1,114,1.28e-42,156,"AGGGGTCGC","+"
"32",54,"A632_HFFGKADXX_TGACCA_read137","MuTIR_3",90.805,87,8,0,65,151,1,87,6.05e-31,117,"AGGGGTCGC","+"
"33",55,"A632_HFFGKADXX_TGACCA_read138","MuTIR_3",92.754,69,5,0,83,151,1,69,6.09e-26,100,"CCTACAATG","+"
"37",61,"A632_HFFGKADXX_TGACCA_read146","MuTIR_3",88.889,126,13,1,27,151,1,126,4.61e-42,154,"TCTTGCGGC","+"
"42",85,"A632_HFFGKADXX_TGACCA_read191","MuTIR_4",85.586,111,16,0,20,130,1,111,1.68e-31,119,"GTTAAAAAG","+"
"43",86,"A632_HFFGKADXX_TGACCA_read193","MuTIR_4",95.062,81,4,0,59,139,1,81,2.79e-34,128,"CTCTCTTGC","+"
"44",87,"A632_HFFGKADXX_TGACCA_read194","MuTIR_4",93.617,94,6,0,55,148,1,94,3.59e-38,141,"CGGCCACCG","+"
"48",94,"A632_HFFGKADXX_TGACCA_read236","MuTIR_5",92.308,78,4,1,73,148,1,78,2.81e-29,111,"CGAGACGGC","+"
"49",95,"A632_HFFGKADXX_TGACCA_read237","MuTIR_5",100,30,0,0,49,78,1,30,1.34e-12,56.5,"ACCTTGACA","+"
"50",96,"A632_HFFGKADXX_TGACCA_read238","MuTIR_5",88.43,121,11,2,32,149,1,121,2.77e-39,145,"AGCTGCGGC","+"
"51",97,"A632_HFFGKADXX_TGACCA_read239","MuTIR_5",88.073,109,11,1,45,151,1,109,2.79e-34,128,"GCGGCATTG","+"
"55",103,"A632_HFFGKADXX_TGACCA_read255","MuTIR_6",96,125,5,0,27,151,1,125,4.51e-57,204,"TGTACTACG","+"
"56",104,"A632_HFFGKADXX_TGACCA_read258","MuTIR_6",96.825,63,2,0,89,151,1,63,1.31e-27,106,"TGTACTACG","+"
"61",112,"A632_HFFGKADXX_TGACCA_read289","MuTIR_7",90.441,136,12,1,16,151,1,135,2.11e-50,182,"TCGTACCGC","+"
"62",115,"A632_HBEN2ADXX_TGACCA_read1","MuTIR_1",94.03,134,7,1,18,151,1,133,1.62e-56,202,"TTCGGCAGG","+"
"63",116,"A632_HBEN2ADXX_TGACCA_read2","MuTIR_1",95.652,69,2,1,79,147,1,68,1.01e-28,110,"CTCTCTACC","+"
"64",117,"A632_HBEN2ADXX_TGACCA_read3","MuTIR_1",94.937,79,3,1,73,151,1,78,1.3e-32,122,"CTCGCACAG","+"
"65",118,"A632_HBEN2ADXX_TGACCA_read7","MuTIR_1",86.316,95,12,1,24,118,1,94,1.69e-26,102,"CTCTCTACC","+"
"66",119,"A632_HBEN2ADXX_TGACCA_read8","MuTIR_1",100,32,0,0,120,151,1,32,1.03e-13,60.2,"CTCTCTACC","+"
"68",125,"A632_HBEN2ADXX_TGACCA_read31","MuTIR_2",93.694,111,7,0,41,151,1,111,5.92e-46,167,"TTCTGCTAG","+"
"71",128,"A632_HBEN2ADXX_TGACCA_read36","MuTIR_2",92.248,129,10,0,10,138,1,129,5.88e-51,183,"GAGACGAGG","+"
"72",129,"A632_HBEN2ADXX_TGACCA_read38","MuTIR_2",92.308,65,5,0,87,151,1,65,1.02e-23,93.5,"GTGTTTCCT","+"
"76",138,"A632_HBEN2ADXX_TGACCA_read59","MuTIR_3",94.872,117,6,0,33,149,1,117,5.88e-51,183,"AAAAAATGG","+"
"78",141,"A632_HBEN2ADXX_TGACCA_read68","MuTIR_3",88.298,94,11,0,58,151,1,94,7.83e-30,113,"CCTCTAGAG","+"
"79",144,"A632_HBEN2ADXX_TGACCA_read75","MuTIR_3",92.308,65,5,0,87,151,1,65,1.02e-23,93.5,"AGTTACGCC","+"
"84",160,"A632_HBEN2ADXX_TGACCA_read111","MuTIR_4",85.938,64,9,0,87,150,1,64,1.72e-16,69.4,"GTGTGTGGG","+"
"87",164,"A632_HBEN2ADXX_TGACCA_read118","MuTIR_5",88.298,94,9,1,58,149,1,94,2.81e-29,111,"GCGGCATTG","+"
"89",166,"A632_HBEN2ADXX_TGACCA_read128","MuTIR_6",98,50,1,0,102,151,1,50,4.74e-22,87.9,"TGCACTACG","+"
"94",173,"A632_HL5WNCCXX_L5_read1","MuTIR_1",88.421,95,4,2,60,148,1,94,3.61e-28,108,"GCTGGCGAC","+"
"95",174,"A632_HL5WNCCXX_L5_read2","MuTIR_1",100,32,0,0,119,150,1,32,1.03e-13,60.2,"CTCTCTACC","+"
"96",175,"A632_HL5WNCCXX_L5_read3","MuTIR_1",91.667,120,9,1,31,150,1,119,2.11e-45,165,"CTCTCTTTC","+"
"97",176,"A632_HL5WNCCXX_L5_read8","MuTIR_1",100,32,0,0,116,147,1,32,1.03e-13,60.2,"CTCTCTACC","+"
"100",179,"A632_HL5WNCCXX_L5_read12","MuTIR_1",88.421,95,4,2,26,114,1,94,3.61e-28,108,"GCTGGCGAC","+"
"101",180,"A632_HL5WNCCXX_L5_read13","MuTIR_1",93.684,95,5,1,49,143,1,94,3.56e-38,141,"CTCTCTACC","+"
"102",181,"A632_HL5WNCCXX_L5_read14","MuTIR_1",95.775,71,2,1,80,150,1,70,7.77e-30,113,"GTCGCCAGC","+"
"103",182,"A632_HL5WNCCXX_L5_read15","MuTIR_1",88.421,95,4,2,40,128,1,94,3.61e-28,108,"GCTGGCGAC","+"
"104",183,"A632_HL5WNCCXX_L5_read17","MuTIR_1",93.684,95,5,1,30,124,1,94,3.56e-38,141,"CTCTCTACC","+"
"105",184,"A632_HL5WNCCXX_L5_read18","MuTIR_1",92.857,84,5,1,67,150,1,83,4.64e-32,121,"CTCTCTACC","+"
"106",185,"A632_HL5WNCCXX_L5_read19","MuTIR_1",93.684,95,5,1,42,136,1,94,3.56e-38,141,"CTCTCTACC","+"
"107",186,"A632_HL5WNCCXX_L5_read20","MuTIR_1",95.789,95,3,1,42,136,1,94,1.65e-41,152,"CAAGGTGGG","+"
"108",187,"A632_HL5WNCCXX_L5_read21","MuTIR_1",95.082,61,2,1,87,147,1,60,2.81e-24,95.3,"GCTGGCGAC","+"
"109",188,"A632_HL5WNCCXX_L5_read22","MuTIR_1",94.366,71,3,1,80,150,1,70,3.61e-28,108,"CTCGGCCAT","+"
"110",189,"A632_HL5WNCCXX_L5_read23","MuTIR_1",88.421,95,4,3,49,137,1,94,3.61e-28,108,"GCTGGCGAC","+"
"111",190,"A632_HL5WNCCXX_L5_read25","MuTIR_1",100,31,0,0,111,141,1,31,3.69e-13,58.4,"CAAGGTGGG","+"
"112",191,"A632_HL5WNCCXX_L5_read26","MuTIR_1",92.857,84,5,1,67,150,1,83,4.64e-32,121,"CTCTCTACC","+"
"113",192,"A632_HL5WNCCXX_L5_read27","MuTIR_1",87.368,95,5,2,49,137,1,94,1.68e-26,102,"GCTGGCGAC","+"
"115",194,"A632_HL5WNCCXX_L5_read30","MuTIR_1",95.789,95,3,1,10,104,1,94,1.65e-41,152,"CAAGGTGGG","+"
"116",195,"A632_HL5WNCCXX_L5_read33","MuTIR_1",93.846,65,3,1,86,150,1,64,7.82e-25,97.1,"CTCGGCCAT","+"
"117",196,"A632_HL5WNCCXX_L5_read39","MuTIR_1",96.512,86,2,1,62,147,1,85,3.56e-38,141,"TTTTTTGTG","+"
"118",197,"A632_HL5WNCCXX_L5_read41","MuTIR_1",92.537,134,7,3,14,146,1,132,1.25e-52,189,"GTCGCCAGC","+"
"119",198,"A632_HL5WNCCXX_L5_read44","MuTIR_1",93.75,96,5,1,55,150,1,95,9.91e-39,143,"CTCGGCCAT","+"
"120",199,"A632_HL5WNCCXX_L5_read45","MuTIR_1",100,30,0,0,121,150,1,30,1.33e-12,56.5,"CTCTCTTTC","+"
"121",200,"A632_HL5WNCCXX_L5_read49","MuTIR_1",92.537,134,7,3,8,140,1,132,1.25e-52,189,"ACAATTCTC","-"
"122",201,"A632_HL5WNCCXX_L5_read50","MuTIR_1",88.421,95,4,2,34,122,1,94,3.61e-28,108,"TCTTCCTGA","-"
"123",202,"A632_HL5WNCCXX_L5_read51","MuTIR_1",94.737,95,4,1,10,104,1,94,7.66e-40,147,"TCTTCCTGA","-"
"126",205,"A632_HL5WNCCXX_L5_read55","MuTIR_1",94.737,95,4,1,10,104,1,94,7.66e-40,147,"TCTTCCTGA","-"
"130",209,"A632_HL5WNCCXX_L5_read64","MuTIR_1",94.737,95,4,1,11,105,1,94,7.66e-40,147,"TCTTCCTGA","-"
"134",213,"A632_HL5WNCCXX_L5_read68","MuTIR_1",92.632,95,6,1,24,118,1,94,1.66e-36,135,"TATTCCTGA","-"
"140",219,"A632_HL5WNCCXX_L5_read83","MuTIR_1",92.632,95,6,1,30,124,1,94,1.66e-36,135,"TATTCCTGA","-"
"141",220,"A632_HL5WNCCXX_L5_read86","MuTIR_1",95.082,61,2,1,76,136,1,60,2.81e-24,95.3,"CTCTGTTTT","-"
"148",227,"A632_HL5WNCCXX_L5_read99","MuTIR_1",94.737,95,4,1,6,100,1,94,7.66e-40,147,"TCTTCCTGA","-"
"149",228,"A632_HL5WNCCXX_L5_read100","MuTIR_1",95.789,95,3,1,25,119,1,94,1.65e-41,152,"TCTTTCTGA","-"
"153",240,"A632_HL5WNCCXX_L5_read143","MuTIR_1",86.792,106,7,4,50,150,1,104,2.79e-29,111,"GTCTGATCT","+"
"154",241,"A632_HL5WNCCXX_L5_read145","MuTIR_1",89.474,95,9,1,37,131,1,94,1.67e-31,119,"TATTCCTGA","-"
"156",257,"A632_HL5WNCCXX_L5_read203","MuTIR_1",87.288,118,14,1,33,150,1,117,5.96e-36,134,"TTATTAGGC","+"
"159",275,"A632_HL5WNCCXX_L5_read319","MuTIR_2",94.118,68,4,0,78,145,1,68,4.68e-27,104,"TTGTCCTTA","+"
"160",276,"A632_HL5WNCCXX_L5_read322","MuTIR_2",91.589,107,9,0,41,147,1,107,2.13e-40,148,"TCCAACGAG","+"
"161",277,"A632_HL5WNCCXX_L5_read323","MuTIR_2",94.521,73,4,0,78,150,1,73,7.77e-30,113,"TTCTGCTAG","+"
"162",278,"A632_HL5WNCCXX_L5_read326","MuTIR_2",97.436,39,1,0,112,150,1,39,6.14e-16,67.6,"TTCCTCGCC","+"
"163",279,"A632_HL5WNCCXX_L5_read327","MuTIR_2",92.222,90,7,0,60,149,1,90,2.77e-34,128,"GTGTTTCCT","+"
"164",280,"A632_HL5WNCCXX_L5_read331","MuTIR_2",84.298,121,19,0,30,150,1,121,1.67e-31,119,"GGAGAAGTG","+"
"165",281,"A632_HL5WNCCXX_L5_read333","MuTIR_2",94.253,87,5,0,64,150,1,87,5.96e-36,134,"TTCTGCTAG","+"
"166",282,"A632_HL5WNCCXX_L5_read336","MuTIR_2",93.421,76,5,0,75,150,1,76,7.77e-30,113,"GTTGGAAGA","+"
"167",283,"A632_HL5WNCCXX_L5_read339","MuTIR_2",85.981,107,15,0,33,139,1,107,2.16e-30,115,"CTCCTGCGG","+"
"168",284,"A632_HL5WNCCXX_L5_read340","MuTIR_2",90.833,120,11,0,26,145,1,120,2.74e-44,161,"GTTGGAAGA","+"
"169",285,"A632_HL5WNCCXX_L5_read341","MuTIR_2",86.735,98,13,0,51,148,1,98,1.01e-28,110,"GGAGAAGTG","+"
"170",286,"A632_HL5WNCCXX_L5_read342","MuTIR_2",93.548,124,8,0,27,150,1,124,1.62e-51,185,"TTCCTCGCC","+"
"171",287,"A632_HL5WNCCXX_L5_read344","MuTIR_2",90,120,12,0,27,146,1,120,1.27e-42,156,"TTGTCCTTA","+"
"172",288,"A632_HL5WNCCXX_L5_read345","MuTIR_2",93.548,62,4,0,89,150,1,62,1.01e-23,93.5,"TGAAGTAAT","+"
"173",289,"A632_HL5WNCCXX_L5_read346","MuTIR_2",84.298,121,19,0,30,150,1,121,1.67e-31,119,"GGAGAAGTG","+"
"174",290,"A632_HL5WNCCXX_L5_read348","MuTIR_2",90,100,10,0,51,150,1,100,7.71e-35,130,"TTGTCCTTA","+"
"175",291,"A632_HL5WNCCXX_L5_read349","MuTIR_2",92.135,89,7,0,62,150,1,89,9.98e-34,126,"TTGTCCTTA","+"
"176",292,"A632_HL5WNCCXX_L5_read352","MuTIR_2",92.222,90,7,0,55,144,1,90,2.77e-34,128,"GTGTTTCCT","+"
"177",293,"A632_HL5WNCCXX_L5_read355","MuTIR_2",92.857,84,6,0,57,140,1,84,1.29e-32,122,"GAGACGAGG","+"
"178",294,"A632_HL5WNCCXX_L5_read356","MuTIR_2",89.844,128,13,0,15,142,1,128,2.11e-45,165,"TCCAACGAG","+"
"179",295,"A632_HL5WNCCXX_L5_read357","MuTIR_2",95.062,81,3,1,71,150,1,81,9.98e-34,126,"CCCAGAGCC","+"
"180",296,"A632_HL5WNCCXX_L5_read358","MuTIR_2",91.86,86,7,0,65,150,1,86,4.64e-32,121,"TTGTCCTTA","+"
"181",297,"A632_HL5WNCCXX_L5_read364","MuTIR_2",92.222,90,7,0,60,149,1,90,2.77e-34,128,"GTGTTTCCT","+"
"182",298,"A632_HL5WNCCXX_L5_read369","MuTIR_2",90,120,12,0,27,146,1,120,1.27e-42,156,"TTGTCCTTA","+"
"183",299,"A632_HL5WNCCXX_L5_read370","MuTIR_2",91.954,87,7,0,64,150,1,87,1.29e-32,122,"TGCCGCCGC","+"
"184",300,"A632_HL5WNCCXX_L5_read371","MuTIR_2",84.375,128,20,0,22,149,1,128,9.98e-34,126,"CTCCGTTAT","+"
"185",301,"A632_HL5WNCCXX_L5_read372","MuTIR_2",84.536,97,14,1,15,111,1,96,2.81e-24,95.3,"CTCCTGCGG","+"
"186",302,"A632_HL5WNCCXX_L5_read374","MuTIR_2",91.228,114,10,0,37,150,1,114,1.27e-42,156,"TCGAATGGC","+"
"187",303,"A632_HL5WNCCXX_L5_read378","MuTIR_2",94.186,86,5,0,65,150,1,86,2.15e-35,132,"TGCCGCCGC","+"
"189",305,"A632_HL5WNCCXX_L5_read381","MuTIR_2",85.981,107,15,0,30,136,1,107,2.16e-30,115,"GGAGAAGTG","+"
"190",306,"A632_HL5WNCCXX_L5_read382","MuTIR_2",98.039,51,1,0,100,150,1,51,1.31e-22,89.8,"TTCCTCGCC","+"
"191",307,"A632_HL5WNCCXX_L5_read385","MuTIR_2",87.597,129,16,0,2,130,1,129,5.92e-41,150,"CGGATAGAA","-"
"208",324,"A632_HL5WNCCXX_L5_read420","MuTIR_2",92.683,82,6,0,60,141,1,82,1.67e-31,119,"GCAGGGAAN","-"
"215",331,"A632_HL5WNCCXX_L5_read433","MuTIR_2",89.147,129,14,0,3,131,1,129,2.74e-44,161,"CGGATAGAA","-"
"222",338,"A632_HL5WNCCXX_L5_read448","MuTIR_2",94.118,85,5,0,54,138,1,85,7.71e-35,130,"AAGGACAAC","-"
"225",341,"A632_HL5WNCCXX_L5_read454","MuTIR_2",94.118,85,5,0,56,140,1,85,7.71e-35,130,"AAGGACAAC","-"
"230",346,"A632_HL5WNCCXX_L5_read460","MuTIR_2",94.118,85,5,0,56,140,1,85,7.71e-35,130,"AAGGACAAC","-"
"232",348,"A632_HL5WNCCXX_L5_read467","MuTIR_2",93.798,129,8,0,13,141,1,129,2.7e-54,195,"CGGATAGAA","-"
"242",375,"A632_HL5WNCCXX_L5_read526","MuTIR_2",83.621,116,16,1,38,150,1,116,1.3e-27,106,"CTCGTTGGA","+"
"244",377,"A632_HL5WNCCXX_L5_read528","MuTIR_2",83.621,116,16,1,38,150,1,116,1.3e-27,106,"CTCGTTGGA","+"
"248",404,"A632_HL5WNCCXX_L5_read649","MuTIR_3",93.421,76,5,0,75,150,1,76,7.77e-30,113,"CCGTTTTTT","+"
"249",405,"A632_HL5WNCCXX_L5_read650","MuTIR_3",89.13,138,15,0,12,149,1,138,1.26e-47,172,"GTTTCCCAA","+"
"250",406,"A632_HL5WNCCXX_L5_read655","MuTIR_3",91.489,94,8,0,57,150,1,94,7.71e-35,130,"AAAACATTC","+"
"251",407,"A632_HL5WNCCXX_L5_read660","MuTIR_3",92.632,95,7,0,56,150,1,95,4.61e-37,137,"CCGTTTTTT","+"
"252",408,"A632_HL5WNCCXX_L5_read662","MuTIR_3",94.615,130,7,0,21,150,1,130,1.61e-56,202,"AAAAAATGG","+"
"253",409,"A632_HL5WNCCXX_L5_read664","MuTIR_3",93.162,117,8,0,31,147,1,117,1.26e-47,172,"GTTTCCCAA","+"
"254",410,"A632_HL5WNCCXX_L5_read667","MuTIR_3",92.857,126,9,0,25,150,1,126,5.84e-51,183,"GGCCCCCAC","+"
"255",411,"A632_HL5WNCCXX_L5_read668","MuTIR_3",93.077,130,9,0,21,150,1,130,3.49e-53,191,"CCAGTAGCA","+"
"257",413,"A632_HL5WNCCXX_L5_read673","MuTIR_3",93.407,91,6,0,60,150,1,91,1.66e-36,135,"AAAACATTC","+"
"258",414,"A632_HL5WNCCXX_L5_read674","MuTIR_3",97.872,47,1,0,102,148,1,47,2.19e-20,82.4,"CCGTTTTTT","+"
"259",415,"A632_HL5WNCCXX_L5_read677","MuTIR_3",93.162,117,8,0,34,150,1,117,1.26e-47,172,"GTTTCCCAA","+"
"260",416,"A632_HL5WNCCXX_L5_read681","MuTIR_3",93.162,117,8,0,31,147,1,117,1.26e-47,172,"GTTTCCCAA","+"
"261",417,"A632_HL5WNCCXX_L5_read682","MuTIR_3",95.946,74,3,0,77,150,1,74,4.64e-32,121,"TTGACAGGT","+"
"263",419,"A632_HL5WNCCXX_L5_read689","MuTIR_3",93.985,133,8,0,2,134,1,133,1.61e-56,202,"AACGACGCT","-"
"279",443,"A632_HL5WNCCXX_L5_read735","MuTIR_3",91,100,9,0,51,150,1,100,1.66e-36,135,"CCTACAATG","+"
"280",444,"A632_HL5WNCCXX_L5_read736","MuTIR_3",92.079,101,8,0,50,150,1,101,9.91e-39,143,"ACTGCAGTA","+"
"281",445,"A632_HL5WNCCXX_L5_read737","MuTIR_3",88.696,115,13,0,36,150,1,115,3.56e-38,141,"CTTCAGAGA","+"
"288",468,"A632_HL5WNCCXX_L5_read781","MuTIR_3",90.099,101,10,0,47,147,1,101,2.15e-35,132,"GCACTAGTG","+"
"289",469,"A632_HL5WNCCXX_L5_read783","MuTIR_3",92.308,91,7,0,60,150,1,91,7.71e-35,130,"CTCCTCATC","+"
"290",470,"A632_HL5WNCCXX_L5_read785","MuTIR_3",91.089,101,9,0,47,147,1,101,4.61e-37,137,"GCACTAGTG","+"
"291",471,"A632_HL5WNCCXX_L5_read787","MuTIR_3",94.521,73,4,0,78,150,1,73,7.77e-30,113,"CTCCTCATC","+"
"292",472,"A632_HL5WNCCXX_L5_read794","MuTIR_3",91.176,102,9,0,49,150,1,102,1.28e-37,139,"CACGGGGAC","+"
"293",473,"A632_HL5WNCCXX_L5_read795","MuTIR_3",94.521,73,4,0,78,150,1,73,7.77e-30,113,"CTCCTCATC","+"
"295",475,"A632_HL5WNCCXX_L5_read805","MuTIR_3",92.958,71,5,0,77,147,1,71,4.68e-27,104,"CACTAGTGC","+"
"296",476,"A632_HL5WNCCXX_L5_read807","MuTIR_3",88.421,95,10,1,57,150,1,95,7.77e-30,113,"TCTTGCGGC","+"
"297",477,"A632_HL5WNCCXX_L5_read812","MuTIR_3",91.525,118,10,0,26,143,1,118,7.61e-45,163,"CACGGGGAC","+"
"298",478,"A632_HL5WNCCXX_L5_read813","MuTIR_3",91.358,81,7,0,70,150,1,81,2.79e-29,111,"CACTAGTGC","+"
"318",509,"A632_HL5WNCCXX_L5_read873","MuTIR_3",91.912,136,11,0,14,149,1,136,3.49e-53,191,"CTCCAGGAT","+"
"322",558,"A632_HL5WNCCXX_L5_read1017","MuTIR_4",94.03,67,4,0,84,150,1,67,1.68e-26,102,"GCAAGAGAG","+"
"323",559,"A632_HL5WNCCXX_L5_read1018","MuTIR_4",96.552,87,3,0,62,148,1,87,2.76e-39,145,"CCGAAGACT","+"
"324",560,"A632_HL5WNCCXX_L5_read1023","MuTIR_4",87.857,140,17,0,11,150,1,140,5.88e-46,167,"GCCATTAAG","+"
"325",561,"A632_HL5WNCCXX_L5_read1027","MuTIR_4",86.923,130,17,0,15,144,1,130,2.13e-40,148,"GTGACTGAG","+"
"326",562,"A632_HL5WNCCXX_L5_read1030","MuTIR_4",96.25,80,3,0,71,150,1,80,2.15e-35,132,"CCGAAGACT","+"
"327",563,"A632_HL5WNCCXX_L5_read1034","MuTIR_4",90.833,120,11,0,20,139,1,120,7.61e-45,163,"CGGCCACCG","+"
"328",564,"A632_HL5WNCCXX_L5_read1035","MuTIR_4",93.023,86,6,0,63,148,1,86,9.98e-34,126,"GTGACTGAG","+"
"329",565,"A632_HL5WNCCXX_L5_read1036","MuTIR_4",90.833,120,11,0,20,139,1,120,7.61e-45,163,"CGGCCACCG","+"
"330",566,"A632_HL5WNCCXX_L5_read1039","MuTIR_4",87.179,117,15,0,34,150,1,117,1.66e-36,135,"GTGACTGAG","+"
"331",567,"A632_HL5WNCCXX_L5_read1042","MuTIR_4",91.964,112,9,0,34,145,1,112,9.84e-44,159,"CGGCCACCG","+"
"332",568,"A632_HL5WNCCXX_L5_read1043","MuTIR_4",87.586,145,14,1,10,150,1,145,5.88e-46,167,"GCTTGCGTT","+"
"333",569,"A632_HL5WNCCXX_L5_read1044","MuTIR_4",91.026,78,7,0,73,150,1,78,1.3e-27,106,"GCGATTAAG","+"
"334",570,"A632_HL5WNCCXX_L5_read1049","MuTIR_4",91.892,111,9,0,40,150,1,111,3.54e-43,158,"CGGCCACCG","+"
"335",571,"A632_HL5WNCCXX_L5_read1054","MuTIR_4",93.333,120,8,0,16,135,1,120,7.55e-50,180,"CTTTTATGC","-"
"344",580,"A632_HL5WNCCXX_L5_read1075","MuTIR_4",93.023,129,9,0,12,140,1,129,3.49e-53,191,"ACTGCAGAG","-"
"345",581,"A632_HL5WNCCXX_L5_read1077","MuTIR_4",91.86,86,7,0,49,134,1,86,4.64e-32,121,"CGGACGTGG","-"
"347",583,"A632_HL5WNCCXX_L5_read1080","MuTIR_4",95.062,81,4,0,60,140,1,81,2.77e-34,128,"AAAATAGGA","-"
"350",586,"A632_HL5WNCCXX_L5_read1086","MuTIR_4",91.86,86,7,0,52,137,1,86,4.64e-32,121,"CGGACGTGG","-"
"363",606,"A632_HL5WNCCXX_L5_read1140","MuTIR_4",90.698,86,8,0,59,144,1,86,2.16e-30,115,"GTATCATTG","+"
"369",641,"A632_HL5WNCCXX_L5_read1236","MuTIR_4",90.196,51,5,0,100,150,1,51,6.14e-16,67.6,"GCCATTAAG","+"
"370",642,"A632_HL5WNCCXX_L5_read1237","MuTIR_4",90.196,51,5,0,100,150,1,51,6.14e-16,67.6,"GCCATTAAG","+"
"371",649,"A632_HL5WNCCXX_L5_read1259","MuTIR_5",95.918,49,2,0,101,149,1,49,7.88e-20,80.5,"CGAGACGGC","+"
"372",650,"A632_HL5WNCCXX_L5_read1262","MuTIR_5",89.362,141,13,1,12,150,1,141,2.72e-49,178,"GCTGCAGGA","+"
"373",651,"A632_HL5WNCCXX_L5_read1264","MuTIR_5",89.362,141,13,1,12,150,1,141,2.72e-49,178,"GCTGCAGGA","+"
"375",653,"A632_HL5WNCCXX_L5_read1266","MuTIR_5",89.922,129,11,1,24,150,1,129,5.88e-46,167,"GCTGCAGGA","+"
"376",654,"A632_HL5WNCCXX_L5_read1267","MuTIR_5",90,70,5,1,83,150,1,70,3.64e-23,91.6,"AGCTGCGGC","+"
"377",655,"A632_HL5WNCCXX_L5_read1268","MuTIR_5",90,70,5,1,83,150,1,70,3.64e-23,91.6,"AGCTGCGGC","+"
"378",656,"A632_HL5WNCCXX_L5_read1269","MuTIR_5",88.608,79,7,1,74,150,1,79,7.82e-25,97.1,"ATTGAGCCC","+"
"379",657,"A632_HL5WNCCXX_L5_read1270","MuTIR_5",93.878,49,3,0,99,147,1,49,3.67e-18,75,"CTCAGAAAG","+"
"384",662,"A632_HL5WNCCXX_L5_read1280","MuTIR_5",100,30,0,0,90,119,1,30,1.33e-12,56.5,"ACTGGCGAG","-"
"385",663,"A632_HL5WNCCXX_L5_read1281","MuTIR_5",95.918,49,2,0,89,137,1,49,7.88e-20,80.5,"AGGCCTAGG","-"
"386",664,"A632_HL5WNCCXX_L5_read1282","MuTIR_5",87.5,120,13,1,11,128,1,120,1.28e-37,139,"CCGTTACAT","-"
"391",669,"A632_HL5WNCCXX_L5_read1289","MuTIR_5",100,30,0,0,32,61,1,30,1.33e-12,56.5,"ACTGGCGAG","-"
"397",682,"A632_HL5WNCCXX_L5_read1352","MuTIR_6",98.276,58,1,0,93,150,1,58,1.68e-26,102,"TGTACTACG","+"
"399",684,"A632_HL5WNCCXX_L5_read1360","MuTIR_6",95.775,71,3,0,80,150,1,71,2.16e-30,115,"TGCACTACG","+"
"400",685,"A632_HL5WNCCXX_L5_read1362","MuTIR_6",96.739,92,3,0,35,126,1,92,4.58e-42,154,"TGTACTACT","+"
"401",686,"A632_HL5WNCCXX_L5_read1368","MuTIR_6",94.118,119,7,0,32,150,1,119,2.1e-50,182,"TGCACTATG","+"
"402",687,"A632_HL5WNCCXX_L5_read1370","MuTIR_6",95.455,110,5,0,41,150,1,110,9.77e-49,176,"TGCACTACA","+"
"404",689,"A632_HL5WNCCXX_L5_read1372","MuTIR_6",96.739,92,3,0,35,126,1,92,4.58e-42,154,"TGTACTACG","+"
"405",690,"A632_HL5WNCCXX_L5_read1375","MuTIR_6",95.276,127,6,0,24,150,1,127,1.61e-56,202,"TGCACTATG","+"
"406",691,"A632_HL5WNCCXX_L5_read1377","MuTIR_6",96.19,105,4,0,46,150,1,105,1.26e-47,172,"TGCACTACG","+"
"407",692,"A632_HL5WNCCXX_L5_read1379","MuTIR_6",96.639,119,4,0,30,148,1,119,2.09e-55,198,"TGCACTACG","+"
"408",693,"A632_HL5WNCCXX_L5_read1382","MuTIR_6",98.276,58,1,0,93,150,1,58,1.68e-26,102,"TGTACTACG","+"
"409",694,"A632_HL5WNCCXX_L5_read1383","MuTIR_6",96.61,118,4,0,33,150,1,118,7.5e-55,196,"TGTACTACG","+"
"410",695,"A632_HL5WNCCXX_L5_read1386","MuTIR_6",94.964,139,7,0,12,150,1,139,1.6e-61,219,"TGCACTATG","+"
"421",714,"A632_HL5WNCCXX_L5_read1418","MuTIR_6",95.946,74,3,0,77,150,1,74,4.64e-32,121,"TCCTAGGCT","+"
"422",715,"A632_HL5WNCCXX_L5_read1421","MuTIR_6",95.455,132,6,0,19,150,1,132,2.68e-59,211,"AGGAGAGGG","+"
"423",716,"A632_HL5WNCCXX_L5_read1422","MuTIR_6",96.552,58,2,0,90,147,1,58,7.82e-25,97.1,"CCGTAGATC","+"
"425",718,"A632_HL5WNCCXX_L5_read1425","MuTIR_6",96.25,80,3,0,71,150,1,80,2.15e-35,132,"AGGAGAGGG","+"
"426",719,"A632_HL5WNCCXX_L5_read1428","MuTIR_6",96.552,58,2,0,90,147,1,58,7.82e-25,97.1,"CCGTAGATC","+"
"427",720,"A632_HL5WNCCXX_L5_read1430","MuTIR_6",97.222,108,3,0,43,150,1,108,5.84e-51,183,"TCCTAGGCT","+"
"428",721,"A632_HL5WNCCXX_L5_read1431","MuTIR_6",96.61,118,4,0,28,145,1,118,7.5e-55,196,"AGGAGAGGG","+"
"435",753,"A632_HL5WNCCXX_L5_read1594","MuTIR_7",86.765,136,17,1,15,150,1,135,4.58e-42,154,"CTTCGTAGG","+"
