"","X","qname","sname","percent_identity","alignment_length","mismatches","gap_opens","q_start","q_end","s_start","s_end","evalue","bit_score","tsds","strand"
"1",1,"B14A_HFFGKADXX_ACTTGA_read4","MuTIR_1",93.684,95,5,1,20,114,1,94,3.59e-38,141,"CTCTCTACC","+"
"2",2,"B14A_HFFGKADXX_ACTTGA_read7","MuTIR_1",94.828,58,2,1,94,151,1,57,1.32e-22,89.8,"CAAGGTGGG","+"
"3",3,"B14A_HFFGKADXX_ACTTGA_read9","MuTIR_1",92.593,54,1,2,100,151,1,53,3.69e-18,75,"GCCGTGCGA","+"
"6",6,"B14A_HFFGKADXX_ACTTGA_read14","MuTIR_1",93.684,95,5,1,18,112,1,94,3.59e-38,141,"TCTTCCTGA","-"
"7",7,"B14A_HFFGKADXX_ACTTGA_read18","MuTIR_1",95.789,95,3,1,35,129,1,94,1.66e-41,152,"TCTTTCTGA","-"
"10",18,"B14A_HFFGKADXX_ACTTGA_read56","MuTIR_2",94.175,103,6,0,49,151,1,103,3.56e-43,158,"TTCCTCGCC","+"
"11",19,"B14A_HFFGKADXX_ACTTGA_read58","MuTIR_2",91.089,101,9,0,48,148,1,101,4.64e-37,137,"GTTGGAAGA","+"
"15",23,"B14A_HFFGKADXX_ACTTGA_read73","MuTIR_2",94.186,86,5,0,55,140,1,86,2.16e-35,132,"AGAACAACC","-"
"23",38,"B14A_HFFGKADXX_ACTTGA_read113","MuTIR_3",90.141,71,7,0,81,151,1,71,1.02e-23,93.5,"CCTCTAGAG","+"
"25",40,"B14A_HFFGKADXX_ACTTGA_read123","MuTIR_3",93.506,77,5,0,75,151,1,77,2.18e-30,115,"TCTAAAAGA","+"
"26",41,"B14A_HFFGKADXX_ACTTGA_read124","MuTIR_3",91.892,111,9,0,38,148,1,111,1.28e-42,156,"CACGGGGAC","+"
"27",42,"B14A_HFFGKADXX_ACTTGA_read126","MuTIR_3",89.655,116,11,1,37,151,1,116,7.72e-40,147,"TCTTGCGGC","+"
"28",43,"B14A_HFFGKADXX_ACTTGA_read127","MuTIR_3",92.381,105,8,0,47,151,1,105,5.96e-41,150,"CACTAGTGC","+"
"34",51,"B14A_HFFGKADXX_ACTTGA_read137","MuTIR_3",91.912,136,11,0,12,147,1,136,3.51e-53,191,"CTCCAGGAT","+"
"35",61,"B14A_HFFGKADXX_ACTTGA_read159","MuTIR_4",86.923,130,17,0,22,151,1,130,2.15e-40,148,"GTGACTGAG","+"
"36",62,"B14A_HFFGKADXX_ACTTGA_read162","MuTIR_4",86.726,113,15,0,39,151,1,113,2.79e-34,128,"GTGACTGAG","+"
"38",64,"B14A_HFFGKADXX_ACTTGA_read171","MuTIR_4",86.923,130,17,0,11,140,1,130,2.15e-40,148,"CTGCAGATA","-"
"41",74,"B14A_HFFGKADXX_ACTTGA_read205","MuTIR_5",90.541,74,5,1,79,150,1,74,2.19e-25,99,"AGCTGCGGC","+"
"42",75,"B14A_HFFGKADXX_ACTTGA_read206","MuTIR_5",91.525,59,3,1,95,151,1,59,7.94e-20,80.5,"CTCAGAAAG","+"
"44",77,"B14A_HFFGKADXX_ACTTGA_read209","MuTIR_5",87.5,120,13,1,23,140,1,120,1.29e-37,139,"CCGTTACAT","-"
"46",79,"B14A_HFFGKADXX_ACTTGA_read219","MuTIR_6",90.598,117,10,1,26,141,1,117,4.61e-42,154,"AATCGATAT","-"
"47",80,"B14A_HFFGKADXX_ACTTGA_read222","MuTIR_6",95.946,74,3,0,78,151,1,74,4.68e-32,121,"TCCTAGGCT","+"
"48",85,"B14A_HL5WNCCXX_L5_read1","MuTIR_1",95.946,74,2,1,77,150,1,73,1.67e-31,119,"GTCGCCAGC","+"
"49",86,"B14A_HL5WNCCXX_L5_read2","MuTIR_1",100,31,0,0,120,150,1,31,3.69e-13,58.4,"GCTGGCGAC","+"
"50",87,"B14A_HL5WNCCXX_L5_read6","MuTIR_1",96.053,76,2,1,75,150,1,75,1.29e-32,122,"GTCGCCAGC","+"
"51",88,"B14A_HL5WNCCXX_L5_read7","MuTIR_1",94.845,97,2,2,56,150,1,96,2.13e-40,148,"GCCGTGCGA","+"
"52",89,"B14A_HL5WNCCXX_L5_read8","MuTIR_1",94.872,39,2,0,112,150,1,39,2.85e-14,62.1,"GAATACAAC","+"
"53",90,"B14A_HL5WNCCXX_L5_read10","MuTIR_1",94.203,69,3,1,82,150,1,68,4.68e-27,104,"CTCGGCCAT","+"
"54",91,"B14A_HL5WNCCXX_L5_read12","MuTIR_1",95.789,95,3,1,40,134,1,94,1.65e-41,152,"CAAGGTGGG","+"
"55",92,"B14A_HL5WNCCXX_L5_read13","MuTIR_1",94.845,97,4,1,54,150,1,96,5.92e-41,150,"GAAAGAGAG","+"
"56",93,"B14A_HL5WNCCXX_L5_read14","MuTIR_1",94.737,95,4,1,25,119,1,94,7.66e-40,147,"CATCCATTT","+"
"57",94,"B14A_HL5WNCCXX_L5_read15","MuTIR_1",95.556,90,3,1,61,150,1,89,9.91e-39,143,"CCCACCTTG","+"
"58",95,"B14A_HL5WNCCXX_L5_read17","MuTIR_1",93.22,59,3,1,92,150,1,58,1.69e-21,86.1,"CTCTAGGTG","+"
"59",96,"B14A_HL5WNCCXX_L5_read20","MuTIR_1",96.053,76,2,1,75,150,1,75,1.29e-32,122,"GTCGCCAGC","+"
"60",97,"B14A_HL5WNCCXX_L5_read21","MuTIR_1",92.908,141,7,3,11,150,1,139,1.61e-56,202,"GAATACAAC","+"
"61",98,"B14A_HL5WNCCXX_L5_read23","MuTIR_1",96.078,102,3,1,49,150,1,101,2.11e-45,165,"GAATACAAC","+"
"62",99,"B14A_HL5WNCCXX_L5_read24","MuTIR_1",95.276,127,5,1,24,150,1,126,5.8e-56,200,"AATAAAAAC","+"
"63",100,"B14A_HL5WNCCXX_L5_read27","MuTIR_1",94.872,117,5,1,34,150,1,116,2.1e-50,182,"AATAAAAAC","+"
"64",101,"B14A_HL5WNCCXX_L5_read28","MuTIR_1",94.737,95,4,1,11,105,1,94,7.66e-40,147,"CATCCATTT","+"
"65",102,"B14A_HL5WNCCXX_L5_read29","MuTIR_1",88.421,95,4,2,51,139,1,94,3.61e-28,108,"GCTGGCGAC","+"
"66",103,"B14A_HL5WNCCXX_L5_read30","MuTIR_1",96.61,59,1,1,92,150,1,58,7.82e-25,97.1,"AGATTTGAT","+"
"67",104,"B14A_HL5WNCCXX_L5_read31","MuTIR_1",95.276,127,5,1,24,150,1,126,5.8e-56,200,"AATAAAAAC","+"
"68",105,"B14A_HL5WNCCXX_L5_read32","MuTIR_1",93.103,58,1,2,89,144,1,57,2.19e-20,82.4,"GCCGTGCGA","+"
"69",106,"B14A_HL5WNCCXX_L5_read33","MuTIR_1",93.284,134,7,2,17,150,1,132,7.5e-55,196,"CCCACCTTG","+"
"70",107,"B14A_HL5WNCCXX_L5_read35","MuTIR_1",95.082,61,2,1,89,149,1,60,2.81e-24,95.3,"GCTGGCGAC","+"
"71",108,"B14A_HL5WNCCXX_L5_read40","MuTIR_1",95,80,3,1,71,150,1,79,3.59e-33,124,"CTCGCACAG","+"
"72",109,"B14A_HL5WNCCXX_L5_read43","MuTIR_1",100,31,0,0,120,150,1,31,3.69e-13,58.4,"CCCACCTTG","+"
"73",110,"B14A_HL5WNCCXX_L5_read44","MuTIR_1",95.05,101,4,1,47,147,1,100,3.54e-43,158,"GCTACATCT","+"
"74",111,"B14A_HL5WNCCXX_L5_read45","MuTIR_1",93.939,132,7,1,19,150,1,131,2.09e-55,198,"GTTTTTATT","+"
"75",112,"B14A_HL5WNCCXX_L5_read46","MuTIR_1",93.22,59,3,1,92,150,1,58,1.69e-21,86.1,"CTCTAGGTG","+"
"76",113,"B14A_HL5WNCCXX_L5_read49","MuTIR_1",88.333,120,13,1,21,140,1,119,9.91e-39,143,"CTCGCACAG","+"
"77",114,"B14A_HL5WNCCXX_L5_read50","MuTIR_1",95.122,41,2,0,110,150,1,41,2.21e-15,65.8,"CAAGGTGGG","+"
"78",115,"B14A_HL5WNCCXX_L5_read52","MuTIR_1",94.505,91,4,1,60,150,1,90,1.28e-37,139,"CTCGCACAG","+"
"79",116,"B14A_HL5WNCCXX_L5_read58","MuTIR_1",95.37,108,2,2,45,150,1,107,1.63e-46,169,"GCCGTGCGA","+"
"80",117,"B14A_HL5WNCCXX_L5_read59","MuTIR_1",88.333,120,13,1,21,140,1,119,9.91e-39,143,"CTCGCACAG","+"
"97",134,"B14A_HL5WNCCXX_L5_read82","MuTIR_1",94.737,95,4,1,39,133,1,94,7.66e-40,147,"TCTTCCTGA","-"
"103",140,"B14A_HL5WNCCXX_L5_read94","MuTIR_1",93.103,58,1,2,54,109,1,57,2.19e-20,82.4,"TGATGGGGC","-"
"105",142,"B14A_HL5WNCCXX_L5_read96","MuTIR_1",88.421,95,4,2,8,96,1,94,3.61e-28,108,"TCTTCCTGA","-"
"111",148,"B14A_HL5WNCCXX_L5_read105","MuTIR_1",94.737,95,4,1,39,133,1,94,7.66e-40,147,"TCTTCCTGA","-"
"112",149,"B14A_HL5WNCCXX_L5_read110","MuTIR_1",88.333,120,13,1,8,127,1,119,9.91e-39,143,"AGATTTGGC","-"
"114",151,"B14A_HL5WNCCXX_L5_read112","MuTIR_1",95.789,95,3,1,41,135,1,94,1.65e-41,152,"TCTTTCTGA","-"
"119",156,"B14A_HL5WNCCXX_L5_read123","MuTIR_1",88.333,120,13,1,8,127,1,119,9.91e-39,143,"AGATTTGGC","-"
"124",179,"B14A_HL5WNCCXX_L5_read171","MuTIR_1",86.538,104,7,4,52,150,1,102,3.61e-28,108,"GTCTGATCT","+"
"125",194,"B14A_HL5WNCCXX_L5_read219","MuTIR_1",87.5,120,14,1,14,133,1,119,4.61e-37,137,"TTATTAGGC","+"
"126",195,"B14A_HL5WNCCXX_L5_read233","MuTIR_1",87.5,120,14,1,14,133,1,119,4.61e-37,137,"TTATTAGGC","+"
"127",224,"B14A_HL5WNCCXX_L5_read326","MuTIR_2",89.61,77,8,0,72,148,1,77,2.18e-25,99,"CTCCTGCGG","+"
"128",225,"B14A_HL5WNCCXX_L5_read328","MuTIR_2",88.785,107,12,0,44,150,1,107,2.15e-35,132,"ACCCAACTG","+"
"129",226,"B14A_HL5WNCCXX_L5_read330","MuTIR_2",92.683,82,6,0,64,145,1,82,1.67e-31,119,"TCCAACGAG","+"
"130",227,"B14A_HL5WNCCXX_L5_read336","MuTIR_2",83.824,136,22,0,12,147,1,136,7.71e-35,130,"CTCCTGCGG","+"
"131",228,"B14A_HL5WNCCXX_L5_read337","MuTIR_2",93.069,101,7,0,49,149,1,101,2.13e-40,148,"CATTCTCAA","+"
"132",229,"B14A_HL5WNCCXX_L5_read338","MuTIR_2",92.079,101,8,0,47,147,1,101,9.91e-39,143,"TCGAATGGC","+"
"133",230,"B14A_HL5WNCCXX_L5_read339","MuTIR_2",90.909,88,8,0,50,137,1,88,1.67e-31,119,"ACCCAACTG","+"
"134",231,"B14A_HL5WNCCXX_L5_read343","MuTIR_2",90.517,116,11,0,35,150,1,116,4.58e-42,154,"GTCAACGAG","+"
"135",232,"B14A_HL5WNCCXX_L5_read344","MuTIR_2",95,60,3,0,91,150,1,60,2.81e-24,95.3,"CATTCTCAA","+"
"136",233,"B14A_HL5WNCCXX_L5_read347","MuTIR_2",89.61,77,8,0,72,148,1,77,2.18e-25,99,"CTCCTGCGG","+"
"137",234,"B14A_HL5WNCCXX_L5_read348","MuTIR_2",90.09,111,11,0,40,150,1,111,2.76e-39,145,"GTGTTTCCT","+"
"138",235,"B14A_HL5WNCCXX_L5_read350","MuTIR_2",92.063,63,5,0,88,150,1,63,1.31e-22,89.8,"ACCCAACTG","+"
"139",236,"B14A_HL5WNCCXX_L5_read351","MuTIR_2",93.421,76,5,0,75,150,1,76,7.77e-30,113,"TGCAATGAT","+"
"140",237,"B14A_HL5WNCCXX_L5_read353","MuTIR_2",90.789,76,7,0,73,148,1,76,1.68e-26,102,"ACCCAACTG","+"
"141",238,"B14A_HL5WNCCXX_L5_read354","MuTIR_2",90.361,83,8,0,68,150,1,83,1.01e-28,110,"CCGTGACCC","+"
"142",239,"B14A_HL5WNCCXX_L5_read356","MuTIR_2",95,60,3,0,91,150,1,60,2.81e-24,95.3,"CATTCTCAA","+"
"143",240,"B14A_HL5WNCCXX_L5_read360","MuTIR_2",85.981,107,15,0,33,139,1,107,2.16e-30,115,"CTCCGTTAT","+"
"144",241,"B14A_HL5WNCCXX_L5_read363","MuTIR_2",91.089,101,9,0,44,144,1,101,4.61e-37,137,"GTCAACGAG","+"
"146",243,"B14A_HL5WNCCXX_L5_read367","MuTIR_2",89.844,128,13,0,6,133,1,128,2.11e-45,165,"CAGTAGTGA","-"
"152",249,"B14A_HL5WNCCXX_L5_read378","MuTIR_2",92.969,128,9,0,4,131,1,128,4.51e-52,187,"CAGTAGTGA","-"
"173",271,"B14A_HL5WNCCXX_L5_read438","MuTIR_2",92.308,65,5,0,86,150,1,65,1.01e-23,93.5,"CCCCGAGCC","+"
"174",272,"B14A_HL5WNCCXX_L5_read440","MuTIR_2",89.796,98,10,0,47,144,1,98,9.98e-34,126,"CCCCGAGCC","+"
"175",273,"B14A_HL5WNCCXX_L5_read444","MuTIR_2",89.844,128,13,0,20,147,1,128,2.11e-45,165,"CCCCGAGCC","+"
"179",284,"B14A_HL5WNCCXX_L5_read474","MuTIR_2",83.621,116,16,1,38,150,1,116,1.3e-27,106,"CTCGTTGGA","+"
"180",285,"B14A_HL5WNCCXX_L5_read475","MuTIR_2",88.136,59,4,1,91,146,1,59,6.14e-16,67.6,"CTCGTTGGA","+"
"181",286,"B14A_HL5WNCCXX_L5_read476","MuTIR_2",83.621,116,16,1,38,150,1,116,1.3e-27,106,"CTCGTTGGA","+"
"182",287,"B14A_HL5WNCCXX_L5_read477","MuTIR_2",85.211,142,18,1,12,150,1,142,9.91e-39,143,"CTCGTTGGA","+"
"185",292,"B14A_HL5WNCCXX_L5_read482","MuTIR_2",86.747,83,8,1,57,136,1,83,1.31e-22,89.8,"AAGATGACA","-"
"186",313,"B14A_HL5WNCCXX_L5_read543","MuTIR_2",89.535,86,9,0,64,149,1,86,1.01e-28,110,"TCCTTGGAC","+"
"187",314,"B14A_HL5WNCCXX_L5_read544","MuTIR_2",88.119,101,12,0,49,149,1,101,4.64e-32,121,"TCCTTGGAC","+"
"188",325,"B14A_HL5WNCCXX_L5_read588","MuTIR_3",93.893,131,8,0,20,150,1,131,2.09e-55,198,"AGAGGGGGG","+"
"189",326,"B14A_HL5WNCCXX_L5_read589","MuTIR_3",94.845,97,5,0,54,150,1,97,1.65e-41,152,"TTGACAGGT","+"
"190",327,"B14A_HL5WNCCXX_L5_read590","MuTIR_3",93.86,114,5,2,38,150,1,113,4.55e-47,171,"CATATGTAC","+"
"191",328,"B14A_HL5WNCCXX_L5_read592","MuTIR_3",94.737,133,7,0,15,147,1,133,3.46e-58,207,"AAAAAATGG","+"
"192",329,"B14A_HL5WNCCXX_L5_read595","MuTIR_3",92.958,71,3,2,81,150,1,70,1.68e-26,102,"CATATGTAC","+"
"193",330,"B14A_HL5WNCCXX_L5_read596","MuTIR_3",92.857,98,7,0,53,150,1,98,9.91e-39,143,"TGCTACTGG","+"
"194",331,"B14A_HL5WNCCXX_L5_read597","MuTIR_3",93.913,115,7,0,36,150,1,115,3.51e-48,174,"CCAGTAGCA","+"
"195",332,"B14A_HL5WNCCXX_L5_read598","MuTIR_3",93.671,79,5,0,72,150,1,79,1.67e-31,119,"CCGTTTTTT","+"
"198",335,"B14A_HL5WNCCXX_L5_read602","MuTIR_3",95.588,68,3,0,83,150,1,68,1.01e-28,110,"TTGACAGGT","+"
"199",336,"B14A_HL5WNCCXX_L5_read603","MuTIR_3",92.308,91,7,0,60,150,1,91,7.71e-35,130,"AGAGGGGGG","+"
"202",339,"B14A_HL5WNCCXX_L5_read606","MuTIR_3",95.312,64,3,0,84,147,1,64,1.68e-26,102,"GTCTCCATG","+"
"203",340,"B14A_HL5WNCCXX_L5_read607","MuTIR_3",94.737,133,7,0,18,150,1,133,3.46e-58,207,"AAAAAATGG","+"
"204",341,"B14A_HL5WNCCXX_L5_read608","MuTIR_3",91.791,134,11,0,15,148,1,134,4.51e-52,187,"GTTTCCCAA","+"
"205",342,"B14A_HL5WNCCXX_L5_read609","MuTIR_3",94.262,122,7,0,27,148,1,122,4.51e-52,187,"AGAGGGGGG","+"
"206",343,"B14A_HL5WNCCXX_L5_read610","MuTIR_3",93.204,103,7,0,48,150,1,103,1.65e-41,152,"TGCTACTGG","+"
"220",360,"B14A_HL5WNCCXX_L5_read644","MuTIR_3",91.538,130,11,0,12,141,1,130,7.55e-50,180,"ACTGCAGTA","+"
"221",361,"B14A_HL5WNCCXX_L5_read655","MuTIR_3",92.683,82,5,1,67,148,1,81,6.01e-31,117,"ACTGCAGTA","+"
"222",362,"B14A_HL5WNCCXX_L5_read656","MuTIR_3",90.977,133,12,0,13,145,1,133,7.55e-50,180,"AGGGGTCGC","+"
"231",372,"B14A_HL5WNCCXX_L5_read678","MuTIR_3",89.231,130,14,0,11,140,1,130,7.61e-45,163,"AGTAACGAC","-"
"233",378,"B14A_HL5WNCCXX_L5_read697","MuTIR_3",95.495,111,5,0,38,148,1,111,2.72e-49,178,"GACCCTTTG","+"
"234",379,"B14A_HL5WNCCXX_L5_read698","MuTIR_3",90.909,77,7,0,74,150,1,77,4.68e-27,104,"AGTTACGCC","+"
"235",380,"B14A_HL5WNCCXX_L5_read700","MuTIR_3",89.344,122,12,1,27,147,1,122,1.65e-41,152,"TCTTGCGGC","+"
"236",381,"B14A_HL5WNCCXX_L5_read701","MuTIR_3",92.481,133,10,0,14,146,1,133,3.49e-53,191,"CTCCTCATC","+"
"237",382,"B14A_HL5WNCCXX_L5_read704","MuTIR_3",92.481,133,10,0,14,146,1,133,3.49e-53,191,"CTCCTCATC","+"
"238",383,"B14A_HL5WNCCXX_L5_read705","MuTIR_3",95.495,111,5,0,38,148,1,111,2.72e-49,178,"GACCCTTTG","+"
"239",384,"B14A_HL5WNCCXX_L5_read707","MuTIR_3",93.548,62,4,0,89,150,1,62,1.01e-23,93.5,"GAGATTTGG","+"
"240",385,"B14A_HL5WNCCXX_L5_read710","MuTIR_3",90.09,111,10,1,39,148,1,111,9.91e-39,143,"TCTTGCGGC","+"
"241",386,"B14A_HL5WNCCXX_L5_read711","MuTIR_3",90.625,128,12,0,20,147,1,128,4.55e-47,171,"AGTTACGCC","+"
"242",387,"B14A_HL5WNCCXX_L5_read716","MuTIR_3",91.406,128,11,0,23,150,1,128,9.77e-49,176,"GCACTAGTG","+"
"243",388,"B14A_HL5WNCCXX_L5_read720","MuTIR_3",89.344,122,12,1,29,149,1,122,1.65e-41,152,"TCTTGCGGC","+"
"244",389,"B14A_HL5WNCCXX_L5_read722","MuTIR_3",89.344,122,12,1,30,150,1,122,1.65e-41,152,"TCTTGCGGC","+"
"245",390,"B14A_HL5WNCCXX_L5_read723","MuTIR_3",91.406,128,11,0,23,150,1,128,9.77e-49,176,"GCACTAGTG","+"
"246",391,"B14A_HL5WNCCXX_L5_read724","MuTIR_3",92.208,77,6,0,74,150,1,77,1.01e-28,110,"CACTAGTGC","+"
"247",393,"B14A_HL5WNCCXX_L5_read726","MuTIR_3",92.857,98,7,0,53,150,1,98,9.91e-39,143,"CTCCTCATC","+"
"248",394,"B14A_HL5WNCCXX_L5_read727","MuTIR_3",91.549,71,6,0,80,150,1,71,2.18e-25,99,"TCTTGCGGC","+"
"249",396,"B14A_HL5WNCCXX_L5_read730","MuTIR_3",92.481,133,10,0,14,146,1,133,3.49e-53,191,"CTCCTCATC","+"
"250",397,"B14A_HL5WNCCXX_L5_read731","MuTIR_3",92.929,99,7,0,52,150,1,99,2.76e-39,145,"CTCCTCATC","+"
"251",398,"B14A_HL5WNCCXX_L5_read733","MuTIR_3",89.344,122,12,1,30,150,1,122,1.65e-41,152,"TCTTGCGGC","+"
"252",399,"B14A_HL5WNCCXX_L5_read734","MuTIR_3",90.426,94,9,0,57,150,1,94,3.59e-33,124,"CCGCGGAAG","+"
"253",401,"B14A_HL5WNCCXX_L5_read736","MuTIR_3",91.935,62,5,0,89,150,1,62,4.71e-22,87.9,"GAGATTTGG","+"
"254",402,"B14A_HL5WNCCXX_L5_read738","MuTIR_3",91.429,70,6,0,79,148,1,70,7.82e-25,97.1,"CCGCGGAAG","+"
"255",403,"B14A_HL5WNCCXX_L5_read739","MuTIR_3",92.929,99,7,0,52,150,1,99,2.76e-39,145,"CTCCTCATC","+"
"256",404,"B14A_HL5WNCCXX_L5_read740","MuTIR_3",94.667,75,4,0,70,144,1,75,6.01e-31,117,"CTCCTCATC","+"
"259",407,"B14A_HL5WNCCXX_L5_read754","MuTIR_3",93.382,136,9,0,2,137,1,136,1.61e-56,202,"CCACTCTAT","-"
"261",409,"B14A_HL5WNCCXX_L5_read761","MuTIR_3",93.382,136,9,0,2,137,1,136,1.61e-56,202,"CCACTCTAT","-"
"274",479,"B14A_HL5WNCCXX_L5_read908","MuTIR_4",91.525,118,10,0,33,150,1,118,2.11e-45,165,"CATGAGCTG","+"
"275",480,"B14A_HL5WNCCXX_L5_read909","MuTIR_4",91.429,70,6,0,81,150,1,70,7.82e-25,97.1,"GCAAGAGAG","+"
"276",481,"B14A_HL5WNCCXX_L5_read914","MuTIR_4",92.453,53,4,0,98,150,1,53,1.02e-18,76.8,"CGGCCACCG","+"
"277",482,"B14A_HL5WNCCXX_L5_read915","MuTIR_4",94.643,56,3,0,95,150,1,56,4.71e-22,87.9,"GCAAGAGAG","+"
"278",483,"B14A_HL5WNCCXX_L5_read921","MuTIR_4",86.777,121,16,0,29,149,1,121,4.61e-37,137,"GTGACTGAG","+"
"279",484,"B14A_HL5WNCCXX_L5_read923","MuTIR_4",90.625,128,12,0,23,150,1,128,1.26e-47,172,"CATGAGCTG","+"
"280",485,"B14A_HL5WNCCXX_L5_read924","MuTIR_4",86.923,130,17,0,17,146,1,130,2.13e-40,148,"GTGACTGAG","+"
"281",486,"B14A_HL5WNCCXX_L5_read925","MuTIR_4",93.814,97,6,0,49,145,1,97,7.66e-40,147,"CATGAGCTG","+"
"283",488,"B14A_HL5WNCCXX_L5_read928","MuTIR_4",86.923,130,17,0,12,141,1,130,2.13e-40,148,"GTGACTGAG","+"
"284",489,"B14A_HL5WNCCXX_L5_read932","MuTIR_4",94.643,56,3,0,95,150,1,56,4.71e-22,87.9,"GCAAGAGAG","+"
"285",490,"B14A_HL5WNCCXX_L5_read933","MuTIR_4",92.857,70,5,0,80,149,1,70,1.68e-26,102,"GTTAAAAAG","+"
"288",493,"B14A_HL5WNCCXX_L5_read944","MuTIR_4",90.833,120,11,0,14,133,1,120,7.61e-45,163,"CTTTTATGC","-"
"294",499,"B14A_HL5WNCCXX_L5_read965","MuTIR_4",93.333,120,8,0,12,131,1,120,7.55e-50,180,"CTTTTATGC","-"
"300",509,"B14A_HL5WNCCXX_L5_read1004","MuTIR_4",88.235,119,14,0,32,150,1,119,2.76e-39,145,"GACTTTAGC","+"
"302",511,"B14A_HL5WNCCXX_L5_read1007","MuTIR_4",90.411,73,7,0,78,150,1,73,7.82e-25,97.1,"CGGCAGGTG","+"
"303",512,"B14A_HL5WNCCXX_L5_read1008","MuTIR_4",89.855,69,7,0,82,150,1,69,1.31e-22,89.8,"CGGCAGGTG","+"
"312",537,"B14A_HL5WNCCXX_L5_read1045","MuTIR_4",87.059,85,11,0,63,147,1,85,7.82e-25,97.1,"GTGTGTGGG","+"
"314",546,"B14A_HL5WNCCXX_L5_read1067","MuTIR_4",90.625,64,6,0,87,150,1,64,1.69e-21,86.1,"GCCATTAAG","+"
"315",548,"B14A_HL5WNCCXX_L5_read1072","MuTIR_5",93.878,49,3,0,99,147,1,49,3.67e-18,75,"CTCAGAAAG","+"
"317",550,"B14A_HL5WNCCXX_L5_read1075","MuTIR_5",89.764,127,11,1,21,145,1,127,7.61e-45,163,"CGAGACGGC","+"
"318",551,"B14A_HL5WNCCXX_L5_read1078","MuTIR_5",89.412,85,7,1,68,150,1,85,3.61e-28,108,"ATTGAGCCC","+"
"319",552,"B14A_HL5WNCCXX_L5_read1080","MuTIR_5",88.43,121,11,2,28,145,1,121,2.76e-39,145,"AGCTGCGGC","+"
"320",553,"B14A_HL5WNCCXX_L5_read1083","MuTIR_5",86.607,112,13,2,41,150,1,112,3.59e-33,124,"TAAACCACC","+"
"321",554,"B14A_HL5WNCCXX_L5_read1085","MuTIR_5",87.5,120,13,1,19,136,1,120,1.28e-37,139,"CTCAGAAAG","+"
"322",555,"B14A_HL5WNCCXX_L5_read1086","MuTIR_5",100,30,0,0,37,66,1,30,1.33e-12,56.5,"ACCTTGACA","+"
"323",556,"B14A_HL5WNCCXX_L5_read1091","MuTIR_5",88.43,121,11,2,28,145,1,121,2.76e-39,145,"AGCTGCGGC","+"
"324",557,"B14A_HL5WNCCXX_L5_read1092","MuTIR_5",90.179,112,9,1,41,150,1,112,7.66e-40,147,"ATTGAGCCC","+"
"325",558,"B14A_HL5WNCCXX_L5_read1093","MuTIR_5",91.15,113,8,1,37,147,1,113,4.58e-42,154,"GCTGCAGGA","+"
"326",559,"B14A_HL5WNCCXX_L5_read1096","MuTIR_5",87.5,120,13,1,22,139,1,120,1.28e-37,139,"CCGTTACAT","-"
"333",572,"B14A_HL5WNCCXX_L5_read1152","MuTIR_6",96.154,52,2,0,90,141,1,52,1.69e-21,86.1,"GGGAGGGAG","+"
"334",573,"B14A_HL5WNCCXX_L5_read1154","MuTIR_6",95.652,138,6,0,13,150,1,138,1.24e-62,222,"TGCACTACA","+"
"335",574,"B14A_HL5WNCCXX_L5_read1155","MuTIR_6",96.512,86,3,0,65,150,1,86,9.91e-39,143,"TGCACTACG","+"
"336",575,"B14A_HL5WNCCXX_L5_read1159","MuTIR_6",95.192,104,5,0,47,150,1,104,2.11e-45,165,"TGCACTATG","+"
"337",576,"B14A_HL5WNCCXX_L5_read1161","MuTIR_6",91.667,108,9,0,43,150,1,108,5.92e-41,150,"GGGAGGGAG","+"
"338",577,"B14A_HL5WNCCXX_L5_read1163","MuTIR_6",96.154,52,2,0,88,139,1,52,1.69e-21,86.1,"GGGAGGGAG","+"
"339",578,"B14A_HL5WNCCXX_L5_read1164","MuTIR_6",90.361,83,8,0,68,150,1,83,1.01e-28,110,"GGGAGGGAG","+"
"340",579,"B14A_HL5WNCCXX_L5_read1171","MuTIR_6",96.154,52,2,0,96,147,1,52,1.69e-21,86.1,"GGGAGGGAG","+"
"341",580,"B14A_HL5WNCCXX_L5_read1175","MuTIR_6",90.598,117,10,1,6,121,1,117,4.58e-42,154,"AATCGATAT","-"
"348",588,"B14A_HL5WNCCXX_L5_read1196","MuTIR_6",96.512,86,3,0,65,150,1,86,9.91e-39,143,"AGGAGAGGG","+"
"349",589,"B14A_HL5WNCCXX_L5_read1198","MuTIR_6",96.154,78,3,0,73,150,1,78,2.77e-34,128,"TCCTAGGCT","+"
"350",590,"B14A_HL5WNCCXX_L5_read1203","MuTIR_6",95.588,68,3,0,83,150,1,68,1.01e-28,110,"TCCTAGGCT","+"
"358",607,"B14A_HL5WNCCXX_L5_read1306","MuTIR_7",91.667,108,7,2,44,150,1,107,1.65e-41,152,"TACCTAGTT","+"
"359",615,"B14A_HBEN2ADXX_ACTTGA_read2","MuTIR_1",94.737,76,1,2,78,151,1,75,2.18e-30,115,"GCCGTGCGA","+"
"360",616,"B14A_HBEN2ADXX_ACTTGA_read4","MuTIR_1",94.737,95,4,1,21,115,1,94,7.72e-40,147,"CATCCATTT","+"
"361",617,"B14A_HBEN2ADXX_ACTTGA_read6","MuTIR_1",95.833,48,2,0,104,151,1,48,2.85e-19,78.7,"CAAGGTGGG","+"
"362",618,"B14A_HBEN2ADXX_ACTTGA_read7","MuTIR_1",96.154,104,3,1,48,151,1,103,1.65e-46,169,"GAATACAAC","+"
"363",619,"B14A_HBEN2ADXX_ACTTGA_read11","MuTIR_1",95.902,122,4,1,28,149,1,121,7.55e-55,196,"GTTTTTATT","+"
"364",620,"B14A_HBEN2ADXX_ACTTGA_read12","MuTIR_1",96.97,66,1,1,86,151,1,65,1.01e-28,110,"GTTTTTATT","+"
"366",622,"B14A_HBEN2ADXX_ACTTGA_read18","MuTIR_1",94.737,95,4,1,40,134,1,94,7.72e-40,147,"TCTTCCTGA","-"
"368",624,"B14A_HBEN2ADXX_ACTTGA_read24","MuTIR_1",88.333,120,13,1,15,134,1,119,9.98e-39,143,"AGATTTGGC","-"
"371",629,"B14A_HBEN2ADXX_ACTTGA_read38","MuTIR_1",95.789,95,3,1,24,118,1,94,1.66e-41,152,"TCTTCCTAA","-"
"374",639,"B14A_HBEN2ADXX_ACTTGA_read70","MuTIR_2",93.069,101,7,0,50,150,1,101,2.15e-40,148,"CATTCTCAA","+"
"375",640,"B14A_HBEN2ADXX_ACTTGA_read71","MuTIR_2",94.118,85,5,0,67,151,1,85,7.77e-35,130,"TGCCGCCGC","+"
"376",641,"B14A_HBEN2ADXX_ACTTGA_read74","MuTIR_2",94.737,57,3,0,95,151,1,57,1.32e-22,89.8,"TGCCGCCGC","+"
"377",642,"B14A_HBEN2ADXX_ACTTGA_read75","MuTIR_2",94.186,86,5,0,65,150,1,86,2.16e-35,132,"GTTGGAAGA","+"
"383",648,"B14A_HBEN2ADXX_ACTTGA_read92","MuTIR_2",94.521,73,4,0,79,151,1,73,7.83e-30,113,"CCCAGAGCC","+"
"385",655,"B14A_HBEN2ADXX_ACTTGA_read117","MuTIR_3",97.872,47,1,0,105,151,1,47,2.21e-20,82.4,"CATATGTAC","+"
"389",659,"B14A_HBEN2ADXX_ACTTGA_read123","MuTIR_3",94.068,118,5,2,25,141,1,117,2.74e-49,178,"TAAATCATT","-"
"390",660,"B14A_HBEN2ADXX_ACTTGA_read126","MuTIR_3",92.754,69,5,0,83,151,1,69,6.09e-26,100,"CCTACAATG","+"
"393",664,"B14A_HBEN2ADXX_ACTTGA_read135","MuTIR_3",93.798,129,8,0,23,151,1,129,2.72e-54,195,"GACCCTTTG","+"
"394",666,"B14A_HBEN2ADXX_ACTTGA_read140","MuTIR_3",94.34,106,6,0,46,151,1,106,7.66e-45,163,"TCTAAAAGA","+"
"395",667,"B14A_HBEN2ADXX_ACTTGA_read141","MuTIR_3",94.667,75,4,0,72,146,1,75,6.05e-31,117,"CTCCTCATC","+"
"398",670,"B14A_HBEN2ADXX_ACTTGA_read146","MuTIR_3",94.643,112,6,0,31,142,1,112,3.54e-48,174,"TGCACACCC","-"
"401",685,"B14A_HBEN2ADXX_ACTTGA_read172","MuTIR_4",94.318,88,5,0,63,150,1,88,1.67e-36,135,"CATGAGCTG","+"
"403",687,"B14A_HBEN2ADXX_ACTTGA_read177","MuTIR_4",86.923,130,17,0,13,142,1,130,2.15e-40,148,"GTGACTGAG","+"
"404",688,"B14A_HBEN2ADXX_ACTTGA_read182","MuTIR_4",89.147,129,14,0,16,144,1,129,7.66e-45,163,"CTCTCTTGC","+"
"407",698,"B14A_HBEN2ADXX_ACTTGA_read214","MuTIR_5",91.667,72,4,1,78,147,1,72,6.09e-26,100,"CTCAGAAAG","+"
"408",699,"B14A_HBEN2ADXX_ACTTGA_read218","MuTIR_5",89.873,79,6,1,74,150,1,79,1.69e-26,102,"TAAACCACC","+"
"413",704,"B14A_HBEN2ADXX_ACTTGA_read234","MuTIR_6",90.476,84,8,0,68,151,1,84,2.81e-29,111,"GGGAGGGAG","+"
"414",705,"B14A_HBEN2ADXX_ACTTGA_read236","MuTIR_6",96.154,52,2,0,93,144,1,52,1.71e-21,86.1,"GGGAGGGAG","+"
"415",706,"B14A_HBEN2ADXX_ACTTGA_read237","MuTIR_6",100,42,0,0,109,150,1,42,2.85e-19,78.7,"TGTACTACG","+"
"416",707,"B14A_HBEN2ADXX_ACTTGA_read240","MuTIR_6",90.598,117,10,1,22,137,1,117,4.61e-42,154,"AATCGATAT","-"
