"","X","qname","sname","percent_identity","alignment_length","mismatches","gap_opens","q_start","q_end","s_start","s_end","evalue","bit_score","tsds","strand"
"1",1,"B46_HLCY2CCXX_L7_read3","MuTIR_1",97.917,48,1,0,101,148,1,48,6.09e-21,84.2,"CACAGAGAC","+"
"3",3,"B46_HLCY2CCXX_L7_read5","MuTIR_1",96.491,57,1,1,94,150,1,56,1.01e-23,93.5,"TTTGAAATG","+"
"4",4,"B46_HLCY2CCXX_L7_read7","MuTIR_1",97.826,46,1,0,105,150,1,46,7.88e-20,80.5,"TATTTGAAG","+"
"6",6,"B46_HLCY2CCXX_L7_read10","MuTIR_1",93.077,130,8,1,21,150,1,129,1.25e-52,189,"TTTGAAATG","+"
"7",7,"B46_HLCY2CCXX_L7_read11","MuTIR_1",95.506,89,3,1,62,150,1,88,3.56e-38,141,"CAAGGTGGG","+"
"8",8,"B46_HLCY2CCXX_L7_read12","MuTIR_1",93.684,95,5,1,49,143,1,94,3.56e-38,141,"CTGGTAATA","+"
"9",9,"B46_HLCY2CCXX_L7_read13","MuTIR_1",100,45,0,0,106,150,1,45,6.09e-21,84.2,"GGATACAAC","+"
"10",10,"B46_HLCY2CCXX_L7_read14","MuTIR_1",96.386,83,2,1,68,150,1,82,1.66e-36,135,"TTTTTTGTG","+"
"11",11,"B46_HLCY2CCXX_L7_read16","MuTIR_1",95,40,2,0,111,150,1,40,7.94e-15,63.9,"GAATACAAC","+"
"12",12,"B46_HLCY2CCXX_L7_read17","MuTIR_1",100,31,0,0,120,150,1,31,3.69e-13,58.4,"GTCGCCAGC","+"
"13",13,"B46_HLCY2CCXX_L7_read18","MuTIR_1",95.238,63,2,1,88,150,1,62,2.18e-25,99,"GGCCCCTGG","+"
"14",14,"B46_HLCY2CCXX_L7_read20","MuTIR_1",90.714,140,8,2,16,150,1,140,2.1e-50,182,"CACAGAGAC","+"
"15",15,"B46_HLCY2CCXX_L7_read22","MuTIR_1",95.506,89,3,1,62,150,1,88,3.56e-38,141,"CAAGGTGGG","+"
"16",16,"B46_HLCY2CCXX_L7_read23","MuTIR_1",92.537,134,8,2,11,144,1,132,3.49e-53,191,"GCCGTGCGA","+"
"17",17,"B46_HLCY2CCXX_L7_read25","MuTIR_1",97.561,41,1,0,108,148,1,41,4.74e-17,71.3,"CCGCACTCC","+"
"18",18,"B46_HLCY2CCXX_L7_read26","MuTIR_1",100,32,0,0,117,148,1,32,1.03e-13,60.2,"CAAGGTGGG","+"
"19",19,"B46_HLCY2CCXX_L7_read27","MuTIR_1",94.595,74,3,1,77,150,1,73,7.77e-30,113,"GTCGGTCTA","+"
"20",20,"B46_HLCY2CCXX_L7_read29","MuTIR_1",96.491,57,1,1,94,150,1,56,1.01e-23,93.5,"TTTGAAATG","+"
"21",21,"B46_HLCY2CCXX_L7_read30","MuTIR_1",96.61,59,1,1,80,138,1,58,7.82e-25,97.1,"CACAGAGAC","+"
"22",22,"B46_HLCY2CCXX_L7_read32","MuTIR_1",94.545,110,5,1,41,150,1,109,1.63e-46,169,"GGCCCCTGG","+"
"23",23,"B46_HLCY2CCXX_L7_read33","MuTIR_1",95.833,120,4,1,24,143,1,119,9.7e-54,193,"CCCACAAAC","+"
"24",24,"B46_HLCY2CCXX_L7_read35","MuTIR_1",100,32,0,0,117,148,1,32,1.03e-13,60.2,"CAAGGTGGG","+"
"25",25,"B46_HLCY2CCXX_L7_read39","MuTIR_1",93.069,101,6,1,49,149,1,100,7.66e-40,147,"CTCTCTTTC","+"
"26",26,"B46_HLCY2CCXX_L7_read41","MuTIR_1",94.286,70,3,1,78,147,1,69,1.3e-27,106,"GTCGCCAGC","+"
"27",27,"B46_HLCY2CCXX_L7_read43","MuTIR_1",94.595,111,5,1,40,150,1,110,4.55e-47,171,"CATCCAAAC","+"
"28",28,"B46_HLCY2CCXX_L7_read46","MuTIR_1",95.946,74,2,1,77,150,1,73,1.67e-31,119,"GTCGGTCTA","+"
"29",29,"B46_HLCY2CCXX_L7_read47","MuTIR_1",94.215,121,6,1,30,150,1,120,5.84e-51,183,"GTCTCTGTG","+"
"30",30,"B46_HLCY2CCXX_L7_read48","MuTIR_1",95.181,83,3,1,68,150,1,82,7.71e-35,130,"CTCGGCCAT","+"
"31",31,"B46_HLCY2CCXX_L7_read49","MuTIR_1",93.077,130,8,1,21,150,1,129,1.25e-52,189,"TTTGAAATG","+"
"32",32,"B46_HLCY2CCXX_L7_read52","MuTIR_1",96.491,57,1,1,94,150,1,56,1.01e-23,93.5,"TTTGAAATG","+"
"33",33,"B46_HLCY2CCXX_L7_read53","MuTIR_1",94.286,70,3,1,78,147,1,69,1.3e-27,106,"GTCGCCAGC","+"
"34",34,"B46_HLCY2CCXX_L7_read55","MuTIR_1",93.182,132,8,1,18,149,1,131,9.7e-54,193,"GTCTCTGTG","+"
"35",35,"B46_HLCY2CCXX_L7_read56","MuTIR_1",94.595,74,3,1,77,150,1,73,7.77e-30,113,"GTCGGTCTA","+"
"36",36,"B46_HLCY2CCXX_L7_read58","MuTIR_1",100,32,0,0,119,150,1,32,1.03e-13,60.2,"GAATACAAC","+"
"37",37,"B46_HLCY2CCXX_L7_read61","MuTIR_1",97.917,48,1,0,97,144,1,48,6.09e-21,84.2,"TATTTGAAG","+"
"38",38,"B46_HLCY2CCXX_L7_read62","MuTIR_1",95.536,112,4,1,36,147,1,111,2.72e-49,178,"GGCTGGCGG","+"
"39",39,"B46_HLCY2CCXX_L7_read63","MuTIR_1",100,37,0,0,114,150,1,37,1.71e-16,69.4,"TTTGAAATG","+"
"40",40,"B46_HLCY2CCXX_L7_read64","MuTIR_1",94.186,86,4,1,62,147,1,85,7.71e-35,130,"GGCCCCTGG","+"
"41",41,"B46_HLCY2CCXX_L7_read65","MuTIR_1",93.382,136,8,1,15,150,1,135,5.8e-56,200,"GGCCCCTGG","+"
"43",43,"B46_HLCY2CCXX_L7_read67","MuTIR_1",93.382,136,8,1,15,150,1,135,5.8e-56,200,"GGCCCCTGG","+"
"44",44,"B46_HLCY2CCXX_L7_read69","MuTIR_1",95.946,74,2,1,77,150,1,73,1.67e-31,119,"GTCGGTCTA","+"
"46",46,"B46_HLCY2CCXX_L7_read72","MuTIR_1",95.798,119,4,1,29,147,1,118,3.49e-53,191,"CATTTCAAA","+"
"48",48,"B46_HLCY2CCXX_L7_read75","MuTIR_1",100,31,0,0,120,150,1,31,3.69e-13,58.4,"GTCGCCAGC","+"
"49",49,"B46_HLCY2CCXX_L7_read76","MuTIR_1",95.37,108,4,1,43,150,1,107,4.55e-47,171,"GCCGTGCGA","+"
"50",50,"B46_HLCY2CCXX_L7_read77","MuTIR_1",96.491,57,1,1,94,150,1,56,1.01e-23,93.5,"TTTGAAATG","+"
"51",51,"B46_HLCY2CCXX_L7_read78","MuTIR_1",94.286,70,3,1,78,147,1,69,1.3e-27,106,"GTCGCCAGC","+"
"53",53,"B46_HLCY2CCXX_L7_read80","MuTIR_1",95.946,74,2,1,77,150,1,73,1.67e-31,119,"GTCGGTCTA","+"
"54",54,"B46_HLCY2CCXX_L7_read82","MuTIR_1",95.946,74,2,1,77,150,1,73,1.67e-31,119,"GTCGGTCTA","+"
"56",56,"B46_HLCY2CCXX_L7_read84","MuTIR_1",95.37,108,4,1,43,150,1,107,4.55e-47,171,"GCCGTGCGA","+"
"57",57,"B46_HLCY2CCXX_L7_read85","MuTIR_1",93.077,130,8,1,21,150,1,129,1.25e-52,189,"TTTGAAATG","+"
"59",59,"B46_HLCY2CCXX_L7_read88","MuTIR_1",92.632,95,6,1,34,128,1,94,1.66e-36,135,"TATTCCTGG","-"
"65",65,"B46_HLCY2CCXX_L7_read98","MuTIR_1",95.789,95,3,1,28,122,1,94,1.65e-41,152,"TCTTTCTGA","-"
"66",66,"B46_HLCY2CCXX_L7_read99","MuTIR_1",93.684,95,5,1,31,125,1,94,3.56e-38,141,"TCTTCCTGA","-"
"73",73,"B46_HLCY2CCXX_L7_read108","MuTIR_1",95.789,95,3,1,28,122,1,94,1.65e-41,152,"TCTTTCTGA","-"
"81",81,"B46_HLCY2CCXX_L7_read119","MuTIR_1",94.737,95,4,1,31,125,1,94,2.13e-40,148,"TCTTTCTGA","-"
"94",94,"B46_HLCY2CCXX_L7_read137","MuTIR_1",92.632,95,6,1,46,140,1,94,1.66e-36,135,"TATTCCTGG","-"
"102",102,"B46_HLCY2CCXX_L7_read148","MuTIR_1",92.632,95,6,1,16,110,1,94,1.66e-36,135,"TATTCCTGG","-"
"104",104,"B46_HLCY2CCXX_L7_read151","MuTIR_1",92.632,95,6,1,16,110,1,94,1.66e-36,135,"TATTCCTGG","-"
"110",110,"B46_HLCY2CCXX_L7_read157","MuTIR_1",92.632,95,6,1,1,95,1,94,1.66e-36,135,"TATTCCTGG","-"
"119",127,"B46_HLCY2CCXX_L7_read188","MuTIR_1",93.421,76,4,1,72,147,1,75,2.79e-29,111,"GTTTGTGGG","+"
"120",128,"B46_HLCY2CCXX_L7_read190","MuTIR_1",93.694,111,6,1,40,150,1,110,2.11e-45,165,"CTTTGGATG","+"
"121",129,"B46_HLCY2CCXX_L7_read193","MuTIR_1",93.846,65,3,1,82,146,1,64,7.82e-25,97.1,"CTGTGCGAG","+"
"124",132,"B46_HLCY2CCXX_L7_read197","MuTIR_1",93.846,65,3,1,38,102,1,64,7.82e-25,97.1,"GTTGGCGTT","-"
"125",192,"B46_HLCY2CCXX_L7_read374","MuTIR_2",84.559,136,21,0,13,148,1,136,1.66e-36,135,"ATCCACCAC","+"
"126",193,"B46_HLCY2CCXX_L7_read376","MuTIR_2",94.03,67,4,0,78,144,1,67,1.68e-26,102,"GAGGCAGAA","+"
"127",194,"B46_HLCY2CCXX_L7_read378","MuTIR_2",93.182,88,6,0,62,149,1,88,7.71e-35,130,"TTACATTTC","+"
"128",195,"B46_HLCY2CCXX_L7_read380","MuTIR_2",93.902,82,5,0,69,150,1,82,3.59e-33,124,"TTCTGCCTC","+"
"129",196,"B46_HLCY2CCXX_L7_read381","MuTIR_2",84.298,121,19,0,27,147,1,121,1.67e-31,119,"GGAGAAGTG","+"
"130",197,"B46_HLCY2CCXX_L7_read382","MuTIR_2",88.71,62,7,0,66,127,1,62,1.02e-18,76.8,"GAGAAAACC","+"
"131",198,"B46_HLCY2CCXX_L7_read386","MuTIR_2",86.957,92,12,0,59,150,1,92,4.68e-27,104,"GGAGAAGTG","+"
"132",199,"B46_HLCY2CCXX_L7_read389","MuTIR_2",93.333,90,6,0,55,144,1,90,5.96e-36,134,"ACTGATAGA","+"
"133",200,"B46_HLCY2CCXX_L7_read391","MuTIR_2",94.915,59,3,0,92,150,1,59,1.01e-23,93.5,"CCCTGGCGC","+"
"134",201,"B46_HLCY2CCXX_L7_read393","MuTIR_2",84.298,121,19,0,27,147,1,121,1.67e-31,119,"GGAGAAGTG","+"
"136",203,"B46_HLCY2CCXX_L7_read395","MuTIR_2",91.935,62,5,0,89,150,1,62,4.71e-22,87.9,"ACCCAACTG","+"
"137",204,"B46_HLCY2CCXX_L7_read396","MuTIR_2",94.34,53,3,0,98,150,1,53,2.19e-20,82.4,"TGCCGCCGC","+"
"138",205,"B46_HLCY2CCXX_L7_read397","MuTIR_2",96.429,84,3,0,67,150,1,84,1.28e-37,139,"GCGCCAGGG","+"
"139",206,"B46_HLCY2CCXX_L7_read401","MuTIR_2",93.939,66,4,0,66,131,1,66,6.05e-26,100,"GCGACCTCC","+"
"140",207,"B46_HLCY2CCXX_L7_read404","MuTIR_2",92.188,64,5,0,66,129,1,64,3.64e-23,91.6,"GCGGCCTCC","+"
"141",208,"B46_HLCY2CCXX_L7_read405","MuTIR_2",94.03,67,4,0,78,144,1,67,1.68e-26,102,"GAGGCAGAA","+"
"142",209,"B46_HLCY2CCXX_L7_read407","MuTIR_2",93.59,78,5,0,73,150,1,78,6.01e-31,117,"TTCTGCCTC","+"
"144",211,"B46_HLCY2CCXX_L7_read411","MuTIR_2",90.217,92,9,0,59,150,1,92,4.64e-32,121,"TCCAACGAG","+"
"145",212,"B46_HLCY2CCXX_L7_read412","MuTIR_2",87.619,105,13,0,46,150,1,105,1.29e-32,122,"CTCGTCAGC","+"
"146",213,"B46_HLCY2CCXX_L7_read413","MuTIR_2",87.619,105,13,0,46,150,1,105,1.29e-32,122,"CTCGTCAGC","+"
"147",214,"B46_HLCY2CCXX_L7_read414","MuTIR_2",84.298,121,19,0,27,147,1,121,1.67e-31,119,"GGAGAAGTG","+"
"148",215,"B46_HLCY2CCXX_L7_read417","MuTIR_2",90,120,12,0,27,146,1,120,1.27e-42,156,"ACCCAACTG","+"
"149",216,"B46_HLCY2CCXX_L7_read419","MuTIR_2",88.991,109,12,0,42,150,1,109,1.66e-36,135,"GTTGGAAGA","+"
"150",217,"B46_HLCY2CCXX_L7_read420","MuTIR_2",95.37,108,5,0,43,150,1,108,1.26e-47,172,"GCGCCAGGG","+"
"151",218,"B46_HLCY2CCXX_L7_read421","MuTIR_2",87.619,105,13,0,46,150,1,105,1.29e-32,122,"CTCGTCAGC","+"
"152",219,"B46_HLCY2CCXX_L7_read422","MuTIR_2",95.455,66,3,0,85,150,1,66,1.3e-27,106,"TTACATTTC","+"
"153",220,"B46_HLCY2CCXX_L7_read423","MuTIR_2",91.111,90,8,0,52,141,1,90,1.29e-32,122,"ACCCAACTG","+"
"156",223,"B46_HLCY2CCXX_L7_read428","MuTIR_2",89.062,128,14,0,11,138,1,128,9.84e-44,159,"CAGTAGTGA","-"
"172",239,"B46_HLCY2CCXX_L7_read449","MuTIR_2",89.062,128,14,0,11,138,1,128,9.84e-44,159,"CAGTAGTGA","-"
"175",242,"B46_HLCY2CCXX_L7_read455","MuTIR_2",88.281,128,15,0,5,132,1,128,4.58e-42,154,"CAGTAGTGA","-"
"176",243,"B46_HLCY2CCXX_L7_read456","MuTIR_2",88.281,128,15,0,5,132,1,128,4.58e-42,154,"CAGTAGTGA","-"
"181",248,"B46_HLCY2CCXX_L7_read464","MuTIR_2",88.281,128,15,0,5,132,1,128,4.58e-42,154,"CAGTAGTGA","-"
"183",258,"B46_HLCY2CCXX_L7_read482","MuTIR_2",91.473,129,11,0,12,140,1,129,2.72e-49,178,"CGGTTCGGG","+"
"184",267,"B46_HLCY2CCXX_L7_read523","MuTIR_2",86.842,76,7,1,78,150,1,76,2.19e-20,82.4,"CTCGTTGGA","+"
"188",287,"B46_HLCY2CCXX_L7_read570","MuTIR_2",89.076,119,13,0,32,150,1,119,2.13e-40,148,"TCCTTGGAC","+"
"189",288,"B46_HLCY2CCXX_L7_read571","MuTIR_2",88.281,128,15,0,4,131,1,128,4.58e-42,154,"CAGTAGTGA","-"
"190",296,"B46_HLCY2CCXX_L7_read613","MuTIR_3",94.068,118,5,2,23,139,1,117,2.72e-49,178,"CATATGTAC","+"
"191",297,"B46_HLCY2CCXX_L7_read614","MuTIR_3",95.714,70,3,0,81,150,1,70,7.77e-30,113,"TTCTTGAGG","+"
"192",298,"B46_HLCY2CCXX_L7_read616","MuTIR_3",94.262,122,7,0,29,150,1,122,4.51e-52,187,"AAAAAATGG","+"
"193",299,"B46_HLCY2CCXX_L7_read618","MuTIR_3",94.262,122,7,0,29,150,1,122,4.51e-52,187,"AAAAAATGG","+"
"194",300,"B46_HLCY2CCXX_L7_read624","MuTIR_3",97.826,46,1,0,105,150,1,46,7.88e-20,80.5,"CCGTTTTTT","+"
"195",301,"B46_HLCY2CCXX_L7_read630","MuTIR_3",95.349,129,6,0,22,150,1,129,1.25e-57,206,"CAAACATTC","+"
"196",302,"B46_HLCY2CCXX_L7_read631","MuTIR_3",97.143,35,1,0,116,150,1,35,1.03e-13,60.2,"AAAAAATGG","+"
"197",303,"B46_HLCY2CCXX_L7_read632","MuTIR_3",97.143,35,1,0,116,150,1,35,1.03e-13,60.2,"AAAAAATGG","+"
"198",304,"B46_HLCY2CCXX_L7_read633","MuTIR_3",94.872,117,6,0,33,149,1,117,5.84e-51,183,"GAACCTAGA","+"
"199",305,"B46_HLCY2CCXX_L7_read634","MuTIR_3",94.393,107,6,0,44,150,1,107,2.11e-45,165,"GAACCTAGA","+"
"200",306,"B46_HLCY2CCXX_L7_read637","MuTIR_3",93.407,91,6,0,60,150,1,91,1.66e-36,135,"GAACCTAGA","+"
"204",310,"B46_HLCY2CCXX_L7_read648","MuTIR_3",94.737,133,7,0,5,137,1,133,3.46e-58,207,"AACGACGAT","-"
"205",311,"B46_HLCY2CCXX_L7_read651","MuTIR_3",94.737,133,7,0,5,137,1,133,3.46e-58,207,"AACGACGAT","-"
"208",319,"B46_HLCY2CCXX_L7_read662","MuTIR_3",89.109,101,11,0,47,147,1,101,9.98e-34,126,"CTTCAGAGA","+"
"209",320,"B46_HLCY2CCXX_L7_read663","MuTIR_3",88.696,115,13,0,36,150,1,115,3.56e-38,141,"CTTCAGAGA","+"
"210",321,"B46_HLCY2CCXX_L7_read664","MuTIR_3",89.109,101,11,0,47,147,1,101,9.98e-34,126,"CTTCAGAGA","+"
"211",322,"B46_HLCY2CCXX_L7_read667","MuTIR_3",88.696,115,13,0,36,150,1,115,3.56e-38,141,"CTTCAGAGA","+"
"212",323,"B46_HLCY2CCXX_L7_read668","MuTIR_3",90.141,71,7,0,78,148,1,71,1.01e-23,93.5,"CCTCTAGAG","+"
"214",325,"B46_HLCY2CCXX_L7_read672","MuTIR_3",94.048,84,5,0,67,150,1,84,2.77e-34,128,"CCTTGCATT","+"
"215",326,"B46_HLCY2CCXX_L7_read673","MuTIR_3",91.071,112,10,0,39,150,1,112,1.65e-41,152,"AGGGGTCGC","+"
"216",327,"B46_HLCY2CCXX_L7_read674","MuTIR_3",92.308,91,7,0,60,150,1,91,7.71e-35,130,"AGTAGAGCA","+"
"217",328,"B46_HLCY2CCXX_L7_read676","MuTIR_3",91.86,86,7,0,65,150,1,86,4.64e-32,121,"ACTGCAGTA","+"
"218",329,"B46_HLCY2CCXX_L7_read678","MuTIR_3",92.623,122,9,0,27,148,1,122,9.77e-49,176,"AGTAGAGCA","+"
"219",330,"B46_HLCY2CCXX_L7_read679","MuTIR_3",92.308,91,7,0,60,150,1,91,7.71e-35,130,"AGTAGAGCA","+"
"220",331,"B46_HLCY2CCXX_L7_read680","MuTIR_3",92.105,114,9,0,37,150,1,114,2.74e-44,161,"GGAATAGGT","+"
"221",332,"B46_HLCY2CCXX_L7_read682","MuTIR_3",91.071,112,10,0,39,150,1,112,1.65e-41,152,"AGGGGTCGC","+"
"229",351,"B46_HLCY2CCXX_L7_read731","MuTIR_3",94.643,112,6,0,27,138,1,112,3.51e-48,174,"ATTTATGAC","+"
"230",352,"B46_HLCY2CCXX_L7_read733","MuTIR_3",93.636,110,7,0,41,150,1,110,2.11e-45,165,"CTCCTCATC","+"
"232",354,"B46_HLCY2CCXX_L7_read735","MuTIR_3",94.643,112,6,0,27,138,1,112,3.51e-48,174,"ATTTATGAC","+"
"233",355,"B46_HLCY2CCXX_L7_read736","MuTIR_3",94.667,75,4,0,76,150,1,75,6.01e-31,117,"CTACTCATC","+"
"234",356,"B46_HLCY2CCXX_L7_read737","MuTIR_3",88.542,96,11,0,55,150,1,96,6.01e-31,117,"GAGATTTGG","+"
"236",358,"B46_HLCY2CCXX_L7_read741","MuTIR_3",94.643,112,6,0,16,127,1,112,3.51e-48,174,"TGCACACCC","-"
"238",360,"B46_HLCY2CCXX_L7_read745","MuTIR_3",94.643,112,6,0,16,127,1,112,3.51e-48,174,"TGCACACCC","-"
"240",368,"B46_HLCY2CCXX_L7_read761","MuTIR_3",84.259,108,15,2,44,150,1,107,4.68e-27,104,"GCAGGCTAG","+"
"241",369,"B46_HLCY2CCXX_L7_read762","MuTIR_3",84.259,108,15,2,44,150,1,107,4.68e-27,104,"GCAGGCTAG","+"
"244",411,"B46_HLCY2CCXX_L7_read841","MuTIR_4",86.508,126,17,0,25,150,1,126,3.56e-38,141,"GTGACTGAG","+"
"246",413,"B46_HLCY2CCXX_L7_read845","MuTIR_4",100,31,0,0,120,150,1,31,3.69e-13,58.4,"CTCGACATA","+"
"247",414,"B46_HLCY2CCXX_L7_read847","MuTIR_4",97.368,38,1,0,113,150,1,38,2.21e-15,65.8,"CCCGCGAGC","+"
"248",415,"B46_HLCY2CCXX_L7_read848","MuTIR_4",91.304,92,8,0,57,148,1,92,9.98e-34,126,"GAATGGTGC","+"
"249",416,"B46_HLCY2CCXX_L7_read850","MuTIR_4",92.941,85,6,0,60,144,1,85,3.59e-33,124,"GAATGGTGC","+"
"250",417,"B46_HLCY2CCXX_L7_read851","MuTIR_4",89.286,112,12,0,39,150,1,112,9.91e-39,143,"GCCATTAAG","+"
"251",418,"B46_HLCY2CCXX_L7_read852","MuTIR_4",89.13,92,10,0,52,143,1,92,2.16e-30,115,"GTGCCTGTC","+"
"252",419,"B46_HLCY2CCXX_L7_read853","MuTIR_4",97.368,38,1,0,113,150,1,38,2.21e-15,65.8,"CCCGCGAGC","+"
"253",420,"B46_HLCY2CCXX_L7_read856","MuTIR_4",97.368,38,1,0,113,150,1,38,2.21e-15,65.8,"CCCGCGAGC","+"
"254",421,"B46_HLCY2CCXX_L7_read859","MuTIR_4",87.179,117,15,0,34,150,1,117,1.66e-36,135,"GTGCCTGTC","+"
"255",422,"B46_HLCY2CCXX_L7_read860","MuTIR_4",100,32,0,0,117,148,1,32,1.03e-13,60.2,"CCCGCGAGC","+"
"256",423,"B46_HLCY2CCXX_L7_read862","MuTIR_4",85.586,111,16,0,28,138,1,111,1.67e-31,119,"GTTAAAAAG","+"
"257",424,"B46_HLCY2CCXX_L7_read865","MuTIR_4",100,31,0,0,120,150,1,31,3.69e-13,58.4,"CTCGACATA","+"
"259",426,"B46_HLCY2CCXX_L7_read872","MuTIR_4",93.878,49,3,0,72,120,1,49,3.67e-18,75,"CCCGCGAGC","+"
"260",427,"B46_HLCY2CCXX_L7_read878","MuTIR_4",91.304,92,8,0,57,148,1,92,9.98e-34,126,"GAATGGTGC","+"
"272",439,"B46_HLCY2CCXX_L7_read899","MuTIR_4",93.878,49,3,0,30,78,1,49,3.67e-18,75,"GAGTTGATA","-"
"276",443,"B46_HLCY2CCXX_L7_read909","MuTIR_4",93.878,49,3,0,19,67,1,49,3.67e-18,75,"GAGTTGATA","-"
"279",455,"B46_HLCY2CCXX_L7_read951","MuTIR_4",89.362,94,10,0,55,148,1,94,1.67e-31,119,"GACTTTAGC","+"
"280",456,"B46_HLCY2CCXX_L7_read952","MuTIR_4",89.706,68,7,0,83,150,1,68,4.71e-22,87.9,"GACTTTAGC","+"
"281",457,"B46_HLCY2CCXX_L7_read954","MuTIR_4",89.706,68,7,0,83,150,1,68,4.71e-22,87.9,"GACTTTAGC","+"
"283",460,"B46_HLCY2CCXX_L7_read957","MuTIR_4",89.706,68,7,0,83,150,1,68,4.71e-22,87.9,"GACTTTAGC","+"
"284",461,"B46_HLCY2CCXX_L7_read959","MuTIR_4",86.508,126,17,0,23,148,1,126,3.56e-38,141,"GTCGACAGC","+"
"285",462,"B46_HLCY2CCXX_L7_read960","MuTIR_4",86.719,128,17,0,23,150,1,128,2.76e-39,145,"GTCGACAGC","+"
"286",463,"B46_HLCY2CCXX_L7_read961","MuTIR_4",89.011,91,10,0,60,150,1,91,7.77e-30,113,"GACTTTAGC","+"
"287",464,"B46_HLCY2CCXX_L7_read962","MuTIR_4",86.719,128,17,0,23,150,1,128,2.76e-39,145,"GTCGACAGC","+"
"289",473,"B46_HLCY2CCXX_L7_read984","MuTIR_4",86.614,127,17,0,24,150,1,127,9.91e-39,143,"GTGTGTGGG","+"
"290",475,"B46_HLCY2CCXX_L7_read986","MuTIR_4",87.591,137,17,0,14,150,1,137,2.74e-44,161,"GTGTGTGGG","+"
"293",504,"B46_HLCY2CCXX_L7_read1058","MuTIR_5",95.918,49,2,0,98,146,1,49,7.88e-20,80.5,"GACGCTCGC","+"
"294",505,"B46_HLCY2CCXX_L7_read1061","MuTIR_5",95.918,49,2,0,98,146,1,49,7.88e-20,80.5,"GACGCTCGC","+"
"296",507,"B46_HLCY2CCXX_L7_read1071","MuTIR_5",95.918,49,2,0,91,139,1,49,7.88e-20,80.5,"AGACCTAGA","-"
"297",509,"B46_HLCY2CCXX_L7_read1115","MuTIR_6",91.011,89,8,0,62,150,1,89,4.64e-32,121,"GGGAGGGAG","+"
"299",511,"B46_HLCY2CCXX_L7_read1118","MuTIR_6",100,41,0,0,110,150,1,41,1.02e-18,76.8,"TGCACTACA","+"
"300",512,"B46_HLCY2CCXX_L7_read1119","MuTIR_6",96,125,5,0,26,150,1,125,4.48e-57,204,"TGCACTACG","+"
"301",513,"B46_HLCY2CCXX_L7_read1120","MuTIR_6",95.2,125,6,0,26,150,1,125,2.09e-55,198,"TGCACTACG","+"
"302",514,"B46_HLCY2CCXX_L7_read1121","MuTIR_6",95.402,87,4,0,64,150,1,87,1.28e-37,139,"TGCACTATG","+"
"303",515,"B46_HLCY2CCXX_L7_read1123","MuTIR_6",96.154,52,2,0,91,142,1,52,1.69e-21,86.1,"GGGAGGGAG","+"
"304",516,"B46_HLCY2CCXX_L7_read1125","MuTIR_6",100,41,0,0,110,150,1,41,1.02e-18,76.8,"TGCACTACA","+"
"305",517,"B46_HLCY2CCXX_L7_read1126","MuTIR_6",94.309,123,7,0,28,150,1,123,1.25e-52,189,"TGCACTATG","+"
"306",518,"B46_HLCY2CCXX_L7_read1127","MuTIR_6",100,41,0,0,110,150,1,41,1.02e-18,76.8,"TGCACTACA","+"
"307",519,"B46_HLCY2CCXX_L7_read1129","MuTIR_6",97.826,46,1,0,101,146,1,46,7.88e-20,80.5,"TGCACTACA","+"
"308",520,"B46_HLCY2CCXX_L7_read1130","MuTIR_6",96.154,52,2,0,91,142,1,52,1.69e-21,86.1,"GGGAGGGAG","+"
"322",534,"B46_HLCY2CCXX_L7_read1167","MuTIR_6",92.481,133,10,0,18,150,1,133,3.49e-53,191,"AGGAGAGGG","+"
"323",535,"B46_HLCY2CCXX_L7_read1168","MuTIR_6",96.078,102,4,0,49,150,1,102,5.88e-46,167,"AGGAGAGGG","+"
"324",536,"B46_HLCY2CCXX_L7_read1171","MuTIR_6",92.481,133,10,0,18,150,1,133,3.49e-53,191,"AGGAGAGGG","+"
"325",537,"B46_HLCY2CCXX_L7_read1172","MuTIR_6",92.481,133,10,0,18,150,1,133,3.49e-53,191,"AGGAGAGGG","+"
"326",538,"B46_HLCY2CCXX_L7_read1173","MuTIR_6",94.531,128,7,0,23,150,1,128,2.09e-55,198,"TCCTAGGCT","+"
"330",544,"B46_HLCY2CCXX_L7_read1182","MuTIR_6",95.327,107,5,0,44,150,1,107,4.55e-47,171,"TCCTAGGCT","+"
"331",552,"B46_HLCY2CCXX_L7_read1218","MuTIR_6",90.625,128,12,0,23,150,1,128,4.55e-47,171,"TCGTAGGCT","+"
"332",569,"B46_HLCY2CCXX_L7_read1252","MuTIR_7",90.977,133,11,1,18,150,1,132,2.1e-50,182,"TCGTACCGC","+"
"333",570,"B46_HLCY2CCXX_L7_read1254","MuTIR_7",89.474,133,13,1,18,150,1,132,4.55e-47,171,"TCGTACCGC","+"
"334",571,"B46_HLCY2CCXX_L7_read1256","MuTIR_7",90.977,133,11,1,18,150,1,132,2.1e-50,182,"TCGTACCGC","+"
"335",572,"B46_HLCY2CCXX_L7_read1257","MuTIR_7",90.977,133,11,1,18,150,1,132,2.1e-50,182,"TCGTACCGC","+"
"336",573,"B46_HLCY2CCXX_L7_read1258","MuTIR_7",90.977,133,11,1,18,150,1,132,2.1e-50,182,"TCGTACCGC","+"
"337",574,"B46_HLCY2CCXX_L7_read1260","MuTIR_7",90.977,133,11,1,18,150,1,132,2.1e-50,182,"TCGTACCGC","+"
"338",582,"B46_HLCY2CCXX_L7_read1270","MuTIR_7",90,80,7,1,72,150,1,80,1.3e-27,106,"TACCTAGTT","+"
"339",583,"B46_HLCY2CCXX_L7_read1271","MuTIR_7",90,80,7,1,72,150,1,80,1.3e-27,106,"TACCTAGTT","+"
"344",616,"B46_HBEN2ADXX_GGCTAC_read1","MuTIR_1",94.828,58,2,1,92,149,1,57,1.32e-22,89.8,"CTCGGCCAT","+"
"345",617,"B46_HBEN2ADXX_GGCTAC_read3","MuTIR_1",96.226,53,1,1,98,150,1,52,1.71e-21,86.1,"CTCTCTTTC","+"
"346",618,"B46_HBEN2ADXX_GGCTAC_read4","MuTIR_1",98.333,60,0,1,92,151,1,59,4.71e-27,104,"CCCACAAAC","+"
"348",620,"B46_HBEN2ADXX_GGCTAC_read6","MuTIR_1",90.476,105,8,2,48,151,1,104,4.64e-37,137,"CTTTGAGAG","+"
"349",621,"B46_HBEN2ADXX_GGCTAC_read8","MuTIR_1",94.737,95,4,1,43,137,1,94,7.72e-40,147,"CTGGTAATA","+"
"350",622,"B46_HBEN2ADXX_GGCTAC_read9","MuTIR_1",94.286,140,7,1,12,151,1,139,7.5e-60,213,"TATTTGAAG","+"
"351",623,"B46_HBEN2ADXX_GGCTAC_read10","MuTIR_1",94.958,119,5,1,32,150,1,118,1.63e-51,185,"GCCGTGCGA","+"
"352",624,"B46_HBEN2ADXX_GGCTAC_read11","MuTIR_1",93.277,119,7,1,33,151,1,118,3.54e-48,174,"GCTACATCT","+"
"353",625,"B46_HBEN2ADXX_GGCTAC_read12","MuTIR_1",96.154,78,2,1,74,151,1,77,1.01e-33,126,"GTCGGTCTA","+"
"356",628,"B46_HBEN2ADXX_GGCTAC_read17","MuTIR_1",92.537,134,8,2,7,140,1,132,3.51e-53,191,"ACAACAGAT","-"
"361",633,"B46_HBEN2ADXX_GGCTAC_read24","MuTIR_1",94.017,117,6,1,24,140,1,116,9.84e-49,176,"GGGCCTAGG","+"
"363",651,"B46_HBEN2ADXX_GGCTAC_read70","MuTIR_2",89.412,85,9,0,67,151,1,85,3.64e-28,108,"CGAACAGGA","+"
"364",652,"B46_HBEN2ADXX_GGCTAC_read71","MuTIR_2",91.453,117,10,0,27,143,1,117,2.76e-44,161,"TGCAATGAT","+"
"366",654,"B46_HBEN2ADXX_GGCTAC_read75","MuTIR_2",88.889,90,10,0,60,149,1,90,2.81e-29,111,"CTCGTCAGC","+"
"372",664,"B46_HBEN2ADXX_GGCTAC_read98","MuTIR_3",90.625,96,9,0,56,151,1,96,2.79e-34,128,"TCTAGGTTC","+"
"373",665,"B46_HBEN2ADXX_GGCTAC_read99","MuTIR_3",94.898,98,5,0,54,151,1,98,4.61e-42,154,"CAAACATTC","+"
"374",666,"B46_HBEN2ADXX_GGCTAC_read105","MuTIR_3",88.506,87,10,0,64,150,1,87,1.31e-27,106,"CCTCTAGAG","+"
"375",667,"B46_HBEN2ADXX_GGCTAC_read106","MuTIR_3",92.537,134,10,0,15,148,1,134,9.77e-54,193,"GGGTTCTGG","+"
"378",671,"B46_HBEN2ADXX_GGCTAC_read111","MuTIR_3",91.111,90,8,0,62,151,1,90,1.3e-32,122,"GGGACGGGG","+"
"379",672,"B46_HBEN2ADXX_GGCTAC_read113","MuTIR_3",89.922,129,13,0,23,151,1,129,5.92e-46,167,"GGGACGGGG","+"
"380",674,"B46_HBEN2ADXX_GGCTAC_read115","MuTIR_3",92.623,122,9,0,30,151,1,122,9.84e-49,176,"CTCCTCATC","+"
"383",682,"B46_HBEN2ADXX_GGCTAC_read125","MuTIR_3",84.685,111,15,2,42,151,1,110,1.01e-28,110,"GCAGGCTAG","+"
"384",689,"B46_HBEN2ADXX_GGCTAC_read141","MuTIR_4",97.143,35,1,0,117,151,1,35,1.03e-13,60.2,"GCTGTCGAC","+"
"386",691,"B46_HBEN2ADXX_GGCTAC_read144","MuTIR_4",92.793,111,8,0,41,151,1,111,7.66e-45,163,"CCGAAGACT","+"
"388",695,"B46_HBEN2ADXX_GGCTAC_read161","MuTIR_5",95.918,49,2,0,84,132,1,49,7.94e-20,80.5,"GACGCTCGC","+"
"390",697,"B46_HBEN2ADXX_GGCTAC_read163","MuTIR_5",86.131,137,17,1,3,137,1,137,7.72e-40,147,"AATAAGTAT","-"
"392",699,"B46_HBEN2ADXX_GGCTAC_read175","MuTIR_6",94.737,133,7,0,19,151,1,133,3.49e-58,207,"TCCTAGGCT","+"
"394",706,"B46_HBEN2ADXX_GGCTAC_read200","MuTIR_7",89.706,68,6,1,83,149,1,68,1.32e-22,89.8,"TACCTAGTT","+"
"396",712,"B46_HB1JCADXX_GGCTAC_read2","MuTIR_1",94.595,111,5,1,41,151,1,110,4.58e-47,171,"GCCTGAAGG","+"
"397",713,"B46_HB1JCADXX_GGCTAC_read3","MuTIR_1",94.898,98,4,1,54,151,1,97,1.66e-41,152,"GTCGCCAGC","+"
"398",714,"B46_HB1JCADXX_GGCTAC_read4","MuTIR_1",96.154,78,2,1,74,151,1,77,1.01e-33,126,"GAATACAAC","+"
"399",715,"B46_HB1JCADXX_GGCTAC_read7","MuTIR_1",94.186,86,4,1,65,150,1,85,7.77e-35,130,"CCTTCAGGC","+"
"400",716,"B46_HB1JCADXX_GGCTAC_read8","MuTIR_1",95.798,119,4,1,30,148,1,118,3.51e-53,191,"CATTTCAAA","+"
"406",722,"B46_HB1JCADXX_GGCTAC_read17","MuTIR_1",92.632,95,6,1,17,111,1,94,1.67e-36,135,"TATTCCTGG","-"
"412",728,"B46_HB1JCADXX_GGCTAC_read25","MuTIR_1",95.789,95,3,1,28,122,1,94,1.66e-41,152,"TCTTCCTGA","-"
"413",730,"B46_HB1JCADXX_GGCTAC_read31","MuTIR_1",94.393,107,5,1,45,151,1,106,7.66e-45,163,"GGGCCTAGG","+"
"414",741,"B46_HB1JCADXX_GGCTAC_read69","MuTIR_2",92.969,128,9,0,22,149,1,128,4.55e-52,187,"CATTCTCAA","+"
"415",742,"B46_HB1JCADXX_GGCTAC_read70","MuTIR_2",94.915,59,3,0,93,151,1,59,1.02e-23,93.5,"TGCAATGAT","+"
"417",744,"B46_HB1JCADXX_GGCTAC_read72","MuTIR_2",93.798,129,8,0,13,141,1,129,2.72e-54,195,"TTCCTCGCC","+"
"418",745,"B46_HB1JCADXX_GGCTAC_read74","MuTIR_2",93.671,79,5,0,73,151,1,79,1.68e-31,119,"CATTCTCAA","+"
"419",746,"B46_HB1JCADXX_GGCTAC_read75","MuTIR_2",95.522,67,3,0,82,148,1,67,3.64e-28,108,"TTCTGCCTC","+"
"420",747,"B46_HB1JCADXX_GGCTAC_read81","MuTIR_2",91.453,117,10,0,27,143,1,117,2.76e-44,161,"TGCAATGAT","+"
"421",748,"B46_HB1JCADXX_GGCTAC_read82","MuTIR_2",87.5,112,14,0,40,151,1,112,7.77e-35,130,"GCTGGGAAG","+"
"432",766,"B46_HB1JCADXX_GGCTAC_read139","MuTIR_3",88.889,90,10,0,62,151,1,90,2.81e-29,111,"TCTAGGTTC","+"
"433",767,"B46_HB1JCADXX_GGCTAC_read140","MuTIR_3",93.162,117,8,0,33,149,1,117,1.27e-47,172,"GGCCCCCAC","+"
"434",768,"B46_HB1JCADXX_GGCTAC_read143","MuTIR_3",96.154,52,2,0,83,134,1,52,1.71e-21,86.1,"TTTATGGGA","-"
"437",774,"B46_HB1JCADXX_GGCTAC_read153","MuTIR_3",89.623,106,11,0,46,151,1,106,1.67e-36,135,"CCTCTAGAG","+"
"440",777,"B46_HB1JCADXX_GGCTAC_read164","MuTIR_3",91.398,93,8,0,59,151,1,93,2.79e-34,128,"CCCGTCCCC","+"
"443",795,"B46_HB1JCADXX_GGCTAC_read198","MuTIR_4",88.06,134,16,0,18,151,1,134,2.76e-44,161,"GAATGGTGC","+"
"444",796,"B46_HB1JCADXX_GGCTAC_read200","MuTIR_4",96,75,3,0,77,151,1,75,1.3e-32,122,"CCGAAGACT","+"
"445",797,"B46_HB1JCADXX_GGCTAC_read201","MuTIR_4",89.922,129,13,0,14,142,1,129,1.65e-46,169,"CTCGACATA","+"
"447",799,"B46_HB1JCADXX_GGCTAC_read207","MuTIR_4",91.176,68,6,0,83,150,1,68,1.02e-23,93.5,"GTGCCTGTC","+"
"449",801,"B46_HB1JCADXX_GGCTAC_read212","MuTIR_4",89.773,88,9,0,53,140,1,88,7.83e-30,113,"GATGTGCAG","-"
"453",809,"B46_HB1JCADXX_GGCTAC_read234","MuTIR_4",87.591,137,17,0,15,151,1,137,2.76e-44,161,"GTCGACAGC","+"
"455",816,"B46_HB1JCADXX_GGCTAC_read252","MuTIR_5",86.364,88,10,1,66,151,1,88,2.83e-24,95.3,"GACGCTCGC","+"
"456",817,"B46_HB1JCADXX_GGCTAC_read253","MuTIR_5",95.918,49,2,0,83,131,1,49,7.94e-20,80.5,"GACGCTCGC","+"
"458",820,"B46_HB1JCADXX_GGCTAC_read266","MuTIR_6",100,42,0,0,109,150,1,42,2.85e-19,78.7,"TGCACTACG","+"
"459",821,"B46_HB1JCADXX_GGCTAC_read270","MuTIR_6",95.062,81,4,0,71,151,1,81,2.79e-34,128,"AGGAGAGGG","+"
"460",822,"B46_HB1JCADXX_GGCTAC_read271","MuTIR_6",96.226,106,4,0,46,151,1,106,3.54e-48,174,"AGGAGAGGG","+"
"465",830,"B46_HB1JCADXX_GGCTAC_read288","MuTIR_7",90.84,131,11,1,21,151,1,130,2.74e-49,178,"TCGTACCGC","+"
