"","X","qname","sname","percent_identity","alignment_length","mismatches","gap_opens","q_start","q_end","s_start","s_end","evalue","bit_score","tsds","strand"
"1",1,"B73Htrhm_HVMFTCCXX_L8_read4","MuTIR_1",100,41,0,0,110,150,1,41,1.02e-18,76.8,"CTTAAGGAG","+"
"2",2,"B73Htrhm_HVMFTCCXX_L8_read5","MuTIR_1",94.737,57,2,1,94,150,1,56,4.71e-22,87.9,"GAATACAAC","+"
"3",3,"B73Htrhm_HVMFTCCXX_L8_read6","MuTIR_1",95.556,90,3,1,61,150,1,89,9.91e-39,143,"CAAATCGAG","+"
"4",4,"B73Htrhm_HVMFTCCXX_L8_read8","MuTIR_1",93.407,91,5,1,60,150,1,90,5.96e-36,134,"CCGCACTCC","+"
"5",5,"B73Htrhm_HVMFTCCXX_L8_read9","MuTIR_1",94.737,95,4,1,45,139,1,94,7.66e-40,147,"CATCCATTT","+"
"6",6,"B73Htrhm_HVMFTCCXX_L8_read10","MuTIR_1",94.737,95,4,1,24,118,1,94,7.66e-40,147,"GCTGGCGAC","+"
"7",7,"B73Htrhm_HVMFTCCXX_L8_read15","MuTIR_1",82.979,94,3,2,26,106,1,94,1.32e-17,73.1,"TCGCACGGC","+"
"8",8,"B73Htrhm_HVMFTCCXX_L8_read17","MuTIR_1",93.284,134,7,2,15,148,1,132,7.5e-55,196,"CCCACCTTG","+"
"9",9,"B73Htrhm_HVMFTCCXX_L8_read18","MuTIR_1",95.876,97,3,1,54,150,1,96,1.27e-42,156,"GAGAGCCTC","+"
"10",10,"B73Htrhm_HVMFTCCXX_L8_read20","MuTIR_1",94.737,95,4,1,33,127,1,94,7.66e-40,147,"GCTGGCGAC","+"
"11",11,"B73Htrhm_HVMFTCCXX_L8_read21","MuTIR_1",95.283,106,2,2,47,150,1,105,2.11e-45,165,"GCCGTGCGA","+"
"12",12,"B73Htrhm_HVMFTCCXX_L8_read26","MuTIR_1",95.37,108,4,1,43,150,1,107,4.55e-47,171,"GAGGCTCTC","+"
"13",13,"B73Htrhm_HVMFTCCXX_L8_read28","MuTIR_1",94.737,95,4,1,56,150,1,94,7.66e-40,147,"GAAAGAGAG","+"
"14",14,"B73Htrhm_HVMFTCCXX_L8_read29","MuTIR_1",95.37,108,4,1,43,150,1,107,4.55e-47,171,"GAGGCTCTC","+"
"15",15,"B73Htrhm_HVMFTCCXX_L8_read33","MuTIR_1",91.111,135,11,1,16,150,1,134,2.1e-50,182,"GAAGCCAAC","+"
"20",20,"B73Htrhm_HVMFTCCXX_L8_read44","MuTIR_1",94.737,95,4,1,1,95,1,94,7.66e-40,147,"TCTTCCTGA","-"
"26",26,"B73Htrhm_HVMFTCCXX_L8_read60","MuTIR_1",93.684,95,5,1,10,104,1,94,3.56e-38,141,"TCTTCCTGA","-"
"30",34,"B73Htrhm_HVMFTCCXX_L8_read73","MuTIR_1",93.75,112,6,1,39,150,1,111,5.88e-46,167,"GGGCCTAGG","+"
"31",35,"B73Htrhm_HVMFTCCXX_L8_read74","MuTIR_1",90.476,126,10,2,18,143,1,124,2.11e-45,165,"GGTAGAGAG","+"
"34",38,"B73Htrhm_HVMFTCCXX_L8_read80","MuTIR_1",95.789,95,3,1,40,134,1,94,1.65e-41,152,"TCTTCCTAA","-"
"35",75,"B73Htrhm_HVMFTCCXX_L8_read144","MuTIR_1",88.333,120,13,1,30,149,1,119,9.91e-39,143,"GTTTTTCGG","+"
"36",81,"B73Htrhm_HVMFTCCXX_L8_read157","MuTIR_2",89.706,136,14,0,14,149,1,136,3.51e-48,174,"GCTGGGAAG","+"
"37",82,"B73Htrhm_HVMFTCCXX_L8_read158","MuTIR_2",88.393,112,13,0,39,150,1,112,1.66e-36,135,"GCTGGGAAG","+"
"38",83,"B73Htrhm_HVMFTCCXX_L8_read159","MuTIR_2",93.269,104,7,0,47,150,1,104,4.58e-42,154,"TTCTGCTAG","+"
"40",85,"B73Htrhm_HVMFTCCXX_L8_read165","MuTIR_2",90.265,113,11,0,38,150,1,113,2.13e-40,148,"AACAATAAG","+"
"41",86,"B73Htrhm_HVMFTCCXX_L8_read168","MuTIR_2",91.509,106,9,0,45,150,1,106,7.66e-40,147,"TCCAACGAG","+"
"42",87,"B73Htrhm_HVMFTCCXX_L8_read169","MuTIR_2",91.919,99,6,2,53,150,1,98,4.61e-37,137,"ACTGATAGA","+"
"43",88,"B73Htrhm_HVMFTCCXX_L8_read171","MuTIR_2",91.837,98,8,0,53,150,1,98,4.61e-37,137,"TCGAATGGC","+"
"44",89,"B73Htrhm_HVMFTCCXX_L8_read174","MuTIR_2",91.358,81,7,0,70,150,1,81,2.79e-29,111,"ATTCGTTCC","+"
"45",90,"B73Htrhm_HVMFTCCXX_L8_read176","MuTIR_2",94.737,76,4,0,69,144,1,76,1.67e-31,119,"TGCCGCCGC","+"
"46",91,"B73Htrhm_HVMFTCCXX_L8_read177","MuTIR_2",91.509,106,9,0,45,150,1,106,7.66e-40,147,"TCCAACGAG","+"
"47",92,"B73Htrhm_HVMFTCCXX_L8_read182","MuTIR_2",95.05,101,5,0,50,150,1,101,9.84e-44,159,"GCTGCTGTG","+"
"48",93,"B73Htrhm_HVMFTCCXX_L8_read183","MuTIR_2",95.714,70,3,0,50,119,1,70,7.77e-30,113,"GCTGCTGTG","+"
"61",109,"B73Htrhm_HVMFTCCXX_L8_read218","MuTIR_2",95.122,41,2,0,110,150,1,41,2.21e-15,65.8,"CTTACAAAG","+"
"62",110,"B73Htrhm_HVMFTCCXX_L8_read220","MuTIR_2",93.023,129,9,0,19,147,1,129,1.25e-52,189,"CTTACAAAG","+"
"64",118,"B73Htrhm_HVMFTCCXX_L8_read234","MuTIR_2",90.476,63,6,0,88,150,1,63,6.09e-21,84.2,"TCCAACGAG","+"
"65",119,"B73Htrhm_HVMFTCCXX_L8_read236","MuTIR_2",86.179,123,15,2,26,147,1,122,2.15e-35,132,"GGAACGAAT","+"
"66",120,"B73Htrhm_HVMFTCCXX_L8_read237","MuTIR_2",89.157,83,7,2,68,149,1,82,1.68e-26,102,"GGAACGAAT","+"
"68",122,"B73Htrhm_HVMFTCCXX_L8_read241","MuTIR_2",86.047,129,16,2,8,135,1,128,4.61e-37,137,"CAGTAGTGA","-"
"69",125,"B73Htrhm_HVMFTCCXX_L8_read257","MuTIR_3",95.238,105,5,0,46,150,1,105,5.88e-46,167,"AGTGTCCAT","+"
"76",133,"B73Htrhm_HVMFTCCXX_L8_read277","MuTIR_3",92.969,128,9,0,11,138,1,128,4.51e-52,187,"AGTAGAGCA","+"
"77",134,"B73Htrhm_HVMFTCCXX_L8_read280","MuTIR_3",90,110,11,0,41,150,1,110,9.91e-39,143,"CCGCCCGCG","+"
"78",135,"B73Htrhm_HVMFTCCXX_L8_read281","MuTIR_3",95.726,117,5,0,29,145,1,117,1.25e-52,189,"ACTGACGGG","+"
"79",136,"B73Htrhm_HVMFTCCXX_L8_read282","MuTIR_3",92.969,128,9,0,22,149,1,128,4.51e-52,187,"AGTAGAGCA","+"
"80",138,"B73Htrhm_HVMFTCCXX_L8_read284","MuTIR_3",88.321,137,14,2,10,144,1,137,7.61e-45,163,"CTGACAGAT","+"
"81",140,"B73Htrhm_HVMFTCCXX_L8_read287","MuTIR_3",89.916,119,12,0,32,150,1,119,4.58e-42,154,"CCGCCCGCG","+"
"82",141,"B73Htrhm_HVMFTCCXX_L8_read288","MuTIR_3",92.969,128,9,0,11,138,1,128,4.51e-52,187,"AGTAGAGCA","+"
"85",144,"B73Htrhm_HVMFTCCXX_L8_read293","MuTIR_3",88.462,130,15,0,12,141,1,130,3.54e-43,158,"AGTAACGAC","-"
"86",146,"B73Htrhm_HVMFTCCXX_L8_read298","MuTIR_3",90.698,86,8,0,65,150,1,86,2.16e-30,115,"GCCGACGAA","+"
"87",147,"B73Htrhm_HVMFTCCXX_L8_read299","MuTIR_3",90.551,127,12,0,24,150,1,127,1.63e-46,169,"AGTTACGCC","+"
"88",148,"B73Htrhm_HVMFTCCXX_L8_read301","MuTIR_3",91.729,133,11,0,10,142,1,133,1.62e-51,185,"CCTGTTTGA","+"
"89",149,"B73Htrhm_HVMFTCCXX_L8_read302","MuTIR_3",91.919,99,8,0,52,150,1,99,1.28e-37,139,"GCCGACGAA","+"
"91",151,"B73Htrhm_HVMFTCCXX_L8_read304","MuTIR_3",91.379,116,10,0,35,150,1,116,9.84e-44,159,"AGTTACGCC","+"
"92",152,"B73Htrhm_HVMFTCCXX_L8_read306","MuTIR_3",94.262,122,7,0,29,150,1,122,4.51e-52,187,"TTCGTCGAC","+"
"93",153,"B73Htrhm_HVMFTCCXX_L8_read307","MuTIR_3",94.444,90,5,0,61,150,1,90,1.28e-37,139,"TCAAACAGG","+"
"94",154,"B73Htrhm_HVMFTCCXX_L8_read308","MuTIR_3",93.75,64,4,0,87,150,1,64,7.82e-25,97.1,"TCTAAAAGA","+"
"95",155,"B73Htrhm_HVMFTCCXX_L8_read309","MuTIR_3",90.351,114,11,0,32,145,1,114,5.92e-41,150,"CGTTAGGTC","+"
"96",156,"B73Htrhm_HVMFTCCXX_L8_read310","MuTIR_3",92.857,84,6,0,67,150,1,84,1.29e-32,122,"TCTAAAAGA","+"
"101",161,"B73Htrhm_HVMFTCCXX_L8_read315","MuTIR_3",92.248,129,10,0,3,131,1,129,5.84e-51,183,"CTAGTTCCG","-"
"105",165,"B73Htrhm_HVMFTCCXX_L8_read320","MuTIR_3",89.6,125,13,0,26,150,1,125,9.84e-44,159,"AGTTTCAGA","+"
"106",166,"B73Htrhm_HVMFTCCXX_L8_read322","MuTIR_3",89.844,128,13,0,23,150,1,128,2.11e-45,165,"AGTTTCAGA","+"
"109",178,"B73Htrhm_HVMFTCCXX_L8_read340","MuTIR_3",87.805,82,10,0,55,136,1,82,7.82e-25,97.1,"GCAGGCTAG","+"
"110",199,"B73Htrhm_HVMFTCCXX_L8_read386","MuTIR_4",90.816,98,9,0,45,142,1,98,2.15e-35,132,"GCCATTAAG","+"
"111",200,"B73Htrhm_HVMFTCCXX_L8_read387","MuTIR_4",93.269,104,7,0,47,150,1,104,4.58e-42,154,"GCAAGAGAG","+"
"112",201,"B73Htrhm_HVMFTCCXX_L8_read388","MuTIR_4",90.833,120,11,0,13,132,1,120,7.61e-45,163,"CGGCCACCG","+"
"113",202,"B73Htrhm_HVMFTCCXX_L8_read389","MuTIR_4",93.043,115,8,0,36,150,1,115,4.55e-47,171,"GCAAGAGAG","+"
"114",203,"B73Htrhm_HVMFTCCXX_L8_read390","MuTIR_4",95.062,81,4,0,62,142,1,81,2.77e-34,128,"CTCTCTTGC","+"
"115",204,"B73Htrhm_HVMFTCCXX_L8_read394","MuTIR_4",94.118,68,4,0,83,150,1,68,4.68e-27,104,"CATGAGCTG","+"
"117",206,"B73Htrhm_HVMFTCCXX_L8_read399","MuTIR_4",86.923,130,17,0,18,147,1,130,2.13e-40,148,"GTGACTGAG","+"
"126",225,"B73Htrhm_HVMFTCCXX_L8_read453","MuTIR_5",87.5,120,13,1,15,132,1,120,1.28e-37,139,"CTCAGAAAG","+"
"132",232,"B73Htrhm_HVMFTCCXX_L8_read484","MuTIR_6",96.512,86,3,0,65,150,1,86,9.91e-39,143,"TGCACTACG","+"
"133",233,"B73Htrhm_HVMFTCCXX_L8_read486","MuTIR_6",96.226,106,4,0,45,150,1,106,3.51e-48,174,"TGTACTACG","+"
"134",234,"B73Htrhm_HVMFTCCXX_L8_read487","MuTIR_6",96.491,114,4,0,37,150,1,114,1.25e-52,189,"TGTACTACG","+"
"135",235,"B73Htrhm_HVMFTCCXX_L8_read488","MuTIR_6",96.491,114,4,0,37,150,1,114,1.25e-52,189,"TGTACTACG","+"
"150",270,"B73Htrhm_HGCJCBGXX_CGATGT_read3","MuTIR_1",96.203,79,2,1,73,151,1,78,2.79e-34,128,"GAGAGCCTC","+"
"151",271,"B73Htrhm_HGCJCBGXX_CGATGT_read12","MuTIR_1",96.341,82,2,1,67,148,1,81,6.01e-36,134,"GAGAGCCTC","+"
"152",272,"B73Htrhm_HGCJCBGXX_CGATGT_read13","MuTIR_1",95.192,104,2,2,50,151,1,103,2.76e-44,161,"GCCGTGCGA","+"
"153",273,"B73Htrhm_HGCJCBGXX_CGATGT_read14","MuTIR_1",97.101,69,1,1,83,151,1,68,2.18e-30,115,"GGCTGGCGG","+"
"154",274,"B73Htrhm_HGCJCBGXX_CGATGT_read15","MuTIR_1",96.341,82,2,1,70,151,1,81,6.01e-36,134,"GGGTTAGGT","+"
"158",278,"B73Htrhm_HGCJCBGXX_CGATGT_read22","MuTIR_1",94.656,131,6,1,19,149,1,130,1.62e-56,202,"AATAAAAAC","+"
"159",279,"B73Htrhm_HGCJCBGXX_CGATGT_read24","MuTIR_1",91.549,142,11,1,10,151,1,141,2.72e-54,195,"GAAGCCAAC","+"
"171",293,"B73Htrhm_HGCJCBGXX_CGATGT_read58","MuTIR_1",91.589,107,8,1,45,151,1,106,7.72e-40,147,"GGTAGAGAG","+"
"173",295,"B73Htrhm_HGCJCBGXX_CGATGT_read61","MuTIR_1",95.789,95,3,1,17,111,1,94,1.66e-41,152,"CCAGCAGCC","+"
"176",298,"B73Htrhm_HGCJCBGXX_CGATGT_read66","MuTIR_1",92.135,89,6,1,60,148,1,88,3.61e-33,124,"CCATCAGAC","+"
"177",302,"B73Htrhm_HGCJCBGXX_CGATGT_read71","MuTIR_1",86.607,112,8,4,45,151,1,110,6.05e-31,117,"GTCTGATCT","+"
"178",330,"B73Htrhm_HGCJCBGXX_CGATGT_read147","MuTIR_2",92.683,82,6,0,67,148,1,82,1.68e-31,119,"TCCAACGAG","+"
"179",331,"B73Htrhm_HGCJCBGXX_CGATGT_read149","MuTIR_2",91.667,108,9,0,41,148,1,108,5.96e-41,150,"TCGAATGGC","+"
"180",332,"B73Htrhm_HGCJCBGXX_CGATGT_read150","MuTIR_2",96,75,3,0,51,125,1,75,1.3e-32,122,"TGCCGCCGC","+"
"181",333,"B73Htrhm_HGCJCBGXX_CGATGT_read151","MuTIR_2",89.844,128,13,0,16,143,1,128,2.13e-45,165,"TCCAACGAG","+"
"182",334,"B73Htrhm_HGCJCBGXX_CGATGT_read153","MuTIR_2",93.023,129,8,1,13,140,1,129,4.55e-52,187,"CCCAGAGCC","+"
"183",335,"B73Htrhm_HGCJCBGXX_CGATGT_read154","MuTIR_2",95.161,62,3,0,90,151,1,62,2.19e-25,99,"TGCCGCCGC","+"
"184",336,"B73Htrhm_HGCJCBGXX_CGATGT_read156","MuTIR_2",93.798,129,8,0,17,145,1,129,2.72e-54,195,"TTCCTCGCC","+"
"185",337,"B73Htrhm_HGCJCBGXX_CGATGT_read157","MuTIR_2",94.253,87,5,0,65,151,1,87,6.01e-36,134,"TTCTGCTAG","+"
"186",338,"B73Htrhm_HGCJCBGXX_CGATGT_read159","MuTIR_2",90.625,128,12,0,21,148,1,128,4.58e-47,171,"GTGTTTCCT","+"
"187",339,"B73Htrhm_HGCJCBGXX_CGATGT_read160","MuTIR_2",97.143,70,2,0,54,123,1,70,1.68e-31,119,"CTTTGTAAG","+"
"188",340,"B73Htrhm_HGCJCBGXX_CGATGT_read161","MuTIR_2",90.909,88,8,0,64,151,1,88,1.68e-31,119,"ATTCGTTCC","+"
"189",341,"B73Htrhm_HGCJCBGXX_CGATGT_read162","MuTIR_2",88.496,113,13,0,30,142,1,113,4.64e-37,137,"GCTGGGAAG","+"
"190",342,"B73Htrhm_HGCJCBGXX_CGATGT_read164","MuTIR_2",93.478,138,9,0,14,151,1,138,1.25e-57,206,"GCTGCTGTG","+"
"191",343,"B73Htrhm_HGCJCBGXX_CGATGT_read165","MuTIR_2",92.188,128,10,0,24,151,1,128,2.11e-50,182,"ACAGACTCC","+"
"192",344,"B73Htrhm_HGCJCBGXX_CGATGT_read166","MuTIR_2",90.291,103,10,0,49,151,1,103,1.67e-36,135,"TTAAGGAGG","+"
"193",345,"B73Htrhm_HGCJCBGXX_CGATGT_read168","MuTIR_2",94.253,87,5,0,65,151,1,87,6.01e-36,134,"TTCTGCTAG","+"
"194",346,"B73Htrhm_HGCJCBGXX_CGATGT_read169","MuTIR_2",96.552,87,3,0,49,135,1,87,2.77e-39,145,"TTCCTCGCC","+"
"209",361,"B73Htrhm_HGCJCBGXX_CGATGT_read194","MuTIR_2",87.85,107,13,0,33,139,1,107,1.01e-33,126,"CGAACAAGA","-"
"210",363,"B73Htrhm_HGCJCBGXX_CGATGT_read200","MuTIR_2",94.915,59,3,0,93,151,1,59,1.02e-23,93.5,"CTTACAAAG","+"
"214",374,"B73Htrhm_HGCJCBGXX_CGATGT_read221","MuTIR_2",86.822,129,15,2,6,133,1,128,9.98e-39,143,"CAGTAGTGA","-"
"216",382,"B73Htrhm_HGCJCBGXX_CGATGT_read253","MuTIR_3",93.103,87,6,0,65,151,1,87,2.79e-34,128,"AAAACATTC","+"
"217",383,"B73Htrhm_HGCJCBGXX_CGATGT_read255","MuTIR_3",95.062,81,4,0,71,151,1,81,2.79e-34,128,"AGTGTCCAT","+"
"218",384,"B73Htrhm_HGCJCBGXX_CGATGT_read258","MuTIR_3",92.308,130,10,0,22,151,1,130,1.63e-51,185,"CCGTTTTTT","+"
"219",385,"B73Htrhm_HGCJCBGXX_CGATGT_read260","MuTIR_3",92.222,90,7,0,62,151,1,90,2.79e-34,128,"TCCTACAGG","+"
"220",386,"B73Htrhm_HGCJCBGXX_CGATGT_read261","MuTIR_3",92.982,57,3,1,74,129,1,57,2.21e-20,82.4,"CCCTGCGAG","+"
"221",387,"B73Htrhm_HGCJCBGXX_CGATGT_read262","MuTIR_3",96.226,53,2,0,44,96,1,53,4.74e-22,87.9,"AAAAAATGG","+"
"222",388,"B73Htrhm_HGCJCBGXX_CGATGT_read266","MuTIR_3",93.103,116,6,2,37,151,1,115,1.65e-46,169,"CCCTGCGAG","+"
"223",389,"B73Htrhm_HGCJCBGXX_CGATGT_read267","MuTIR_3",93.103,87,6,0,65,151,1,87,2.79e-34,128,"AAAACATTC","+"
"229",395,"B73Htrhm_HGCJCBGXX_CGATGT_read277","MuTIR_3",96.226,53,2,0,89,141,1,53,4.74e-22,87.9,"CTATGAGAG","-"
"233",399,"B73Htrhm_HGCJCBGXX_CGATGT_read284","MuTIR_3",95.062,81,3,1,71,151,1,80,1.01e-33,126,"ACTGACGGG","+"
"234",400,"B73Htrhm_HGCJCBGXX_CGATGT_read288","MuTIR_3",93.458,107,7,0,45,151,1,107,9.91e-44,159,"GTGGTTTAG","+"
"236",402,"B73Htrhm_HGCJCBGXX_CGATGT_read290","MuTIR_3",91.818,110,9,0,42,151,1,110,4.61e-42,154,"TCATCTCTC","+"
"243",412,"B73Htrhm_HGCJCBGXX_CGATGT_read316","MuTIR_3",94.186,86,5,0,66,151,1,86,2.16e-35,132,"GACCTAACG","+"
"244",413,"B73Htrhm_HGCJCBGXX_CGATGT_read318","MuTIR_3",94.366,71,4,0,81,151,1,71,1.01e-28,110,"TCAAACAGG","+"
"245",414,"B73Htrhm_HGCJCBGXX_CGATGT_read319","MuTIR_3",93.056,72,5,0,80,151,1,72,1.31e-27,106,"CCTGTTTGA","+"
"252",430,"B73Htrhm_HGCJCBGXX_CGATGT_read341","MuTIR_3",89.024,82,9,0,64,145,1,82,1.69e-26,102,"GCAGGCTAG","+"
"254",450,"B73Htrhm_HGCJCBGXX_CGATGT_read384","MuTIR_4",86.4,125,17,0,27,151,1,125,1.29e-37,139,"GTGACTGAG","+"
"255",451,"B73Htrhm_HGCJCBGXX_CGATGT_read387","MuTIR_4",95.652,46,2,0,99,144,1,46,3.69e-18,75,"CGGCCACCG","+"
"256",452,"B73Htrhm_HGCJCBGXX_CGATGT_read390","MuTIR_4",86.486,111,15,0,26,136,1,111,3.61e-33,124,"GTGACTGAG","+"
"257",453,"B73Htrhm_HGCJCBGXX_CGATGT_read392","MuTIR_4",94.318,88,5,0,64,151,1,88,1.67e-36,135,"CGGCCACCG","+"
"258",454,"B73Htrhm_HGCJCBGXX_CGATGT_read393","MuTIR_4",95.652,46,2,0,99,144,1,46,3.69e-18,75,"CGGCCACCG","+"
"264",460,"B73Htrhm_HGCJCBGXX_CGATGT_read410","MuTIR_4",91.86,86,7,0,49,134,1,86,4.68e-32,121,"CGGACGTGG","-"
"268",464,"B73Htrhm_HGCJCBGXX_CGATGT_read424","MuTIR_4",87.2,125,15,1,27,151,1,124,9.98e-39,143,"TCGGCGGTC","+"
"270",479,"B73Htrhm_HGCJCBGXX_CGATGT_read465","MuTIR_5",91.667,96,6,1,56,149,1,96,6.01e-36,134,"CGAGACGGC","+"
"271",480,"B73Htrhm_HGCJCBGXX_CGATGT_read466","MuTIR_5",90.196,102,8,1,52,151,1,102,6.01e-36,134,"ATTGAGCCC","+"
"272",481,"B73Htrhm_HGCJCBGXX_CGATGT_read468","MuTIR_5",90.625,96,7,1,56,149,1,96,2.79e-34,128,"ACCTATTCC","+"
"273",482,"B73Htrhm_HGCJCBGXX_CGATGT_read469","MuTIR_5",95.918,49,2,0,93,141,1,49,7.94e-20,80.5,"GACGCTCGC","+"
"280",492,"B73Htrhm_HGCJCBGXX_CGATGT_read509","MuTIR_6",96.923,65,2,0,87,151,1,65,1.01e-28,110,"TGTACTACG","+"
"281",494,"B73Htrhm_HGCJCBGXX_CGATGT_read521","MuTIR_6",97.368,114,3,0,34,147,1,114,2.72e-54,195,"TCCTAGGCT","+"
"282",495,"B73Htrhm_HGCJCBGXX_CGATGT_read522","MuTIR_6",92.929,99,7,0,53,151,1,99,2.77e-39,145,"AGGAGAGGG","+"
"283",496,"B73Htrhm_HGCJCBGXX_CGATGT_read523","MuTIR_6",96.809,94,3,0,33,126,1,94,3.56e-43,158,"TCCTAGGCT","+"
"287",504,"B73Htrhm_HGCJCBGXX_CGATGT_read545","MuTIR_3",86.066,122,13,4,30,149,1,120,2.79e-34,128,"GCAGGCTAG","+"
"288",516,"B73_HBEN2ADXX_GTTTCG_read2","MuTIR_1",98.361,61,0,1,91,151,1,60,1.31e-27,106,"GAGAGCCTC","+"
"289",517,"B73_HBEN2ADXX_GTTTCG_read3","MuTIR_1",96.923,65,1,1,87,151,1,64,3.64e-28,108,"GGCTGGCGG","+"
"290",518,"B73_HBEN2ADXX_GTTTCG_read4","MuTIR_1",100,48,0,0,101,148,1,48,1.32e-22,89.8,"GTCGGCTGG","+"
"291",519,"B73_HBEN2ADXX_GTTTCG_read5","MuTIR_1",92.632,95,6,1,25,119,1,94,1.67e-36,135,"CTCTCTACC","+"
"293",521,"B73_HBEN2ADXX_GTTTCG_read7","MuTIR_1",96.341,82,2,1,69,150,1,81,6.01e-36,134,"GTCGGCTGG","+"
"294",522,"B73_HBEN2ADXX_GTTTCG_read8","MuTIR_1",94.792,96,2,2,58,151,1,95,7.72e-40,147,"GCCGTGCGA","+"
"295",523,"B73_HBEN2ADXX_GTTTCG_read12","MuTIR_1",94.737,95,4,1,30,124,1,94,7.72e-40,147,"GCTGGCGAC","+"
"296",524,"B73_HBEN2ADXX_GTTTCG_read13","MuTIR_1",92.473,93,6,1,59,151,1,92,2.16e-35,132,"CTCTCTTTC","+"
"297",525,"B73_HBEN2ADXX_GTTTCG_read16","MuTIR_1",90.756,119,6,2,35,148,1,119,4.61e-42,154,"CTTAAGGAG","+"
"298",526,"B73_HBEN2ADXX_GTTTCG_read17","MuTIR_1",93.284,134,7,2,18,151,1,132,7.55e-55,196,"CCCACCTTG","+"
"299",527,"B73_HBEN2ADXX_GTTTCG_read18","MuTIR_1",97.826,46,1,0,66,111,1,46,7.94e-20,80.5,"GTGTTAGGT","+"
"300",528,"B73_HBEN2ADXX_GTTTCG_read20","MuTIR_1",93.684,95,5,1,54,148,1,94,3.59e-38,141,"CTCTCTACC","+"
"301",529,"B73_HBEN2ADXX_GTTTCG_read21","MuTIR_1",92.593,81,5,1,2,82,1,80,2.18e-30,115,"TTTTTTTTT","-"
"303",531,"B73_HBEN2ADXX_GTTTCG_read25","MuTIR_1",93.684,95,5,1,29,123,1,94,3.59e-38,141,"TCTTCCTGA","-"
"314",551,"B73_HBEN2ADXX_GTTTCG_read68","MuTIR_2",94.118,68,4,0,82,149,1,68,4.71e-27,104,"GTGTTTCCT","+"
"315",552,"B73_HBEN2ADXX_GTTTCG_read70","MuTIR_2",96.104,77,3,0,75,151,1,77,1.01e-33,126,"CCCAGAGCC","+"
"323",564,"B73_HBEN2ADXX_GTTTCG_read96","MuTIR_2",88.158,76,6,1,75,147,1,76,4.74e-22,87.9,"CTCGTTGGA","+"
"325",569,"B73_HBEN2ADXX_GTTTCG_read108","MuTIR_2",87.356,87,11,0,65,151,1,87,6.09e-26,100,"GGGTGCCCT","+"
"328",577,"B73_HBEN2ADXX_GTTTCG_read121","MuTIR_3",90.909,132,9,3,22,151,1,131,3.54e-48,174,"CCCTGCGAG","+"
"329",578,"B73_HBEN2ADXX_GTTTCG_read122","MuTIR_3",93.985,133,8,0,10,142,1,133,1.62e-56,202,"CCCCCCTCT","+"
"331",580,"B73_HBEN2ADXX_GTTTCG_read125","MuTIR_3",91.791,134,9,2,14,146,1,133,1.63e-51,185,"CCCTGCGAG","+"
"332",581,"B73_HBEN2ADXX_GTTTCG_read126","MuTIR_3",92.222,90,7,0,62,151,1,90,2.79e-34,128,"AGAGGGGGG","+"
"333",582,"B73_HBEN2ADXX_GTTTCG_read131","MuTIR_3",93.388,121,8,0,22,142,1,121,7.61e-50,180,"GGCCCCCAC","+"
"339",590,"B73_HBEN2ADXX_GTTTCG_read147","MuTIR_3",94.595,111,6,0,39,149,1,111,1.27e-47,172,"GACCTCAAA","+"
"340",591,"B73_HBEN2ADXX_GTTTCG_read148","MuTIR_3",94.366,71,4,0,78,148,1,71,1.01e-28,110,"TCTAAAAGA","+"
"341",592,"B73_HBEN2ADXX_GTTTCG_read149","MuTIR_3",91.453,117,8,2,34,150,1,115,9.91e-44,159,"CTATCCTGG","+"
"344",595,"B73_HBEN2ADXX_GTTTCG_read154","MuTIR_3",91.473,129,11,0,13,141,1,129,2.74e-49,178,"CTAGTTCCG","-"
"346",598,"B73_HBEN2ADXX_GTTTCG_read160","MuTIR_3",92.771,83,6,0,68,150,1,83,4.68e-32,121,"CTCCAGGAT","+"
"347",599,"B73_HBEN2ADXX_GTTTCG_read163","MuTIR_3",89.565,115,12,0,37,151,1,115,7.72e-40,147,"TAGCACGCC","+"
"348",614,"B73_HBEN2ADXX_GTTTCG_read194","MuTIR_4",86.923,130,17,0,15,144,1,130,2.15e-40,148,"GTGACTGAG","+"
"350",616,"B73_HBEN2ADXX_GTTTCG_read203","MuTIR_4",85.714,119,16,1,33,151,1,118,1.01e-33,126,"AGCGACGAG","+"
"351",622,"B73_HBEN2ADXX_GTTTCG_read219","MuTIR_5",92.553,94,5,1,60,151,1,94,1.67e-36,135,"GCTGCAGGA","+"
"352",623,"B73_HBEN2ADXX_GTTTCG_read220","MuTIR_5",86.777,121,13,2,33,150,1,121,6.01e-36,134,"TAAACCACC","+"
"353",624,"B73_HBEN2ADXX_GTTTCG_read221","MuTIR_5",90.426,94,7,1,58,149,1,94,3.61e-33,124,"AGCTGCGGC","+"
"362",637,"B73_HBEN2ADXX_GTTTCG_read250","MuTIR_6",96.639,119,4,0,32,150,1,119,2.1e-55,198,"TGCACTACG","+"
"363",638,"B73_HBEN2ADXX_GTTTCG_read251","MuTIR_6",95.89,73,3,0,35,107,1,73,1.68e-31,119,"TGCACTACA","+"
"365",642,"B73_HBEN2ADXX_GTTTCG_read270","MuTIR_7",90.977,133,11,1,19,151,1,132,2.11e-50,182,"TCGTACCGC","+"
"367",646,"B73Htrhm_HVMFTCCXX_L7_read1","MuTIR_1",95.161,124,5,1,27,150,1,123,2.7e-54,195,"AATAAAAAC","+"
"368",647,"B73Htrhm_HVMFTCCXX_L7_read3","MuTIR_1",96.703,91,2,1,60,150,1,90,5.92e-41,150,"GGCTGGCGG","+"
"369",648,"B73Htrhm_HVMFTCCXX_L7_read5","MuTIR_1",100,46,0,0,105,150,1,46,1.69e-21,86.1,"GAGGCTCTC","+"
"371",650,"B73Htrhm_HVMFTCCXX_L7_read13","MuTIR_1",95.455,44,2,0,107,150,1,44,4.74e-17,71.3,"CCCACCTTG","+"
"372",651,"B73Htrhm_HVMFTCCXX_L7_read15","MuTIR_1",94.444,126,5,2,24,149,1,124,9.7e-54,193,"CCCACCTTG","+"
"373",652,"B73Htrhm_HVMFTCCXX_L7_read18","MuTIR_1",94.186,86,4,1,61,146,1,85,7.71e-35,130,"CTCGATTTG","+"
"374",653,"B73Htrhm_HVMFTCCXX_L7_read22","MuTIR_1",96.46,113,3,1,38,150,1,112,1.62e-51,185,"CAAATCGAG","+"
"376",655,"B73Htrhm_HVMFTCCXX_L7_read24","MuTIR_1",95.349,86,3,1,64,149,1,85,1.66e-36,135,"GAAAGAGAG","+"
"378",657,"B73Htrhm_HVMFTCCXX_L7_read27","MuTIR_1",94.4,125,6,1,24,148,1,124,3.49e-53,191,"GTCGGCTGG","+"
"379",658,"B73Htrhm_HVMFTCCXX_L7_read29","MuTIR_1",97.183,71,1,1,80,150,1,70,1.67e-31,119,"GGCTGGCGG","+"
"380",659,"B73Htrhm_HVMFTCCXX_L7_read31","MuTIR_1",94.805,77,3,1,74,150,1,76,1.67e-31,119,"CCTAGGCCC","+"
"381",660,"B73Htrhm_HVMFTCCXX_L7_read33","MuTIR_1",93.75,112,6,1,39,150,1,111,5.88e-46,167,"CTCGATTTG","+"
"382",661,"B73Htrhm_HVMFTCCXX_L7_read35","MuTIR_1",95.714,70,2,1,81,150,1,69,2.79e-29,111,"GCTGGCGAC","+"
"383",662,"B73Htrhm_HVMFTCCXX_L7_read37","MuTIR_1",95.789,95,3,1,50,144,1,94,1.65e-41,152,"CAAGGTGGG","+"
"395",674,"B73Htrhm_HVMFTCCXX_L7_read61","MuTIR_1",95.789,95,3,1,32,126,1,94,1.65e-41,152,"TCTTCCTGA","-"
"397",676,"B73Htrhm_HVMFTCCXX_L7_read64","MuTIR_1",95.789,95,3,1,25,119,1,94,1.65e-41,152,"TCTTTCTGA","-"
"402",684,"B73Htrhm_HVMFTCCXX_L7_read72","MuTIR_1",95.349,86,3,1,63,148,1,85,1.66e-36,135,"GGGCCTAGG","+"
"403",686,"B73Htrhm_HVMFTCCXX_L7_read75","MuTIR_1",94.175,103,5,1,48,150,1,102,1.27e-42,156,"GGGCCTAGG","+"
"404",691,"B73Htrhm_HVMFTCCXX_L7_read84","MuTIR_1",85.496,131,11,5,15,140,1,128,7.71e-35,130,"GTCTGATCT","+"
"405",724,"B73Htrhm_HVMFTCCXX_L7_read173","MuTIR_2",97.872,47,1,0,98,144,1,47,2.19e-20,82.4,"GCGACCTCC","+"
"406",725,"B73Htrhm_HVMFTCCXX_L7_read174","MuTIR_2",97.872,47,1,0,98,144,1,47,2.19e-20,82.4,"GCGACCTCC","+"
"407",726,"B73Htrhm_HVMFTCCXX_L7_read175","MuTIR_2",92.105,76,6,0,75,150,1,76,3.61e-28,108,"ATTCGTTCC","+"
"408",727,"B73Htrhm_HVMFTCCXX_L7_read177","MuTIR_2",92.958,71,5,0,80,150,1,71,4.68e-27,104,"CACAGCATC","+"
"409",728,"B73Htrhm_HVMFTCCXX_L7_read179","MuTIR_2",96.471,85,3,0,66,150,1,85,3.56e-38,141,"TTCCTCGCC","+"
"410",729,"B73Htrhm_HVMFTCCXX_L7_read180","MuTIR_2",94.595,74,4,0,77,150,1,74,2.16e-30,115,"ACTGATAGA","+"
"411",730,"B73Htrhm_HVMFTCCXX_L7_read181","MuTIR_2",93.878,98,4,2,54,150,1,97,7.66e-40,147,"TGCCGCCGC","+"
"412",731,"B73Htrhm_HVMFTCCXX_L7_read182","MuTIR_2",82.609,115,13,6,42,150,1,114,2.81e-24,95.3,"GCGACCTCC","+"
"414",733,"B73Htrhm_HVMFTCCXX_L7_read185","MuTIR_2",91.509,106,9,0,45,150,1,106,7.66e-40,147,"TCCAACGAG","+"
"415",734,"B73Htrhm_HVMFTCCXX_L7_read187","MuTIR_2",91.589,107,9,0,41,147,1,107,2.13e-40,148,"TCCAACGAG","+"
"416",735,"B73Htrhm_HVMFTCCXX_L7_read188","MuTIR_2",93.269,104,7,0,47,150,1,104,4.58e-42,154,"TTCCTCGCC","+"
"417",736,"B73Htrhm_HVMFTCCXX_L7_read189","MuTIR_2",93.636,110,5,2,42,150,1,109,7.61e-45,163,"TGCCGCCGC","+"
"418",737,"B73Htrhm_HVMFTCCXX_L7_read192","MuTIR_2",93.22,59,4,0,92,150,1,59,4.71e-22,87.9,"CTACTCGGT","+"
"419",738,"B73Htrhm_HVMFTCCXX_L7_read193","MuTIR_2",95.588,68,3,0,83,150,1,68,1.01e-28,110,"TTCCTCGCC","+"
"426",745,"B73Htrhm_HVMFTCCXX_L7_read207","MuTIR_2",93.798,129,8,0,8,136,1,129,2.7e-54,195,"CGGATAGAA","-"
"438",765,"B73Htrhm_HVMFTCCXX_L7_read243","MuTIR_2",88.158,76,6,1,73,145,1,76,4.71e-22,87.9,"CTCGTTGGA","+"
"439",773,"B73Htrhm_HVMFTCCXX_L7_read255","MuTIR_2",86.822,129,15,2,13,140,1,128,9.91e-39,143,"CCTCCTTAA","+"
"440",774,"B73Htrhm_HVMFTCCXX_L7_read257","MuTIR_2",89.157,83,7,2,64,145,1,82,1.68e-26,102,"CCTCCTTAA","+"
"441",776,"B73Htrhm_HVMFTCCXX_L7_read260","MuTIR_2",87.963,108,11,2,42,148,1,107,9.98e-34,126,"GGAACGAAT","+"
"442",777,"B73Htrhm_HVMFTCCXX_L7_read261","MuTIR_2",89.157,83,7,2,64,145,1,82,1.68e-26,102,"CCTCCTTAA","+"
"446",786,"B73Htrhm_HVMFTCCXX_L7_read285","MuTIR_2",89.474,76,8,0,69,144,1,76,7.82e-25,97.1,"GGCTCTGGG","+"
"448",789,"B73Htrhm_HVMFTCCXX_L7_read304","MuTIR_3",97.368,38,1,0,113,150,1,38,2.21e-15,65.8,"AAAAAATGG","+"
"449",790,"B73Htrhm_HVMFTCCXX_L7_read306","MuTIR_3",93.506,77,5,0,71,147,1,77,2.16e-30,115,"TCCTACAGG","+"
"450",791,"B73Htrhm_HVMFTCCXX_L7_read307","MuTIR_3",91.304,92,6,2,60,150,1,91,3.59e-33,124,"CCCTGCGAG","+"
"452",793,"B73Htrhm_HVMFTCCXX_L7_read311","MuTIR_3",97.368,38,1,0,113,150,1,38,2.21e-15,65.8,"AAAAAATGG","+"
"453",794,"B73Htrhm_HVMFTCCXX_L7_read312","MuTIR_3",96.226,53,2,0,87,139,1,53,4.71e-22,87.9,"AAAAAATGG","+"
"454",795,"B73Htrhm_HVMFTCCXX_L7_read313","MuTIR_3",95.385,65,3,0,86,150,1,65,4.68e-27,104,"AGTGTCCAT","+"
"455",796,"B73Htrhm_HVMFTCCXX_L7_read314","MuTIR_3",91.026,78,5,2,74,150,1,77,4.68e-27,104,"CCCTGCGAG","+"
"466",807,"B73Htrhm_HVMFTCCXX_L7_read334","MuTIR_3",92.481,133,10,0,2,134,1,133,3.49e-53,191,"AACGACGCT","-"
"467",811,"B73Htrhm_HVMFTCCXX_L7_read340","MuTIR_3",95.726,117,5,0,28,144,1,117,1.25e-52,189,"ACTGACGGG","+"
"469",813,"B73Htrhm_HVMFTCCXX_L7_read343","MuTIR_3",91.837,98,8,0,53,150,1,98,4.61e-37,137,"GGAATAGGT","+"
"470",814,"B73Htrhm_HVMFTCCXX_L7_read344","MuTIR_3",90.805,87,8,0,64,150,1,87,6.01e-31,117,"AGGGGTCGC","+"
"471",816,"B73Htrhm_HVMFTCCXX_L7_read347","MuTIR_3",93.204,103,7,0,48,150,1,103,1.65e-41,152,"AGTAGAGCA","+"
"474",819,"B73Htrhm_HVMFTCCXX_L7_read356","MuTIR_3",92.969,128,9,0,9,136,1,128,4.51e-52,187,"TGGATTCAG","-"
"485",833,"B73Htrhm_HVMFTCCXX_L7_read383","MuTIR_3",91.489,94,6,2,57,150,1,92,2.77e-34,128,"CTATCCTGG","+"
"486",834,"B73Htrhm_HVMFTCCXX_L7_read384","MuTIR_3",92.481,133,10,0,17,149,1,133,3.49e-53,191,"CTCCTCATC","+"
"487",835,"B73Htrhm_HVMFTCCXX_L7_read385","MuTIR_3",92.793,111,8,0,38,148,1,111,2.74e-44,161,"GCCGACGAA","+"
"488",836,"B73Htrhm_HVMFTCCXX_L7_read386","MuTIR_3",90.625,128,12,0,22,149,1,128,4.55e-47,171,"AGTTACGCC","+"
"489",837,"B73Htrhm_HVMFTCCXX_L7_read387","MuTIR_3",95.495,111,5,0,38,148,1,111,2.72e-49,178,"TCAAACAGG","+"
"491",839,"B73Htrhm_HVMFTCCXX_L7_read389","MuTIR_3",93.548,93,6,0,58,150,1,93,1.28e-37,139,"TCTAAAAGA","+"
"492",840,"B73Htrhm_HVMFTCCXX_L7_read390","MuTIR_3",90.526,95,9,0,56,150,1,95,9.98e-34,126,"AGTTACGCC","+"
"493",841,"B73Htrhm_HVMFTCCXX_L7_read392","MuTIR_3",93.243,74,5,0,77,150,1,74,1.01e-28,110,"GACCTAACG","+"
"494",842,"B73Htrhm_HVMFTCCXX_L7_read393","MuTIR_3",91.304,92,6,2,59,150,1,90,3.59e-33,124,"CTATCCTGG","+"
"496",844,"B73Htrhm_HVMFTCCXX_L7_read395","MuTIR_3",93.75,64,4,0,87,150,1,64,7.82e-25,97.1,"TTCGTCGAC","+"
"508",856,"B73Htrhm_HVMFTCCXX_L7_read410","MuTIR_3",89.6,125,13,0,26,150,1,125,9.84e-44,159,"AGTTTCAGA","+"
"511",892,"B73Htrhm_HVMFTCCXX_L7_read485","MuTIR_4",88.991,109,12,0,42,150,1,109,4.61e-37,137,"GCCATTAAG","+"
"512",893,"B73Htrhm_HVMFTCCXX_L7_read486","MuTIR_4",86.923,130,17,0,18,147,1,130,2.13e-40,148,"GTGACTGAG","+"
"513",894,"B73Htrhm_HVMFTCCXX_L7_read487","MuTIR_4",94.366,71,4,0,80,150,1,71,1.01e-28,110,"CTCTCTTGC","+"
"514",895,"B73Htrhm_HVMFTCCXX_L7_read488","MuTIR_4",91.86,86,7,0,65,150,1,86,4.64e-32,121,"GTGACTGAG","+"
"515",896,"B73Htrhm_HVMFTCCXX_L7_read489","MuTIR_4",90,130,13,0,20,149,1,130,4.55e-47,171,"CTAGCCTAG","+"
"519",900,"B73Htrhm_HVMFTCCXX_L7_read501","MuTIR_4",90.833,120,11,0,2,121,1,120,7.61e-45,163,"CTTTTATGC","-"
"523",904,"B73Htrhm_HVMFTCCXX_L7_read507","MuTIR_4",90.833,120,11,0,2,121,1,120,7.61e-45,163,"CTTTTATGC","-"
"524",905,"B73Htrhm_HVMFTCCXX_L7_read511","MuTIR_4",85.47,117,16,1,34,150,1,116,1.29e-32,122,"AGCGACGAG","+"
"525",906,"B73Htrhm_HVMFTCCXX_L7_read514","MuTIR_4",85.088,114,16,1,37,150,1,113,6.01e-31,117,"AGCGACGAG","+"
"526",907,"B73Htrhm_HVMFTCCXX_L7_read522","MuTIR_4",93.333,90,6,0,39,128,1,90,5.96e-36,134,"GGGCGAAGA","-"
"528",919,"B73Htrhm_HVMFTCCXX_L7_read560","MuTIR_5",90.833,120,9,1,28,145,1,120,2.74e-44,161,"CGAGACGGC","+"
"529",920,"B73Htrhm_HVMFTCCXX_L7_read561","MuTIR_5",92.473,93,5,1,60,150,1,93,5.96e-36,134,"GCTGCAGGA","+"
"530",921,"B73Htrhm_HVMFTCCXX_L7_read562","MuTIR_5",89.231,130,12,1,14,141,1,130,7.61e-45,163,"GCTGCAGGA","+"
"531",922,"B73Htrhm_HVMFTCCXX_L7_read563","MuTIR_5",89.231,130,12,1,14,141,1,130,7.61e-45,163,"GCTGCAGGA","+"
"532",923,"B73Htrhm_HVMFTCCXX_L7_read564","MuTIR_5",90,80,6,1,73,150,1,80,4.68e-27,104,"GCTGCAGGA","+"
"533",924,"B73Htrhm_HVMFTCCXX_L7_read566","MuTIR_5",88.43,121,11,2,28,145,1,121,2.76e-39,145,"TAAACCACC","+"
"540",932,"B73Htrhm_HVMFTCCXX_L7_read601","MuTIR_6",96.471,85,3,0,66,150,1,85,3.56e-38,141,"TGCACTACG","+"
"541",933,"B73Htrhm_HVMFTCCXX_L7_read604","MuTIR_6",96.491,114,4,0,37,150,1,114,1.25e-52,189,"TGTACTACG","+"
"546",938,"B73Htrhm_HVMFTCCXX_L7_read617","MuTIR_6",95.385,65,3,0,86,150,1,65,4.68e-27,104,"TCCTAGGCT","+"
"553",955,"B73_HL5WNCCXX_L5_read2","MuTIR_1",98.113,53,0,1,98,150,1,52,3.64e-23,91.6,"GAGGCTCTC","+"
"554",956,"B73_HL5WNCCXX_L5_read4","MuTIR_1",94.737,95,4,1,29,123,1,94,7.66e-40,147,"CAAGGTGGG","+"
"555",957,"B73_HL5WNCCXX_L5_read6","MuTIR_1",96.396,111,3,1,34,144,1,110,2.1e-50,182,"GAGAGCCTC","+"
"556",958,"B73_HL5WNCCXX_L5_read9","MuTIR_1",95.238,63,2,1,87,149,1,62,2.18e-25,99,"CAAGGTGGG","+"
"557",959,"B73_HL5WNCCXX_L5_read12","MuTIR_1",97.727,44,1,0,107,150,1,44,1.02e-18,76.8,"CAAATCGAG","+"
"558",960,"B73_HL5WNCCXX_L5_read14","MuTIR_1",94.737,95,4,1,28,122,1,94,7.66e-40,147,"CATCCATTT","+"
"559",961,"B73_HL5WNCCXX_L5_read16","MuTIR_1",93.431,137,8,1,14,150,1,136,1.61e-56,202,"GAGGCTCTC","+"
"560",962,"B73_HL5WNCCXX_L5_read18","MuTIR_1",95.652,92,3,1,55,146,1,91,7.66e-40,147,"TTTTTTGTG","+"
"561",963,"B73_HL5WNCCXX_L5_read19","MuTIR_1",96.117,103,3,1,48,150,1,102,5.88e-46,167,"GTCGCCAGC","+"
"562",964,"B73_HL5WNCCXX_L5_read20","MuTIR_1",95.789,95,3,1,56,150,1,94,1.65e-41,152,"GAGAGCCTC","+"
"563",965,"B73_HL5WNCCXX_L5_read23","MuTIR_1",95.122,82,3,1,69,150,1,81,2.77e-34,128,"GCTGGCGAC","+"
"564",966,"B73_HL5WNCCXX_L5_read24","MuTIR_1",95.789,95,3,1,15,109,1,94,1.65e-41,152,"CAAGGTGGG","+"
"565",967,"B73_HL5WNCCXX_L5_read25","MuTIR_1",93.684,95,5,1,11,105,1,94,3.56e-38,141,"CTCTCTACC","+"
"567",969,"B73_HL5WNCCXX_L5_read29","MuTIR_1",96.97,99,2,1,52,150,1,98,2.11e-45,165,"GTTTTTATT","+"
"568",970,"B73_HL5WNCCXX_L5_read30","MuTIR_1",95.455,66,2,1,85,150,1,65,4.68e-27,104,"GCTGGCGAC","+"
"569",971,"B73_HL5WNCCXX_L5_read32","MuTIR_1",93.636,110,6,1,41,150,1,109,7.61e-45,163,"CCGCACTCC","+"
"570",972,"B73_HL5WNCCXX_L5_read33","MuTIR_1",93.617,47,1,1,106,150,1,47,1.71e-16,69.4,"GCCGTGCGA","+"
"571",973,"B73_HL5WNCCXX_L5_read34","MuTIR_1",95.082,61,2,1,90,150,1,60,2.81e-24,95.3,"CTCTCTTTC","+"
"572",974,"B73_HL5WNCCXX_L5_read35","MuTIR_1",95,80,3,1,71,150,1,79,3.59e-33,124,"GAAAGAGAG","+"
"574",976,"B73_HL5WNCCXX_L5_read38","MuTIR_1",96.429,112,3,1,27,138,1,111,5.84e-51,183,"CAAATCGAG","+"
"575",977,"B73_HL5WNCCXX_L5_read41","MuTIR_1",94.186,86,4,1,65,150,1,85,7.71e-35,130,"CAAGGTGGG","+"
"576",978,"B73_HL5WNCCXX_L5_read42","MuTIR_1",93.902,82,4,1,69,150,1,81,1.29e-32,122,"CATCCATTT","+"
"577",979,"B73_HL5WNCCXX_L5_read43","MuTIR_1",94.737,95,4,1,29,123,1,94,7.66e-40,147,"CAAGGTGGG","+"
"578",980,"B73_HL5WNCCXX_L5_read47","MuTIR_1",95.789,95,3,1,25,119,1,94,1.65e-41,152,"CAAGGTGGG","+"
"579",981,"B73_HL5WNCCXX_L5_read50","MuTIR_1",98.551,69,0,1,80,148,1,68,4.64e-32,121,"GAGAGCCTC","+"
"580",982,"B73_HL5WNCCXX_L5_read52","MuTIR_1",95.683,139,5,1,12,150,1,138,1.24e-62,222,"GAGAGCCTC","+"
"581",983,"B73_HL5WNCCXX_L5_read56","MuTIR_1",92.632,95,6,1,30,124,1,94,1.66e-36,135,"CTCTCTACC","+"
"582",984,"B73_HL5WNCCXX_L5_read58","MuTIR_1",94.737,95,4,1,47,141,1,94,7.66e-40,147,"CATCCATTT","+"
"583",985,"B73_HL5WNCCXX_L5_read59","MuTIR_1",95.726,117,4,1,34,150,1,116,4.51e-52,187,"AATAAAAAC","+"
"584",986,"B73_HL5WNCCXX_L5_read62","MuTIR_1",100,41,0,0,110,150,1,41,1.02e-18,76.8,"GAGGCTCTC","+"
"585",987,"B73_HL5WNCCXX_L5_read64","MuTIR_1",93.22,118,7,1,33,150,1,117,1.26e-47,172,"CCGCACTCC","+"
"587",989,"B73_HL5WNCCXX_L5_read66","MuTIR_1",97.436,39,1,0,112,150,1,39,6.14e-16,67.6,"CAAATCGAG","+"
"588",990,"B73_HL5WNCCXX_L5_read67","MuTIR_1",95.455,66,2,1,85,150,1,65,4.68e-27,104,"CTCTCTTTC","+"
"589",991,"B73_HL5WNCCXX_L5_read69","MuTIR_1",93.571,140,8,1,11,150,1,139,3.46e-58,207,"GTCGGCTGG","+"
"591",993,"B73_HL5WNCCXX_L5_read72","MuTIR_1",95.946,74,2,1,77,150,1,73,1.67e-31,119,"GTCGCCAGC","+"
"592",994,"B73_HL5WNCCXX_L5_read73","MuTIR_1",96.296,81,2,1,70,150,1,80,2.15e-35,132,"GTGTTAGGT","+"
"593",995,"B73_HL5WNCCXX_L5_read75","MuTIR_1",93.75,48,1,1,102,147,1,48,4.74e-17,71.3,"GCCGTGCGA","+"
"594",996,"B73_HL5WNCCXX_L5_read77","MuTIR_1",100,41,0,0,110,150,1,41,1.02e-18,76.8,"GAGGCTCTC","+"
"595",997,"B73_HL5WNCCXX_L5_read78","MuTIR_1",93.651,126,6,2,16,141,1,124,4.51e-52,187,"GTCGCCAGC","+"
"596",998,"B73_HL5WNCCXX_L5_read79","MuTIR_1",96.04,101,3,1,47,147,1,100,7.61e-45,163,"GAATACAAC","+"
"602",1004,"B73_HL5WNCCXX_L5_read88","MuTIR_1",94.737,95,4,1,39,133,1,94,7.66e-40,147,"TCTTCCTGA","-"
"622",1024,"B73_HL5WNCCXX_L5_read119","MuTIR_1",95.789,95,3,1,20,114,1,94,1.65e-41,152,"TCTTCCTGA","-"
"643",1050,"B73_HL5WNCCXX_L5_read169","MuTIR_1",94.393,107,5,1,42,148,1,106,7.61e-45,163,"GGGCCTAGG","+"
"644",1051,"B73_HL5WNCCXX_L5_read172","MuTIR_1",95.946,74,2,1,77,150,1,73,1.67e-31,119,"CCAGCAGCC","+"
"647",1060,"B73_HL5WNCCXX_L5_read199","MuTIR_1",86.316,95,6,4,60,149,1,93,7.82e-25,97.1,"GTCTGATCT","+"
"648",1061,"B73_HL5WNCCXX_L5_read201","MuTIR_1",86.316,95,6,4,60,149,1,93,7.82e-25,97.1,"GTCTGATCT","+"
"650",1063,"B73_HL5WNCCXX_L5_read203","MuTIR_1",87.5,120,8,4,31,145,1,118,2.15e-35,132,"GTCTGATCT","+"
"651",1065,"B73_HL5WNCCXX_L5_read205","MuTIR_1",87.5,120,8,4,31,145,1,118,2.15e-35,132,"GTCTGATCT","+"
"652",1066,"B73_HL5WNCCXX_L5_read206","MuTIR_1",86.26,131,10,5,9,134,1,128,1.66e-36,135,"TGTATCAGT","-"
"656",1124,"B73_HL5WNCCXX_L5_read346","MuTIR_2",88.679,106,12,0,45,150,1,106,7.71e-35,130,"CTACTCGGT","+"
"657",1125,"B73_HL5WNCCXX_L5_read347","MuTIR_2",94.118,119,7,0,32,150,1,119,2.1e-50,182,"CCCAGAGCC","+"
"658",1126,"B73_HL5WNCCXX_L5_read349","MuTIR_2",90.625,128,12,0,21,148,1,128,4.55e-47,171,"GTGTTTCCT","+"
"660",1128,"B73_HL5WNCCXX_L5_read355","MuTIR_2",91.463,82,7,0,68,149,1,82,7.77e-30,113,"CTGTCAGAG","+"
"661",1129,"B73_HL5WNCCXX_L5_read358","MuTIR_2",91.566,83,7,0,66,148,1,83,2.16e-30,115,"TTAAGGAGG","+"
"662",1130,"B73_HL5WNCCXX_L5_read359","MuTIR_2",95.098,102,3,2,50,150,1,101,9.84e-44,159,"CTTTGTAAG","+"
"663",1131,"B73_HL5WNCCXX_L5_read360","MuTIR_2",94.915,118,4,2,34,150,1,117,5.84e-51,183,"CTTTGTAAG","+"
"664",1132,"B73_HL5WNCCXX_L5_read363","MuTIR_2",92.683,82,6,0,43,124,1,82,1.67e-31,119,"CTACTCGGT","+"
"665",1133,"B73_HL5WNCCXX_L5_read364","MuTIR_2",93.59,78,5,0,73,150,1,78,6.01e-31,117,"CTTATTGTT","+"
"666",1134,"B73_HL5WNCCXX_L5_read366","MuTIR_2",89.167,120,13,0,30,149,1,120,5.92e-41,150,"CTCGTCAGC","+"
"667",1135,"B73_HL5WNCCXX_L5_read367","MuTIR_2",93.333,90,6,0,55,144,1,90,5.96e-36,134,"CACAGCATC","+"
"668",1136,"B73_HL5WNCCXX_L5_read368","MuTIR_2",90.164,61,6,0,90,150,1,61,7.88e-20,80.5,"TCGAATGGC","+"
"669",1137,"B73_HL5WNCCXX_L5_read370","MuTIR_2",90.991,111,10,0,38,148,1,111,5.92e-41,150,"ATTCGTTCC","+"
"670",1138,"B73_HL5WNCCXX_L5_read371","MuTIR_2",91.566,83,7,0,66,148,1,83,2.16e-30,115,"TTAAGGAGG","+"
"671",1139,"B73_HL5WNCCXX_L5_read372","MuTIR_2",90,90,9,0,61,150,1,90,6.01e-31,117,"CTCGTCAGC","+"
"672",1140,"B73_HL5WNCCXX_L5_read375","MuTIR_2",93.333,60,4,0,91,150,1,60,1.31e-22,89.8,"ATTCGTTCC","+"
"673",1141,"B73_HL5WNCCXX_L5_read378","MuTIR_2",97.826,46,1,0,105,150,1,46,7.88e-20,80.5,"CCCAGAGCC","+"
"674",1142,"B73_HL5WNCCXX_L5_read380","MuTIR_2",89.844,128,13,0,10,137,1,128,2.11e-45,165,"TCCAACGAG","+"
"675",1143,"B73_HL5WNCCXX_L5_read385","MuTIR_2",91.667,108,9,0,41,148,1,108,5.92e-41,150,"TCGAATGGC","+"
"680",1148,"B73_HL5WNCCXX_L5_read392","MuTIR_2",90.625,128,12,0,6,133,1,128,4.55e-47,171,"CAGTAGTGA","-"
"705",1173,"B73_HL5WNCCXX_L5_read447","MuTIR_2",93.798,129,8,0,4,132,1,129,2.7e-54,195,"CGGATAGAA","-"
"710",1180,"B73_HL5WNCCXX_L5_read463","MuTIR_2",89.844,128,13,0,20,147,1,128,2.11e-45,165,"CCCCGAGCC","+"
"712",1182,"B73_HL5WNCCXX_L5_read472","MuTIR_2",89.796,98,10,0,50,147,1,98,9.98e-34,126,"CCCCGAGCC","+"
"714",1184,"B73_HL5WNCCXX_L5_read478","MuTIR_2",91.473,129,11,0,2,130,1,129,2.72e-49,178,"CAGTTCGAA","-"
"718",1206,"B73_HL5WNCCXX_L5_read527","MuTIR_2",86.139,101,12,2,51,150,1,100,3.61e-28,108,"CCTCCTTAA","+"
"720",1210,"B73_HL5WNCCXX_L5_read538","MuTIR_2",87.5,80,8,1,71,148,1,80,3.64e-23,91.6,"ATTCGTGTG","+"
"726",1227,"B73_HL5WNCCXX_L5_read591","MuTIR_3",97.826,46,1,0,105,150,1,46,7.88e-20,80.5,"CCGTTTTTT","+"
"727",1228,"B73_HL5WNCCXX_L5_read592","MuTIR_3",92.537,134,10,0,16,149,1,134,9.7e-54,193,"CCGTTTTTT","+"
"728",1229,"B73_HL5WNCCXX_L5_read593","MuTIR_3",92.623,122,9,0,26,147,1,122,9.77e-49,176,"TCCTACAGG","+"
"729",1230,"B73_HL5WNCCXX_L5_read595","MuTIR_3",94.872,117,6,0,33,149,1,117,5.84e-51,183,"AAAACATTC","+"
"730",1231,"B73_HL5WNCCXX_L5_read597","MuTIR_3",93.478,92,6,0,59,150,1,92,4.61e-37,137,"AAAAAATGG","+"
"731",1232,"B73_HL5WNCCXX_L5_read599","MuTIR_3",92.537,134,10,0,16,149,1,134,9.7e-54,193,"CCGTTTTTT","+"
"732",1233,"B73_HL5WNCCXX_L5_read600","MuTIR_3",94.286,105,6,0,46,150,1,105,2.74e-44,161,"AAAACATTC","+"
"744",1245,"B73_HL5WNCCXX_L5_read618","MuTIR_3",94.737,133,7,0,9,141,1,133,3.46e-58,207,"AACGACGAT","-"
"745",1248,"B73_HL5WNCCXX_L5_read623","MuTIR_3",92.105,76,6,0,75,150,1,76,3.61e-28,108,"CCTACAATG","+"
"746",1249,"B73_HL5WNCCXX_L5_read625","MuTIR_3",90.076,131,13,0,16,146,1,131,4.55e-47,171,"TCCTCTGAG","+"
"747",1250,"B73_HL5WNCCXX_L5_read632","MuTIR_3",90.551,127,12,0,24,150,1,127,1.63e-46,169,"CCGCCCGCG","+"
"748",1252,"B73_HL5WNCCXX_L5_read637","MuTIR_3",93.333,75,5,0,76,150,1,75,2.79e-29,111,"AGTAGAGCA","+"
"749",1253,"B73_HL5WNCCXX_L5_read639","MuTIR_3",95.385,65,3,0,86,150,1,65,4.68e-27,104,"ACTGACGGG","+"
"761",1265,"B73_HL5WNCCXX_L5_read669","MuTIR_3",88.372,129,15,0,10,138,1,129,1.27e-42,156,"GGATTCAGA","-"
"764",1278,"B73_HL5WNCCXX_L5_read693","MuTIR_3",90.152,132,13,0,19,150,1,132,1.26e-47,172,"AGTTACGCC","+"
"765",1280,"B73_HL5WNCCXX_L5_read695","MuTIR_3",89.552,67,7,0,84,150,1,67,1.69e-21,86.1,"GCCGACGAA","+"
"766",1281,"B73_HL5WNCCXX_L5_read696","MuTIR_3",91.765,85,7,0,66,150,1,85,1.67e-31,119,"CTCCTCATC","+"
"767",1282,"B73_HL5WNCCXX_L5_read697","MuTIR_3",94.565,92,5,0,59,150,1,92,9.91e-39,143,"GACCCTTTG","+"
"768",1284,"B73_HL5WNCCXX_L5_read699","MuTIR_3",93.333,75,5,0,74,148,1,75,2.79e-29,111,"CTCCTCATC","+"
"769",1285,"B73_HL5WNCCXX_L5_read700","MuTIR_3",89.474,76,8,0,73,148,1,76,7.82e-25,97.1,"CGTTAGGTC","+"
"770",1286,"B73_HL5WNCCXX_L5_read701","MuTIR_3",90.351,114,11,0,32,145,1,114,5.92e-41,150,"CGTTAGGTC","+"
"771",1287,"B73_HL5WNCCXX_L5_read702","MuTIR_3",94.505,91,5,0,60,150,1,91,3.56e-38,141,"TTCGTCGAC","+"
"772",1288,"B73_HL5WNCCXX_L5_read703","MuTIR_3",92.405,79,4,2,70,148,1,77,2.79e-29,111,"CTATCCTGG","+"
"773",1289,"B73_HL5WNCCXX_L5_read706","MuTIR_3",95.495,111,5,0,36,146,1,111,2.72e-49,178,"TTCGTCGAC","+"
"787",1306,"B73_HL5WNCCXX_L5_read734","MuTIR_3",92.857,70,5,0,81,150,1,70,1.68e-26,102,"CTCCAGGAT","+"
"792",1320,"B73_HL5WNCCXX_L5_read752","MuTIR_3",87.805,82,10,0,53,134,1,82,7.82e-25,97.1,"CTAGAGGAA","-"
"793",1321,"B73_HL5WNCCXX_L5_read753","MuTIR_3",87.805,82,10,0,53,134,1,82,7.82e-25,97.1,"CTAGAGGAA","-"
"796",1369,"B73_HL5WNCCXX_L5_read848","MuTIR_4",89.831,118,12,0,30,147,1,118,4.58e-42,154,"CTCTCTTGC","+"
"797",1370,"B73_HL5WNCCXX_L5_read853","MuTIR_4",86.923,130,17,0,14,143,1,130,2.13e-40,148,"GTGACTGAG","+"
"798",1371,"B73_HL5WNCCXX_L5_read854","MuTIR_4",91.358,81,7,0,68,148,1,81,2.79e-29,111,"GCCATTAAG","+"
"799",1372,"B73_HL5WNCCXX_L5_read855","MuTIR_4",94,100,6,0,50,149,1,100,1.65e-41,152,"GCAAGAGAG","+"
"800",1373,"B73_HL5WNCCXX_L5_read856","MuTIR_4",86.923,130,17,0,12,141,1,130,2.13e-40,148,"GTGACTGAG","+"
"802",1375,"B73_HL5WNCCXX_L5_read862","MuTIR_4",91.026,78,7,0,73,150,1,78,1.3e-27,106,"GCCATTAAG","+"
"803",1376,"B73_HL5WNCCXX_L5_read863","MuTIR_4",86.923,130,17,0,12,141,1,130,2.13e-40,148,"GTGACTGAG","+"
"805",1378,"B73_HL5WNCCXX_L5_read871","MuTIR_4",93.333,120,8,0,17,136,1,120,7.55e-50,180,"CTTTTATGC","-"
"812",1385,"B73_HL5WNCCXX_L5_read888","MuTIR_4",91.86,86,7,0,52,137,1,86,4.64e-32,121,"CGGACGTGG","-"
"817",1390,"B73_HL5WNCCXX_L5_read895","MuTIR_4",91.86,86,7,0,52,137,1,86,4.64e-32,121,"CGGACGTGG","-"
"819",1392,"B73_HL5WNCCXX_L5_read905","MuTIR_4",90.698,86,8,0,53,138,1,86,2.16e-30,115,"CGGACGTGG","-"
"820",1407,"B73_HL5WNCCXX_L5_read953","MuTIR_4",85.294,68,10,0,83,150,1,68,4.74e-17,71.3,"GTGTGTGGG","+"
"822",1432,"B73_HL5WNCCXX_L5_read1002","MuTIR_5",95.918,49,2,0,85,133,1,49,7.88e-20,80.5,"ATTGAGCCC","+"
"823",1433,"B73_HL5WNCCXX_L5_read1004","MuTIR_5",95.918,49,2,0,93,141,1,49,7.88e-20,80.5,"GACGCTCGC","+"
"824",1434,"B73_HL5WNCCXX_L5_read1005","MuTIR_5",90.909,110,8,1,43,150,1,110,2.13e-40,148,"GCTGCAGGA","+"
"825",1435,"B73_HL5WNCCXX_L5_read1006","MuTIR_5",92.308,91,5,1,62,150,1,91,7.71e-35,130,"GCTGCAGGA","+"
"826",1436,"B73_HL5WNCCXX_L5_read1007","MuTIR_5",85.612,139,18,1,14,150,1,139,7.66e-40,147,"AGCTGCGGC","+"
"827",1437,"B73_HL5WNCCXX_L5_read1009","MuTIR_5",90.179,112,9,1,41,150,1,112,7.66e-40,147,"ATTGAGCCC","+"
"828",1438,"B73_HL5WNCCXX_L5_read1010","MuTIR_5",85.612,139,18,1,14,150,1,139,7.66e-40,147,"AGCTGCGGC","+"
"829",1439,"B73_HL5WNCCXX_L5_read1011","MuTIR_5",91.667,96,6,1,51,144,1,96,5.96e-36,134,"CGAGACGGC","+"
"830",1440,"B73_HL5WNCCXX_L5_read1012","MuTIR_5",95.918,49,2,0,99,147,1,49,7.88e-20,80.5,"GCTGCAGGA","+"
"831",1441,"B73_HL5WNCCXX_L5_read1013","MuTIR_5",89.873,79,6,1,73,149,1,79,1.68e-26,102,"TAAACCACC","+"
"832",1442,"B73_HL5WNCCXX_L5_read1014","MuTIR_5",86.26,131,16,1,22,150,1,131,3.56e-38,141,"GACGCTCGC","+"
"833",1443,"B73_HL5WNCCXX_L5_read1015","MuTIR_5",87.395,119,13,1,34,150,1,119,4.61e-37,137,"CTCAGAAAG","+"
"834",1444,"B73_HL5WNCCXX_L5_read1017","MuTIR_5",95.918,49,2,0,79,127,1,49,7.88e-20,80.5,"GACGCTCGC","+"
"835",1445,"B73_HL5WNCCXX_L5_read1019","MuTIR_5",95.918,49,2,0,90,138,1,49,7.88e-20,80.5,"ATTGAGCCC","+"
"836",1446,"B73_HL5WNCCXX_L5_read1021","MuTIR_5",95.918,49,2,0,93,141,1,49,7.88e-20,80.5,"GACGCTCGC","+"
"837",1447,"B73_HL5WNCCXX_L5_read1024","MuTIR_5",95.918,49,2,0,85,133,1,49,7.88e-20,80.5,"ATTGAGCCC","+"
"838",1448,"B73_HL5WNCCXX_L5_read1025","MuTIR_5",89.394,66,5,1,87,150,1,66,6.09e-21,84.2,"AGCTGCGGC","+"
"845",1455,"B73_HL5WNCCXX_L5_read1040","MuTIR_5",95.918,49,2,0,80,128,1,49,7.88e-20,80.5,"AGACCTAGG","-"
"853",1471,"B73_HL5WNCCXX_L5_read1097","MuTIR_6",96.61,118,4,0,33,150,1,118,7.5e-55,196,"TGTACTACG","+"
"854",1472,"B73_HL5WNCCXX_L5_read1104","MuTIR_6",96.154,52,2,0,85,136,1,52,1.69e-21,86.1,"GGGAGGGAG","+"
"857",1478,"B73_HL5WNCCXX_L5_read1128","MuTIR_6",92.453,106,8,0,45,150,1,106,1.65e-41,152,"AGGAGAGGG","+"
"858",1479,"B73_HL5WNCCXX_L5_read1129","MuTIR_6",94.828,116,5,1,36,150,1,116,7.55e-50,180,"ATGCAGATG","+"
"861",1488,"B73_HL5WNCCXX_L5_read1144","MuTIR_3",86.066,122,15,2,30,150,1,121,7.71e-35,130,"GCAGGCTAG","+"
"862",1489,"B73_HL5WNCCXX_L5_read1146","MuTIR_3",86.066,122,15,2,30,150,1,121,7.71e-35,130,"GCAGGCTAG","+"
"863",1490,"B73_HL5WNCCXX_L5_read1147","MuTIR_3",86.066,122,15,2,30,150,1,121,7.71e-35,130,"GCAGGCTAG","+"
"865",1504,"B73_HL5WNCCXX_L5_read1233","MuTIR_7",90.323,124,11,1,27,150,1,123,2.11e-45,165,"TCGTACCGC","+"
"866",1505,"B73_HL5WNCCXX_L5_read1234","MuTIR_7",88.652,141,15,1,10,150,1,140,3.51e-48,174,"CTTCGTAGG","+"
"869",1516,"B73_HFFGKADXX_GTTTCG_read1","MuTIR_1",94.643,56,2,1,96,151,1,55,1.71e-21,86.1,"CCCACCTTG","+"
"870",1517,"B73_HFFGKADXX_GTTTCG_read2","MuTIR_1",90.566,106,9,1,44,149,1,105,1.29e-37,139,"GAAGCCAAC","+"
"871",1518,"B73_HFFGKADXX_GTTTCG_read9","MuTIR_1",95.798,119,4,1,28,146,1,118,3.51e-53,191,"GAATACAAC","+"
"872",1519,"B73_HFFGKADXX_GTTTCG_read13","MuTIR_1",92.969,128,8,1,24,151,1,127,1.63e-51,185,"GAGGCTCTC","+"
"873",1520,"B73_HFFGKADXX_GTTTCG_read15","MuTIR_1",95.035,141,6,1,11,151,1,140,4.48e-62,220,"GGCTGGCGG","+"
"874",1521,"B73_HFFGKADXX_GTTTCG_read16","MuTIR_1",97.778,45,1,0,107,151,1,45,2.85e-19,78.7,"CAAATCGAG","+"
"876",1523,"B73_HFFGKADXX_GTTTCG_read23","MuTIR_1",82.979,94,3,2,48,128,1,94,1.33e-17,73.1,"TATTTCTGA","-"
"877",1524,"B73_HFFGKADXX_GTTTCG_read25","MuTIR_1",82.979,94,3,2,40,120,1,94,1.33e-17,73.1,"TATTTCTGA","-"
"879",1527,"B73_HFFGKADXX_GTTTCG_read32","MuTIR_1",94.017,117,6,1,26,142,1,116,9.84e-49,176,"GGGCCTAGG","+"
"880",1528,"B73_HFFGKADXX_GTTTCG_read33","MuTIR_1",95.789,95,3,1,22,116,1,94,1.66e-41,152,"TCTTCCTAA","-"
"881",1541,"B73_HFFGKADXX_GTTTCG_read66","MuTIR_2",96.053,76,3,0,75,150,1,76,3.61e-33,124,"TGCCGCCGC","+"
"882",1542,"B73_HFFGKADXX_GTTTCG_read67","MuTIR_2",96.825,63,2,0,89,151,1,63,1.31e-27,106,"CTTTGTAAG","+"
"883",1543,"B73_HFFGKADXX_GTTTCG_read68","MuTIR_2",91.15,113,10,0,39,151,1,113,4.61e-42,154,"GTGTTTCCT","+"
"884",1544,"B73_HFFGKADXX_GTTTCG_read71","MuTIR_2",95.946,74,3,0,78,151,1,74,4.68e-32,121,"GCTGCTGTG","+"
"885",1545,"B73_HFFGKADXX_GTTTCG_read73","MuTIR_2",91.15,113,10,0,33,145,1,113,4.61e-42,154,"TCCAACGAG","+"
"886",1546,"B73_HFFGKADXX_GTTTCG_read74","MuTIR_2",94.186,86,5,0,62,147,1,86,2.16e-35,132,"CTTATTGTT","+"
"887",1547,"B73_HFFGKADXX_GTTTCG_read75","MuTIR_2",90.299,134,13,0,18,151,1,134,9.84e-49,176,"ATTCGTTCC","+"
"896",1556,"B73_HFFGKADXX_GTTTCG_read91","MuTIR_2",88.8,125,12,2,28,151,1,124,1.66e-41,152,"TGGTTCGGG","+"
"898",1560,"B73_HFFGKADXX_GTTTCG_read97","MuTIR_2",87.963,108,11,2,33,139,1,107,1.01e-33,126,"CAGACAAGA","-"
"899",1562,"B73_HFFGKADXX_GTTTCG_read101","MuTIR_2",87.654,81,8,1,73,151,1,81,1.02e-23,93.5,"ATTCGTGTG","+"
"900",1563,"B73_HFFGKADXX_GTTTCG_read112","MuTIR_3",97.368,38,1,0,114,151,1,38,2.22e-15,65.8,"AAAAAATGG","+"
"905",1569,"B73_HFFGKADXX_GTTTCG_read127","MuTIR_3",94.521,73,4,0,79,151,1,73,7.83e-30,113,"CTCCTCATC","+"
"907",1571,"B73_HFFGKADXX_GTTTCG_read129","MuTIR_3",92.593,81,6,0,70,150,1,81,6.05e-31,117,"CCTGTTTGA","+"
"908",1572,"B73_HFFGKADXX_GTTTCG_read130","MuTIR_3",93.976,83,5,0,20,102,1,83,1.01e-33,126,"TTCGTCGAC","+"
"909",1573,"B73_HFFGKADXX_GTTTCG_read131","MuTIR_3",93.684,95,6,0,57,151,1,95,9.98e-39,143,"GACCTCAAA","+"
"915",1580,"B73_HFFGKADXX_GTTTCG_read138","MuTIR_3",91.429,70,6,0,76,145,1,70,7.88e-25,97.1,"AGTTTCAGA","+"
"918",1596,"B73_HFFGKADXX_GTTTCG_read169","MuTIR_4",87.069,116,15,0,36,151,1,116,6.01e-36,134,"GTGACTGAG","+"
"919",1607,"B73_HFFGKADXX_GTTTCG_read197","MuTIR_5",92.473,93,5,1,61,151,1,93,6.01e-36,134,"GCTGCAGGA","+"
"921",1609,"B73_HFFGKADXX_GTTTCG_read201","MuTIR_5",89.474,95,8,1,55,147,1,95,4.68e-32,121,"CTCAGAAAG","+"
"922",1610,"B73_HFFGKADXX_GTTTCG_read202","MuTIR_5",87.5,120,13,1,29,146,1,120,1.29e-37,139,"CTCAGAAAG","+"
"926",1616,"B73_HFFGKADXX_GTTTCG_read226","MuTIR_6",95.349,129,6,0,23,151,1,129,1.25e-57,206,"AGGAGAGGG","+"
