"","X","qname","sname","percent_identity","alignment_length","mismatches","gap_opens","q_start","q_end","s_start","s_end","evalue","bit_score","tsds","strand"
"1",1,"B75_HB1JEADXX_CGTACG_read3","MuTIR_1",98.361,61,0,1,91,151,1,60,1.31e-27,106,"CTTCAAATA","+"
"3",3,"B75_HB1JEADXX_CGTACG_read8","MuTIR_1",95.238,105,4,1,47,151,1,104,2.13e-45,165,"GTCGCCAGC","+"
"4",4,"B75_HB1JEADXX_CGTACG_read9","MuTIR_1",92.308,117,7,2,26,141,1,116,2.13e-45,165,"ATCAGAGAG","+"
"5",5,"B75_HB1JEADXX_CGTACG_read10","MuTIR_1",93.617,141,8,1,10,150,1,140,9.7e-59,209,"GAAAGAGAG","+"
"6",6,"B75_HB1JEADXX_CGTACG_read13","MuTIR_1",97.917,48,1,0,102,149,1,48,6.14e-21,84.2,"AATAAAAAC","+"
"7",7,"B75_HB1JEADXX_CGTACG_read14","MuTIR_1",94.737,57,2,1,95,151,1,56,4.74e-22,87.9,"CTCTCTTTC","+"
"8",8,"B75_HB1JEADXX_CGTACG_read16","MuTIR_1",93.939,132,7,1,20,151,1,131,2.1e-55,198,"TTCGGCAGG","+"
"9",9,"B75_HB1JEADXX_CGTACG_read17","MuTIR_1",98.246,57,0,1,70,126,1,56,2.19e-25,99,"GAGAGCCTC","+"
"17",17,"B75_HB1JEADXX_CGTACG_read29","MuTIR_1",94.737,95,4,1,26,120,1,94,7.72e-40,147,"TATTCCTGA","-"
"27",28,"B75_HB1JEADXX_CGTACG_read45","MuTIR_1",93.846,65,3,1,82,146,1,64,7.88e-25,97.1,"CTGTGCGAG","+"
"29",30,"B75_HB1JEADXX_CGTACG_read47","MuTIR_1",93.846,65,3,1,63,127,1,64,7.88e-25,97.1,"GTTGGCGTT","-"
"30",46,"B75_HB1JEADXX_CGTACG_read85","MuTIR_2",95.833,48,2,0,104,151,1,48,2.85e-19,78.7,"CTTACAAAG","+"
"32",48,"B75_HB1JEADXX_CGTACG_read93","MuTIR_2",85.981,107,15,0,40,146,1,107,2.18e-30,115,"ATTGGATTC","+"
"34",50,"B75_HB1JEADXX_CGTACG_read99","MuTIR_2",93.023,129,9,0,11,139,1,129,1.26e-52,189,"CGGATAGAA","-"
"41",57,"B75_HB1JEADXX_CGTACG_read117","MuTIR_2",91.2,125,11,0,27,151,1,125,4.58e-47,171,"CGGTTCGGG","+"
"43",64,"B75_HB1JEADXX_CGTACG_read127","MuTIR_2",87.395,119,15,0,33,151,1,119,4.64e-37,137,"CACGGACGC","+"
"44",74,"B75_HB1JEADXX_CGTACG_read158","MuTIR_3",93.966,116,5,2,37,151,1,115,3.54e-48,174,"CATATGTAC","+"
"47",77,"B75_HB1JEADXX_CGTACG_read172","MuTIR_3",93.985,133,8,0,7,139,1,133,1.62e-56,202,"AACGACGAT","-"
"49",80,"B75_HB1JEADXX_CGTACG_read175","MuTIR_3",90.217,92,9,0,32,123,1,92,4.68e-32,121,"CCTACAATG","+"
"53",85,"B75_HB1JEADXX_CGTACG_read181","MuTIR_3",93.75,96,6,0,56,151,1,96,2.77e-39,145,"TTTTTACAG","+"
"58",104,"B75_HB1JEADXX_CGTACG_read213","MuTIR_4",90.698,129,12,0,17,145,1,129,3.54e-48,174,"CTCTCTTGC","+"
"59",105,"B75_HB1JEADXX_CGTACG_read215","MuTIR_4",90,80,8,0,72,151,1,80,4.71e-27,104,"GTGCCTGTC","+"
"60",106,"B75_HB1JEADXX_CGTACG_read216","MuTIR_4",93.103,58,4,0,92,149,1,58,1.71e-21,86.1,"GTGCCTGTC","+"
"65",115,"B75_HB1JEADXX_CGTACG_read253","MuTIR_6",95.349,86,4,0,66,151,1,86,4.64e-37,137,"TGCACTATA","+"
"66",116,"B75_HB1JEADXX_CGTACG_read255","MuTIR_6",94.949,99,5,0,46,144,1,99,1.28e-42,156,"TGCACTATG","+"
"68",118,"B75_HB1JEADXX_CGTACG_read261","MuTIR_6",94.595,74,4,0,78,151,1,74,2.18e-30,115,"AGGAGAGGG","+"
"70",120,"B75_HB1JEADXX_CGTACG_read263","MuTIR_6",94.853,136,7,0,16,151,1,136,7.5e-60,213,"AGGAGAGGG","+"
"71",121,"B75_HB1JEADXX_CGTACG_read264","MuTIR_6",96.522,115,4,0,37,151,1,115,3.51e-53,191,"CCGTAGATC","+"
"72",123,"B75_HB1JEADXX_CGTACG_read267","MuTIR_6",93.103,116,8,0,36,151,1,116,4.58e-47,171,"AGGAGAGGG","+"
"73",124,"B75_HB1JEADXX_CGTACG_read268","MuTIR_6",96.25,80,3,0,72,151,1,80,2.16e-35,132,"ATGCAGATG","+"
"79",142,"B75_HB1LCADXX_CGTACG_read2","MuTIR_1",96.078,102,3,1,50,151,1,101,2.13e-45,165,"GTGTTAGGT","+"
"80",143,"B75_HB1LCADXX_CGTACG_read3","MuTIR_1",95.876,97,3,1,55,151,1,96,1.28e-42,156,"GAGGCTCTC","+"
"82",145,"B75_HB1LCADXX_CGTACG_read6","MuTIR_1",100,34,0,0,118,151,1,34,7.99e-15,63.9,"GGCTGGCGG","+"
"87",160,"B75_HB1LCADXX_CGTACG_read36","MuTIR_2",90.741,108,10,0,30,137,1,108,2.77e-39,145,"CCCCACACC","+"
"88",161,"B75_HB1LCADXX_CGTACG_read39","MuTIR_2",90,120,12,0,22,141,1,120,1.28e-42,156,"CCCCACACC","+"
"89",162,"B75_HB1LCADXX_CGTACG_read41","MuTIR_2",91.429,105,9,0,47,151,1,105,2.77e-39,145,"GAGACGAGG","+"
"90",163,"B75_HB1LCADXX_CGTACG_read42","MuTIR_2",92.683,82,6,0,62,143,1,82,1.68e-31,119,"TTCGCGCCC","+"
"92",165,"B75_HB1LCADXX_CGTACG_read44","MuTIR_2",87.778,90,11,0,56,145,1,90,1.31e-27,106,"GCTGGGAAG","+"
"96",171,"B75_HB1LCADXX_CGTACG_read54","MuTIR_2",86.047,129,16,2,24,151,1,128,4.64e-37,137,"TGAACGAAT","+"
"97",172,"B75_HB1LCADXX_CGTACG_read55","MuTIR_2",86.047,129,16,2,18,145,1,128,4.64e-37,137,"CCTCCTTAA","+"
"99",177,"B75_HB1LCADXX_CGTACG_read70","MuTIR_3",91.86,86,7,0,66,151,1,86,4.68e-32,121,"AGTAGAGCA","+"
"101",180,"B75_HB1LCADXX_CGTACG_read73","MuTIR_3",92.063,126,10,0,26,151,1,126,2.74e-49,178,"TTTTTACAG","+"
"103",186,"B75_HB1LCADXX_CGTACG_read84","MuTIR_4",90.123,81,8,0,70,150,1,81,1.31e-27,106,"GCCATTAAG","+"
"104",187,"B75_HB1LCADXX_CGTACG_read88","MuTIR_4",90.741,108,10,0,44,151,1,108,7.72e-40,147,"CTCTCTTGC","+"
"105",189,"B75_HB1LCADXX_CGTACG_read99","MuTIR_5",88.889,117,11,1,27,141,1,117,2.77e-39,145,"ATTGAGCCC","+"
"106",190,"B75_HB1LCADXX_CGTACG_read101","MuTIR_5",86.239,109,13,1,45,151,1,109,6.05e-31,117,"GACGCTCGC","+"
"109",193,"B75_HB1LCADXX_CGTACG_read106","MuTIR_6",94.203,138,8,0,11,148,1,138,2.7e-59,211,"AGGAGAGGG","+"
"111",197,"B75_HLCY2CCXX_L1_read4","MuTIR_1",100,30,0,0,121,150,1,30,1.33e-12,56.5,"CCCACCTTG","+"
"112",198,"B75_HLCY2CCXX_L1_read5","MuTIR_1",95.238,105,4,1,46,150,1,104,2.11e-45,165,"CCCACCTTG","+"
"113",199,"B75_HLCY2CCXX_L1_read6","MuTIR_1",100,32,0,0,118,149,1,32,1.03e-13,60.2,"GCTGGCGAC","+"
"114",200,"B75_HLCY2CCXX_L1_read7","MuTIR_1",96.04,101,3,1,49,149,1,100,7.61e-45,163,"ATCTCTGAG","+"
"116",202,"B75_HLCY2CCXX_L1_read9","MuTIR_1",95.699,93,3,1,58,150,1,92,2.13e-40,148,"GAGAGCCTC","+"
"117",203,"B75_HLCY2CCXX_L1_read10","MuTIR_1",94.737,76,3,1,75,150,1,75,6.01e-31,117,"TATTTGAAG","+"
"118",204,"B75_HLCY2CCXX_L1_read12","MuTIR_1",96.512,86,2,1,62,147,1,85,3.56e-38,141,"CTTCAAATA","+"
"119",205,"B75_HLCY2CCXX_L1_read14","MuTIR_1",95.789,95,3,1,32,126,1,94,1.65e-41,152,"CAAGGTGGG","+"
"120",206,"B75_HLCY2CCXX_L1_read15","MuTIR_1",96.939,98,2,1,53,150,1,97,7.61e-45,163,"GTGTTAGGT","+"
"122",208,"B75_HLCY2CCXX_L1_read19","MuTIR_1",96.939,98,2,1,53,150,1,97,7.61e-45,163,"GTGTTAGGT","+"
"123",209,"B75_HLCY2CCXX_L1_read20","MuTIR_1",100,43,0,0,87,129,1,43,7.88e-20,80.5,"GCTGCGCTC","+"
"124",210,"B75_HLCY2CCXX_L1_read21","MuTIR_1",95.726,117,4,1,34,150,1,116,4.51e-52,187,"GTTTTTATT","+"
"125",211,"B75_HLCY2CCXX_L1_read22","MuTIR_1",100,43,0,0,87,129,1,43,7.88e-20,80.5,"GCTGCGCTC","+"
"126",212,"B75_HLCY2CCXX_L1_read24","MuTIR_1",100,43,0,0,87,129,1,43,7.88e-20,80.5,"GCTGCGCTC","+"
"127",213,"B75_HLCY2CCXX_L1_read26","MuTIR_1",96.471,85,2,1,66,150,1,84,1.28e-37,139,"GAATACAAC","+"
"128",214,"B75_HLCY2CCXX_L1_read27","MuTIR_1",96.212,132,4,1,19,150,1,131,2.07e-60,215,"AGATTTGAT","+"
"129",215,"B75_HLCY2CCXX_L1_read29","MuTIR_1",95.455,44,2,0,107,150,1,44,4.74e-17,71.3,"GCTGGCGAC","+"
"130",216,"B75_HLCY2CCXX_L1_read33","MuTIR_1",94.118,68,3,1,83,150,1,67,1.68e-26,102,"CCCACCTTG","+"
"131",217,"B75_HLCY2CCXX_L1_read35","MuTIR_1",97.619,84,1,1,67,150,1,83,9.91e-39,143,"ATCTCTGAG","+"
"132",218,"B75_HLCY2CCXX_L1_read36","MuTIR_1",91.919,99,7,1,52,150,1,98,4.61e-37,137,"ATTGAAAGG","+"
"133",219,"B75_HLCY2CCXX_L1_read37","MuTIR_1",100,32,0,0,116,147,1,32,1.03e-13,60.2,"GAATACAAC","+"
"142",228,"B75_HLCY2CCXX_L1_read50","MuTIR_1",100,43,0,0,18,60,1,43,7.88e-20,80.5,"GCCCGCCCA","-"
"154",240,"B75_HLCY2CCXX_L1_read78","MuTIR_1",94.737,95,4,1,29,123,1,94,7.66e-40,147,"TCTTCCTGA","-"
"158",244,"B75_HLCY2CCXX_L1_read84","MuTIR_1",100,43,0,0,54,96,1,43,7.88e-20,80.5,"GCCCGCCCA","-"
"161",253,"B75_HLCY2CCXX_L1_read100","MuTIR_1",93.421,76,4,1,74,149,1,75,2.79e-29,111,"CTTTGGATG","+"
"162",254,"B75_HLCY2CCXX_L1_read101","MuTIR_1",93.846,65,3,1,62,126,1,64,7.82e-25,97.1,"CTGTGCGAG","+"
"164",293,"B75_HLCY2CCXX_L1_read192","MuTIR_2",95.775,71,3,0,80,150,1,71,2.16e-30,115,"TGCCGCCGC","+"
"165",294,"B75_HLCY2CCXX_L1_read193","MuTIR_2",93.243,74,5,0,77,150,1,74,1.01e-28,110,"ACTGATAGA","+"
"166",295,"B75_HLCY2CCXX_L1_read194","MuTIR_2",91.463,82,7,0,61,142,1,82,7.77e-30,113,"CTACTCGGT","+"
"168",297,"B75_HLCY2CCXX_L1_read196","MuTIR_2",96.341,82,2,1,70,150,1,82,5.96e-36,134,"TTCCTCGCC","+"
"169",298,"B75_HLCY2CCXX_L1_read197","MuTIR_2",91.176,102,7,2,50,150,1,101,4.61e-37,137,"ACTGATAGA","+"
"170",299,"B75_HLCY2CCXX_L1_read198","MuTIR_2",92.5,120,7,2,32,150,1,119,4.55e-47,171,"TGCCGCCGC","+"
"171",300,"B75_HLCY2CCXX_L1_read201","MuTIR_2",91.892,111,9,0,39,149,1,111,1.27e-42,156,"TGCAATGAT","+"
"172",301,"B75_HLCY2CCXX_L1_read202","MuTIR_2",91.176,102,9,0,49,150,1,102,1.28e-37,139,"TCCAACGAG","+"
"173",302,"B75_HLCY2CCXX_L1_read203","MuTIR_2",90.071,141,14,0,10,150,1,141,5.84e-51,183,"ATTCGTTCC","+"
"174",303,"B75_HLCY2CCXX_L1_read204","MuTIR_2",92.683,82,6,0,61,142,1,82,1.67e-31,119,"CTACTCGGT","+"
"175",304,"B75_HLCY2CCXX_L1_read206","MuTIR_2",94.186,86,5,0,65,150,1,86,2.15e-35,132,"TGCCGCCGC","+"
"177",306,"B75_HLCY2CCXX_L1_read208","MuTIR_2",95.775,71,3,0,80,150,1,71,2.16e-30,115,"TGCCGCCGC","+"
"178",307,"B75_HLCY2CCXX_L1_read209","MuTIR_2",95.556,90,4,0,60,149,1,90,2.76e-39,145,"CCCTGGCGC","+"
"179",308,"B75_HLCY2CCXX_L1_read210","MuTIR_2",93.913,115,7,0,36,150,1,115,3.51e-48,174,"CTTACAAAG","+"
"180",309,"B75_HLCY2CCXX_L1_read211","MuTIR_2",91.176,102,7,2,50,150,1,101,4.61e-37,137,"ACTGATAGA","+"
"181",310,"B75_HLCY2CCXX_L1_read212","MuTIR_2",95.946,74,3,0,77,150,1,74,4.64e-32,121,"CTTACAAAG","+"
"182",311,"B75_HLCY2CCXX_L1_read213","MuTIR_2",95.238,63,3,0,88,150,1,63,6.05e-26,100,"TGCCGCCGC","+"
"183",312,"B75_HLCY2CCXX_L1_read214","MuTIR_2",92.683,82,6,0,61,142,1,82,1.67e-31,119,"CTACTCGGT","+"
"184",313,"B75_HLCY2CCXX_L1_read215","MuTIR_2",95.238,63,3,0,88,150,1,63,6.05e-26,100,"TGCCGCCGC","+"
"185",314,"B75_HLCY2CCXX_L1_read218","MuTIR_2",94.69,113,6,0,38,150,1,113,9.77e-49,176,"GCGCCAGGG","+"
"186",315,"B75_HLCY2CCXX_L1_read219","MuTIR_2",95.238,63,3,0,88,150,1,63,6.05e-26,100,"CCCTGGCGC","+"
"214",360,"B75_HLCY2CCXX_L1_read298","MuTIR_2",87.963,108,11,2,38,144,1,107,9.98e-34,126,"GGAACGAAT","+"
"215",361,"B75_HLCY2CCXX_L1_read300","MuTIR_2",88.235,68,6,2,82,148,1,67,7.88e-20,80.5,"CCTCCTTAA","+"
"216",365,"B75_HLCY2CCXX_L1_read310","MuTIR_2",88.281,128,15,0,14,141,1,128,4.58e-42,154,"TCCTTGGAC","+"
"217",366,"B75_HLCY2CCXX_L1_read311","MuTIR_2",88.281,128,15,0,10,137,1,128,4.58e-42,154,"CAGTAGTGA","-"
"218",368,"B75_HLCY2CCXX_L1_read335","MuTIR_3",94.545,110,6,0,41,150,1,110,4.55e-47,171,"GAACCTAGA","+"
"219",369,"B75_HLCY2CCXX_L1_read336","MuTIR_3",97.872,47,1,0,102,148,1,47,2.19e-20,82.4,"CCGTTTTTT","+"
"220",370,"B75_HLCY2CCXX_L1_read337","MuTIR_3",93.548,93,6,0,58,150,1,93,1.28e-37,139,"AAAACATTC","+"
"221",371,"B75_HLCY2CCXX_L1_read343","MuTIR_3",93.284,134,9,0,14,147,1,134,2.09e-55,198,"GGCCCCCAC","+"
"222",372,"B75_HLCY2CCXX_L1_read344","MuTIR_3",93.443,122,8,0,28,149,1,122,2.1e-50,182,"TCCTACAGG","+"
"232",382,"B75_HLCY2CCXX_L1_read372","MuTIR_3",95.726,117,5,0,33,149,1,117,1.25e-52,189,"GGCGGTGGG","+"
"233",383,"B75_HLCY2CCXX_L1_read373","MuTIR_3",95.455,110,5,0,41,150,1,110,9.77e-49,176,"ACTGACGGG","+"
"234",384,"B75_HLCY2CCXX_L1_read375","MuTIR_3",95.69,116,5,0,35,150,1,116,4.51e-52,187,"ACTGACGGG","+"
"235",385,"B75_HLCY2CCXX_L1_read376","MuTIR_3",95.294,85,4,0,66,150,1,85,1.66e-36,135,"GGCGGTGGG","+"
"236",386,"B75_HLCY2CCXX_L1_read377","MuTIR_3",92.481,133,10,0,10,142,1,133,3.49e-53,191,"GTTCTGTAC","+"
"237",387,"B75_HLCY2CCXX_L1_read378","MuTIR_3",93.985,133,8,0,18,150,1,133,1.61e-56,202,"ACTGACGGG","+"
"240",390,"B75_HLCY2CCXX_L1_read383","MuTIR_3",95.726,117,5,0,25,141,1,117,1.25e-52,189,"TATTCTATT","-"
"243",393,"B75_HLCY2CCXX_L1_read388","MuTIR_3",95.745,47,2,0,102,148,1,47,1.02e-18,76.8,"CCGTTTTTT","+"
"244",396,"B75_HLCY2CCXX_L1_read400","MuTIR_3",92.958,71,5,0,79,149,1,71,4.68e-27,104,"CCCGTCCCC","+"
"245",397,"B75_HLCY2CCXX_L1_read401","MuTIR_3",93.407,91,6,0,60,150,1,91,1.66e-36,135,"GACCTCAAA","+"
"246",400,"B75_HLCY2CCXX_L1_read404","MuTIR_3",94.175,103,6,0,48,150,1,103,3.54e-43,158,"GACCTCAAA","+"
"247",401,"B75_HLCY2CCXX_L1_read405","MuTIR_3",89.344,122,12,1,27,147,1,122,1.65e-41,152,"TCTTGCGGC","+"
"248",402,"B75_HLCY2CCXX_L1_read406","MuTIR_3",94.667,75,4,0,67,141,1,75,6.01e-31,117,"CTCCTCATC","+"
"249",403,"B75_HLCY2CCXX_L1_read407","MuTIR_3",92.793,111,8,0,38,148,1,111,2.74e-44,161,"CTGCACTGG","+"
"256",440,"B75_HLCY2CCXX_L1_read486","MuTIR_4",90.09,111,11,0,25,135,1,111,7.66e-40,147,"CTCTCTTGC","+"
"257",441,"B75_HLCY2CCXX_L1_read492","MuTIR_4",90.909,66,6,0,85,150,1,66,1.31e-22,89.8,"GTGCCTGTC","+"
"258",442,"B75_HLCY2CCXX_L1_read494","MuTIR_4",90.769,65,6,0,86,150,1,65,4.71e-22,87.9,"GTGCCTGTC","+"
"259",443,"B75_HLCY2CCXX_L1_read497","MuTIR_4",90.909,66,6,0,85,150,1,66,1.31e-22,89.8,"GTGCCTGTC","+"
"265",453,"B75_HLCY2CCXX_L1_read530","MuTIR_4",91.026,78,7,0,73,150,1,78,1.3e-27,106,"CGGCAGGTG","+"
"266",454,"B75_HLCY2CCXX_L1_read531","MuTIR_4",90.361,83,8,0,68,150,1,83,1.01e-28,110,"CTCTAAAAG","+"
"267",455,"B75_HLCY2CCXX_L1_read532","MuTIR_4",88.571,140,16,0,11,150,1,140,1.26e-47,172,"GACTTTAGC","+"
"268",456,"B75_HLCY2CCXX_L1_read533","MuTIR_4",88.571,140,16,0,11,150,1,140,1.26e-47,172,"GACTTTAGC","+"
"273",467,"B75_HLCY2CCXX_L1_read559","MuTIR_5",86.239,109,13,1,44,150,1,109,6.01e-31,117,"GACGCTCGC","+"
"274",468,"B75_HLCY2CCXX_L1_read560","MuTIR_5",92.982,57,2,1,96,150,1,57,2.19e-20,82.4,"CGAGACGGC","+"
"275",469,"B75_HLCY2CCXX_L1_read562","MuTIR_5",92.708,96,5,1,54,147,1,96,1.28e-37,139,"GCTGCAGGA","+"
"276",470,"B75_HLCY2CCXX_L1_read564","MuTIR_5",89.744,117,10,1,27,141,1,117,5.92e-41,150,"ATTGAGCCC","+"
"277",471,"B75_HLCY2CCXX_L1_read568","MuTIR_5",87.234,94,10,1,57,148,1,94,1.3e-27,106,"GACGCTCGC","+"
"278",472,"B75_HLCY2CCXX_L1_read570","MuTIR_5",95.918,49,2,0,85,133,1,49,7.88e-20,80.5,"GACGCTCGC","+"
"280",474,"B75_HLCY2CCXX_L1_read576","MuTIR_5",95.918,49,2,0,80,128,1,49,7.88e-20,80.5,"AGACCTAGA","-"
"281",479,"B75_HLCY2CCXX_L1_read601","MuTIR_6",96.774,62,2,0,89,150,1,62,4.68e-27,104,"TGCACTATA","+"
"282",480,"B75_HLCY2CCXX_L1_read602","MuTIR_6",95.192,104,5,0,47,150,1,104,2.11e-45,165,"TGCACTACA","+"
"286",485,"B75_HLCY2CCXX_L1_read629","MuTIR_6",96.552,116,4,0,34,149,1,116,9.7e-54,193,"CCGTAGATC","+"
"287",486,"B75_HLCY2CCXX_L1_read631","MuTIR_6",94.937,79,4,0,72,150,1,79,3.59e-33,124,"AGGAGAGGG","+"
