"","X","qname","sname","percent_identity","alignment_length","mismatches","gap_opens","q_start","q_end","s_start","s_end","evalue","bit_score","tsds","strand"
"1",1,"CI31A_HLC27CCXX_L5_read2","MuTIR_1",94.643,112,4,2,35,146,1,110,1.26e-47,172,"ACCTAACAC","+"
"2",2,"CI31A_HLC27CCXX_L5_read4","MuTIR_1",97.059,34,0,1,118,150,1,34,1.33e-12,56.5,"GCCGTGCGA","+"
"3",3,"CI31A_HLC27CCXX_L5_read6","MuTIR_1",97.674,43,1,0,108,150,1,43,3.67e-18,75,"CAAGGTGGG","+"
"4",4,"CI31A_HLC27CCXX_L5_read7","MuTIR_1",95.122,41,2,0,110,150,1,41,2.21e-15,65.8,"GCTGGCGAC","+"
"5",5,"CI31A_HLC27CCXX_L5_read8","MuTIR_1",95.05,101,4,1,47,147,1,100,3.54e-43,158,"CCGCACTCC","+"
"6",6,"CI31A_HLC27CCXX_L5_read9","MuTIR_1",96.512,86,2,1,63,148,1,85,3.56e-38,141,"GTCGCCAGC","+"
"7",7,"CI31A_HLC27CCXX_L5_read14","MuTIR_1",92.632,95,6,1,18,112,1,94,1.66e-36,135,"CAAGGTGGG","+"
"8",8,"CI31A_HLC27CCXX_L5_read16","MuTIR_1",92.647,136,9,1,15,150,1,135,2.7e-54,195,"CTCTCTTTC","+"
"9",9,"CI31A_HLC27CCXX_L5_read17","MuTIR_1",95,60,2,1,91,150,1,59,1.01e-23,93.5,"GCTGGCGAC","+"
"11",11,"CI31A_HLC27CCXX_L5_read22","MuTIR_1",100,32,0,0,118,149,1,32,1.03e-13,60.2,"CCCACCTTG","+"
"12",12,"CI31A_HLC27CCXX_L5_read24","MuTIR_1",94.737,95,4,1,47,141,1,94,7.66e-40,147,"GCTGGCGAC","+"
"13",13,"CI31A_HLC27CCXX_L5_read25","MuTIR_1",94.059,101,5,1,50,150,1,100,1.65e-41,152,"GGCCCCTGG","+"
"14",14,"CI31A_HLC27CCXX_L5_read27","MuTIR_1",95.833,48,2,0,103,150,1,48,2.83e-19,78.7,"GCCGTGCGA","+"
"15",15,"CI31A_HLC27CCXX_L5_read29","MuTIR_1",94.118,102,5,1,49,150,1,101,4.58e-42,154,"TTCGGCAGG","+"
"16",16,"CI31A_HLC27CCXX_L5_read32","MuTIR_1",94.737,95,4,1,23,117,1,94,7.66e-40,147,"GCTGGCGAC","+"
"17",17,"CI31A_HLC27CCXX_L5_read33","MuTIR_1",94.643,112,4,2,35,146,1,110,1.26e-47,172,"ACCTAACAC","+"
"18",18,"CI31A_HLC27CCXX_L5_read36","MuTIR_1",88.333,120,13,1,30,149,1,119,9.91e-39,143,"CTCGCACAG","+"
"19",19,"CI31A_HLC27CCXX_L5_read38","MuTIR_1",95.575,113,4,1,38,150,1,112,7.55e-50,180,"GCCGTGCGA","+"
"20",20,"CI31A_HLC27CCXX_L5_read39","MuTIR_1",94.118,119,6,1,32,150,1,118,7.55e-50,180,"GAAAGAGAG","+"
"21",21,"CI31A_HLC27CCXX_L5_read40","MuTIR_1",91.525,59,4,1,92,150,1,58,7.88e-20,80.5,"GACCTACCC","+"
"23",23,"CI31A_HLC27CCXX_L5_read42","MuTIR_1",95.789,95,3,1,18,112,1,94,1.65e-41,152,"CAAGGTGGG","+"
"24",24,"CI31A_HLC27CCXX_L5_read43","MuTIR_1",94.34,106,5,1,43,148,1,105,2.74e-44,161,"TTCGGCAGG","+"
"29",29,"CI31A_HLC27CCXX_L5_read52","MuTIR_1",94.737,95,4,1,39,133,1,94,7.66e-40,147,"TCTTCCTGA","-"
"32",32,"CI31A_HLC27CCXX_L5_read60","MuTIR_1",92.632,95,6,1,37,131,1,94,1.66e-36,135,"TATTCCTGG","-"
"33",33,"CI31A_HLC27CCXX_L5_read61","MuTIR_1",92.632,95,6,1,37,131,1,94,1.66e-36,135,"TATTCCTGG","-"
"35",35,"CI31A_HLC27CCXX_L5_read65","MuTIR_1",92.632,95,6,1,33,127,1,94,1.66e-36,135,"TATTCCTGG","-"
"40",40,"CI31A_HLC27CCXX_L5_read72","MuTIR_1",94.737,95,4,1,20,114,1,94,7.66e-40,147,"TCTTCCTGA","-"
"46",48,"CI31A_HLC27CCXX_L5_read90","MuTIR_1",95.789,95,3,1,27,121,1,94,1.65e-41,152,"TCTTCCTAA","-"
"47",69,"CI31A_HLC27CCXX_L5_read158","MuTIR_2",93.827,81,5,0,70,150,1,81,1.29e-32,122,"TGCAATGAT","+"
"48",70,"CI31A_HLC27CCXX_L5_read159","MuTIR_2",93.798,129,8,0,17,145,1,129,2.7e-54,195,"TTCCTCGCC","+"
"49",71,"CI31A_HLC27CCXX_L5_read160","MuTIR_2",89.796,98,10,0,53,150,1,98,9.98e-34,126,"CTACTCGGT","+"
"50",72,"CI31A_HLC27CCXX_L5_read162","MuTIR_2",87.85,107,13,0,44,150,1,107,9.98e-34,126,"GCTGGGAAG","+"
"51",73,"CI31A_HLC27CCXX_L5_read165","MuTIR_2",95.714,70,3,0,81,150,1,70,7.77e-30,113,"TGCCGCCGC","+"
"52",74,"CI31A_HLC27CCXX_L5_read166","MuTIR_2",87.097,93,12,0,55,147,1,93,1.3e-27,106,"GGAGAAGTG","+"
"53",75,"CI31A_HLC27CCXX_L5_read167","MuTIR_2",87.097,93,12,0,55,147,1,93,1.3e-27,106,"GGAGAAGTG","+"
"54",76,"CI31A_HLC27CCXX_L5_read170","MuTIR_2",96.591,88,3,0,59,146,1,88,7.66e-40,147,"TTCCTCGCC","+"
"55",77,"CI31A_HLC27CCXX_L5_read171","MuTIR_2",91.304,92,8,0,59,150,1,92,9.98e-34,126,"TTCTGCCTC","+"
"56",78,"CI31A_HLC27CCXX_L5_read172","MuTIR_2",94.048,84,5,0,56,139,1,84,2.77e-34,128,"TGCCGCCGC","+"
"57",79,"CI31A_HLC27CCXX_L5_read173","MuTIR_2",91.954,87,7,0,61,147,1,87,1.29e-32,122,"ACTGATAGA","+"
"58",80,"CI31A_HLC27CCXX_L5_read174","MuTIR_2",92.683,82,5,1,70,150,1,82,6.01e-31,117,"CACAGCATC","+"
"59",81,"CI31A_HLC27CCXX_L5_read175","MuTIR_2",91.453,117,10,0,28,144,1,117,2.74e-44,161,"TGCAATGAT","+"
"60",82,"CI31A_HLC27CCXX_L5_read176","MuTIR_2",93.333,90,6,0,57,146,1,90,5.96e-36,134,"TGCAATGAT","+"
"61",83,"CI31A_HLC27CCXX_L5_read177","MuTIR_2",89.844,128,13,0,13,140,1,128,2.11e-45,165,"TCCAACGAG","+"
"62",84,"CI31A_HLC27CCXX_L5_read179","MuTIR_2",97.059,68,2,0,62,129,1,68,2.16e-30,115,"GGCCGGGCG","+"
"63",85,"CI31A_HLC27CCXX_L5_read181","MuTIR_2",85.294,136,20,0,15,150,1,136,3.56e-38,141,"CTGTCAGAG","+"
"64",86,"CI31A_HLC27CCXX_L5_read182","MuTIR_2",89.247,93,10,0,58,150,1,93,6.01e-31,117,"CTGTCAGAG","+"
"65",87,"CI31A_HLC27CCXX_L5_read184","MuTIR_2",92.135,89,7,0,62,150,1,89,9.98e-34,126,"GAGACGAGG","+"
"66",88,"CI31A_HLC27CCXX_L5_read185","MuTIR_2",93.75,64,4,0,87,150,1,64,7.82e-25,97.1,"ATTCGTTCC","+"
"67",89,"CI31A_HLC27CCXX_L5_read186","MuTIR_2",91.339,127,11,0,24,150,1,127,3.51e-48,174,"TTCTGCCTC","+"
"68",90,"CI31A_HLC27CCXX_L5_read187","MuTIR_2",91.509,106,9,0,45,150,1,106,7.66e-40,147,"TCCAACGAG","+"
"70",92,"CI31A_HLC27CCXX_L5_read189","MuTIR_2",96,75,3,0,76,150,1,75,1.29e-32,122,"TGCCGCCGC","+"
"71",93,"CI31A_HLC27CCXX_L5_read190","MuTIR_2",94.828,58,3,0,93,150,1,58,3.64e-23,91.6,"TTCTGCCTC","+"
"72",94,"CI31A_HLC27CCXX_L5_read191","MuTIR_2",91.954,87,7,0,61,147,1,87,1.29e-32,122,"ACTGATAGA","+"
"73",95,"CI31A_HLC27CCXX_L5_read192","MuTIR_2",92.969,128,9,0,17,144,1,128,4.51e-52,187,"CATTCTCAA","+"
"74",96,"CI31A_HLC27CCXX_L5_read193","MuTIR_2",96,75,3,0,76,150,1,75,1.29e-32,122,"TGCCGCCGC","+"
"75",97,"CI31A_HLC27CCXX_L5_read195","MuTIR_2",88.66,97,11,0,54,150,1,97,1.67e-31,119,"CTGTCAGAG","+"
"90",112,"CI31A_HLC27CCXX_L5_read218","MuTIR_2",97.059,68,2,0,35,102,1,68,2.16e-30,115,"TGAAAGGGA","-"
"106",128,"CI31A_HLC27CCXX_L5_read246","MuTIR_2",89.844,128,13,0,12,139,1,128,2.11e-45,165,"CCCCGAGCC","+"
"107",130,"CI31A_HLC27CCXX_L5_read250","MuTIR_2",89.844,128,13,0,11,138,1,128,2.11e-45,165,"CAGTAGTGA","-"
"109",139,"CI31A_HLC27CCXX_L5_read270","MuTIR_2",84.874,119,15,1,34,149,1,119,6.01e-31,117,"CTCGTTGGA","+"
"112",153,"CI31A_HLC27CCXX_L5_read297","MuTIR_2",88.889,90,10,0,57,146,1,90,2.79e-29,111,"TCCTTGGAC","+"
"113",156,"CI31A_HLC27CCXX_L5_read318","MuTIR_3",92.308,117,9,0,34,150,1,117,5.88e-46,167,"GAATGTTTG","+"
"115",158,"CI31A_HLC27CCXX_L5_read320","MuTIR_3",94.828,116,6,0,33,148,1,116,2.1e-50,182,"CTAGTAGCA","+"
"116",159,"CI31A_HLC27CCXX_L5_read323","MuTIR_3",94.872,117,6,0,33,149,1,117,5.84e-51,183,"GAACCTAGA","+"
"117",160,"CI31A_HLC27CCXX_L5_read326","MuTIR_3",91.667,108,9,0,40,147,1,108,5.92e-41,150,"TCTAGGTTC","+"
"124",168,"CI31A_HLC27CCXX_L5_read349","MuTIR_3",90.722,97,9,0,52,148,1,97,7.71e-35,130,"AGGGGTCGC","+"
"125",169,"CI31A_HLC27CCXX_L5_read351","MuTIR_3",91.86,86,7,0,65,150,1,86,4.64e-32,121,"TTCCTCAAC","+"
"126",170,"CI31A_HLC27CCXX_L5_read352","MuTIR_3",91.86,86,7,0,65,150,1,86,4.64e-32,121,"TTCCTCAAC","+"
"127",171,"CI31A_HLC27CCXX_L5_read353","MuTIR_3",88.506,87,10,0,64,150,1,87,1.3e-27,106,"CCTCTAGAG","+"
"128",172,"CI31A_HLC27CCXX_L5_read357","MuTIR_3",91.538,130,11,0,18,147,1,130,7.55e-50,180,"ACTGCAGTA","+"
"138",186,"CI31A_HLC27CCXX_L5_read384","MuTIR_3",91.358,81,7,0,68,148,1,81,2.79e-29,111,"CCCGTCCCC","+"
"139",187,"CI31A_HLC27CCXX_L5_read385","MuTIR_3",91.509,106,9,0,45,150,1,106,7.66e-40,147,"GCCTCCAGA","+"
"140",188,"CI31A_HLC27CCXX_L5_read386","MuTIR_3",91.429,105,9,0,46,150,1,105,2.76e-39,145,"CCCGTCCCC","+"
"147",222,"CI31A_HLC27CCXX_L5_read467","MuTIR_4",98.214,56,1,0,86,141,1,56,2.18e-25,99,"CTCGACATA","+"
"148",223,"CI31A_HLC27CCXX_L5_read468","MuTIR_4",94,50,3,0,101,150,1,50,1.02e-18,76.8,"GCTGTCGAC","+"
"149",224,"CI31A_HLC27CCXX_L5_read473","MuTIR_4",94,50,3,0,101,150,1,50,1.02e-18,76.8,"GCTGTCGAC","+"
"155",230,"CI31A_HLC27CCXX_L5_read508","MuTIR_4",88.182,110,13,0,41,150,1,110,5.96e-36,134,"GTCGACAGC","+"
"156",231,"CI31A_HLC27CCXX_L5_read511","MuTIR_4",88.182,110,13,0,41,150,1,110,5.96e-36,134,"GTCGACAGC","+"
"159",242,"CI31A_HLC27CCXX_L5_read554","MuTIR_5",88.636,132,13,1,21,150,1,132,2.74e-44,161,"ATTGAGCCC","+"
"162",245,"CI31A_HLC27CCXX_L5_read561","MuTIR_5",93.22,59,2,1,94,150,1,59,1.69e-21,86.1,"CGAGACGGC","+"
"169",252,"CI31A_HLC27CCXX_L5_read585","MuTIR_5",83.019,106,16,1,17,120,1,106,7.82e-25,97.1,"CACGATGAA","-"
"170",253,"CI31A_HLC27CCXX_L5_read597","MuTIR_6",96.825,63,2,0,88,150,1,63,1.3e-27,106,"TGCACTATG","+"
"171",254,"CI31A_HLC27CCXX_L5_read601","MuTIR_6",96.296,81,3,0,70,150,1,81,5.96e-36,134,"TGCACTACG","+"
"173",256,"CI31A_HLC27CCXX_L5_read605","MuTIR_6",95.506,89,4,0,62,150,1,89,9.91e-39,143,"TGCACTATG","+"
"181",266,"CI31A_HLC27CCXX_L5_read633","MuTIR_6",94.805,77,4,0,74,150,1,77,4.64e-32,121,"AGGAGAGGG","+"
"182",268,"CI31A_HLC27CCXX_L5_read637","MuTIR_6",94.776,134,7,0,17,150,1,134,9.63e-59,209,"AGGAGAGGG","+"
"183",269,"CI31A_HLC27CCXX_L5_read639","MuTIR_6",96.341,82,3,0,69,150,1,82,1.66e-36,135,"GCCACCATA","+"
"184",270,"CI31A_HLC27CCXX_L5_read642","MuTIR_6",94.776,134,7,0,17,150,1,134,9.63e-59,209,"AGGAGAGGG","+"
"185",271,"CI31A_HLC27CCXX_L5_read643","MuTIR_6",95.745,94,4,0,52,145,1,94,1.65e-41,152,"GCCACCATA","+"
"186",272,"CI31A_HLC27CCXX_L5_read645","MuTIR_6",95.745,94,4,0,52,145,1,94,1.65e-41,152,"GCCACCATA","+"
"198",303,"CI31A_H174ABGXX_GAGTGG_read1","MuTIR_1",89.831,59,5,1,80,138,1,58,3.69e-18,75,"TACATACCC","+"
"199",304,"CI31A_H174ABGXX_GAGTGG_read2","MuTIR_1",93.182,88,5,1,64,151,1,87,2.79e-34,128,"GAAAGAGAG","+"
"200",305,"CI31A_H174ABGXX_GAGTGG_read3","MuTIR_1",95.789,95,3,1,12,106,1,94,1.66e-41,152,"CAAGGTGGG","+"
"201",306,"CI31A_H174ABGXX_GAGTGG_read5","MuTIR_1",93.684,95,5,1,12,106,1,94,3.59e-38,141,"CAAGGTGGG","+"
"202",307,"CI31A_H174ABGXX_GAGTGG_read8","MuTIR_1",87.097,124,9,2,28,151,1,117,6.01e-36,134,"TACCTACAC","+"
"203",308,"CI31A_H174ABGXX_GAGTGG_read10","MuTIR_1",95.652,69,2,1,79,147,1,68,1.01e-28,110,"CTCTCTTTC","+"
"204",309,"CI31A_H174ABGXX_GAGTGG_read11","MuTIR_1",91.398,93,7,1,59,151,1,92,1.01e-33,126,"CTCGCACAG","+"
"205",310,"CI31A_H174ABGXX_GAGTGG_read16","MuTIR_1",95.833,48,2,0,102,149,1,48,2.85e-19,78.7,"GCTGGCGAC","+"
"206",311,"CI31A_H174ABGXX_GAGTGG_read17","MuTIR_1",92.632,95,6,1,13,107,1,94,1.67e-36,135,"TCGCACGGC","+"
"207",312,"CI31A_H174ABGXX_GAGTGG_read18","MuTIR_1",95.789,95,3,1,14,108,1,94,1.66e-41,152,"CAAGGTGGG","+"
"213",318,"CI31A_H174ABGXX_GAGTGG_read32","MuTIR_1",92.632,95,6,1,6,100,1,94,1.67e-36,135,"TATTCCTGG","-"
"215",320,"CI31A_H174ABGXX_GAGTGG_read40","MuTIR_1",95.775,71,2,1,63,133,1,70,7.83e-30,113,"CTGTGCGAG","+"
"218",338,"CI31A_H174ABGXX_GAGTGG_read99","MuTIR_2",91.379,116,10,0,36,151,1,116,9.91e-44,159,"TGCAATGAT","+"
"219",339,"CI31A_H174ABGXX_GAGTGG_read100","MuTIR_2",91.837,98,8,0,54,151,1,98,4.64e-37,137,"CACAGCATC","+"
"220",340,"CI31A_H174ABGXX_GAGTGG_read101","MuTIR_2",92.208,77,6,0,75,151,1,77,1.01e-28,110,"AGTTTTAGG","+"
"221",341,"CI31A_H174ABGXX_GAGTGG_read102","MuTIR_2",95.455,88,4,0,55,142,1,88,3.59e-38,141,"TTCCTCGCC","+"
"222",342,"CI31A_H174ABGXX_GAGTGG_read103","MuTIR_2",91.935,124,10,0,28,151,1,124,3.54e-48,174,"TTCCTCGCC","+"
"223",343,"CI31A_H174ABGXX_GAGTGG_read104","MuTIR_2",97.059,68,2,0,28,95,1,68,2.18e-30,115,"GGCCGGGCG","+"
"224",344,"CI31A_H174ABGXX_GAGTGG_read105","MuTIR_2",93.651,63,4,0,88,150,1,63,2.83e-24,95.3,"CATTGTAGG","+"
"225",345,"CI31A_H174ABGXX_GAGTGG_read109","MuTIR_2",91.406,128,11,0,16,143,1,128,9.84e-49,176,"CTCGTCAGC","+"
"227",347,"CI31A_H174ABGXX_GAGTGG_read111","MuTIR_2",86.792,106,14,0,46,151,1,106,1.68e-31,119,"CTACTCGGT","+"
"228",348,"CI31A_H174ABGXX_GAGTGG_read114","MuTIR_2",90.769,130,10,2,23,151,1,129,1.27e-47,172,"AGCCGCCGC","+"
"229",349,"CI31A_H174ABGXX_GAGTGG_read116","MuTIR_2",87.85,107,13,0,34,140,1,107,1.01e-33,126,"CTGTCAGAG","+"
"230",350,"CI31A_H174ABGXX_GAGTGG_read117","MuTIR_2",97.368,38,1,0,114,151,1,38,2.22e-15,65.8,"TTCCTCGCC","+"
"231",351,"CI31A_H174ABGXX_GAGTGG_read118","MuTIR_2",88.393,112,13,0,40,151,1,112,1.67e-36,135,"GAGGCAGAA","+"
"240",360,"CI31A_H174ABGXX_GAGTGG_read131","MuTIR_2",91.406,128,11,0,15,142,1,128,9.84e-49,176,"CAGTAGTGA","-"
"244",366,"CI31A_H174ABGXX_GAGTGG_read148","MuTIR_2",90.698,129,12,0,21,149,1,129,1.27e-47,172,"GAGACGAGG","+"
"245",369,"CI31A_H174ABGXX_GAGTGG_read157","MuTIR_2",87.963,108,11,2,39,145,1,107,1.01e-33,126,"GGAACGAAT","+"
"249",374,"CI31A_H174ABGXX_GAGTGG_read169","MuTIR_2",88.06,67,8,0,58,124,1,67,7.94e-20,80.5,"TCCTTGGAC","+"
"254",381,"CI31A_H174ABGXX_GAGTGG_read195","MuTIR_3",92.523,107,8,0,45,151,1,107,4.61e-42,154,"GTTCTGTAC","+"
"255",382,"CI31A_H174ABGXX_GAGTGG_read197","MuTIR_3",92.708,96,7,0,56,151,1,96,1.29e-37,139,"TTCCTCAAC","+"
"256",383,"CI31A_H174ABGXX_GAGTGG_read198","MuTIR_3",89.535,86,9,0,66,151,1,86,1.01e-28,110,"CCTACAATG","+"
"264",392,"CI31A_H174ABGXX_GAGTGG_read211","MuTIR_3",90.769,65,6,0,55,119,1,65,4.74e-22,87.9,"CCGTTTTTT","+"
"266",395,"CI31A_H174ABGXX_GAGTGG_read218","MuTIR_3",88.55,131,15,0,16,146,1,131,9.91e-44,159,"GGGACGGGG","+"
"270",403,"CI31A_H174ABGXX_GAGTGG_read232","MuTIR_3",84.921,126,17,2,22,146,1,125,1.01e-33,126,"GCAGGCTAG","+"
"272",414,"CI31A_H174ABGXX_GAGTGG_read250","MuTIR_4",97.222,36,1,0,116,151,1,36,2.87e-14,62.1,"GCTGTCGAC","+"
"273",415,"CI31A_H174ABGXX_GAGTGG_read251","MuTIR_4",93.182,88,6,0,64,151,1,88,7.77e-35,130,"CTCTCTTGC","+"
"275",417,"CI31A_H174ABGXX_GAGTGG_read254","MuTIR_4",97.917,48,1,0,24,71,1,48,6.14e-21,84.2,"CTCCTAAAT","+"
"281",424,"CI31A_H174ABGXX_GAGTGG_read273","MuTIR_4",86.139,101,13,1,43,143,1,100,3.64e-28,108,"AGCGACGAG","+"
"282",427,"CI31A_H174ABGXX_GAGTGG_read285","MuTIR_4",88.496,113,13,0,37,149,1,113,1.29e-37,139,"GTCGACAGC","+"
"284",429,"CI31A_H174ABGXX_GAGTGG_read289","MuTIR_4",87.611,113,14,0,26,138,1,113,6.01e-36,134,"GTCGACAGC","+"
"285",432,"CI31A_H174ABGXX_GAGTGG_read297","MuTIR_4",85.135,74,11,0,76,149,1,74,1.03e-18,76.8,"GTGTGTGGG","+"
"287",440,"CI31A_H174ABGXX_GAGTGG_read309","MuTIR_5",90.385,104,8,1,50,151,1,104,4.64e-37,137,"CGAGACGGC","+"
"288",441,"CI31A_H174ABGXX_GAGTGG_read312","MuTIR_5",95.745,47,2,0,105,151,1,47,1.03e-18,76.8,"CGCGACGGC","+"
"289",442,"CI31A_H174ABGXX_GAGTGG_read315","MuTIR_5",88.43,121,11,2,33,150,1,121,2.77e-39,145,"AGCTGCGGC","+"
"290",443,"CI31A_H174ABGXX_GAGTGG_read316","MuTIR_5",83.81,105,15,1,34,136,1,105,2.19e-25,99,"GACGCAAGC","+"
"292",445,"CI31A_H174ABGXX_GAGTGG_read321","MuTIR_5",88.43,121,11,2,15,132,1,121,2.77e-39,145,"TCCCATTAG","-"
"296",449,"CI31A_H174ABGXX_GAGTGG_read325","MuTIR_5",87.603,121,12,2,20,137,1,121,1.29e-37,139,"CCCCATTAG","-"
"298",451,"CI31A_H174ABGXX_GAGTGG_read329","MuTIR_5",85.263,95,12,2,59,151,1,95,2.19e-25,99,"TAAACCACC","+"
"299",453,"CI31A_H174ABGXX_GAGTGG_read334","MuTIR_5",83.019,106,16,1,12,115,1,106,7.88e-25,97.1,"TCTGCAGCC","+"
"300",455,"CI31A_H174ABGXX_GAGTGG_read342","MuTIR_6",95.276,127,6,0,25,151,1,127,1.62e-56,202,"TGCACTACA","+"
"301",456,"CI31A_H174ABGXX_GAGTGG_read343","MuTIR_6",98.148,54,1,0,98,151,1,54,2.83e-24,95.3,"TGCACTACA","+"
"302",457,"CI31A_H174ABGXX_GAGTGG_read345","MuTIR_6",96.512,86,3,0,66,151,1,86,9.98e-39,143,"TGCACTACA","+"
"303",458,"CI31A_H174ABGXX_GAGTGG_read346","MuTIR_6",96.667,90,3,0,62,151,1,90,5.96e-41,150,"TGCACTACG","+"
"304",459,"CI31A_H174ABGXX_GAGTGG_read348","MuTIR_6",94.231,52,3,0,100,151,1,52,7.94e-20,80.5,"AGCACTACG","+"
"309",464,"CI31A_H174ABGXX_GAGTGG_read362","MuTIR_6",95.789,95,4,0,57,151,1,95,4.61e-42,154,"GCCACCATA","+"
