"","X","qname","sname","percent_identity","alignment_length","mismatches","gap_opens","q_start","q_end","s_start","s_end","evalue","bit_score","tsds","strand"
"2",2,"CI64_H57TJBGXX_GATCAG_read9","MuTIR_1",91.608,143,9,3,10,151,1,141,2.72e-54,195,"GTCGGTCTA","+"
"3",3,"CI64_H57TJBGXX_GATCAG_read10","MuTIR_1",100,43,0,0,45,87,1,43,7.94e-20,80.5,"GCTGCGCTC","+"
"4",4,"CI64_H57TJBGXX_GATCAG_read11","MuTIR_1",94.186,86,4,1,66,151,1,85,7.77e-35,130,"GTTCGTGCA","+"
"5",5,"CI64_H57TJBGXX_GATCAG_read12","MuTIR_1",95.699,93,3,1,59,151,1,92,2.15e-40,148,"GAACAAGAA","+"
"6",6,"CI64_H57TJBGXX_GATCAG_read13","MuTIR_1",94.186,86,4,1,66,151,1,85,7.77e-35,130,"GTTCGTGCA","+"
"7",7,"CI64_H57TJBGXX_GATCAG_read14","MuTIR_1",92.771,83,5,1,66,148,1,82,1.68e-31,119,"CTCTCTTTC","+"
"8",8,"CI64_H57TJBGXX_GATCAG_read18","MuTIR_1",93.939,99,5,1,53,151,1,98,2.15e-40,148,"GTAATACGG","+"
"9",9,"CI64_H57TJBGXX_GATCAG_read20","MuTIR_1",97.872,47,1,0,105,151,1,47,2.21e-20,82.4,"GCTGGCGTC","+"
"10",10,"CI64_H57TJBGXX_GATCAG_read22","MuTIR_1",93.458,107,4,2,47,151,1,106,1.28e-42,156,"GCCGTGCGA","+"
"11",11,"CI64_H57TJBGXX_GATCAG_read23","MuTIR_1",93.694,111,6,1,41,151,1,110,2.13e-45,165,"GAACAAGAA","+"
"19",19,"CI64_H57TJBGXX_GATCAG_read38","MuTIR_1",94.737,95,4,1,19,113,1,94,7.72e-40,147,"TCTTCCTGA","-"
"27",30,"CI64_H57TJBGXX_GATCAG_read60","MuTIR_1",89.916,119,7,2,38,151,1,119,2.15e-40,148,"CAAGGACGC","+"
"28",31,"CI64_H57TJBGXX_GATCAG_read61","MuTIR_1",94.017,117,6,1,26,142,1,116,9.84e-49,176,"GGGCCTAGG","+"
"29",32,"CI64_H57TJBGXX_GATCAG_read62","MuTIR_1",95.294,85,3,1,67,151,1,84,6.01e-36,134,"GGGCCTAGG","+"
"30",33,"CI64_H57TJBGXX_GATCAG_read64","MuTIR_1",90.323,124,7,2,33,151,1,124,3.56e-43,158,"CAAGGACGC","+"
"31",34,"CI64_H57TJBGXX_GATCAG_read65","MuTIR_1",90.647,139,8,2,18,151,1,139,7.61e-50,180,"CAAGGACGC","+"
"33",46,"CI64_H57TJBGXX_GATCAG_read101","MuTIR_1",87.5,120,14,1,19,138,1,119,4.64e-37,137,"TTAATAGGA","-"
"34",49,"CI64_H57TJBGXX_GATCAG_read118","MuTIR_2",95.556,90,4,0,59,148,1,90,2.77e-39,145,"CCCAGAGCC","+"
"35",50,"CI64_H57TJBGXX_GATCAG_read120","MuTIR_2",94.03,67,4,0,82,148,1,67,1.69e-26,102,"GGCTCTCTG","+"
"36",51,"CI64_H57TJBGXX_GATCAG_read122","MuTIR_2",90.722,97,9,0,55,151,1,97,7.77e-35,130,"TTCTGCCTC","+"
"37",52,"CI64_H57TJBGXX_GATCAG_read124","MuTIR_2",93.443,61,4,0,91,151,1,61,3.67e-23,91.6,"GTGTTTCCT","+"
"40",55,"CI64_H57TJBGXX_GATCAG_read127","MuTIR_2",92.537,67,5,0,83,149,1,67,7.88e-25,97.1,"CAGAGAGCC","+"
"41",56,"CI64_H57TJBGXX_GATCAG_read132","MuTIR_2",94.444,108,6,0,14,121,1,108,5.92e-46,167,"CTTACAAAG","+"
"42",57,"CI64_H57TJBGXX_GATCAG_read134","MuTIR_2",95.833,48,2,0,98,145,1,48,2.85e-19,78.7,"GCGCCAGGG","+"
"43",58,"CI64_H57TJBGXX_GATCAG_read135","MuTIR_2",91.667,72,6,0,77,148,1,72,6.09e-26,100,"CAGAGAGCC","+"
"44",59,"CI64_H57TJBGXX_GATCAG_read136","MuTIR_2",90.244,82,8,0,70,151,1,82,3.64e-28,108,"CCGTGACCC","+"
"45",60,"CI64_H57TJBGXX_GATCAG_read137","MuTIR_2",97.26,73,2,0,66,138,1,73,3.61e-33,124,"CTTTGTAAG","+"
"46",61,"CI64_H57TJBGXX_GATCAG_read142","MuTIR_2",91.667,72,6,0,80,151,1,72,6.09e-26,100,"GTTCGCCGA","+"
"47",62,"CI64_H57TJBGXX_GATCAG_read143","MuTIR_2",97.403,77,2,0,74,150,1,77,2.16e-35,132,"GCGCCAGGG","+"
"48",63,"CI64_H57TJBGXX_GATCAG_read148","MuTIR_2",91.473,129,11,0,13,141,1,129,2.74e-49,178,"CGGATAGAA","-"
"52",67,"CI64_H57TJBGXX_GATCAG_read155","MuTIR_2",90.625,128,12,0,13,140,1,128,4.58e-47,171,"CAGTAGTGA","-"
"65",82,"CI64_H57TJBGXX_GATCAG_read182","MuTIR_2",95.833,48,2,0,12,59,1,48,2.85e-19,78.7,"ATCGATGCG","-"
"67",97,"CI64_H57TJBGXX_GATCAG_read211","MuTIR_2",86.567,67,9,0,63,129,1,67,3.69e-18,75,"GAAAGAAAC","+"
"68",102,"CI64_H57TJBGXX_GATCAG_read230","MuTIR_3",94.118,102,6,0,50,151,1,102,1.28e-42,156,"AAAAAATGG","+"
"70",104,"CI64_H57TJBGXX_GATCAG_read236","MuTIR_3",92.623,122,9,0,29,150,1,122,9.84e-49,176,"GTTTCCCAA","+"
"71",105,"CI64_H57TJBGXX_GATCAG_read237","MuTIR_3",91.304,138,12,0,12,149,1,138,1.26e-52,189,"CCGTTTTTT","+"
"73",107,"CI64_H57TJBGXX_GATCAG_read240","MuTIR_3",91.379,116,8,2,37,151,1,115,3.56e-43,158,"CATATGTAC","+"
"81",116,"CI64_H57TJBGXX_GATCAG_read258","MuTIR_3",92.593,81,5,1,71,151,1,80,2.18e-30,115,"GTTCTGTAC","+"
"82",117,"CI64_H57TJBGXX_GATCAG_read261","MuTIR_3",92.174,115,9,0,35,149,1,115,7.66e-45,163,"GTCCGCGTG","+"
"84",119,"CI64_H57TJBGXX_GATCAG_read272","MuTIR_3",91.667,84,7,0,68,151,1,84,6.05e-31,117,"GCCTCCAGA","+"
"86",121,"CI64_H57TJBGXX_GATCAG_read274","MuTIR_3",91.892,111,9,0,39,149,1,111,1.28e-42,156,"AGTTACGCC","+"
"89",142,"CI64_H57TJBGXX_GATCAG_read317","MuTIR_4",94.595,74,4,0,76,149,1,74,2.18e-30,115,"GCTGTCGAC","+"
"90",143,"CI64_H57TJBGXX_GATCAG_read318","MuTIR_4",89.916,119,12,0,33,151,1,119,1.28e-42,156,"GCTTCGGCG","+"
"93",146,"CI64_H57TJBGXX_GATCAG_read329","MuTIR_4",93.243,74,5,0,78,151,1,74,1.01e-28,110,"TCGGCGGTC","+"
"94",147,"CI64_H57TJBGXX_GATCAG_read330","MuTIR_4",93.75,64,4,0,85,148,1,64,7.88e-25,97.1,"TCGGCGGTC","+"
"98",154,"CI64_H57TJBGXX_GATCAG_read342","MuTIR_4",89.13,92,10,0,60,151,1,92,2.18e-30,115,"GTGTGTGGG","+"
"99",156,"CI64_H57TJBGXX_GATCAG_read347","MuTIR_4",87.324,71,9,0,79,149,1,71,2.21e-20,82.4,"CCCCACGCG","+"
"101",163,"CI64_H57TJBGXX_GATCAG_read361","MuTIR_5",89.051,137,13,1,13,147,1,137,4.58e-47,171,"ATTGAGCCC","+"
"102",164,"CI64_H57TJBGXX_GATCAG_read362","MuTIR_5",90.217,92,7,1,62,151,1,92,4.68e-32,121,"TTGGGAATC","+"
"103",165,"CI64_H57TJBGXX_GATCAG_read364","MuTIR_5",95.556,45,2,0,107,151,1,45,1.33e-17,73.1,"TTGGGAATC","+"
"104",166,"CI64_H57TJBGXX_GATCAG_read365","MuTIR_5",89.764,127,11,1,10,134,1,127,7.66e-45,163,"CGAGACGGC","+"
"105",167,"CI64_H57TJBGXX_GATCAG_read367","MuTIR_5",95.918,49,2,0,89,137,1,49,7.94e-20,80.5,"AGGCCTAGG","-"
"109",171,"CI64_H57TJBGXX_GATCAG_read383","MuTIR_6",96.154,52,2,0,94,145,1,52,1.71e-21,86.1,"GGGAGGGAG","+"
"111",173,"CI64_H57TJBGXX_GATCAG_read386","MuTIR_6",96.364,55,2,0,97,151,1,55,3.67e-23,91.6,"TGCACTATG","+"
"112",174,"CI64_H57TJBGXX_GATCAG_read387","MuTIR_6",95,120,5,1,27,145,1,120,4.55e-52,187,"TGCACTATG","+"
"113",175,"CI64_H57TJBGXX_GATCAG_read390","MuTIR_6",95,120,5,1,21,139,1,120,4.55e-52,187,"TGCACTACG","+"
"114",176,"CI64_H57TJBGXX_GATCAG_read392","MuTIR_6",97.826,46,1,0,106,151,1,46,7.94e-20,80.5,"TGCACTACG","+"
"122",184,"CI64_H57TJBGXX_GATCAG_read403","MuTIR_6",93.893,131,8,0,21,151,1,131,2.1e-55,198,"AGGAGAGGG","+"
"123",185,"CI64_H57TJBGXX_GATCAG_read404","MuTIR_6",93.506,77,5,0,75,151,1,77,2.18e-30,115,"AGGAGAGGG","+"
"124",188,"CI64_H57TJBGXX_GATCAG_read409","MuTIR_6",93.59,78,5,0,55,132,1,78,6.05e-31,117,"AGGAGAGGG","+"
"128",206,"CI64_HLCY2CCXX_L5_read2","MuTIR_1",93.519,108,6,1,43,150,1,107,9.84e-44,159,"GCGTCTCGC","+"
"129",207,"CI64_HLCY2CCXX_L5_read5","MuTIR_1",95.455,66,2,1,85,150,1,65,4.68e-27,104,"CTCTCTTTC","+"
"130",208,"CI64_HLCY2CCXX_L5_read7","MuTIR_1",96.46,113,3,1,37,149,1,112,1.62e-51,185,"GAGAGCCTC","+"
"131",209,"CI64_HLCY2CCXX_L5_read8","MuTIR_1",91.852,135,10,1,16,150,1,134,4.51e-52,187,"ATTGAAAGG","+"
"132",210,"CI64_HLCY2CCXX_L5_read10","MuTIR_1",100,43,0,0,91,133,1,43,7.88e-20,80.5,"GCTGCGCTC","+"
"133",211,"CI64_HLCY2CCXX_L5_read11","MuTIR_1",100,36,0,0,115,150,1,36,6.14e-16,67.6,"GAGAGCCTC","+"
"134",212,"CI64_HLCY2CCXX_L5_read12","MuTIR_1",93.22,118,7,1,33,150,1,117,1.26e-47,172,"CCTCACGAT","+"
"135",213,"CI64_HLCY2CCXX_L5_read15","MuTIR_1",100,33,0,0,118,150,1,33,2.85e-14,62.1,"TTCTTGTTC","+"
"136",214,"CI64_HLCY2CCXX_L5_read16","MuTIR_1",96.825,63,1,1,88,150,1,62,4.68e-27,104,"TTCTTGTTC","+"
"137",215,"CI64_HLCY2CCXX_L5_read17","MuTIR_1",94.309,123,6,1,28,150,1,122,4.51e-52,187,"GAAAGAGAG","+"
"138",216,"CI64_HLCY2CCXX_L5_read18","MuTIR_1",92.593,135,9,1,16,150,1,134,9.7e-54,193,"GAGAGCCTC","+"
"139",217,"CI64_HLCY2CCXX_L5_read19","MuTIR_1",93.902,82,4,1,69,150,1,81,1.29e-32,122,"CTCTCTTTC","+"
"140",218,"CI64_HLCY2CCXX_L5_read25","MuTIR_1",96.396,111,3,1,40,150,1,110,2.1e-50,182,"GAATACAAC","+"
"141",219,"CI64_HLCY2CCXX_L5_read26","MuTIR_1",92.143,140,10,1,11,150,1,139,7.5e-55,196,"CGTATTACC","+"
"142",220,"CI64_HLCY2CCXX_L5_read27","MuTIR_1",100,47,0,0,104,150,1,47,4.71e-22,87.9,"GAACAAGAA","+"
"143",221,"CI64_HLCY2CCXX_L5_read28","MuTIR_1",92.727,110,7,1,41,150,1,109,3.54e-43,158,"CCTCACGAT","+"
"144",222,"CI64_HLCY2CCXX_L5_read30","MuTIR_1",100,47,0,0,104,150,1,47,4.71e-22,87.9,"GAACAAGAA","+"
"145",223,"CI64_HLCY2CCXX_L5_read31","MuTIR_1",96.203,79,2,1,72,150,1,78,2.77e-34,128,"TAGACCGAC","+"
"146",224,"CI64_HLCY2CCXX_L5_read32","MuTIR_1",92.908,141,9,1,10,150,1,140,4.48e-57,204,"CTCTCTTTC","+"
"147",225,"CI64_HLCY2CCXX_L5_read33","MuTIR_1",92.632,95,6,1,21,115,1,94,1.66e-36,135,"TCGCACGGC","+"
"148",226,"CI64_HLCY2CCXX_L5_read36","MuTIR_1",90.714,140,12,1,11,150,1,139,1.62e-51,185,"GACGCCAGC","+"
"149",227,"CI64_HLCY2CCXX_L5_read38","MuTIR_1",93.023,129,8,1,21,149,1,128,4.51e-52,187,"GAGAGCCTC","+"
"150",229,"CI64_HLCY2CCXX_L5_read40","MuTIR_1",93.519,108,6,1,43,150,1,107,9.84e-44,159,"GCGTCTCGC","+"
"151",230,"CI64_HLCY2CCXX_L5_read42","MuTIR_1",93.519,108,6,1,40,147,1,107,9.84e-44,159,"GTTCGTGCA","+"
"152",231,"CI64_HLCY2CCXX_L5_read47","MuTIR_1",94.643,112,5,1,39,150,1,111,1.26e-47,172,"GAACAAGAA","+"
"153",232,"CI64_HLCY2CCXX_L5_read48","MuTIR_1",91.667,132,7,3,21,150,1,130,7.55e-50,180,"GCCGTGCGA","+"
"155",234,"CI64_HLCY2CCXX_L5_read50","MuTIR_1",98.551,69,0,1,78,146,1,68,4.64e-32,121,"GAGGCTCTC","+"
"156",235,"CI64_HLCY2CCXX_L5_read52","MuTIR_1",96.053,76,2,1,75,150,1,75,1.29e-32,122,"CGTATTACC","+"
"157",236,"CI64_HLCY2CCXX_L5_read54","MuTIR_1",95.455,66,2,1,85,150,1,65,4.68e-27,104,"CTCTCTTTC","+"
"158",237,"CI64_HLCY2CCXX_L5_read56","MuTIR_1",94.737,95,4,1,46,140,1,94,7.66e-40,147,"CCTAGGCCC","+"
"159",238,"CI64_HLCY2CCXX_L5_read57","MuTIR_1",95.238,63,2,1,88,150,1,62,2.18e-25,99,"GAATACAAC","+"
"160",239,"CI64_HLCY2CCXX_L5_read58","MuTIR_1",96.053,76,2,1,75,150,1,75,1.29e-32,122,"GCGTCTCGC","+"
"161",240,"CI64_HLCY2CCXX_L5_read59","MuTIR_1",93.902,82,4,1,69,150,1,81,1.29e-32,122,"CTCTCTTTC","+"
"162",241,"CI64_HLCY2CCXX_L5_read61","MuTIR_1",94.34,106,5,1,45,150,1,105,2.74e-44,161,"GACGCCAGC","+"
"165",244,"CI64_HLCY2CCXX_L5_read67","MuTIR_1",100,43,0,0,70,112,1,43,7.88e-20,80.5,"GCCCGCCCA","-"
"178",257,"CI64_HLCY2CCXX_L5_read92","MuTIR_1",94.737,95,4,1,36,130,1,94,7.66e-40,147,"TTTTCCTAA","-"
"187",266,"CI64_HLCY2CCXX_L5_read112","MuTIR_1",94.737,95,4,1,38,132,1,94,7.66e-40,147,"TTTTCCTAA","-"
"193",277,"CI64_HLCY2CCXX_L5_read132","MuTIR_1",95.652,46,2,0,105,150,1,46,3.67e-18,75,"CTGTGCGAG","+"
"194",278,"CI64_HLCY2CCXX_L5_read135","MuTIR_1",90.083,121,7,2,35,150,1,121,1.65e-41,152,"CAAGGACGC","+"
"195",279,"CI64_HLCY2CCXX_L5_read136","MuTIR_1",89.655,116,7,2,40,150,1,116,9.91e-39,143,"CAAGGACGC","+"
"196",280,"CI64_HLCY2CCXX_L5_read139","MuTIR_1",95.652,46,2,0,105,150,1,46,3.67e-18,75,"CTGTGCGAG","+"
"202",286,"CI64_HLCY2CCXX_L5_read154","MuTIR_1",94.017,117,6,1,22,138,1,116,9.77e-49,176,"TACTCACTT","-"
"210",354,"CI64_HLCY2CCXX_L5_read362","MuTIR_2",90,120,12,0,27,146,1,120,1.27e-42,156,"GTGTTTCCT","+"
"211",355,"CI64_HLCY2CCXX_L5_read363","MuTIR_2",90.217,92,9,0,58,149,1,92,4.64e-32,121,"GAGGCAGAA","+"
"213",357,"CI64_HLCY2CCXX_L5_read366","MuTIR_2",93.671,79,5,0,72,150,1,79,1.67e-31,119,"TTCTGCCTC","+"
"214",358,"CI64_HLCY2CCXX_L5_read367","MuTIR_2",94.118,85,5,0,66,150,1,85,7.71e-35,130,"CATCATACT","+"
"215",359,"CI64_HLCY2CCXX_L5_read368","MuTIR_2",88.288,111,13,0,31,141,1,111,5.96e-36,134,"GCTGGGAAG","+"
"216",360,"CI64_HLCY2CCXX_L5_read370","MuTIR_2",92.683,82,6,0,61,142,1,82,1.67e-31,119,"CTACTCGGT","+"
"217",361,"CI64_HLCY2CCXX_L5_read371","MuTIR_2",92.105,76,6,0,75,150,1,76,3.61e-28,108,"TTAAGGAGG","+"
"218",362,"CI64_HLCY2CCXX_L5_read373","MuTIR_2",91.339,127,11,0,18,144,1,127,3.51e-48,174,"CCGTGACCC","+"
"220",364,"CI64_HLCY2CCXX_L5_read375","MuTIR_2",90.217,92,9,0,59,150,1,92,4.64e-32,121,"GGCTCTCTG","+"
"221",365,"CI64_HLCY2CCXX_L5_read376","MuTIR_2",96.512,86,3,0,65,150,1,86,9.91e-39,143,"CTTTGTAAG","+"
"222",366,"CI64_HLCY2CCXX_L5_read377","MuTIR_2",91.089,101,9,0,50,150,1,101,4.61e-37,137,"TTCTGCCTC","+"
"224",368,"CI64_HLCY2CCXX_L5_read380","MuTIR_2",94.393,107,6,0,44,150,1,107,2.11e-45,165,"CCCAGAGCC","+"
"225",369,"CI64_HLCY2CCXX_L5_read383","MuTIR_2",97.778,45,1,0,106,150,1,45,2.83e-19,78.7,"CCCAGAGCC","+"
"226",370,"CI64_HLCY2CCXX_L5_read385","MuTIR_2",92.647,68,5,0,79,146,1,68,2.18e-25,99,"GTGTTTCCT","+"
"227",371,"CI64_HLCY2CCXX_L5_read386","MuTIR_2",93.75,128,8,0,23,150,1,128,9.7e-54,193,"CCCTGGCGC","+"
"228",372,"CI64_HLCY2CCXX_L5_read392","MuTIR_2",92.537,67,5,0,82,148,1,67,7.82e-25,97.1,"CAGAGAGCC","+"
"229",373,"CI64_HLCY2CCXX_L5_read393","MuTIR_2",90,130,13,0,21,150,1,130,1.63e-46,169,"TTAAGGAGG","+"
"230",374,"CI64_HLCY2CCXX_L5_read398","MuTIR_2",96.104,77,3,0,73,149,1,77,9.98e-34,126,"CTTACAAAG","+"
"231",375,"CI64_HLCY2CCXX_L5_read399","MuTIR_2",94.643,112,6,0,39,150,1,112,3.51e-48,174,"GCGCCAGGG","+"
"232",376,"CI64_HLCY2CCXX_L5_read401","MuTIR_2",90.833,120,11,0,30,149,1,120,2.74e-44,161,"AGTTTTAGG","+"
"233",377,"CI64_HLCY2CCXX_L5_read402","MuTIR_2",92.079,101,8,0,50,150,1,101,9.91e-39,143,"GTGTTTCCT","+"
"234",378,"CI64_HLCY2CCXX_L5_read403","MuTIR_2",92.537,67,5,0,82,148,1,67,7.82e-25,97.1,"CAGAGAGCC","+"
"237",381,"CI64_HLCY2CCXX_L5_read407","MuTIR_2",93.396,106,7,0,45,150,1,106,3.54e-43,158,"GCCTTGGGG","+"
"238",382,"CI64_HLCY2CCXX_L5_read412","MuTIR_2",91.667,72,6,0,78,149,1,72,6.05e-26,100,"ATCCACCAC","+"
"239",383,"CI64_HLCY2CCXX_L5_read413","MuTIR_2",91.339,127,11,0,18,144,1,127,3.51e-48,174,"CCGTGACCC","+"
"240",384,"CI64_HLCY2CCXX_L5_read415","MuTIR_2",90.756,119,11,0,32,150,1,119,9.84e-44,159,"AGTTTTAGG","+"
"241",385,"CI64_HLCY2CCXX_L5_read417","MuTIR_2",93.902,82,5,0,69,150,1,82,3.59e-33,124,"CCTCCCGCC","+"
"242",386,"CI64_HLCY2CCXX_L5_read418","MuTIR_2",91.339,127,11,0,18,144,1,127,3.51e-48,174,"CCGTGACCC","+"
"243",387,"CI64_HLCY2CCXX_L5_read419","MuTIR_2",93.671,79,5,0,72,150,1,79,1.67e-31,119,"TTCTGCCTC","+"
"244",388,"CI64_HLCY2CCXX_L5_read420","MuTIR_2",89.844,128,13,0,22,149,1,128,2.11e-45,165,"TGAAGTAAT","+"
"245",389,"CI64_HLCY2CCXX_L5_read422","MuTIR_2",93.75,128,8,0,23,150,1,128,9.7e-54,193,"CCCTGGCGC","+"
"246",390,"CI64_HLCY2CCXX_L5_read423","MuTIR_2",91.463,82,7,0,69,150,1,82,7.77e-30,113,"GGTGGACGC","+"
"247",391,"CI64_HLCY2CCXX_L5_read424","MuTIR_2",90.789,76,7,0,75,150,1,76,1.68e-26,102,"CAGAGAGCC","+"
"248",392,"CI64_HLCY2CCXX_L5_read425","MuTIR_2",88.785,107,12,0,38,144,1,107,2.15e-35,132,"CTACTCGGT","+"
"250",394,"CI64_HLCY2CCXX_L5_read431","MuTIR_2",89.247,93,10,0,47,139,1,93,6.01e-31,117,"ATCCACCAC","+"
"252",396,"CI64_HLCY2CCXX_L5_read435","MuTIR_2",91.453,117,10,0,23,139,1,117,2.74e-44,161,"TGCAATGAT","+"
"253",397,"CI64_HLCY2CCXX_L5_read436","MuTIR_2",92.683,82,6,0,69,150,1,82,1.67e-31,119,"GGTGGACGC","+"
"254",398,"CI64_HLCY2CCXX_L5_read437","MuTIR_2",89.247,93,10,0,56,148,1,93,6.01e-31,117,"ATCCACCAC","+"
"255",399,"CI64_HLCY2CCXX_L5_read438","MuTIR_2",92.969,128,9,0,23,150,1,128,4.51e-52,187,"CCCTGGCGC","+"
"257",401,"CI64_HLCY2CCXX_L5_read442","MuTIR_2",89.61,77,8,0,74,150,1,77,2.18e-25,99,"GAAAGTAAC","+"
"258",402,"CI64_HLCY2CCXX_L5_read443","MuTIR_2",90.625,128,12,0,10,137,1,128,4.55e-47,171,"GTGTTTCCT","+"
"259",403,"CI64_HLCY2CCXX_L5_read444","MuTIR_2",84.252,127,20,0,24,150,1,127,3.59e-33,124,"GAAAGTAAC","+"
"260",404,"CI64_HLCY2CCXX_L5_read445","MuTIR_2",95.238,105,3,2,47,150,1,104,2.11e-45,165,"CTTTGTAAG","+"
"261",405,"CI64_HLCY2CCXX_L5_read447","MuTIR_2",84.252,127,20,0,24,150,1,127,3.59e-33,124,"GAAAGTAAC","+"
"270",414,"CI64_HLCY2CCXX_L5_read469","MuTIR_2",91.339,127,11,0,2,128,1,127,3.51e-48,174,"TCAGTAGTG","-"
"279",423,"CI64_HLCY2CCXX_L5_read490","MuTIR_2",88.776,98,11,0,39,136,1,98,4.64e-32,121,"TCGTCAAAA","-"
"280",424,"CI64_HLCY2CCXX_L5_read491","MuTIR_2",94.574,129,7,0,3,131,1,129,5.8e-56,200,"CGGATAGAA","-"
"283",427,"CI64_HLCY2CCXX_L5_read495","MuTIR_2",88.776,98,11,0,39,136,1,98,4.64e-32,121,"TCGTCAAAA","-"
"285",429,"CI64_HLCY2CCXX_L5_read499","MuTIR_2",90.625,128,12,0,3,130,1,128,4.55e-47,171,"CAGTAGTGA","-"
"293",437,"CI64_HLCY2CCXX_L5_read512","MuTIR_2",91.339,127,11,0,2,128,1,127,3.51e-48,174,"TCAGTAGTG","-"
"295",439,"CI64_HLCY2CCXX_L5_read514","MuTIR_2",91.339,127,11,0,2,128,1,127,3.51e-48,174,"TCAGTAGTG","-"
"297",441,"CI64_HLCY2CCXX_L5_read517","MuTIR_2",91.473,129,11,0,10,138,1,129,2.72e-49,178,"CGGATCGAA","-"
"303",459,"CI64_HLCY2CCXX_L5_read559","MuTIR_2",91.25,80,7,0,71,150,1,80,1.01e-28,110,"CCTAAAACT","+"
"304",464,"CI64_HLCY2CCXX_L5_read574","MuTIR_2",86.916,107,14,0,39,145,1,107,4.64e-32,121,"CTACTCGGT","+"
"305",482,"CI64_HLCY2CCXX_L5_read611","MuTIR_2",87.952,83,8,2,62,143,1,82,7.82e-25,97.1,"CCTCCTTAA","+"
"306",483,"CI64_HLCY2CCXX_L5_read612","MuTIR_2",86.047,129,16,2,22,149,1,128,4.61e-37,137,"CCTCCTTAA","+"
"307",486,"CI64_HLCY2CCXX_L5_read616","MuTIR_2",86.047,129,16,2,10,137,1,128,4.61e-37,137,"CAGTAGTGA","-"
"310",509,"CI64_HLCY2CCXX_L5_read673","MuTIR_3",92.373,118,7,2,26,142,1,117,5.88e-46,167,"CCCTGCGAG","+"
"312",511,"CI64_HLCY2CCXX_L5_read679","MuTIR_3",91.304,138,12,0,10,147,1,138,1.25e-52,189,"GTTTCCCAA","+"
"313",512,"CI64_HLCY2CCXX_L5_read680","MuTIR_3",97.561,41,1,0,110,150,1,41,4.74e-17,71.3,"AAAAAATGG","+"
"314",513,"CI64_HLCY2CCXX_L5_read681","MuTIR_3",93.75,96,6,0,55,150,1,96,2.76e-39,145,"AAAAAATGG","+"
"316",515,"CI64_HLCY2CCXX_L5_read685","MuTIR_3",97.143,35,1,0,116,150,1,35,1.03e-13,60.2,"CCGTTTTTT","+"
"317",516,"CI64_HLCY2CCXX_L5_read687","MuTIR_3",95.556,45,2,0,106,150,1,45,1.32e-17,73.1,"AAAAAATGG","+"
"318",517,"CI64_HLCY2CCXX_L5_read688","MuTIR_3",94.783,115,6,0,36,150,1,115,7.55e-50,180,"GAACCTAGA","+"
"319",518,"CI64_HLCY2CCXX_L5_read689","MuTIR_3",93.59,78,5,0,73,150,1,78,6.01e-31,117,"AAAAAATGG","+"
"320",519,"CI64_HLCY2CCXX_L5_read695","MuTIR_3",91.304,92,6,2,60,150,1,91,3.59e-33,124,"CATATGTAC","+"
"321",520,"CI64_HLCY2CCXX_L5_read696","MuTIR_3",94.531,128,7,0,23,150,1,128,2.09e-55,198,"GAACCTAGA","+"
"333",532,"CI64_HLCY2CCXX_L5_read721","MuTIR_3",90.698,86,8,0,63,148,1,86,2.16e-30,115,"GTCCGCGTG","+"
"334",533,"CI64_HLCY2CCXX_L5_read722","MuTIR_3",92,75,6,0,76,150,1,75,1.3e-27,106,"CCTACAATG","+"
"335",534,"CI64_HLCY2CCXX_L5_read723","MuTIR_3",92,75,6,0,76,150,1,75,1.3e-27,106,"CCTACAATG","+"
"337",536,"CI64_HLCY2CCXX_L5_read727","MuTIR_3",92.857,70,5,0,75,144,1,70,1.68e-26,102,"GTCCGCGTG","+"
"338",537,"CI64_HLCY2CCXX_L5_read735","MuTIR_3",91.406,128,11,0,8,135,1,128,9.77e-49,176,"TGGATTCAG","-"
"343",543,"CI64_HLCY2CCXX_L5_read753","MuTIR_3",91.912,136,11,0,13,148,1,136,3.49e-53,191,"TCGGCAAGC","+"
"344",544,"CI64_HLCY2CCXX_L5_read760","MuTIR_3",94.068,118,7,0,31,148,1,118,7.55e-50,180,"GACCTCAAA","+"
"346",546,"CI64_HLCY2CCXX_L5_read762","MuTIR_3",86.139,101,14,0,50,150,1,101,1.01e-28,110,"AGGTACGCC","+"
"347",547,"CI64_HLCY2CCXX_L5_read763","MuTIR_3",89.062,128,14,0,23,150,1,128,9.84e-44,159,"AGTTACGCC","+"
"355",585,"CI64_HLCY2CCXX_L5_read847","MuTIR_4",90.244,82,5,1,72,150,1,82,4.68e-27,104,"GCGAGACGT","+"
"356",586,"CI64_HLCY2CCXX_L5_read849","MuTIR_4",88.636,88,10,0,59,146,1,88,3.61e-28,108,"GTTAAAAAG","+"
"357",587,"CI64_HLCY2CCXX_L5_read852","MuTIR_4",95,100,5,0,43,142,1,100,3.54e-43,158,"CCGAAGACT","+"
"358",588,"CI64_HLCY2CCXX_L5_read858","MuTIR_4",100,35,0,0,116,150,1,35,2.21e-15,65.8,"CTCGACATA","+"
"359",589,"CI64_HLCY2CCXX_L5_read859","MuTIR_4",91.045,67,6,0,84,150,1,67,3.64e-23,91.6,"GCCATTAAG","+"
"360",590,"CI64_HLCY2CCXX_L5_read867","MuTIR_4",93.023,129,9,0,17,145,1,129,3.49e-53,191,"CCGAAGACT","+"
"361",591,"CI64_HLCY2CCXX_L5_read868","MuTIR_4",94.186,86,5,0,64,149,1,86,2.15e-35,132,"GCTTCGGCG","+"
"362",592,"CI64_HLCY2CCXX_L5_read869","MuTIR_4",90,120,12,0,26,145,1,120,3.54e-43,158,"GCTTCGGCG","+"
"363",593,"CI64_HLCY2CCXX_L5_read871","MuTIR_4",92.537,67,5,0,84,150,1,67,7.82e-25,97.1,"CGGCCACCG","+"
"364",594,"CI64_HLCY2CCXX_L5_read872","MuTIR_4",92.537,67,5,0,84,150,1,67,7.82e-25,97.1,"CGGCCACCG","+"
"367",597,"CI64_HLCY2CCXX_L5_read882","MuTIR_4",88.636,88,10,0,51,138,1,88,3.61e-28,108,"GATGTGCAG","-"
"369",599,"CI64_HLCY2CCXX_L5_read889","MuTIR_4",92.248,129,10,0,9,137,1,129,1.62e-51,185,"ACTGCAGAG","-"
"372",602,"CI64_HLCY2CCXX_L5_read904","MuTIR_4",90,120,12,0,10,129,1,120,3.54e-43,158,"CTTTTATGC","-"
"373",603,"CI64_HLCY2CCXX_L5_read906","MuTIR_4",90,120,12,0,12,131,1,120,3.54e-43,158,"CTTTTATGC","-"
"375",605,"CI64_HLCY2CCXX_L5_read908","MuTIR_4",90.833,120,11,0,12,131,1,120,7.61e-45,163,"CTTTTATGC","-"
"376",606,"CI64_HLCY2CCXX_L5_read910","MuTIR_4",90.833,120,11,0,12,131,1,120,7.61e-45,163,"CTTTTATGC","-"
"378",609,"CI64_HLCY2CCXX_L5_read922","MuTIR_4",93.75,64,4,0,84,147,1,64,7.82e-25,97.1,"TCGGCGGTC","+"
"381",612,"CI64_HLCY2CCXX_L5_read932","MuTIR_4",90.625,64,6,0,84,147,1,64,1.69e-21,86.1,"TCGGCGGTC","+"
"382",613,"CI64_HLCY2CCXX_L5_read937","MuTIR_4",89.109,101,11,0,49,149,1,101,9.98e-34,126,"GACTTTAGC","+"
"383",615,"CI64_HLCY2CCXX_L5_read940","MuTIR_4",89.231,65,6,1,83,147,1,64,7.88e-20,80.5,"TCCAGTTCA","+"
"384",616,"CI64_HLCY2CCXX_L5_read941","MuTIR_4",89.109,101,11,0,37,137,1,101,9.98e-34,126,"GACTTTAGC","+"
"385",618,"CI64_HLCY2CCXX_L5_read944","MuTIR_4",89,100,11,0,51,150,1,100,3.59e-33,124,"GACTTTAGC","+"
"387",621,"CI64_HLCY2CCXX_L5_read949","MuTIR_4",89.109,101,11,0,49,149,1,101,9.98e-34,126,"GACTTTAGC","+"
"388",622,"CI64_HLCY2CCXX_L5_read951","MuTIR_4",87.121,132,17,0,19,150,1,132,1.65e-41,152,"GTCGACAGC","+"
"397",642,"CI64_HLCY2CCXX_L5_read984","MuTIR_4",87.324,71,9,0,80,150,1,71,2.19e-20,82.4,"GTGTGTGGG","+"
"399",658,"CI64_HLCY2CCXX_L5_read1022","MuTIR_5",95.918,49,2,0,101,149,1,49,7.88e-20,80.5,"ATTGAGCCC","+"
"400",659,"CI64_HLCY2CCXX_L5_read1023","MuTIR_5",94.737,38,2,0,113,150,1,38,1.03e-13,60.2,"ATTGAGCCC","+"
"402",661,"CI64_HLCY2CCXX_L5_read1026","MuTIR_5",89.764,127,11,1,15,139,1,127,7.61e-45,163,"CGAGACGGC","+"
"403",662,"CI64_HLCY2CCXX_L5_read1027","MuTIR_5",88.235,85,8,1,68,150,1,85,1.68e-26,102,"TTGGGAATC","+"
"404",663,"CI64_HLCY2CCXX_L5_read1028","MuTIR_5",88.636,132,13,1,14,143,1,132,2.74e-44,161,"TTGGGAATC","+"
"406",665,"CI64_HLCY2CCXX_L5_read1030","MuTIR_5",89.412,85,7,1,68,150,1,85,3.61e-28,108,"TTGGGAATC","+"
"407",666,"CI64_HLCY2CCXX_L5_read1031","MuTIR_5",89.167,120,11,1,32,149,1,120,5.92e-41,150,"GGTATACAA","+"
"408",667,"CI64_HLCY2CCXX_L5_read1032","MuTIR_5",88.636,132,13,1,21,150,1,132,2.74e-44,161,"TTGGGAATC","+"
"409",668,"CI64_HLCY2CCXX_L5_read1035","MuTIR_5",87.838,74,7,1,79,150,1,74,4.71e-22,87.9,"ATTGAGCCC","+"
"414",673,"CI64_HLCY2CCXX_L5_read1041","MuTIR_5",88.281,128,11,2,8,131,1,128,1.65e-41,152,"CAGACACTA","-"
"415",674,"CI64_HLCY2CCXX_L5_read1044","MuTIR_5",88.281,128,11,2,8,131,1,128,1.65e-41,152,"CAGACACTA","-"
"416",677,"CI64_HLCY2CCXX_L5_read1071","MuTIR_6",96.078,102,4,0,49,150,1,102,5.88e-46,167,"TGCACTACG","+"
"418",679,"CI64_HLCY2CCXX_L5_read1077","MuTIR_6",89.744,117,11,1,34,149,1,117,2.13e-40,148,"TTGGACAAC","+"
"419",680,"CI64_HLCY2CCXX_L5_read1080","MuTIR_6",96.154,52,2,0,97,148,1,52,1.69e-21,86.1,"GGGAGGGAG","+"
"420",681,"CI64_HLCY2CCXX_L5_read1084","MuTIR_6",89.744,117,11,1,34,149,1,117,2.13e-40,148,"TTGGACAAC","+"
"421",682,"CI64_HLCY2CCXX_L5_read1086","MuTIR_6",96.825,63,2,0,88,150,1,63,1.3e-27,106,"TGCACTACG","+"
"422",683,"CI64_HLCY2CCXX_L5_read1087","MuTIR_6",95.588,136,6,0,15,150,1,136,1.6e-61,219,"TGCACTACG","+"
"423",684,"CI64_HLCY2CCXX_L5_read1090","MuTIR_6",94.444,90,5,0,61,150,1,90,1.28e-37,139,"TGCACTACG","+"
"424",685,"CI64_HLCY2CCXX_L5_read1091","MuTIR_6",95.238,126,6,0,25,150,1,126,5.8e-56,200,"TGCACTACG","+"
"425",686,"CI64_HLCY2CCXX_L5_read1092","MuTIR_6",95.588,136,6,0,15,150,1,136,1.6e-61,219,"TGCACTACG","+"
"434",697,"CI64_HLCY2CCXX_L5_read1117","MuTIR_6",96.226,106,4,0,45,150,1,106,3.51e-48,174,"TCCTAGGCT","+"
"435",698,"CI64_HLCY2CCXX_L5_read1122","MuTIR_6",95.161,62,3,0,89,150,1,62,2.18e-25,99,"TCCTAGGCT","+"
"436",699,"CI64_HLCY2CCXX_L5_read1124","MuTIR_6",94.667,75,4,0,76,150,1,75,6.01e-31,117,"AGGAGAGGG","+"
"437",700,"CI64_HLCY2CCXX_L5_read1125","MuTIR_6",95.652,115,5,0,36,150,1,115,1.62e-51,185,"AGGAGAGGG","+"
"438",701,"CI64_HLCY2CCXX_L5_read1126","MuTIR_6",95.652,92,4,0,59,150,1,92,2.13e-40,148,"AGGAGAGGG","+"
"439",702,"CI64_HLCY2CCXX_L5_read1127","MuTIR_6",93.701,127,8,0,24,150,1,127,3.49e-53,191,"AGGAGAGGG","+"
"440",703,"CI64_HLCY2CCXX_L5_read1130","MuTIR_6",96.97,99,3,0,52,150,1,99,5.88e-46,167,"AGGAGAGGG","+"
"447",713,"CI64_HLCY2CCXX_L5_read1158","MuTIR_6",90.351,114,10,1,30,142,1,114,2.13e-40,148,"GACGTGAAC","+"
"448",714,"CI64_HLCY2CCXX_L5_read1159","MuTIR_6",90.351,114,10,1,25,137,1,114,2.13e-40,148,"GACGTGAAC","+"
"450",742,"CI64_HLCY2CCXX_L5_read1237","MuTIR_7",90.385,52,5,0,98,149,1,52,1.32e-17,73.1,"TACCTAGTT","+"
"451",743,"CI64_HLCY2CCXX_L5_read1238","MuTIR_7",92.913,127,7,2,25,150,1,126,4.51e-52,187,"TACCTAGTT","+"
