"","X","qname","sname","percent_identity","alignment_length","mismatches","gap_opens","q_start","q_end","s_start","s_end","evalue","bit_score","tsds","strand"
"2",2,"Ci90CGoodman-Buckler_HLCY2CCXX_L1_read5","MuTIR_1",94.737,95,4,1,12,106,1,94,7.66e-40,147,"GCTGGCGAC","+"
"3",3,"Ci90CGoodman-Buckler_HLCY2CCXX_L1_read7","MuTIR_1",94.017,117,6,1,34,150,1,116,9.77e-49,176,"GAAAGAGAG","+"
"5",5,"Ci90CGoodman-Buckler_HLCY2CCXX_L1_read10","MuTIR_1",94.681,94,4,1,57,150,1,93,2.76e-39,145,"GCTGGCGTC","+"
"7",7,"Ci90CGoodman-Buckler_HLCY2CCXX_L1_read13","MuTIR_1",96,75,2,1,76,150,1,74,4.64e-32,121,"CAGGAAAAT","+"
"8",8,"Ci90CGoodman-Buckler_HLCY2CCXX_L1_read15","MuTIR_1",93.75,64,3,1,80,143,1,63,2.81e-24,95.3,"TACCTACCC","+"
"9",9,"Ci90CGoodman-Buckler_HLCY2CCXX_L1_read18","MuTIR_1",93.651,126,6,2,24,149,1,124,4.51e-52,187,"GAATACAAC","+"
"10",10,"Ci90CGoodman-Buckler_HLCY2CCXX_L1_read19","MuTIR_1",93.684,95,5,1,32,126,1,94,3.56e-38,141,"CTCGCACAG","+"
"11",11,"Ci90CGoodman-Buckler_HLCY2CCXX_L1_read20","MuTIR_1",94.737,95,4,1,10,104,1,94,7.66e-40,147,"CAGGAAAAT","+"
"12",12,"Ci90CGoodman-Buckler_HLCY2CCXX_L1_read21","MuTIR_1",94.017,117,6,1,34,150,1,116,9.77e-49,176,"GAAAGAGAG","+"
"14",14,"Ci90CGoodman-Buckler_HLCY2CCXX_L1_read25","MuTIR_1",93.548,93,5,1,58,150,1,92,4.61e-37,137,"CCCACCTTG","+"
"15",15,"Ci90CGoodman-Buckler_HLCY2CCXX_L1_read28","MuTIR_1",96.154,52,1,1,99,150,1,51,6.09e-21,84.2,"GCTGGCGTC","+"
"16",16,"Ci90CGoodman-Buckler_HLCY2CCXX_L1_read31","MuTIR_1",95.946,74,2,1,77,150,1,73,1.67e-31,119,"TAGACCGAC","+"
"17",17,"Ci90CGoodman-Buckler_HLCY2CCXX_L1_read34","MuTIR_1",94.737,95,4,1,25,119,1,94,7.66e-40,147,"GCTGGCGAC","+"
"26",26,"Ci90CGoodman-Buckler_HLCY2CCXX_L1_read52","MuTIR_1",94.737,95,4,1,41,135,1,94,7.66e-40,147,"TCTTCCTGA","-"
"36",36,"Ci90CGoodman-Buckler_HLCY2CCXX_L1_read69","MuTIR_1",94.737,95,4,1,11,105,1,94,7.66e-40,147,"TTTTCCTAA","-"
"39",63,"Ci90CGoodman-Buckler_HLCY2CCXX_L1_read139","MuTIR_2",88.542,96,10,1,51,146,1,95,2.16e-30,115,"TGGATCAAG","+"
"40",64,"Ci90CGoodman-Buckler_HLCY2CCXX_L1_read140","MuTIR_2",91.111,90,8,0,58,147,1,90,1.29e-32,122,"GGGAGGGGG","+"
"41",65,"Ci90CGoodman-Buckler_HLCY2CCXX_L1_read142","MuTIR_2",93.548,62,4,0,89,150,1,62,1.01e-23,93.5,"CCGTGACCC","+"
"42",66,"Ci90CGoodman-Buckler_HLCY2CCXX_L1_read143","MuTIR_2",93.388,121,6,2,30,149,1,120,2.72e-49,178,"TGCCGCCGC","+"
"43",67,"Ci90CGoodman-Buckler_HLCY2CCXX_L1_read147","MuTIR_2",92.222,90,7,0,57,146,1,90,2.77e-34,128,"CCGTGACCC","+"
"44",68,"Ci90CGoodman-Buckler_HLCY2CCXX_L1_read149","MuTIR_2",91.089,101,9,0,48,148,1,101,4.61e-37,137,"GTCAACGAG","+"
"45",69,"Ci90CGoodman-Buckler_HLCY2CCXX_L1_read151","MuTIR_2",96.721,61,2,0,90,150,1,61,1.68e-26,102,"TTCCTCGCC","+"
"46",70,"Ci90CGoodman-Buckler_HLCY2CCXX_L1_read155","MuTIR_2",93.22,59,4,0,92,150,1,59,4.71e-22,87.9,"CCGTGACCC","+"
"47",71,"Ci90CGoodman-Buckler_HLCY2CCXX_L1_read156","MuTIR_2",86.916,107,14,0,30,136,1,107,4.64e-32,121,"TGGATCAAG","+"
"48",72,"Ci90CGoodman-Buckler_HLCY2CCXX_L1_read157","MuTIR_2",91.15,113,10,0,19,131,1,113,4.58e-42,154,"CCCTGGCGC","+"
"49",73,"Ci90CGoodman-Buckler_HLCY2CCXX_L1_read159","MuTIR_2",91.473,129,10,1,22,149,1,129,9.77e-49,176,"GTGAGTGTG","+"
"50",74,"Ci90CGoodman-Buckler_HLCY2CCXX_L1_read163","MuTIR_2",91.339,127,11,0,15,141,1,127,3.51e-48,174,"CCGTGACCC","+"
"51",75,"Ci90CGoodman-Buckler_HLCY2CCXX_L1_read165","MuTIR_2",93.548,62,4,0,89,150,1,62,1.01e-23,93.5,"CCGTGACCC","+"
"52",76,"Ci90CGoodman-Buckler_HLCY2CCXX_L1_read166","MuTIR_2",92.405,79,6,0,72,150,1,79,7.77e-30,113,"GAGGCAGAA","+"
"53",77,"Ci90CGoodman-Buckler_HLCY2CCXX_L1_read167","MuTIR_2",95.122,82,3,1,70,150,1,82,2.77e-34,128,"GCGTAGAAA","+"
"54",78,"Ci90CGoodman-Buckler_HLCY2CCXX_L1_read170","MuTIR_2",86.916,107,14,0,30,136,1,107,4.64e-32,121,"TGGATCAAG","+"
"68",98,"Ci90CGoodman-Buckler_HLCY2CCXX_L1_read239","MuTIR_2",88.158,76,6,1,78,150,1,76,4.71e-22,87.9,"CTCGTTGGA","+"
"70",103,"Ci90CGoodman-Buckler_HLCY2CCXX_L1_read248","MuTIR_2",86.777,121,14,2,31,150,1,120,5.96e-36,134,"CCTCCTTAA","+"
"72",118,"Ci90CGoodman-Buckler_HLCY2CCXX_L1_read287","MuTIR_3",91.489,94,8,0,57,150,1,94,7.71e-35,130,"CCGTTTTTT","+"
"73",119,"Ci90CGoodman-Buckler_HLCY2CCXX_L1_read289","MuTIR_3",92.537,134,10,0,17,150,1,134,9.7e-54,193,"CCGTTTTTT","+"
"75",121,"Ci90CGoodman-Buckler_HLCY2CCXX_L1_read291","MuTIR_3",91.837,98,8,0,53,150,1,98,4.61e-37,137,"CCGTTTTTT","+"
"76",122,"Ci90CGoodman-Buckler_HLCY2CCXX_L1_read292","MuTIR_3",97.619,42,1,0,109,150,1,42,1.32e-17,73.1,"TCTAGGTTC","+"
"77",123,"Ci90CGoodman-Buckler_HLCY2CCXX_L1_read293","MuTIR_3",90.991,111,10,0,40,150,1,111,5.92e-41,150,"TCCTACAGG","+"
"78",124,"Ci90CGoodman-Buckler_HLCY2CCXX_L1_read295","MuTIR_3",96.154,52,2,0,97,148,1,52,1.69e-21,86.1,"TCTAGGTTC","+"
"79",125,"Ci90CGoodman-Buckler_HLCY2CCXX_L1_read296","MuTIR_3",92.537,134,10,0,17,150,1,134,9.7e-54,193,"CCGTTTTTT","+"
"80",126,"Ci90CGoodman-Buckler_HLCY2CCXX_L1_read297","MuTIR_3",97.619,42,1,0,109,150,1,42,1.32e-17,73.1,"TCTAGGTTC","+"
"81",127,"Ci90CGoodman-Buckler_HLCY2CCXX_L1_read298","MuTIR_3",92.537,134,10,0,17,150,1,134,9.7e-54,193,"CCGTTTTTT","+"
"82",128,"Ci90CGoodman-Buckler_HLCY2CCXX_L1_read299","MuTIR_3",90.09,111,11,0,40,150,1,111,2.76e-39,145,"TCCTACAGG","+"
"89",135,"Ci90CGoodman-Buckler_HLCY2CCXX_L1_read311","MuTIR_3",95.146,103,5,0,48,150,1,103,7.61e-45,163,"ACTGACGGG","+"
"90",136,"Ci90CGoodman-Buckler_HLCY2CCXX_L1_read312","MuTIR_3",89.888,89,9,0,62,150,1,89,2.16e-30,115,"ACTGACGGG","+"
"91",137,"Ci90CGoodman-Buckler_HLCY2CCXX_L1_read313","MuTIR_3",90.265,113,11,0,30,142,1,113,2.13e-40,148,"CCTCTAGAG","+"
"92",138,"Ci90CGoodman-Buckler_HLCY2CCXX_L1_read315","MuTIR_3",90.351,114,11,0,37,150,1,114,5.92e-41,150,"TCAGAGAGA","+"
"93",139,"Ci90CGoodman-Buckler_HLCY2CCXX_L1_read317","MuTIR_3",92.188,128,10,0,23,150,1,128,2.1e-50,182,"TCCTCGAAC","+"
"94",140,"Ci90CGoodman-Buckler_HLCY2CCXX_L1_read319","MuTIR_3",90.265,113,11,0,30,142,1,113,2.13e-40,148,"CCTCTAGAG","+"
"95",141,"Ci90CGoodman-Buckler_HLCY2CCXX_L1_read320","MuTIR_3",90.435,115,11,0,32,146,1,115,1.65e-41,152,"TCTCTAGAG","+"
"103",154,"Ci90CGoodman-Buckler_HLCY2CCXX_L1_read343","MuTIR_3",93.243,74,5,0,77,150,1,74,1.01e-28,110,"TTTTTACAG","+"
"106",184,"Ci90CGoodman-Buckler_HLCY2CCXX_L1_read403","MuTIR_4",93.333,120,8,0,19,138,1,120,7.55e-50,180,"GCAAGAGAG","+"
"107",185,"Ci90CGoodman-Buckler_HLCY2CCXX_L1_read406","MuTIR_4",95.652,46,2,0,104,149,1,46,3.67e-18,75,"CGGCCACCG","+"
"108",186,"Ci90CGoodman-Buckler_HLCY2CCXX_L1_read408","MuTIR_4",94.521,73,4,0,78,150,1,73,7.77e-30,113,"GCAAGAGAG","+"
"109",187,"Ci90CGoodman-Buckler_HLCY2CCXX_L1_read412","MuTIR_4",95.062,81,4,0,58,138,1,81,2.77e-34,128,"CTCTCTTGC","+"
"110",188,"Ci90CGoodman-Buckler_HLCY2CCXX_L1_read413","MuTIR_4",100,31,0,0,120,150,1,31,3.69e-13,58.4,"CCCGCGAGC","+"
"111",189,"Ci90CGoodman-Buckler_HLCY2CCXX_L1_read414","MuTIR_4",93.333,120,8,0,22,141,1,120,7.55e-50,180,"CTTTTATGC","-"
"114",192,"Ci90CGoodman-Buckler_HLCY2CCXX_L1_read421","MuTIR_4",93.878,49,3,0,86,134,1,49,3.67e-18,75,"GAGTTGATA","-"
"115",196,"Ci90CGoodman-Buckler_HLCY2CCXX_L1_read429","MuTIR_4",88.496,113,13,0,33,145,1,113,1.28e-37,139,"GTCGACAGC","+"
"116",197,"Ci90CGoodman-Buckler_HLCY2CCXX_L1_read430","MuTIR_4",89.286,84,9,0,67,150,1,84,1.3e-27,106,"GTCGACAGC","+"
"118",202,"Ci90CGoodman-Buckler_HLCY2CCXX_L1_read450","MuTIR_5",89.286,84,7,1,69,150,1,84,1.3e-27,106,"ATTGAGCCC","+"
"119",203,"Ci90CGoodman-Buckler_HLCY2CCXX_L1_read452","MuTIR_5",95.918,49,2,0,84,132,1,49,7.88e-20,80.5,"ATTGAGCCC","+"
"120",204,"Ci90CGoodman-Buckler_HLCY2CCXX_L1_read453","MuTIR_5",91.892,74,4,1,78,149,1,74,4.68e-27,104,"GCTGCAGGA","+"
"126",212,"Ci90CGoodman-Buckler_HLCY2CCXX_L1_read497","MuTIR_6",95.89,73,3,0,78,150,1,73,1.67e-31,119,"AGGAGAGGG","+"
"127",213,"Ci90CGoodman-Buckler_HLCY2CCXX_L1_read498","MuTIR_6",96.078,102,4,0,49,150,1,102,5.88e-46,167,"AGGAGAGGG","+"
"128",214,"Ci90CGoodman-Buckler_HLCY2CCXX_L1_read499","MuTIR_6",96.078,102,4,0,49,150,1,102,5.88e-46,167,"AGGAGAGGG","+"
"129",216,"Ci90CGoodman-Buckler_HLCY2CCXX_L1_read502","MuTIR_6",96.078,102,4,0,49,150,1,102,5.88e-46,167,"AGGAGAGGG","+"
"130",217,"Ci90CGoodman-Buckler_HLCY2CCXX_L1_read503","MuTIR_6",94.531,128,7,0,23,150,1,128,2.09e-55,198,"AGGAGAGGG","+"
"140",232,"Ci90CGoodman-Buckler_HB1JEADXX_ACTTGA_read3","MuTIR_1",95.098,102,4,1,50,151,1,101,9.91e-44,159,"ATTTTCCTG","+"
"141",233,"Ci90CGoodman-Buckler_HB1JEADXX_ACTTGA_read5","MuTIR_1",94.444,126,5,2,22,147,1,124,9.77e-54,193,"GAATACAAC","+"
"142",234,"Ci90CGoodman-Buckler_HB1JEADXX_ACTTGA_read8","MuTIR_1",96.512,86,2,1,63,148,1,85,3.59e-38,141,"CCCACCTTG","+"
"143",235,"Ci90CGoodman-Buckler_HB1JEADXX_ACTTGA_read11","MuTIR_1",100,32,0,0,114,145,1,32,1.03e-13,60.2,"CAAGGTGGG","+"
"144",236,"Ci90CGoodman-Buckler_HB1JEADXX_ACTTGA_read12","MuTIR_1",100,48,0,0,102,149,1,48,1.32e-22,89.8,"CACTGGGAG","+"
"145",237,"Ci90CGoodman-Buckler_HB1JEADXX_ACTTGA_read13","MuTIR_1",96.97,66,1,1,86,151,1,65,1.01e-28,110,"CATCCAAAC","+"
"146",238,"Ci90CGoodman-Buckler_HB1JEADXX_ACTTGA_read14","MuTIR_1",95.238,42,2,0,110,151,1,42,6.18e-16,67.6,"CAAGGTGGG","+"
"147",239,"Ci90CGoodman-Buckler_HB1JEADXX_ACTTGA_read15","MuTIR_1",97.059,68,1,1,84,151,1,67,7.83e-30,113,"GACGCCAGC","+"
"148",240,"Ci90CGoodman-Buckler_HB1JEADXX_ACTTGA_read17","MuTIR_1",94.958,119,5,1,30,148,1,118,1.63e-51,185,"ATCTCTGAG","+"
"149",241,"Ci90CGoodman-Buckler_HB1JEADXX_ACTTGA_read19","MuTIR_1",94.737,95,4,1,15,109,1,94,7.72e-40,147,"TAGACCGAC","+"
"150",242,"Ci90CGoodman-Buckler_HB1JEADXX_ACTTGA_read20","MuTIR_1",100,31,0,0,121,151,1,31,3.72e-13,58.4,"CTCCCAGTG","+"
"152",244,"Ci90CGoodman-Buckler_HB1JEADXX_ACTTGA_read22","MuTIR_1",95.455,44,2,0,108,151,1,44,4.78e-17,71.3,"GTCGCCAGC","+"
"157",249,"Ci90CGoodman-Buckler_HB1JEADXX_ACTTGA_read32","MuTIR_1",95.789,95,3,1,48,142,1,94,1.66e-41,152,"TCTTTCTGA","-"
"159",251,"Ci90CGoodman-Buckler_HB1JEADXX_ACTTGA_read34","MuTIR_1",96.875,64,1,1,38,101,1,63,1.31e-27,106,"ATTGGTTGG","-"
"163",256,"Ci90CGoodman-Buckler_HB1JEADXX_ACTTGA_read47","MuTIR_1",93.846,65,3,1,63,127,1,64,7.88e-25,97.1,"GTTGGCGTT","-"
"165",280,"Ci90CGoodman-Buckler_HB1JEADXX_ACTTGA_read109","MuTIR_2",91.111,90,8,0,60,149,1,90,1.3e-32,122,"ACAGACTCC","+"
"166",281,"Ci90CGoodman-Buckler_HB1JEADXX_ACTTGA_read110","MuTIR_2",87.387,111,14,0,39,149,1,111,2.79e-34,128,"GCTGGGAAG","+"
"167",282,"Ci90CGoodman-Buckler_HB1JEADXX_ACTTGA_read111","MuTIR_2",91.667,72,6,0,48,119,1,72,6.09e-26,100,"CTGTCAGAG","+"
"168",283,"Ci90CGoodman-Buckler_HB1JEADXX_ACTTGA_read112","MuTIR_2",91.453,117,10,0,14,130,1,117,2.76e-44,161,"TGCAATGAT","+"
"172",287,"Ci90CGoodman-Buckler_HB1JEADXX_ACTTGA_read117","MuTIR_2",91.473,129,11,0,9,137,1,129,2.74e-49,178,"CGGATCGAA","-"
"181",299,"Ci90CGoodman-Buckler_HB1JEADXX_ACTTGA_read141","MuTIR_2",89.706,68,5,2,79,145,1,67,1.71e-21,86.1,"CCCCCTCCC","+"
"182",300,"Ci90CGoodman-Buckler_HB1JEADXX_ACTTGA_read142","MuTIR_2",86.822,129,15,2,11,138,1,128,9.98e-39,143,"CCTCCTTAA","+"
"185",305,"Ci90CGoodman-Buckler_HB1JEADXX_ACTTGA_read147","MuTIR_2",86.111,108,13,1,39,144,1,108,2.18e-30,115,"ATTCGTGTG","+"
"187",311,"Ci90CGoodman-Buckler_HB1JEADXX_ACTTGA_read168","MuTIR_3",94.03,134,8,0,17,150,1,134,4.51e-57,204,"CGTCTAGAA","+"
"189",313,"Ci90CGoodman-Buckler_HB1JEADXX_ACTTGA_read173","MuTIR_3",90.698,86,8,0,66,151,1,86,2.18e-30,115,"GAACCTAGA","+"
"193",317,"Ci90CGoodman-Buckler_HB1JEADXX_ACTTGA_read181","MuTIR_3",90.909,88,8,0,56,143,1,88,1.68e-31,119,"GGAATAGGT","+"
"194",318,"Ci90CGoodman-Buckler_HB1JEADXX_ACTTGA_read183","MuTIR_3",90.265,113,11,0,39,151,1,113,2.15e-40,148,"CCTCTAGAG","+"
"195",319,"Ci90CGoodman-Buckler_HB1JEADXX_ACTTGA_read184","MuTIR_3",94.253,87,5,0,48,134,1,87,6.01e-36,134,"ACTGACGGG","+"
"205",331,"Ci90CGoodman-Buckler_HB1JEADXX_ACTTGA_read198","MuTIR_3",94.815,135,7,0,17,151,1,135,2.7e-59,211,"CCGCGCAGA","+"
"206",332,"Ci90CGoodman-Buckler_HB1JEADXX_ACTTGA_read199","MuTIR_3",92.784,97,7,0,44,140,1,97,3.59e-38,141,"GACCTCAAA","+"
"207",333,"Ci90CGoodman-Buckler_HB1JEADXX_ACTTGA_read201","MuTIR_3",95.455,110,5,0,42,151,1,110,9.84e-49,176,"GACCCTTTG","+"
"208",334,"Ci90CGoodman-Buckler_HB1JEADXX_ACTTGA_read202","MuTIR_3",94.34,106,6,0,44,149,1,106,7.66e-45,163,"TTTTTACAG","+"
"211",357,"Ci90CGoodman-Buckler_HB1JEADXX_ACTTGA_read239","MuTIR_4",93.103,58,4,0,92,149,1,58,1.71e-21,86.1,"CGGCCACCG","+"
"212",358,"Ci90CGoodman-Buckler_HB1JEADXX_ACTTGA_read240","MuTIR_4",96.471,85,3,0,61,145,1,85,3.59e-38,141,"GACACCCCC","+"
"213",359,"Ci90CGoodman-Buckler_HB1JEADXX_ACTTGA_read241","MuTIR_4",88.889,81,8,1,55,135,1,80,2.19e-25,99,"GCCATTAAG","+"
"214",360,"Ci90CGoodman-Buckler_HB1JEADXX_ACTTGA_read242","MuTIR_4",89.655,116,12,0,36,151,1,116,5.96e-41,150,"GCTGTCGAC","+"
"215",361,"Ci90CGoodman-Buckler_HB1JEADXX_ACTTGA_read245","MuTIR_4",91.176,68,6,0,84,151,1,68,1.02e-23,93.5,"GCCATTAAG","+"
"222",372,"Ci90CGoodman-Buckler_HB1JEADXX_ACTTGA_read272","MuTIR_5",91.667,72,4,1,45,114,1,72,6.09e-26,100,"GCTGCAGGA","+"
"223",373,"Ci90CGoodman-Buckler_HB1JEADXX_ACTTGA_read273","MuTIR_5",90.769,65,4,1,89,151,1,65,4.74e-22,87.9,"ACCTATTCC","+"
"224",374,"Ci90CGoodman-Buckler_HB1JEADXX_ACTTGA_read277","MuTIR_5",90.826,109,8,1,45,151,1,109,7.72e-40,147,"GCTGCAGGA","+"
"225",375,"Ci90CGoodman-Buckler_HB1JEADXX_ACTTGA_read278","MuTIR_5",95.918,49,2,0,99,147,1,49,7.94e-20,80.5,"GCTGCAGGA","+"
"228",378,"Ci90CGoodman-Buckler_HB1JEADXX_ACTTGA_read283","MuTIR_5",89.256,121,10,2,22,139,1,121,5.96e-41,150,"TCCCATTAG","-"
"230",380,"Ci90CGoodman-Buckler_HB1JEADXX_ACTTGA_read289","MuTIR_5",88.288,111,11,1,34,142,1,111,6.01e-36,134,"ATTGAGACC","+"
"234",389,"Ci90CGoodman-Buckler_HB1LCADXX_ACTTGA_read1","MuTIR_1",93.75,64,3,1,71,134,1,63,2.83e-24,95.3,"TACCTACCC","+"
"235",390,"Ci90CGoodman-Buckler_HB1LCADXX_ACTTGA_read3","MuTIR_1",92.857,126,7,2,24,149,1,124,2.11e-50,182,"GTCGCCAGC","+"
"236",391,"Ci90CGoodman-Buckler_HB1LCADXX_ACTTGA_read4","MuTIR_1",100,32,0,0,101,132,1,32,1.03e-13,60.2,"GTCGCCAGC","+"
"237",392,"Ci90CGoodman-Buckler_HB1LCADXX_ACTTGA_read6","MuTIR_1",96.667,60,1,1,92,151,1,59,2.19e-25,99,"GAAAGAGAG","+"
"243",401,"Ci90CGoodman-Buckler_HB1LCADXX_ACTTGA_read39","MuTIR_2",89.922,129,13,0,21,149,1,129,5.92e-46,167,"GGGAGGGGG","+"
"244",402,"Ci90CGoodman-Buckler_HB1LCADXX_ACTTGA_read40","MuTIR_2",91.111,90,8,0,58,147,1,90,1.3e-32,122,"GGGAGGGGG","+"
"245",403,"Ci90CGoodman-Buckler_HB1LCADXX_ACTTGA_read42","MuTIR_2",95.385,65,3,0,87,151,1,65,4.71e-27,104,"TGCCGCCGC","+"
"248",407,"Ci90CGoodman-Buckler_HB1LCADXX_ACTTGA_read51","MuTIR_2",87.952,83,7,1,48,127,1,83,2.83e-24,95.3,"CTCGTTGGA","+"
"249",408,"Ci90CGoodman-Buckler_HB1LCADXX_ACTTGA_read52","MuTIR_2",87.719,57,4,1,98,151,1,57,7.99e-15,63.9,"CTCGTTGGA","+"
"252",416,"Ci90CGoodman-Buckler_HB1LCADXX_ACTTGA_read67","MuTIR_3",94.068,118,5,2,25,141,1,117,2.74e-49,178,"CATATGTAC","+"
"255",419,"Ci90CGoodman-Buckler_HB1LCADXX_ACTTGA_read73","MuTIR_3",93.182,88,6,0,64,151,1,88,7.77e-35,130,"TTCTAGACG","+"
"256",420,"Ci90CGoodman-Buckler_HB1LCADXX_ACTTGA_read76","MuTIR_3",95.098,102,5,0,44,145,1,102,2.76e-44,161,"CCTTGCATT","+"
"260",425,"Ci90CGoodman-Buckler_HB1LCADXX_ACTTGA_read87","MuTIR_3",94.737,76,4,0,76,151,1,76,1.68e-31,119,"TCAAACAGG","+"
"262",429,"Ci90CGoodman-Buckler_HB1LCADXX_ACTTGA_read99","MuTIR_4",95.062,81,4,0,56,136,1,81,2.79e-34,128,"CTCTCTTGC","+"
"263",430,"Ci90CGoodman-Buckler_HB1LCADXX_ACTTGA_read102","MuTIR_4",90.833,120,11,0,11,130,1,120,7.66e-45,163,"CTTTTATGC","-"
"264",432,"Ci90CGoodman-Buckler_HB1LCADXX_ACTTGA_read109","MuTIR_5",89.256,121,10,2,28,145,1,121,5.96e-41,150,"ACCTATTCC","+"
"265",433,"Ci90CGoodman-Buckler_HB1LCADXX_ACTTGA_read111","MuTIR_5",89.256,121,10,2,16,133,1,121,5.96e-41,150,"TCCCATTAG","-"
"268",436,"Ci90CGoodman-Buckler_HB1LCADXX_ACTTGA_read119","MuTIR_6",94.03,134,8,0,18,151,1,134,4.51e-57,204,"AGGAGAGGG","+"
"269",438,"Ci90CGoodman-Buckler_HB1LCADXX_ACTTGA_read125","MuTIR_7",90.323,62,6,0,90,151,1,62,1.71e-21,86.1,"TACCTAGTT","+"
