"","X","qname","sname","percent_identity","alignment_length","mismatches","gap_opens","q_start","q_end","s_start","s_end","evalue","bit_score","tsds","strand"
"1",1,"Ci91BGoodman-Buckler_HBEN2ADXX_ACTGAT_read2","MuTIR_1",93.684,95,5,1,26,120,1,94,3.59e-38,141,"CTCTCTACC","+"
"2",2,"Ci91BGoodman-Buckler_HBEN2ADXX_ACTGAT_read3","MuTIR_1",94.574,129,6,1,23,151,1,128,2.1e-55,198,"GAAAGAGAG","+"
"3",3,"Ci91BGoodman-Buckler_HBEN2ADXX_ACTGAT_read4","MuTIR_1",94.958,119,5,1,30,148,1,118,1.63e-51,185,"GGCTGGCGG","+"
"4",4,"Ci91BGoodman-Buckler_HBEN2ADXX_ACTGAT_read5","MuTIR_1",94.286,140,7,1,12,151,1,139,7.5e-60,213,"CCGCACTCC","+"
"5",5,"Ci91BGoodman-Buckler_HBEN2ADXX_ACTGAT_read6","MuTIR_1",95.789,95,3,1,15,109,1,94,1.66e-41,152,"CAAGGTGGG","+"
"6",6,"Ci91BGoodman-Buckler_HBEN2ADXX_ACTGAT_read7","MuTIR_1",97.222,72,1,1,77,148,1,71,4.68e-32,121,"CAAATCGAG","+"
"7",7,"Ci91BGoodman-Buckler_HBEN2ADXX_ACTGAT_read8","MuTIR_1",95.833,96,3,1,56,151,1,95,4.61e-42,154,"CCCACCTTG","+"
"8",8,"Ci91BGoodman-Buckler_HBEN2ADXX_ACTGAT_read10","MuTIR_1",94.737,95,4,1,48,142,1,94,7.72e-40,147,"GGCCCTGGC","+"
"9",9,"Ci91BGoodman-Buckler_HBEN2ADXX_ACTGAT_read12","MuTIR_1",93.684,95,5,1,12,106,1,94,3.59e-38,141,"CTCTCTACC","+"
"12",12,"Ci91BGoodman-Buckler_HBEN2ADXX_ACTGAT_read15","MuTIR_1",93.684,95,5,1,22,116,1,94,3.59e-38,141,"TCTTCCTGA","-"
"18",18,"Ci91BGoodman-Buckler_HBEN2ADXX_ACTGAT_read23","MuTIR_1",94.737,76,3,1,9,84,1,75,6.05e-31,117,"TTCAAGCAG","-"
"19",20,"Ci91BGoodman-Buckler_HBEN2ADXX_ACTGAT_read25","MuTIR_1",95.181,83,3,1,69,151,1,82,7.77e-35,130,"TTTTTTGTG","+"
"20",22,"Ci91BGoodman-Buckler_HBEN2ADXX_ACTGAT_read27","MuTIR_1",93.846,65,3,1,49,113,1,64,7.88e-25,97.1,"GTTGGCGTT","-"
"22",38,"Ci91BGoodman-Buckler_HBEN2ADXX_ACTGAT_read60","MuTIR_2",97.619,42,1,0,110,151,1,42,1.33e-17,73.1,"GCGACCTCC","+"
"23",39,"Ci91BGoodman-Buckler_HBEN2ADXX_ACTGAT_read61","MuTIR_2",91.463,82,7,0,62,143,1,82,7.83e-30,113,"ATCCACCAC","+"
"24",40,"Ci91BGoodman-Buckler_HBEN2ADXX_ACTGAT_read62","MuTIR_2",96,75,3,0,77,151,1,75,1.3e-32,122,"CCCAGAGCC","+"
"25",41,"Ci91BGoodman-Buckler_HBEN2ADXX_ACTGAT_read63","MuTIR_2",90.476,84,8,0,68,151,1,84,2.81e-29,111,"ACCCAACTG","+"
"27",43,"Ci91BGoodman-Buckler_HBEN2ADXX_ACTGAT_read66","MuTIR_2",97.333,75,2,0,77,151,1,75,2.79e-34,128,"TTCCTCGCC","+"
"28",44,"Ci91BGoodman-Buckler_HBEN2ADXX_ACTGAT_read67","MuTIR_2",90.789,76,7,0,76,151,1,76,1.69e-26,102,"ACCCAACTG","+"
"33",54,"Ci91BGoodman-Buckler_HBEN2ADXX_ACTGAT_read96","MuTIR_3",93.506,77,5,0,75,151,1,77,2.18e-30,115,"GAACCTAGA","+"
"39",61,"Ci91BGoodman-Buckler_HBEN2ADXX_ACTGAT_read108","MuTIR_3",97.222,108,3,0,44,151,1,108,5.88e-51,183,"GGCGGTGGG","+"
"42",65,"Ci91BGoodman-Buckler_HBEN2ADXX_ACTGAT_read116","MuTIR_3",94.595,111,6,0,39,149,1,111,1.27e-47,172,"TCTAAAAGA","+"
"43",66,"Ci91BGoodman-Buckler_HBEN2ADXX_ACTGAT_read117","MuTIR_3",93.258,89,6,0,63,151,1,89,2.16e-35,132,"ATTTATGAC","+"
"44",67,"Ci91BGoodman-Buckler_HBEN2ADXX_ACTGAT_read118","MuTIR_3",94.595,111,6,0,37,147,1,111,1.27e-47,172,"TCTAAAAGA","+"
"49",77,"Ci91BGoodman-Buckler_HBEN2ADXX_ACTGAT_read140","MuTIR_4",92.035,113,9,0,39,151,1,113,2.76e-44,161,"GACACCCCC","+"
"50",78,"Ci91BGoodman-Buckler_HBEN2ADXX_ACTGAT_read143","MuTIR_4",87.943,141,16,1,12,151,1,141,5.92e-46,167,"CCTCCACCG","+"
"51",79,"Ci91BGoodman-Buckler_HBEN2ADXX_ACTGAT_read144","MuTIR_4",90.714,140,13,0,3,142,1,140,1.26e-52,189,"TCGTTAGAC","-"
"53",81,"Ci91BGoodman-Buckler_HBEN2ADXX_ACTGAT_read150","MuTIR_4",86,100,13,1,35,134,1,99,1.31e-27,106,"AGCGACGAG","+"
"55",87,"Ci91BGoodman-Buckler_HBEN2ADXX_ACTGAT_read170","MuTIR_5",87.879,99,10,1,43,139,1,99,6.05e-31,117,"ACCTTGACA","+"
"57",90,"Ci91BGoodman-Buckler_HBEN2ADXX_ACTGAT_read184","MuTIR_6",96.471,85,3,0,67,151,1,85,3.59e-38,141,"TGCACTACG","+"
"61",98,"Ci91BGoodman-Buckler_HBEN2ADXX_ACTGAT_read204","MuTIR_7",91.892,111,7,2,42,151,1,110,3.56e-43,158,"TACCTAGTT","+"
"62",100,"Ci91BGoodman-Buckler_HLCY2CCXX_L8_read4","MuTIR_1",95.238,63,2,1,87,149,1,62,2.18e-25,99,"CAAGGTGGG","+"
"63",101,"Ci91BGoodman-Buckler_HLCY2CCXX_L8_read6","MuTIR_1",95.238,63,2,1,86,148,1,62,2.18e-25,99,"CAAGGTGGG","+"
"64",102,"Ci91BGoodman-Buckler_HLCY2CCXX_L8_read7","MuTIR_1",94.828,58,2,1,93,150,1,57,1.31e-22,89.8,"GCCAGGGCC","+"
"65",103,"Ci91BGoodman-Buckler_HLCY2CCXX_L8_read8","MuTIR_1",97.059,102,2,1,49,150,1,101,4.55e-47,171,"CACAAATAG","+"
"66",104,"Ci91BGoodman-Buckler_HLCY2CCXX_L8_read9","MuTIR_1",95.238,63,2,1,87,149,1,62,2.18e-25,99,"CAAGGTGGG","+"
"67",105,"Ci91BGoodman-Buckler_HLCY2CCXX_L8_read11","MuTIR_1",95.652,69,2,1,78,146,1,68,1.01e-28,110,"CTCTCTTTC","+"
"68",106,"Ci91BGoodman-Buckler_HLCY2CCXX_L8_read12","MuTIR_1",90.196,102,9,1,49,150,1,101,2.15e-35,132,"ATTGAAAGG","+"
"69",107,"Ci91BGoodman-Buckler_HLCY2CCXX_L8_read15","MuTIR_1",96.032,126,4,1,25,150,1,125,4.48e-57,204,"GAGAGCCTC","+"
"70",108,"Ci91BGoodman-Buckler_HLCY2CCXX_L8_read18","MuTIR_1",97.561,41,1,0,110,150,1,41,4.74e-17,71.3,"CTCGATTTG","+"
"71",109,"Ci91BGoodman-Buckler_HLCY2CCXX_L8_read21","MuTIR_1",96.203,79,2,1,72,150,1,78,2.77e-34,128,"GAGGCTCTC","+"
"72",110,"Ci91BGoodman-Buckler_HLCY2CCXX_L8_read22","MuTIR_1",88.462,130,11,3,21,150,1,126,4.58e-42,154,"GGGAGACCG","+"
"73",111,"Ci91BGoodman-Buckler_HLCY2CCXX_L8_read23","MuTIR_1",95.556,45,2,0,106,150,1,45,1.32e-17,73.1,"CTCTCTACC","+"
"74",112,"Ci91BGoodman-Buckler_HLCY2CCXX_L8_read26","MuTIR_1",100,35,0,0,116,150,1,35,2.21e-15,65.8,"GAGGCTCTC","+"
"75",113,"Ci91BGoodman-Buckler_HLCY2CCXX_L8_read27","MuTIR_1",95.238,63,2,1,87,149,1,62,2.18e-25,99,"CAAGGTGGG","+"
"76",114,"Ci91BGoodman-Buckler_HLCY2CCXX_L8_read30","MuTIR_1",100,48,0,0,100,147,1,48,1.31e-22,89.8,"TATTTGTGG","+"
"77",115,"Ci91BGoodman-Buckler_HLCY2CCXX_L8_read31","MuTIR_1",97.143,35,0,1,115,149,1,34,3.69e-13,58.4,"GTTTGCAGT","+"
"78",116,"Ci91BGoodman-Buckler_HLCY2CCXX_L8_read32","MuTIR_1",94.444,72,3,1,79,150,1,71,1.01e-28,110,"GTCGCCAGC","+"
"79",117,"Ci91BGoodman-Buckler_HLCY2CCXX_L8_read34","MuTIR_1",97.115,104,2,1,47,150,1,103,3.51e-48,174,"CACAAATAG","+"
"80",118,"Ci91BGoodman-Buckler_HLCY2CCXX_L8_read36","MuTIR_1",94.444,72,3,1,79,150,1,71,1.01e-28,110,"GTCGCCAGC","+"
"81",119,"Ci91BGoodman-Buckler_HLCY2CCXX_L8_read41","MuTIR_1",100,32,0,0,113,144,1,32,1.03e-13,60.2,"GAATACAAC","+"
"82",120,"Ci91BGoodman-Buckler_HLCY2CCXX_L8_read42","MuTIR_1",96.429,112,3,1,39,150,1,111,5.84e-51,183,"CAAATCGAG","+"
"83",121,"Ci91BGoodman-Buckler_HLCY2CCXX_L8_read43","MuTIR_1",97.059,102,2,1,49,150,1,101,4.55e-47,171,"CACAAATAG","+"
"84",122,"Ci91BGoodman-Buckler_HLCY2CCXX_L8_read44","MuTIR_1",97.826,46,1,0,105,150,1,46,7.88e-20,80.5,"CACAAATAG","+"
"86",124,"Ci91BGoodman-Buckler_HLCY2CCXX_L8_read47","MuTIR_1",94.444,72,3,1,79,150,1,71,1.01e-28,110,"GTCGCCAGC","+"
"88",126,"Ci91BGoodman-Buckler_HLCY2CCXX_L8_read50","MuTIR_1",97.674,43,1,0,108,150,1,43,3.67e-18,75,"ACTCCAAAC","+"
"89",127,"Ci91BGoodman-Buckler_HLCY2CCXX_L8_read54","MuTIR_1",96.053,76,2,1,75,150,1,75,1.29e-32,122,"GCTGGCGAC","+"
"90",128,"Ci91BGoodman-Buckler_HLCY2CCXX_L8_read55","MuTIR_1",95.238,63,2,1,87,149,1,62,2.18e-25,99,"CAAGGTGGG","+"
"91",129,"Ci91BGoodman-Buckler_HLCY2CCXX_L8_read57","MuTIR_1",94.444,54,2,1,97,150,1,53,2.19e-20,82.4,"GCCAGGGCC","+"
"92",130,"Ci91BGoodman-Buckler_HLCY2CCXX_L8_read58","MuTIR_1",95.238,63,2,1,87,149,1,62,2.18e-25,99,"CAAGGTGGG","+"
"93",131,"Ci91BGoodman-Buckler_HLCY2CCXX_L8_read59","MuTIR_1",97.674,43,1,0,108,150,1,43,3.67e-18,75,"ACTCCAAAC","+"
"94",132,"Ci91BGoodman-Buckler_HLCY2CCXX_L8_read61","MuTIR_1",96.262,107,3,1,44,150,1,106,3.51e-48,174,"CAAATCGAG","+"
"95",133,"Ci91BGoodman-Buckler_HLCY2CCXX_L8_read62","MuTIR_1",94.828,58,2,1,93,150,1,57,1.31e-22,89.8,"GCCAGGGCC","+"
"96",134,"Ci91BGoodman-Buckler_HLCY2CCXX_L8_read63","MuTIR_1",95.833,120,4,1,31,150,1,119,9.7e-54,193,"GTGTTAGGT","+"
"97",135,"Ci91BGoodman-Buckler_HLCY2CCXX_L8_read64","MuTIR_1",95.238,84,3,1,67,150,1,83,2.15e-35,132,"CCTAGGCCC","+"
"99",137,"Ci91BGoodman-Buckler_HLCY2CCXX_L8_read68","MuTIR_1",95.833,120,4,1,31,150,1,119,9.7e-54,193,"GTGTTAGGT","+"
"100",138,"Ci91BGoodman-Buckler_HLCY2CCXX_L8_read69","MuTIR_1",94.444,72,3,1,79,150,1,71,1.01e-28,110,"GTCGCCAGC","+"
"111",149,"Ci91BGoodman-Buckler_HLCY2CCXX_L8_read85","MuTIR_1",95.789,95,3,1,47,141,1,94,1.65e-41,152,"TCTTCCTGA","-"
"116",154,"Ci91BGoodman-Buckler_HLCY2CCXX_L8_read91","MuTIR_1",94.737,95,4,1,22,116,1,94,7.66e-40,147,"TCTTCCTGA","-"
"151",189,"Ci91BGoodman-Buckler_HLCY2CCXX_L8_read142","MuTIR_1",95.789,95,3,1,13,107,1,94,1.65e-41,152,"TCTTCCTGA","-"
"160",201,"Ci91BGoodman-Buckler_HLCY2CCXX_L8_read157","MuTIR_1",93.902,82,4,1,69,150,1,81,1.29e-32,122,"GGTAGAGAG","+"
"161",203,"Ci91BGoodman-Buckler_HLCY2CCXX_L8_read159","MuTIR_1",95.789,95,3,1,37,131,1,94,1.65e-41,152,"CCAGCAGCC","+"
"162",204,"Ci91BGoodman-Buckler_HLCY2CCXX_L8_read160","MuTIR_1",93.846,65,3,1,36,100,1,64,7.82e-25,97.1,"CTGTGCGAG","+"
"163",205,"Ci91BGoodman-Buckler_HLCY2CCXX_L8_read163","MuTIR_1",93.878,98,5,1,53,150,1,97,7.66e-40,147,"GGGCCTAGG","+"
"164",206,"Ci91BGoodman-Buckler_HLCY2CCXX_L8_read164","MuTIR_1",94.017,117,6,1,25,141,1,116,9.77e-49,176,"TACTCACTT","-"
"166",295,"Ci91BGoodman-Buckler_HLCY2CCXX_L8_read388","MuTIR_2",96.552,58,2,0,93,150,1,58,7.82e-25,97.1,"CCCAGAGCC","+"
"167",296,"Ci91BGoodman-Buckler_HLCY2CCXX_L8_read389","MuTIR_2",91.667,60,5,0,91,150,1,60,6.09e-21,84.2,"GTGTTTCCT","+"
"168",297,"Ci91BGoodman-Buckler_HLCY2CCXX_L8_read391","MuTIR_2",89.344,122,13,0,27,148,1,122,4.58e-42,154,"TCCAACGAG","+"
"169",298,"Ci91BGoodman-Buckler_HLCY2CCXX_L8_read392","MuTIR_2",92.537,67,5,0,79,145,1,67,7.82e-25,97.1,"ATCCACCAC","+"
"170",299,"Ci91BGoodman-Buckler_HLCY2CCXX_L8_read394","MuTIR_2",93.75,64,4,0,51,114,1,64,7.82e-25,97.1,"GCGACCTCC","+"
"171",300,"Ci91BGoodman-Buckler_HLCY2CCXX_L8_read395","MuTIR_2",90.909,110,10,0,41,150,1,110,2.13e-40,148,"TTAAGGAGG","+"
"172",301,"Ci91BGoodman-Buckler_HLCY2CCXX_L8_read397","MuTIR_2",93.182,132,9,0,19,150,1,132,2.7e-54,195,"GCTGCTGTG","+"
"173",302,"Ci91BGoodman-Buckler_HLCY2CCXX_L8_read399","MuTIR_2",90.598,117,11,0,34,150,1,117,1.27e-42,156,"GGGAGGGGG","+"
"174",303,"Ci91BGoodman-Buckler_HLCY2CCXX_L8_read400","MuTIR_2",91.111,90,8,0,59,148,1,90,1.29e-32,122,"TTAAGGAGG","+"
"175",304,"Ci91BGoodman-Buckler_HLCY2CCXX_L8_read403","MuTIR_2",91,100,9,0,51,150,1,100,1.66e-36,135,"CCGTGACCC","+"
"176",305,"Ci91BGoodman-Buckler_HLCY2CCXX_L8_read406","MuTIR_2",89.928,139,14,0,12,150,1,139,7.55e-50,180,"TTAAGGAGG","+"
"177",306,"Ci91BGoodman-Buckler_HLCY2CCXX_L8_read407","MuTIR_2",90.789,76,7,0,75,150,1,76,1.68e-26,102,"ATCCACCAC","+"
"178",307,"Ci91BGoodman-Buckler_HLCY2CCXX_L8_read410","MuTIR_2",89.744,117,12,0,34,150,1,117,5.92e-41,150,"GGGAGGGGG","+"
"179",308,"Ci91BGoodman-Buckler_HLCY2CCXX_L8_read413","MuTIR_2",90.37,135,13,0,12,146,1,135,2.72e-49,178,"TTAAGGAGG","+"
"181",310,"Ci91BGoodman-Buckler_HLCY2CCXX_L8_read419","MuTIR_2",93.75,112,7,0,39,150,1,112,1.63e-46,169,"CTTACAAAG","+"
"182",311,"Ci91BGoodman-Buckler_HLCY2CCXX_L8_read420","MuTIR_2",91.111,90,8,0,59,148,1,90,1.29e-32,122,"TTAAGGAGG","+"
"183",312,"Ci91BGoodman-Buckler_HLCY2CCXX_L8_read423","MuTIR_2",91.463,82,7,0,68,149,1,82,7.77e-30,113,"CTGTCAGAG","+"
"185",314,"Ci91BGoodman-Buckler_HLCY2CCXX_L8_read425","MuTIR_2",91.667,60,5,0,91,150,1,60,6.09e-21,84.2,"GTGTTTCCT","+"
"186",315,"Ci91BGoodman-Buckler_HLCY2CCXX_L8_read427","MuTIR_2",89.873,79,8,0,70,148,1,79,1.68e-26,102,"ATCGACCAC","+"
"187",316,"Ci91BGoodman-Buckler_HLCY2CCXX_L8_read428","MuTIR_2",93.548,62,4,0,89,150,1,62,1.01e-23,93.5,"TTAAGGAGG","+"
"188",317,"Ci91BGoodman-Buckler_HLCY2CCXX_L8_read430","MuTIR_2",86.792,106,14,0,45,150,1,106,1.67e-31,119,"ATCCACCAC","+"
"189",318,"Ci91BGoodman-Buckler_HLCY2CCXX_L8_read432","MuTIR_2",86.792,106,14,0,45,150,1,106,1.67e-31,119,"ATCCACCAC","+"
"190",319,"Ci91BGoodman-Buckler_HLCY2CCXX_L8_read433","MuTIR_2",91.111,90,8,0,59,148,1,90,1.29e-32,122,"TTAAGGAGG","+"
"191",320,"Ci91BGoodman-Buckler_HLCY2CCXX_L8_read435","MuTIR_2",96.552,58,2,0,93,150,1,58,7.82e-25,97.1,"CCCAGAGCC","+"
"192",321,"Ci91BGoodman-Buckler_HLCY2CCXX_L8_read436","MuTIR_2",94.444,90,5,0,59,148,1,90,1.28e-37,139,"TGCCGCCGC","+"
"209",338,"Ci91BGoodman-Buckler_HLCY2CCXX_L8_read468","MuTIR_2",91.406,128,11,0,12,139,1,128,9.77e-49,176,"CAGTAGTGA","-"
"218",360,"Ci91BGoodman-Buckler_HLCY2CCXX_L8_read515","MuTIR_2",86.747,83,8,1,65,144,1,83,1.31e-22,89.8,"CTCGTTGGA","+"
"219",361,"Ci91BGoodman-Buckler_HLCY2CCXX_L8_read516","MuTIR_2",86.364,66,6,1,88,150,1,66,1.71e-16,69.4,"CTCGTTGGA","+"
"220",362,"Ci91BGoodman-Buckler_HLCY2CCXX_L8_read517","MuTIR_2",83.824,136,19,1,15,147,1,136,9.98e-34,126,"CTCGTTGGA","+"
"223",368,"Ci91BGoodman-Buckler_HLCY2CCXX_L8_read531","MuTIR_2",86.822,129,15,2,12,139,1,128,9.91e-39,143,"CCTCCTTAA","+"
"224",369,"Ci91BGoodman-Buckler_HLCY2CCXX_L8_read532","MuTIR_2",86.047,129,16,2,12,139,1,128,4.61e-37,137,"CCTCCTTAA","+"
"225",372,"Ci91BGoodman-Buckler_HLCY2CCXX_L8_read536","MuTIR_2",86.822,129,15,2,12,139,1,128,9.91e-39,143,"CCTCCTTAA","+"
"226",373,"Ci91BGoodman-Buckler_HLCY2CCXX_L8_read537","MuTIR_2",86.047,129,16,2,12,139,1,128,4.61e-37,137,"CCTCCTTAA","+"
"229",379,"Ci91BGoodman-Buckler_HLCY2CCXX_L8_read557","MuTIR_2",88.235,85,10,0,66,150,1,85,1.68e-26,102,"GGCTCTGGG","+"
"230",380,"Ci91BGoodman-Buckler_HLCY2CCXX_L8_read558","MuTIR_2",88.312,77,9,0,74,150,1,77,1.01e-23,93.5,"TCCTTGGAC","+"
"231",381,"Ci91BGoodman-Buckler_HLCY2CCXX_L8_read559","MuTIR_2",88.889,90,10,0,58,147,1,90,2.79e-29,111,"GGCTCTGGG","+"
"232",382,"Ci91BGoodman-Buckler_HLCY2CCXX_L8_read560","MuTIR_2",88.496,113,13,0,38,150,1,113,4.61e-37,137,"TCCTTGGAC","+"
"233",383,"Ci91BGoodman-Buckler_HLCY2CCXX_L8_read561","MuTIR_2",88.235,85,10,0,66,150,1,85,1.68e-26,102,"GGCTCTGGG","+"
"234",385,"Ci91BGoodman-Buckler_HLCY2CCXX_L8_read563","MuTIR_2",88.312,77,9,0,74,150,1,77,1.01e-23,93.5,"TCCTTGGAC","+"
"238",389,"Ci91BGoodman-Buckler_HLCY2CCXX_L8_read567","MuTIR_2",88.281,128,15,0,12,139,1,128,4.58e-42,154,"CAGTAGTGA","-"
"241",392,"Ci91BGoodman-Buckler_HLCY2CCXX_L8_read593","MuTIR_3",96.078,51,2,0,100,150,1,51,6.09e-21,84.2,"TCTAGGTTC","+"
"242",393,"Ci91BGoodman-Buckler_HLCY2CCXX_L8_read594","MuTIR_3",94.118,68,4,0,83,150,1,68,4.68e-27,104,"CAACTCAGG","+"
"243",394,"Ci91BGoodman-Buckler_HLCY2CCXX_L8_read595","MuTIR_3",96.491,57,2,0,93,149,1,57,2.81e-24,95.3,"TTGACAGGT","+"
"244",395,"Ci91BGoodman-Buckler_HLCY2CCXX_L8_read596","MuTIR_3",93.701,127,8,0,24,150,1,127,3.49e-53,191,"GAACCTAGA","+"
"245",396,"Ci91BGoodman-Buckler_HLCY2CCXX_L8_read598","MuTIR_3",93.548,93,6,0,55,147,1,93,1.28e-37,139,"AAAAAATGG","+"
"246",397,"Ci91BGoodman-Buckler_HLCY2CCXX_L8_read599","MuTIR_3",93.396,106,5,2,46,150,1,105,1.27e-42,156,"CATATGTAC","+"
"248",399,"Ci91BGoodman-Buckler_HLCY2CCXX_L8_read603","MuTIR_3",92.481,133,10,0,6,138,1,133,3.49e-53,191,"AACGACGCT","-"
"251",402,"Ci91BGoodman-Buckler_HLCY2CCXX_L8_read606","MuTIR_3",92.481,133,10,0,6,138,1,133,3.49e-53,191,"AACGACGCT","-"
"252",403,"Ci91BGoodman-Buckler_HLCY2CCXX_L8_read607","MuTIR_3",92.481,133,10,0,6,138,1,133,3.49e-53,191,"AACGACGCT","-"
"263",418,"Ci91BGoodman-Buckler_HLCY2CCXX_L8_read645","MuTIR_3",92.537,134,10,0,17,150,1,134,9.7e-54,193,"GTGGTTTAG","+"
"264",419,"Ci91BGoodman-Buckler_HLCY2CCXX_L8_read647","MuTIR_3",92.481,133,10,0,14,146,1,133,3.49e-53,191,"GTTCTGTAC","+"
"266",422,"Ci91BGoodman-Buckler_HLCY2CCXX_L8_read651","MuTIR_3",92.537,134,10,0,17,150,1,134,9.7e-54,193,"GTGGTTTAG","+"
"267",423,"Ci91BGoodman-Buckler_HLCY2CCXX_L8_read652","MuTIR_3",92.481,133,10,0,14,146,1,133,3.49e-53,191,"GTTCTGTAC","+"
"268",424,"Ci91BGoodman-Buckler_HLCY2CCXX_L8_read653","MuTIR_3",89.908,109,11,0,40,148,1,109,3.56e-38,141,"TCTGAAACT","+"
"269",425,"Ci91BGoodman-Buckler_HLCY2CCXX_L8_read654","MuTIR_3",89.922,129,13,0,20,148,1,129,5.88e-46,167,"CCTCTAGAG","+"
"270",427,"Ci91BGoodman-Buckler_HLCY2CCXX_L8_read657","MuTIR_3",91.509,106,9,0,45,150,1,106,7.66e-40,147,"GGGTTCTGG","+"
"271",428,"Ci91BGoodman-Buckler_HLCY2CCXX_L8_read658","MuTIR_3",92.029,138,11,0,11,148,1,138,2.7e-54,195,"GGGTTCTGG","+"
"272",429,"Ci91BGoodman-Buckler_HLCY2CCXX_L8_read661","MuTIR_3",89.922,129,13,0,12,140,1,129,5.88e-46,167,"GGATTCAGA","-"
"277",434,"Ci91BGoodman-Buckler_HLCY2CCXX_L8_read670","MuTIR_3",89.922,129,13,0,12,140,1,129,5.88e-46,167,"GGATTCAGA","-"
"278",435,"Ci91BGoodman-Buckler_HLCY2CCXX_L8_read673","MuTIR_3",95.726,117,5,0,25,141,1,117,1.25e-52,189,"TATTCTATT","-"
"280",437,"Ci91BGoodman-Buckler_HLCY2CCXX_L8_read680","MuTIR_3",89.922,129,13,0,12,140,1,129,5.88e-46,167,"GGATTCAGA","-"
"284",443,"Ci91BGoodman-Buckler_HLCY2CCXX_L8_read690","MuTIR_3",89.922,129,13,0,12,140,1,129,5.88e-46,167,"GGATTCAGA","-"
"286",445,"Ci91BGoodman-Buckler_HLCY2CCXX_L8_read696","MuTIR_3",89.922,129,13,0,12,140,1,129,5.88e-46,167,"GGATTCAGA","-"
"287",449,"Ci91BGoodman-Buckler_HLCY2CCXX_L8_read708","MuTIR_3",94.34,106,6,0,45,150,1,106,7.61e-45,163,"GACCTCAAA","+"
"288",450,"Ci91BGoodman-Buckler_HLCY2CCXX_L8_read709","MuTIR_3",86.923,130,17,0,19,148,1,130,7.66e-40,147,"ACTGCAGTA","+"
"289",451,"Ci91BGoodman-Buckler_HLCY2CCXX_L8_read713","MuTIR_3",94.643,112,6,0,27,138,1,112,3.51e-48,174,"ATTTATGAC","+"
"290",452,"Ci91BGoodman-Buckler_HLCY2CCXX_L8_read714","MuTIR_3",93.878,98,6,0,53,150,1,98,2.13e-40,148,"GACCTCAAA","+"
"291",453,"Ci91BGoodman-Buckler_HLCY2CCXX_L8_read715","MuTIR_3",92,75,6,0,73,147,1,75,1.3e-27,106,"TCTAAAAGA","+"
"292",454,"Ci91BGoodman-Buckler_HLCY2CCXX_L8_read716","MuTIR_3",93.506,77,5,0,73,149,1,77,2.16e-30,115,"TCTAAAAGA","+"
"293",455,"Ci91BGoodman-Buckler_HLCY2CCXX_L8_read717","MuTIR_3",93.684,95,6,0,56,150,1,95,9.91e-39,143,"ATTTATGAC","+"
"294",456,"Ci91BGoodman-Buckler_HLCY2CCXX_L8_read718","MuTIR_3",91.86,86,7,0,65,150,1,86,4.64e-32,121,"CCTGTTTGA","+"
"295",457,"Ci91BGoodman-Buckler_HLCY2CCXX_L8_read719","MuTIR_3",93.878,98,6,0,53,150,1,98,2.13e-40,148,"GACCTCAAA","+"
"296",458,"Ci91BGoodman-Buckler_HLCY2CCXX_L8_read720","MuTIR_3",91.86,86,7,0,65,150,1,86,4.64e-32,121,"CCTGTTTGA","+"
"301",464,"Ci91BGoodman-Buckler_HLCY2CCXX_L8_read727","MuTIR_3",94.643,112,6,0,16,127,1,112,3.51e-48,174,"TGCACACCC","-"
"303",468,"Ci91BGoodman-Buckler_HLCY2CCXX_L8_read732","MuTIR_3",87.778,90,11,0,61,150,1,90,1.3e-27,106,"AGTTTCAGA","+"
"304",534,"Ci91BGoodman-Buckler_HLCY2CCXX_L8_read863","MuTIR_4",91,100,9,0,48,147,1,100,1.66e-36,135,"GCTTCGGCG","+"
"305",535,"Ci91BGoodman-Buckler_HLCY2CCXX_L8_read864","MuTIR_4",87.597,129,15,1,15,143,1,128,5.92e-41,150,"GTTTTTACA","+"
"306",536,"Ci91BGoodman-Buckler_HLCY2CCXX_L8_read865","MuTIR_4",91,100,9,0,48,147,1,100,1.66e-36,135,"GCTTCGGCG","+"
"307",537,"Ci91BGoodman-Buckler_HLCY2CCXX_L8_read866","MuTIR_4",94.624,93,5,0,58,150,1,93,2.76e-39,145,"GACACCCCC","+"
"308",538,"Ci91BGoodman-Buckler_HLCY2CCXX_L8_read867","MuTIR_4",95.652,46,2,0,104,149,1,46,3.67e-18,75,"CGGCCACCG","+"
"309",539,"Ci91BGoodman-Buckler_HLCY2CCXX_L8_read869","MuTIR_4",93.258,89,4,2,62,148,1,89,7.71e-35,130,"GACACCCCC","+"
"310",540,"Ci91BGoodman-Buckler_HLCY2CCXX_L8_read871","MuTIR_4",93.684,95,4,2,52,146,1,93,3.56e-38,141,"CGGCCCGTG","+"
"311",541,"Ci91BGoodman-Buckler_HLCY2CCXX_L8_read872","MuTIR_4",89.189,111,12,0,15,125,1,111,3.56e-38,141,"GTTTTTACA","+"
"312",542,"Ci91BGoodman-Buckler_HLCY2CCXX_L8_read874","MuTIR_4",94.624,93,5,0,58,150,1,93,2.76e-39,145,"GACACCCCC","+"
"314",544,"Ci91BGoodman-Buckler_HLCY2CCXX_L8_read878","MuTIR_4",90.909,77,6,1,59,134,1,77,1.68e-26,102,"CCTCCACCG","+"
"315",545,"Ci91BGoodman-Buckler_HLCY2CCXX_L8_read881","MuTIR_4",95.506,89,2,2,62,148,1,89,3.56e-38,141,"GACACCCCC","+"
"316",546,"Ci91BGoodman-Buckler_HLCY2CCXX_L8_read883","MuTIR_4",90.909,77,6,1,59,134,1,77,1.68e-26,102,"CCTCCACCG","+"
"317",547,"Ci91BGoodman-Buckler_HLCY2CCXX_L8_read884","MuTIR_4",93.684,95,4,2,52,146,1,93,3.56e-38,141,"CGGCCCGTG","+"
"320",550,"Ci91BGoodman-Buckler_HLCY2CCXX_L8_read896","MuTIR_4",87.597,129,15,1,14,142,1,128,5.92e-41,150,"GTTTTTACA","+"
"321",551,"Ci91BGoodman-Buckler_HLCY2CCXX_L8_read898","MuTIR_4",95.652,46,2,0,104,149,1,46,3.67e-18,75,"CGGCCACCG","+"
"322",552,"Ci91BGoodman-Buckler_HLCY2CCXX_L8_read904","MuTIR_4",87.77,139,17,0,12,150,1,139,2.11e-45,165,"GCCATTAAG","+"
"323",553,"Ci91BGoodman-Buckler_HLCY2CCXX_L8_read905","MuTIR_4",95.652,46,2,0,104,149,1,46,3.67e-18,75,"CGGCCACCG","+"
"324",554,"Ci91BGoodman-Buckler_HLCY2CCXX_L8_read906","MuTIR_4",93.684,95,4,2,52,146,1,93,3.56e-38,141,"CGGCCCGTG","+"
"326",556,"Ci91BGoodman-Buckler_HLCY2CCXX_L8_read909","MuTIR_4",87.597,129,15,1,12,140,1,128,5.92e-41,150,"GCAGAGCCG","-"
"333",563,"Ci91BGoodman-Buckler_HLCY2CCXX_L8_read920","MuTIR_4",90.909,77,6,1,63,138,1,77,1.68e-26,102,"CGCAAGAGG","-"
"334",564,"Ci91BGoodman-Buckler_HLCY2CCXX_L8_read921","MuTIR_4",90.909,77,6,1,63,138,1,77,1.68e-26,102,"CGCAAGAGG","-"
"337",567,"Ci91BGoodman-Buckler_HLCY2CCXX_L8_read927","MuTIR_4",87.597,129,15,1,3,131,1,128,5.92e-41,150,"GCAGAGCCG","-"
"342",572,"Ci91BGoodman-Buckler_HLCY2CCXX_L8_read946","MuTIR_4",84.545,110,16,1,41,150,1,109,1.01e-28,110,"AGCGACGAG","+"
"343",573,"Ci91BGoodman-Buckler_HLCY2CCXX_L8_read947","MuTIR_4",84.545,110,16,1,41,150,1,109,1.01e-28,110,"AGCGACGAG","+"
"344",576,"Ci91BGoodman-Buckler_HLCY2CCXX_L8_read962","MuTIR_4",86.822,129,16,1,12,140,1,128,2.76e-39,145,"GCAGAGCCG","-"
"345",579,"Ci91BGoodman-Buckler_HLCY2CCXX_L8_read978","MuTIR_4",92.632,95,5,2,52,146,1,93,1.66e-36,135,"CGGCGCGTG","+"
"347",609,"Ci91BGoodman-Buckler_HLCY2CCXX_L8_read1048","MuTIR_5",93.878,49,3,0,99,147,1,49,3.67e-18,75,"CTCAGAAAG","+"
"348",610,"Ci91BGoodman-Buckler_HLCY2CCXX_L8_read1050","MuTIR_5",88.571,105,10,1,45,147,1,105,2.77e-34,128,"ACCTTGACA","+"
"354",616,"Ci91BGoodman-Buckler_HLCY2CCXX_L8_read1062","MuTIR_5",87.5,120,13,1,22,139,1,120,1.28e-37,139,"CCGTTACAT","-"
"357",624,"Ci91BGoodman-Buckler_HLCY2CCXX_L8_read1080","MuTIR_6",94.845,97,5,0,54,150,1,97,1.65e-41,152,"TGCACTATG","+"
"358",625,"Ci91BGoodman-Buckler_HLCY2CCXX_L8_read1088","MuTIR_6",94.845,97,5,0,54,150,1,97,1.65e-41,152,"TGCACTATG","+"
"359",626,"Ci91BGoodman-Buckler_HLCY2CCXX_L8_read1096","MuTIR_6",93.814,97,6,0,54,150,1,97,7.66e-40,147,"TGCACTATG","+"
"360",627,"Ci91BGoodman-Buckler_HLCY2CCXX_L8_read1098","MuTIR_6",94.845,97,5,0,54,150,1,97,1.65e-41,152,"TGCACTATG","+"
"362",630,"Ci91BGoodman-Buckler_HLCY2CCXX_L8_read1124","MuTIR_6",95.161,62,3,0,89,150,1,62,2.18e-25,99,"TCCTAGGCT","+"
"364",632,"Ci91BGoodman-Buckler_HLCY2CCXX_L8_read1129","MuTIR_6",96.429,56,2,0,95,150,1,56,1.01e-23,93.5,"CCGTAGATC","+"
"365",633,"Ci91BGoodman-Buckler_HLCY2CCXX_L8_read1130","MuTIR_6",91.791,134,11,0,17,150,1,134,4.51e-52,187,"AGGAGAGGG","+"
"377",665,"Ci91BGoodman-Buckler_HB1JCADXX_ACTGAT_read1","MuTIR_1",94.393,107,5,1,45,151,1,106,7.66e-45,163,"GAAAAGTAG","+"
"378",666,"Ci91BGoodman-Buckler_HB1JCADXX_ACTGAT_read2","MuTIR_1",95.789,95,3,1,32,126,1,94,1.66e-41,152,"CAAGGTGGG","+"
"379",667,"Ci91BGoodman-Buckler_HB1JCADXX_ACTGAT_read3","MuTIR_1",100,32,0,0,117,148,1,32,1.03e-13,60.2,"GCCAGGGCC","+"
"380",668,"Ci91BGoodman-Buckler_HB1JCADXX_ACTGAT_read4","MuTIR_1",95.789,95,3,1,24,118,1,94,1.66e-41,152,"CCTAGGCCC","+"
"381",669,"Ci91BGoodman-Buckler_HB1JCADXX_ACTGAT_read5","MuTIR_1",94.958,119,5,1,30,148,1,118,1.63e-51,185,"GCCGTGCGA","+"
"382",670,"Ci91BGoodman-Buckler_HB1JCADXX_ACTGAT_read6","MuTIR_1",95.181,83,3,1,69,151,1,82,7.77e-35,130,"GTCGCCAGC","+"
"383",671,"Ci91BGoodman-Buckler_HB1JCADXX_ACTGAT_read9","MuTIR_1",96.97,66,1,1,86,151,1,65,1.01e-28,110,"GGAGTGCGG","+"
"384",672,"Ci91BGoodman-Buckler_HB1JCADXX_ACTGAT_read10","MuTIR_1",94.444,54,2,1,98,151,1,53,2.21e-20,82.4,"CCCACCTTG","+"
"385",673,"Ci91BGoodman-Buckler_HB1JCADXX_ACTGAT_read12","MuTIR_1",93.684,95,5,1,40,134,1,94,3.59e-38,141,"CTCTCTACC","+"
"400",696,"Ci91BGoodman-Buckler_HB1JCADXX_ACTGAT_read42","MuTIR_1",88.333,120,7,4,31,145,1,118,4.64e-37,137,"GTCTGATCT","+"
"403",708,"Ci91BGoodman-Buckler_HB1JCADXX_ACTGAT_read84","MuTIR_2",93.651,63,4,0,89,151,1,63,2.83e-24,95.3,"TGAAGTAAT","+"
"404",709,"Ci91BGoodman-Buckler_HB1JCADXX_ACTGAT_read86","MuTIR_2",98.077,52,1,0,100,151,1,52,3.67e-23,91.6,"TTCCTCGCC","+"
"405",710,"Ci91BGoodman-Buckler_HB1JCADXX_ACTGAT_read87","MuTIR_2",88.172,93,11,0,54,146,1,93,2.81e-29,111,"GAAAGTAAC","+"
"406",711,"Ci91BGoodman-Buckler_HB1JCADXX_ACTGAT_read88","MuTIR_2",93.056,72,5,0,80,151,1,72,1.31e-27,106,"CACAGCATC","+"
"407",712,"Ci91BGoodman-Buckler_HB1JCADXX_ACTGAT_read89","MuTIR_2",85.124,121,18,0,29,149,1,121,3.61e-33,124,"ATCCACCAC","+"
"408",713,"Ci91BGoodman-Buckler_HB1JCADXX_ACTGAT_read91","MuTIR_2",97.403,77,2,0,75,151,1,77,2.16e-35,132,"CTTTGTAAG","+"
"409",714,"Ci91BGoodman-Buckler_HB1JCADXX_ACTGAT_read94","MuTIR_2",89.167,120,13,0,32,151,1,120,5.96e-41,150,"CACGGGTGG","+"
"410",715,"Ci91BGoodman-Buckler_HB1JCADXX_ACTGAT_read95","MuTIR_2",89.247,93,10,0,57,149,1,93,6.05e-31,117,"ATCCACCAC","+"
"412",717,"Ci91BGoodman-Buckler_HB1JCADXX_ACTGAT_read99","MuTIR_2",91.406,128,11,0,2,129,1,128,9.84e-49,176,"CAGTAGTGA","-"
"413",718,"Ci91BGoodman-Buckler_HB1JCADXX_ACTGAT_read101","MuTIR_2",85.981,107,15,0,36,142,1,107,2.18e-30,115,"CGAACAAGA","-"
"419",735,"Ci91BGoodman-Buckler_HB1JCADXX_ACTGAT_read136","MuTIR_2",89.535,86,9,0,65,150,1,86,1.01e-28,110,"TCCTTGGAC","+"
"421",737,"Ci91BGoodman-Buckler_HB1JCADXX_ACTGAT_read142","MuTIR_3",93.333,90,6,0,59,148,1,90,6.01e-36,134,"CCTGAGTTG","+"
"423",739,"Ci91BGoodman-Buckler_HB1JCADXX_ACTGAT_read144","MuTIR_3",92.473,93,5,2,59,150,1,92,2.16e-35,132,"CATATGTAC","+"
"424",740,"Ci91BGoodman-Buckler_HB1JCADXX_ACTGAT_read146","MuTIR_3",92.647,68,3,2,85,151,1,67,7.88e-25,97.1,"CATATGTAC","+"
"425",741,"Ci91BGoodman-Buckler_HB1JCADXX_ACTGAT_read148","MuTIR_3",95.455,110,5,0,42,151,1,110,9.84e-49,176,"TTGACAGGT","+"
"431",747,"Ci91BGoodman-Buckler_HB1JCADXX_ACTGAT_read155","MuTIR_3",97.015,67,2,0,85,151,1,67,7.83e-30,113,"GGCGGTGGG","+"
"432",748,"Ci91BGoodman-Buckler_HB1JCADXX_ACTGAT_read156","MuTIR_3",92.174,115,9,0,35,149,1,115,7.66e-45,163,"CCTACAATG","+"
"435",753,"Ci91BGoodman-Buckler_HB1JCADXX_ACTGAT_read170","MuTIR_3",93.333,90,6,0,62,151,1,90,6.01e-36,134,"TCTAAAAGA","+"
"438",771,"Ci91BGoodman-Buckler_HB1JCADXX_ACTGAT_read206","MuTIR_4",95.402,87,4,0,64,150,1,87,1.29e-37,139,"CGGCCCGTG","+"
"439",772,"Ci91BGoodman-Buckler_HB1JCADXX_ACTGAT_read207","MuTIR_4",94.624,93,5,0,59,151,1,93,2.77e-39,145,"GACACCCCC","+"
"440",773,"Ci91BGoodman-Buckler_HB1JCADXX_ACTGAT_read210","MuTIR_4",91.736,121,10,0,28,148,1,121,4.58e-47,171,"GACACCCAC","+"
"444",779,"Ci91BGoodman-Buckler_HB1JCADXX_ACTGAT_read235","MuTIR_4",90.196,51,5,0,101,151,1,51,6.18e-16,67.6,"GCCATTAAG","+"
"445",782,"Ci91BGoodman-Buckler_HB1JCADXX_ACTGAT_read241","MuTIR_5",89.744,117,10,1,30,144,1,117,5.96e-41,150,"ATTGAGCCC","+"
"452",789,"Ci91BGoodman-Buckler_HB1JCADXX_ACTGAT_read255","MuTIR_6",96.97,66,2,0,83,148,1,66,2.81e-29,111,"TGCACTATG","+"
"455",792,"Ci91BGoodman-Buckler_HB1JCADXX_ACTGAT_read260","MuTIR_6",96.667,90,3,0,62,151,1,90,5.96e-41,150,"AGGAGAGGG","+"
"456",793,"Ci91BGoodman-Buckler_HB1JCADXX_ACTGAT_read261","MuTIR_6",96.842,95,3,0,57,151,1,95,9.91e-44,159,"AGGAGAGGG","+"
