"","X","qname","sname","percent_identity","alignment_length","mismatches","gap_opens","q_start","q_end","s_start","s_end","evalue","bit_score","tsds","strand"
"1",1,"CM105_H57TJBGXX_AGTCAA_read3","MuTIR_1",95.775,71,2,1,81,151,1,70,7.83e-30,113,"ATTGAAAGG","+"
"2",2,"CM105_H57TJBGXX_AGTCAA_read4","MuTIR_1",93.333,60,3,1,92,151,1,59,4.74e-22,87.9,"GCTACTTCT","+"
"3",3,"CM105_H57TJBGXX_AGTCAA_read6","MuTIR_1",94.737,95,4,1,16,110,1,94,7.72e-40,147,"TAGACCGAC","+"
"5",5,"CM105_H57TJBGXX_AGTCAA_read8","MuTIR_1",93.684,95,5,1,26,120,1,94,3.59e-38,141,"CATCCATTT","+"
"6",6,"CM105_H57TJBGXX_AGTCAA_read9","MuTIR_1",93.75,80,4,1,71,150,1,79,1.68e-31,119,"TAGACCGAC","+"
"7",7,"CM105_H57TJBGXX_AGTCAA_read11","MuTIR_1",94.737,95,4,1,42,136,1,94,7.72e-40,147,"ACTCCAAAC","+"
"8",8,"CM105_H57TJBGXX_AGTCAA_read15","MuTIR_1",95.276,127,5,1,25,151,1,126,5.84e-56,200,"ACCTAACAC","+"
"9",9,"CM105_H57TJBGXX_AGTCAA_read18","MuTIR_1",97.674,43,1,0,70,112,1,43,3.69e-18,75,"GCTGCGCTC","+"
"10",10,"CM105_H57TJBGXX_AGTCAA_read21","MuTIR_1",94.872,117,5,1,19,135,1,116,2.11e-50,182,"ACCTAACAC","+"
"11",11,"CM105_H57TJBGXX_AGTCAA_read24","MuTIR_1",92.806,139,9,1,13,151,1,138,5.84e-56,200,"CTCTCTTTC","+"
"12",12,"CM105_H57TJBGXX_AGTCAA_read25","MuTIR_1",94.828,58,2,1,94,151,1,57,1.32e-22,89.8,"CTCTCTTTC","+"
"13",13,"CM105_H57TJBGXX_AGTCAA_read28","MuTIR_1",95.775,71,2,1,81,151,1,70,7.83e-30,113,"TAGACCGAC","+"
"14",14,"CM105_H57TJBGXX_AGTCAA_read29","MuTIR_1",94.737,95,4,1,18,112,1,94,7.72e-40,147,"CATCCATTT","+"
"15",15,"CM105_H57TJBGXX_AGTCAA_read30","MuTIR_1",96,75,2,1,77,151,1,74,4.68e-32,121,"GCTGGCGAC","+"
"16",16,"CM105_H57TJBGXX_AGTCAA_read31","MuTIR_1",95.69,116,4,1,36,151,1,115,1.63e-51,185,"GTGTTAGGT","+"
"18",18,"CM105_H57TJBGXX_AGTCAA_read33","MuTIR_1",95.763,118,4,1,34,151,1,117,1.26e-52,189,"CATCCAAAC","+"
"32",32,"CM105_H57TJBGXX_AGTCAA_read54","MuTIR_1",91.579,95,7,1,20,114,1,94,7.77e-35,130,"TCTTCCTGA","-"
"34",34,"CM105_H57TJBGXX_AGTCAA_read56","MuTIR_1",94.737,95,4,1,41,135,1,94,7.72e-40,147,"TCTTCCTGA","-"
"37",39,"CM105_H57TJBGXX_AGTCAA_read67","MuTIR_1",93.662,142,7,2,10,151,1,140,2.7e-59,211,"CCCTCCCCA","+"
"38",40,"CM105_H57TJBGXX_AGTCAA_read68","MuTIR_1",93.458,107,6,1,44,150,1,106,3.56e-43,158,"CCCTCCCCA","+"
"40",45,"CM105_H57TJBGXX_AGTCAA_read75","MuTIR_1",86.316,95,6,4,56,145,1,93,7.88e-25,97.1,"GTCTGATCT","+"
"41",46,"CM105_H57TJBGXX_AGTCAA_read76","MuTIR_1",86.316,95,6,4,51,140,1,93,7.88e-25,97.1,"GTCTGATCT","+"
"42",47,"CM105_H57TJBGXX_AGTCAA_read77","MuTIR_1",86.26,131,10,5,2,127,1,128,1.67e-36,135,"TGTATCAGT","-"
"44",64,"CM105_H57TJBGXX_AGTCAA_read140","MuTIR_2",97.778,45,1,0,107,151,1,45,2.85e-19,78.7,"TTCCTCGCC","+"
"45",65,"CM105_H57TJBGXX_AGTCAA_read141","MuTIR_2",91.589,107,9,0,41,147,1,107,2.15e-40,148,"TCCAACGAG","+"
"46",66,"CM105_H57TJBGXX_AGTCAA_read143","MuTIR_2",96.491,57,2,0,92,148,1,57,2.83e-24,95.3,"TTCCTCGCC","+"
"47",67,"CM105_H57TJBGXX_AGTCAA_read146","MuTIR_2",83.824,136,22,0,16,151,1,136,7.77e-35,130,"CTCCTGCGG","+"
"48",68,"CM105_H57TJBGXX_AGTCAA_read148","MuTIR_2",93.103,116,8,0,36,151,1,116,4.58e-47,171,"TTCCTCGCC","+"
"49",69,"CM105_H57TJBGXX_AGTCAA_read150","MuTIR_2",87.097,93,12,0,58,150,1,93,1.31e-27,106,"CTCCTGCGG","+"
"50",70,"CM105_H57TJBGXX_AGTCAA_read154","MuTIR_2",86.735,98,13,0,52,149,1,98,1.01e-28,110,"CTCCTGCGG","+"
"51",71,"CM105_H57TJBGXX_AGTCAA_read155","MuTIR_2",90.654,107,10,0,34,140,1,107,9.98e-39,143,"TCCAACGAG","+"
"52",72,"CM105_H57TJBGXX_AGTCAA_read156","MuTIR_2",93.902,82,5,0,66,147,1,82,3.61e-33,124,"GTTGGAAGA","+"
"64",90,"CM105_H57TJBGXX_AGTCAA_read204","MuTIR_2",92.5,120,9,0,31,150,1,120,1.27e-47,172,"TTCTGCTAG","+"
"65",92,"CM105_H57TJBGXX_AGTCAA_read212","MuTIR_2",88.462,130,11,4,2,129,1,128,4.61e-42,154,"CAATAGCGA","-"
"68",103,"CM105_H57TJBGXX_AGTCAA_read252","MuTIR_3",93.75,80,5,0,70,149,1,80,4.68e-32,121,"AAAAAATGG","+"
"69",104,"CM105_H57TJBGXX_AGTCAA_read253","MuTIR_3",93.333,105,7,0,46,150,1,105,1.28e-42,156,"AAAAAATGG","+"
"70",105,"CM105_H57TJBGXX_AGTCAA_read254","MuTIR_3",93.284,134,9,0,16,149,1,134,2.1e-55,198,"CCGTTTTTT","+"
"72",107,"CM105_H57TJBGXX_AGTCAA_read259","MuTIR_3",92.126,127,10,0,23,149,1,127,7.61e-50,180,"GTTTCCCAA","+"
"73",108,"CM105_H57TJBGXX_AGTCAA_read262","MuTIR_3",93.407,91,6,0,61,151,1,91,1.67e-36,135,"CTTGTGCGC","+"
"74",109,"CM105_H57TJBGXX_AGTCAA_read264","MuTIR_3",92.5,80,6,0,70,149,1,80,2.18e-30,115,"AAAAAATGG","+"
"75",110,"CM105_H57TJBGXX_AGTCAA_read265","MuTIR_3",93.162,117,8,0,35,151,1,117,1.27e-47,172,"GTTTCCCAA","+"
"76",111,"CM105_H57TJBGXX_AGTCAA_read266","MuTIR_3",95.05,101,5,0,25,125,1,101,9.91e-44,159,"TTGACAGGT","+"
"77",112,"CM105_H57TJBGXX_AGTCAA_read267","MuTIR_3",97.826,46,1,0,106,151,1,46,7.94e-20,80.5,"AAAAAATGG","+"
"81",116,"CM105_H57TJBGXX_AGTCAA_read276","MuTIR_3",96.154,52,2,0,70,121,1,52,1.71e-21,86.1,"TCTACAAAA","-"
"86",126,"CM105_H57TJBGXX_AGTCAA_read295","MuTIR_3",90.909,132,12,0,20,151,1,132,2.74e-49,178,"AGGGGTCGC","+"
"87",127,"CM105_H57TJBGXX_AGTCAA_read296","MuTIR_3",92.248,129,10,0,23,151,1,129,5.88e-51,183,"GTTCTGTAC","+"
"90",130,"CM105_H57TJBGXX_AGTCAA_read299","MuTIR_3",88.462,130,15,0,15,144,1,130,3.56e-43,158,"CTTCAGAGA","+"
"91",131,"CM105_H57TJBGXX_AGTCAA_read301","MuTIR_3",91.011,89,8,0,63,151,1,89,4.68e-32,121,"AGGGGTCGC","+"
"99",142,"CM105_H57TJBGXX_AGTCAA_read325","MuTIR_3",91.743,109,9,0,43,151,1,109,1.66e-41,152,"CCGCGGAAG","+"
"100",145,"CM105_H57TJBGXX_AGTCAA_read331","MuTIR_3",92.623,122,9,0,27,148,1,122,9.84e-49,176,"CACTAGTGC","+"
"101",146,"CM105_H57TJBGXX_AGTCAA_read332","MuTIR_3",91.429,70,6,0,82,151,1,70,7.88e-25,97.1,"TCTTGCGGC","+"
"102",147,"CM105_H57TJBGXX_AGTCAA_read333","MuTIR_3",93.333,75,5,0,75,149,1,75,2.81e-29,111,"CCTGTTTGA","+"
"103",148,"CM105_H57TJBGXX_AGTCAA_read335","MuTIR_3",92.5,120,9,0,32,151,1,120,1.27e-47,172,"CACTAGTGC","+"
"104",149,"CM105_H57TJBGXX_AGTCAA_read338","MuTIR_3",91.525,118,10,0,29,146,1,118,7.66e-45,163,"CACGGGGAC","+"
"105",150,"CM105_H57TJBGXX_AGTCAA_read339","MuTIR_3",89.344,122,12,1,29,149,1,122,1.66e-41,152,"TCTTGCGGC","+"
"106",153,"CM105_H57TJBGXX_AGTCAA_read345","MuTIR_3",92.308,117,9,0,34,150,1,117,5.92e-46,167,"CACTAGTGC","+"
"123",196,"CM105_H57TJBGXX_AGTCAA_read411","MuTIR_3",85.606,132,17,2,9,140,1,130,4.64e-37,137,"AGTAACGAC","-"
"124",208,"CM105_H57TJBGXX_AGTCAA_read439","MuTIR_4",86.916,107,14,0,45,151,1,107,1.3e-32,122,"GTGACTGAG","+"
"125",209,"CM105_H57TJBGXX_AGTCAA_read440","MuTIR_4",90.833,120,11,0,12,131,1,120,7.66e-45,163,"CGGCCACCG","+"
"126",210,"CM105_H57TJBGXX_AGTCAA_read441","MuTIR_4",91.86,86,7,0,63,148,1,86,4.68e-32,121,"GTGACTGAG","+"
"127",211,"CM105_H57TJBGXX_AGTCAA_read442","MuTIR_4",93.846,65,4,0,87,151,1,65,2.19e-25,99,"GCAAGAGAG","+"
"129",213,"CM105_H57TJBGXX_AGTCAA_read445","MuTIR_4",93.548,93,6,0,59,151,1,93,1.29e-37,139,"GCAAGAGAG","+"
"130",214,"CM105_H57TJBGXX_AGTCAA_read447","MuTIR_4",88.372,129,15,0,23,151,1,129,3.56e-43,158,"GCCATTAAG","+"
"131",215,"CM105_H57TJBGXX_AGTCAA_read449","MuTIR_4",94.318,88,5,0,48,135,1,88,1.67e-36,135,"CATGAGCTG","+"
"133",217,"CM105_H57TJBGXX_AGTCAA_read453","MuTIR_4",91.228,57,5,0,95,151,1,57,2.85e-19,78.7,"CGGCCTCCG","+"
"134",218,"CM105_H57TJBGXX_AGTCAA_read455","MuTIR_4",90.833,120,11,0,20,139,1,120,7.66e-45,163,"CGGCCACCG","+"
"135",219,"CM105_H57TJBGXX_AGTCAA_read458","MuTIR_4",91.86,86,7,0,49,134,1,86,4.68e-32,121,"GTGACTGAG","+"
"143",229,"CM105_H57TJBGXX_AGTCAA_read494","MuTIR_4",88.889,135,15,0,17,151,1,135,1.65e-46,169,"GACTTTAGC","+"
"144",230,"CM105_H57TJBGXX_AGTCAA_read495","MuTIR_4",91.139,79,7,0,73,151,1,79,3.64e-28,108,"CGGCAGGTG","+"
"145",231,"CM105_H57TJBGXX_AGTCAA_read496","MuTIR_4",87.597,129,16,0,17,145,1,129,1.66e-41,152,"CGGCAGGTG","+"
"146",232,"CM105_H57TJBGXX_AGTCAA_read497","MuTIR_4",88.652,141,16,0,11,151,1,141,3.54e-48,174,"GACTTTAGC","+"
"150",241,"CM105_H57TJBGXX_AGTCAA_read533","MuTIR_5",88,75,7,1,79,151,1,75,1.32e-22,89.8,"ATTGAGCCC","+"
"151",242,"CM105_H57TJBGXX_AGTCAA_read534","MuTIR_5",90.11,91,7,1,63,151,1,91,1.68e-31,119,"ATTGAGCCC","+"
"152",243,"CM105_H57TJBGXX_AGTCAA_read536","MuTIR_5",100,30,0,0,57,86,1,30,1.34e-12,56.5,"ACCTTGACA","+"
"153",244,"CM105_H57TJBGXX_AGTCAA_read537","MuTIR_5",91.463,82,5,1,46,125,1,82,7.83e-30,113,"ACCTATTCC","+"
"154",245,"CM105_H57TJBGXX_AGTCAA_read538","MuTIR_5",100,30,0,0,50,79,1,30,1.34e-12,56.5,"ACCTTGACA","+"
"155",246,"CM105_H57TJBGXX_AGTCAA_read539","MuTIR_5",91.667,60,3,1,92,149,1,60,2.21e-20,82.4,"GCTGCAGGA","+"
"160",253,"CM105_H57TJBGXX_AGTCAA_read561","MuTIR_5",82.857,105,16,1,49,151,1,105,2.83e-24,95.3,"TCTGCAGCC","+"
"161",255,"CM105_H57TJBGXX_AGTCAA_read573","MuTIR_6",96.774,93,3,0,56,148,1,93,1.28e-42,156,"TGTACTACG","+"
"162",256,"CM105_H57TJBGXX_AGTCAA_read574","MuTIR_6",95.327,107,5,0,45,151,1,107,4.58e-47,171,"TGCACTACG","+"
"163",257,"CM105_H57TJBGXX_AGTCAA_read575","MuTIR_6",96.429,140,5,0,11,150,1,140,2.07e-65,231,"TGTACTACG","+"
"164",258,"CM105_H57TJBGXX_AGTCAA_read577","MuTIR_6",96.154,52,2,0,92,143,1,52,1.71e-21,86.1,"GGGAGGGAG","+"
"168",263,"CM105_H57TJBGXX_AGTCAA_read593","MuTIR_6",95.161,62,3,0,90,151,1,62,2.19e-25,99,"TCCTAGGCT","+"
"169",264,"CM105_H57TJBGXX_AGTCAA_read598","MuTIR_6",92.784,97,7,0,55,151,1,97,3.59e-38,141,"AGGAGAGGG","+"
"172",271,"CM105_H57TJBGXX_AGTCAA_read638","MuTIR_7",90.426,94,9,0,44,137,1,94,2.79e-34,128,"TCGTACCGC","+"
"176",278,"CM105_HLCY2CCXX_L5_read1","MuTIR_1",94.737,95,4,1,44,138,1,94,7.66e-40,147,"TAGACCGAC","+"
"177",279,"CM105_HLCY2CCXX_L5_read2","MuTIR_1",100,31,0,0,111,141,1,31,3.69e-13,58.4,"CCCACCTTG","+"
"178",280,"CM105_HLCY2CCXX_L5_read4","MuTIR_1",93.684,95,5,1,21,115,1,94,3.56e-38,141,"CTCTCTACC","+"
"179",281,"CM105_HLCY2CCXX_L5_read7","MuTIR_1",93.684,95,5,1,50,144,1,94,3.56e-38,141,"CTCTCTACC","+"
"180",282,"CM105_HLCY2CCXX_L5_read9","MuTIR_1",97.727,44,1,0,107,150,1,44,1.02e-18,76.8,"ACTCCAAAC","+"
"181",283,"CM105_HLCY2CCXX_L5_read10","MuTIR_1",96.61,59,1,1,92,150,1,58,7.82e-25,97.1,"GAGCACAAC","+"
"182",284,"CM105_HLCY2CCXX_L5_read12","MuTIR_1",93.684,95,5,1,56,150,1,94,3.56e-38,141,"CTCTCTACC","+"
"183",285,"CM105_HLCY2CCXX_L5_read13","MuTIR_1",96.512,86,2,1,64,149,1,85,3.56e-38,141,"GTCGGTCTA","+"
"184",286,"CM105_HLCY2CCXX_L5_read14","MuTIR_1",94.186,86,4,1,63,148,1,85,7.71e-35,130,"GGCGCAAGA","+"
"185",287,"CM105_HLCY2CCXX_L5_read16","MuTIR_1",96.262,107,3,1,44,150,1,106,3.51e-48,174,"ATCAAATCT","+"
"186",288,"CM105_HLCY2CCXX_L5_read20","MuTIR_1",96.154,78,2,1,73,150,1,77,9.98e-34,126,"CCCACCTTG","+"
"187",289,"CM105_HLCY2CCXX_L5_read21","MuTIR_1",94.737,95,4,1,56,150,1,94,7.66e-40,147,"AGATGTAGC","+"
"188",290,"CM105_HLCY2CCXX_L5_read22","MuTIR_1",93.684,95,5,1,16,110,1,94,3.56e-38,141,"CTCTCTACC","+"
"189",291,"CM105_HLCY2CCXX_L5_read23","MuTIR_1",95,140,6,1,11,150,1,139,1.6e-61,219,"ATCTCTGAG","+"
"191",293,"CM105_HLCY2CCXX_L5_read27","MuTIR_1",94.03,67,1,2,77,141,1,66,2.18e-25,99,"GCCGTGCGA","+"
"192",294,"CM105_HLCY2CCXX_L5_read28","MuTIR_1",94.737,95,4,1,53,147,1,94,7.66e-40,147,"TAGACCGAC","+"
"193",295,"CM105_HLCY2CCXX_L5_read29","MuTIR_1",94.545,55,2,1,96,150,1,54,6.09e-21,84.2,"CTCTCTACC","+"
"194",296,"CM105_HLCY2CCXX_L5_read32","MuTIR_1",93.684,95,5,1,56,150,1,94,3.56e-38,141,"CTCTCTACC","+"
"195",297,"CM105_HLCY2CCXX_L5_read33","MuTIR_1",95.536,112,4,1,32,143,1,111,2.72e-49,178,"CATCCAAAC","+"
"196",298,"CM105_HLCY2CCXX_L5_read34","MuTIR_1",95.536,112,4,1,32,143,1,111,2.72e-49,178,"CATCCAAAC","+"
"198",300,"CM105_HLCY2CCXX_L5_read38","MuTIR_1",93.617,141,8,1,10,150,1,140,9.63e-59,209,"ATTGAAAGG","+"
"199",301,"CM105_HLCY2CCXX_L5_read40","MuTIR_1",94.059,101,5,1,48,148,1,100,1.65e-41,152,"GGCGCAAGA","+"
"201",303,"CM105_HLCY2CCXX_L5_read42","MuTIR_1",95.385,65,2,1,86,150,1,64,1.68e-26,102,"GTCGCCAGC","+"
"202",304,"CM105_HLCY2CCXX_L5_read44","MuTIR_1",93.684,95,5,1,56,150,1,94,3.56e-38,141,"CTCTCTACC","+"
"203",305,"CM105_HLCY2CCXX_L5_read45","MuTIR_1",94.915,59,2,1,92,150,1,58,3.64e-23,91.6,"CAAGGTGGG","+"
"204",306,"CM105_HLCY2CCXX_L5_read47","MuTIR_1",96.154,78,2,1,73,150,1,77,9.98e-34,126,"CCCACCTTG","+"
"205",307,"CM105_HLCY2CCXX_L5_read48","MuTIR_1",95,140,6,1,11,150,1,139,1.6e-61,219,"ATCTCTGAG","+"
"206",308,"CM105_HLCY2CCXX_L5_read50","MuTIR_1",97.674,43,1,0,108,150,1,43,3.67e-18,75,"ACTCCAAAC","+"
"207",309,"CM105_HLCY2CCXX_L5_read51","MuTIR_1",93.22,118,5,2,25,140,1,117,4.55e-47,171,"GCCGTGCGA","+"
"208",310,"CM105_HLCY2CCXX_L5_read53","MuTIR_1",94.495,109,3,2,44,150,1,108,2.11e-45,165,"GCCGTGCGA","+"
"209",311,"CM105_HLCY2CCXX_L5_read54","MuTIR_1",93.684,95,5,1,27,121,1,94,3.56e-38,141,"GCTGGCGAC","+"
"211",313,"CM105_HLCY2CCXX_L5_read56","MuTIR_1",94.937,79,3,1,72,150,1,78,1.29e-32,122,"TAGACCGAC","+"
"218",320,"CM105_HLCY2CCXX_L5_read68","MuTIR_1",93.684,95,5,1,18,112,1,94,3.56e-38,141,"TCTTCCTGA","-"
"223",325,"CM105_HLCY2CCXX_L5_read78","MuTIR_1",95.789,95,3,1,9,103,1,94,1.65e-41,152,"TCTTTCTGA","-"
"227",329,"CM105_HLCY2CCXX_L5_read85","MuTIR_1",94.737,95,4,1,29,123,1,94,7.66e-40,147,"TTTTCCTAA","-"
"228",330,"CM105_HLCY2CCXX_L5_read87","MuTIR_1",93.684,95,5,1,37,131,1,94,3.56e-38,141,"TCTTCCTGA","-"
"230",332,"CM105_HLCY2CCXX_L5_read89","MuTIR_1",93.684,95,5,1,35,129,1,94,3.56e-38,141,"TCTTTCTGA","-"
"231",333,"CM105_HLCY2CCXX_L5_read90","MuTIR_1",93.684,95,5,1,18,112,1,94,3.56e-38,141,"TCTTCCTGA","-"
"243",345,"CM105_HLCY2CCXX_L5_read105","MuTIR_1",93.684,95,5,1,18,112,1,94,3.56e-38,141,"TCTTCCTGA","-"
"244",346,"CM105_HLCY2CCXX_L5_read106","MuTIR_1",95.789,95,3,1,40,134,1,94,1.65e-41,152,"TCTTTCTGA","-"
"248",350,"CM105_HLCY2CCXX_L5_read116","MuTIR_1",93.684,95,5,1,46,140,1,94,3.56e-38,141,"TCTTCCTGA","-"
"251",356,"CM105_HLCY2CCXX_L5_read125","MuTIR_1",91.919,99,7,1,52,150,1,98,4.61e-37,137,"GGTAGAGAG","+"
"252",357,"CM105_HLCY2CCXX_L5_read126","MuTIR_1",90.756,119,10,1,27,145,1,118,3.54e-43,158,"GGTAGAGAG","+"
"254",359,"CM105_HLCY2CCXX_L5_read129","MuTIR_1",91.597,119,9,1,27,145,1,118,7.61e-45,163,"GGTAGAGAG","+"
"255",360,"CM105_HLCY2CCXX_L5_read130","MuTIR_1",95.745,47,2,0,101,147,1,47,1.02e-18,76.8,"CCCTCCCCA","+"
"256",365,"CM105_HLCY2CCXX_L5_read137","MuTIR_1",90.476,126,10,2,11,136,1,124,2.11e-45,165,"GGTAGAGAG","+"
"257",366,"CM105_HLCY2CCXX_L5_read138","MuTIR_1",92.683,82,5,1,69,150,1,81,6.01e-31,117,"CTTTGGATG","+"
"264",440,"CM105_HLCY2CCXX_L5_read319","MuTIR_2",89.394,132,13,1,18,149,1,131,2.11e-45,165,"TCCAACGAG","+"
"265",441,"CM105_HLCY2CCXX_L5_read320","MuTIR_2",91.089,101,9,0,48,148,1,101,4.61e-37,137,"GTTGGAAGA","+"
"266",442,"CM105_HLCY2CCXX_L5_read321","MuTIR_2",92.647,68,5,0,82,149,1,68,2.18e-25,99,"ACCCAACTG","+"
"267",443,"CM105_HLCY2CCXX_L5_read324","MuTIR_2",93.913,115,7,0,36,150,1,115,3.51e-48,174,"TTCTGCTAG","+"
"268",444,"CM105_HLCY2CCXX_L5_read329","MuTIR_2",89.394,132,13,1,18,149,1,131,2.11e-45,165,"TCCAACGAG","+"
"269",445,"CM105_HLCY2CCXX_L5_read332","MuTIR_2",93.798,129,8,0,20,148,1,129,2.7e-54,195,"CCCAGAGCC","+"
"270",446,"CM105_HLCY2CCXX_L5_read333","MuTIR_2",89.844,128,13,0,12,139,1,128,2.11e-45,165,"GTGTTTCCT","+"
"271",447,"CM105_HLCY2CCXX_L5_read336","MuTIR_2",91.667,120,10,0,28,147,1,120,5.88e-46,167,"TGAAGTAAT","+"
"272",448,"CM105_HLCY2CCXX_L5_read341","MuTIR_2",96.97,66,2,0,85,150,1,66,2.79e-29,111,"GACCGGGCG","+"
"273",449,"CM105_HLCY2CCXX_L5_read345","MuTIR_2",91.379,116,10,0,33,148,1,116,9.84e-44,159,"GTTGGAAGA","+"
"274",450,"CM105_HLCY2CCXX_L5_read347","MuTIR_2",95.161,62,3,0,89,150,1,62,2.18e-25,99,"TGCCGCCGC","+"
"275",451,"CM105_HLCY2CCXX_L5_read349","MuTIR_2",91.379,116,10,0,33,148,1,116,9.84e-44,159,"GTTGGAAGA","+"
"276",452,"CM105_HLCY2CCXX_L5_read350","MuTIR_2",94.175,103,6,0,48,150,1,103,3.54e-43,158,"TTCCTCGCC","+"
"277",453,"CM105_HLCY2CCXX_L5_read351","MuTIR_2",91.089,101,9,0,48,148,1,101,4.61e-37,137,"GTTGGAAGA","+"
"278",454,"CM105_HLCY2CCXX_L5_read359","MuTIR_2",93.75,128,8,0,23,150,1,128,9.7e-54,193,"CCCTGGCGC","+"
"279",455,"CM105_HLCY2CCXX_L5_read365","MuTIR_2",93.6,125,8,0,26,150,1,125,4.51e-52,187,"TTCTGCTAG","+"
"280",456,"CM105_HLCY2CCXX_L5_read366","MuTIR_2",89.844,128,13,0,17,144,1,128,2.11e-45,165,"GTTGGAAGA","+"
"281",457,"CM105_HLCY2CCXX_L5_read368","MuTIR_2",92.222,90,7,0,60,149,1,90,2.77e-34,128,"GTGTTTCCT","+"
"282",458,"CM105_HLCY2CCXX_L5_read369","MuTIR_2",90.789,76,7,0,72,147,1,76,1.68e-26,102,"ACCCAACTG","+"
"283",459,"CM105_HLCY2CCXX_L5_read370","MuTIR_2",93.798,129,8,0,12,140,1,129,2.7e-54,195,"CCCAGAGCC","+"
"284",460,"CM105_HLCY2CCXX_L5_read372","MuTIR_2",90.244,82,8,0,66,147,1,82,3.61e-28,108,"GCTGGGAAG","+"
"285",461,"CM105_HLCY2CCXX_L5_read373","MuTIR_2",92.941,85,6,0,66,150,1,85,3.59e-33,124,"GTTGGAAGA","+"
"290",466,"CM105_HLCY2CCXX_L5_read391","MuTIR_2",89.844,128,13,0,7,134,1,128,2.11e-45,165,"CAGTAGTGA","-"
"292",468,"CM105_HLCY2CCXX_L5_read399","MuTIR_2",89.844,128,13,0,10,137,1,128,2.11e-45,165,"CAGTAGTGA","-"
"294",470,"CM105_HLCY2CCXX_L5_read408","MuTIR_2",97.059,68,2,0,30,97,1,68,2.16e-30,115,"TGAAAGGGA","-"
"299",475,"CM105_HLCY2CCXX_L5_read422","MuTIR_2",93.798,129,8,0,3,131,1,129,2.7e-54,195,"CGGATAGAA","-"
"308",485,"CM105_HLCY2CCXX_L5_read469","MuTIR_2",92.647,68,5,0,81,148,1,68,2.18e-25,99,"CCCCGAGCC","+"
"309",486,"CM105_HLCY2CCXX_L5_read472","MuTIR_2",90,120,12,0,31,150,1,120,1.27e-42,156,"CCCCGAGCC","+"
"310",487,"CM105_HLCY2CCXX_L5_read473","MuTIR_2",92.647,68,5,0,79,146,1,68,2.18e-25,99,"CCCCGAGCC","+"
"311",488,"CM105_HLCY2CCXX_L5_read474","MuTIR_2",89.796,98,10,0,50,147,1,98,9.98e-34,126,"CCCCGAGCC","+"
"316",504,"CM105_HLCY2CCXX_L5_read501","MuTIR_2",87.402,127,16,0,24,150,1,127,7.66e-40,147,"ACCCAACTG","+"
"317",505,"CM105_HLCY2CCXX_L5_read502","MuTIR_2",87.5,128,16,0,9,136,1,128,2.13e-40,148,"CAGTAGTGA","-"
"318",509,"CM105_HLCY2CCXX_L5_read514","MuTIR_2",86.747,83,8,1,53,132,1,83,1.31e-22,89.8,"CTCGTTGGA","+"
"320",511,"CM105_HLCY2CCXX_L5_read516","MuTIR_2",86.747,83,8,1,48,127,1,83,1.31e-22,89.8,"AAGATGACA","-"
"321",518,"CM105_HLCY2CCXX_L5_read533","MuTIR_2",87.963,108,9,4,45,150,1,106,3.59e-33,124,"CTGGCTGGA","+"
"325",530,"CM105_HLCY2CCXX_L5_read559","MuTIR_2",86.792,106,14,0,45,150,1,106,1.67e-31,119,"CCCACCACG","+"
"327",538,"CM105_HLCY2CCXX_L5_read567","MuTIR_2",87.179,117,15,0,34,150,1,117,5.96e-36,134,"TCCTTGGAC","+"
"328",539,"CM105_HLCY2CCXX_L5_read568","MuTIR_2",87.619,105,13,0,46,150,1,105,1.29e-32,122,"TCCTTGGAC","+"
"329",544,"CM105_HLCY2CCXX_L5_read597","MuTIR_3",96.154,52,2,0,86,137,1,52,1.69e-21,86.1,"CTCACTCAC","+"
"330",545,"CM105_HLCY2CCXX_L5_read598","MuTIR_3",97.297,111,3,0,40,150,1,111,1.25e-52,189,"CTTGTGCGC","+"
"331",546,"CM105_HLCY2CCXX_L5_read599","MuTIR_3",96.154,52,2,0,86,137,1,52,1.69e-21,86.1,"CTCACTCAC","+"
"332",547,"CM105_HLCY2CCXX_L5_read600","MuTIR_3",94.444,108,6,0,43,150,1,108,5.88e-46,167,"AAAAAATGG","+"
"333",548,"CM105_HLCY2CCXX_L5_read601","MuTIR_3",92.105,76,4,2,76,150,1,75,1.3e-27,106,"CCCTGCGAG","+"
"335",550,"CM105_HLCY2CCXX_L5_read604","MuTIR_3",92.029,138,11,0,12,149,1,138,2.7e-54,195,"CCAGTAGCA","+"
"336",551,"CM105_HLCY2CCXX_L5_read606","MuTIR_3",94.737,133,7,0,17,149,1,133,3.46e-58,207,"TTGACAGGT","+"
"337",552,"CM105_HLCY2CCXX_L5_read611","MuTIR_3",95.652,46,2,0,105,150,1,46,3.67e-18,75,"TTGACAGGT","+"
"338",553,"CM105_HLCY2CCXX_L5_read614","MuTIR_3",96.154,52,2,0,99,150,1,52,1.69e-21,86.1,"CATATGTAC","+"
"339",554,"CM105_HLCY2CCXX_L5_read616","MuTIR_3",92.473,93,5,2,59,150,1,92,2.15e-35,132,"CATATGTAC","+"
"340",555,"CM105_HLCY2CCXX_L5_read618","MuTIR_3",92.473,93,5,2,59,150,1,92,2.15e-35,132,"CATATGTAC","+"
"341",556,"CM105_HLCY2CCXX_L5_read621","MuTIR_3",94.737,133,7,0,14,146,1,133,3.46e-58,207,"TTGACAGGT","+"
"342",557,"CM105_HLCY2CCXX_L5_read622","MuTIR_3",93.805,113,7,0,38,150,1,113,4.55e-47,171,"CCGTTTTTT","+"
"343",558,"CM105_HLCY2CCXX_L5_read623","MuTIR_3",95.763,118,5,0,32,149,1,118,3.49e-53,191,"TTGACAGGT","+"
"350",565,"CM105_HLCY2CCXX_L5_read635","MuTIR_3",96.154,52,2,0,82,133,1,52,1.69e-21,86.1,"TCTACAAAA","-"
"352",567,"CM105_HLCY2CCXX_L5_read637","MuTIR_3",94.068,118,5,2,22,138,1,117,2.72e-49,178,"TAAATCATT","-"
"359",595,"CM105_HLCY2CCXX_L5_read682","MuTIR_3",88.506,87,10,0,53,139,1,87,1.3e-27,106,"CCTCTAGAG","+"
"363",599,"CM105_HLCY2CCXX_L5_read689","MuTIR_3",88.372,129,15,0,13,141,1,129,1.27e-42,156,"TCTGAAACT","+"
"364",600,"CM105_HLCY2CCXX_L5_read693","MuTIR_3",91.803,122,10,0,26,147,1,122,4.55e-47,171,"ACTGCAGTA","+"
"365",602,"CM105_HLCY2CCXX_L5_read700","MuTIR_3",94.03,134,8,0,16,149,1,134,4.48e-57,204,"CCTTGCATT","+"
"370",607,"CM105_HLCY2CCXX_L5_read710","MuTIR_3",90.977,133,12,0,3,135,1,133,7.55e-50,180,"AACGACGAT","-"
"371",608,"CM105_HLCY2CCXX_L5_read711","MuTIR_3",90.977,133,12,0,3,135,1,133,7.55e-50,180,"AACGACGAT","-"
"377",614,"CM105_HLCY2CCXX_L5_read728","MuTIR_3",88.372,129,15,0,11,139,1,129,1.27e-42,156,"GGATTCAGA","-"
"379",616,"CM105_HLCY2CCXX_L5_read730","MuTIR_3",88.372,129,15,0,11,139,1,129,1.27e-42,156,"GGATTCAGA","-"
"380",627,"CM105_HLCY2CCXX_L5_read752","MuTIR_3",92.063,126,10,0,25,150,1,126,2.72e-49,178,"CTCCTCATC","+"
"381",628,"CM105_HLCY2CCXX_L5_read753","MuTIR_3",92.135,89,7,0,62,150,1,89,9.98e-34,126,"CACTAGTGC","+"
"382",629,"CM105_HLCY2CCXX_L5_read755","MuTIR_3",90.476,84,8,0,67,150,1,84,2.79e-29,111,"AGTTACGCC","+"
"383",630,"CM105_HLCY2CCXX_L5_read757","MuTIR_3",90.476,84,8,0,67,150,1,84,2.79e-29,111,"CCGCGGAAG","+"
"384",631,"CM105_HLCY2CCXX_L5_read759","MuTIR_3",90.476,84,8,0,67,150,1,84,2.79e-29,111,"CCGCGGAAG","+"
"385",632,"CM105_HLCY2CCXX_L5_read767","MuTIR_3",92.683,82,6,0,69,150,1,82,1.67e-31,119,"CTCCTCATC","+"
"386",633,"CM105_HLCY2CCXX_L5_read768","MuTIR_3",94.915,118,6,0,31,148,1,118,1.62e-51,185,"GACCCTTTG","+"
"388",635,"CM105_HLCY2CCXX_L5_read771","MuTIR_3",93.651,63,4,0,88,150,1,63,2.81e-24,95.3,"CTCCTCATA","+"
"389",636,"CM105_HLCY2CCXX_L5_read772","MuTIR_3",90.476,84,8,0,67,150,1,84,2.79e-29,111,"CCGCGGAAG","+"
"407",657,"CM105_HLCY2CCXX_L5_read806","MuTIR_3",89.6,125,13,0,26,150,1,125,9.84e-44,159,"AGTTTCAGA","+"
"411",666,"CM105_HLCY2CCXX_L5_read815","MuTIR_3",91.912,136,11,0,12,147,1,136,3.49e-53,191,"CTCCAGGAT","+"
"412",667,"CM105_HLCY2CCXX_L5_read818","MuTIR_3",92.045,88,7,0,63,150,1,88,3.59e-33,124,"CTCCAGGAT","+"
"414",741,"CM105_HLCY2CCXX_L5_read965","MuTIR_4",84.746,118,16,2,32,148,1,117,6.01e-31,117,"GTGACTGAG","+"
"415",742,"CM105_HLCY2CCXX_L5_read967","MuTIR_4",90.09,111,11,0,18,128,1,111,7.66e-40,147,"GTTTTTACA","+"
"416",743,"CM105_HLCY2CCXX_L5_read970","MuTIR_4",93.548,62,4,0,89,150,1,62,1.01e-23,93.5,"CATGAGCTG","+"
"417",744,"CM105_HLCY2CCXX_L5_read973","MuTIR_4",97.826,46,1,0,105,150,1,46,7.88e-20,80.5,"CCGAAGACT","+"
"418",745,"CM105_HLCY2CCXX_L5_read975","MuTIR_4",96.154,78,3,0,73,150,1,78,2.77e-34,128,"CCGAAGACT","+"
"419",746,"CM105_HLCY2CCXX_L5_read976","MuTIR_4",91.86,86,7,0,49,134,1,86,4.64e-32,121,"GTGACTGAG","+"
"420",747,"CM105_HLCY2CCXX_L5_read977","MuTIR_4",93.103,116,8,0,35,150,1,116,1.26e-47,172,"GCAAGAGAG","+"
"421",748,"CM105_HLCY2CCXX_L5_read978","MuTIR_4",90.071,141,14,0,10,150,1,141,1.62e-51,185,"CATGAGCTG","+"
"422",749,"CM105_HLCY2CCXX_L5_read983","MuTIR_4",95.062,81,4,0,64,144,1,81,2.77e-34,128,"CTCTCTTGC","+"
"423",750,"CM105_HLCY2CCXX_L5_read986","MuTIR_4",96.154,78,3,0,73,150,1,78,2.77e-34,128,"CCGAAGACT","+"
"425",752,"CM105_HLCY2CCXX_L5_read993","MuTIR_4",89.831,118,12,0,32,149,1,118,4.58e-42,154,"GCCATTAAG","+"
"426",753,"CM105_HLCY2CCXX_L5_read994","MuTIR_4",87.597,129,15,1,10,138,1,128,5.92e-41,150,"GTTTTTACA","+"
"427",754,"CM105_HLCY2CCXX_L5_read1000","MuTIR_4",91.86,86,7,0,63,148,1,86,4.64e-32,121,"GTGACTGAG","+"
"428",755,"CM105_HLCY2CCXX_L5_read1003","MuTIR_4",93.966,116,7,0,35,150,1,116,2.72e-49,178,"GCAAGAGAG","+"
"429",756,"CM105_HLCY2CCXX_L5_read1006","MuTIR_4",90.265,113,11,0,25,137,1,113,5.92e-41,150,"GTTTTTACA","+"
"430",757,"CM105_HLCY2CCXX_L5_read1007","MuTIR_4",90.816,98,9,0,42,139,1,98,2.15e-35,132,"GCCATTAAG","+"
"444",771,"CM105_HLCY2CCXX_L5_read1052","MuTIR_4",95.062,81,4,0,57,137,1,81,2.77e-34,128,"AAAATAGGA","-"
"446",774,"CM105_HLCY2CCXX_L5_read1066","MuTIR_4",86.923,130,16,1,20,149,1,129,7.66e-40,147,"AGCGACGAG","+"
"447",778,"CM105_HLCY2CCXX_L5_read1093","MuTIR_4",88.806,134,15,0,17,150,1,134,5.88e-46,167,"GACTTTAGC","+"
"449",792,"CM105_HLCY2CCXX_L5_read1122","MuTIR_4",86.747,83,11,0,68,150,1,83,1.01e-23,93.5,"GTGTGTGGG","+"
"450",793,"CM105_HLCY2CCXX_L5_read1123","MuTIR_4",87.591,137,17,0,14,150,1,137,2.74e-44,161,"GTGTGTGGG","+"
"455",804,"CM105_HLCY2CCXX_L5_read1145","MuTIR_4",91.379,58,5,0,93,150,1,58,7.88e-20,80.5,"GCCATTAAG","+"
"456",809,"CM105_HLCY2CCXX_L5_read1160","MuTIR_5",91.566,83,5,1,70,150,1,83,2.16e-30,115,"GCTGCAGGA","+"
"457",810,"CM105_HLCY2CCXX_L5_read1161","MuTIR_5",89.744,117,10,1,32,146,1,117,5.92e-41,150,"ATTGAGCCC","+"
"458",811,"CM105_HLCY2CCXX_L5_read1167","MuTIR_5",90.426,94,7,1,56,147,1,94,3.59e-33,124,"ATTGAGCCC","+"
"460",813,"CM105_HLCY2CCXX_L5_read1173","MuTIR_5",95.918,49,2,0,93,141,1,49,7.88e-20,80.5,"ATTGAGCCC","+"
"461",814,"CM105_HLCY2CCXX_L5_read1175","MuTIR_5",90.179,112,9,1,38,147,1,112,7.66e-40,147,"ATTGAGCCC","+"
"462",815,"CM105_HLCY2CCXX_L5_read1177","MuTIR_5",93.243,74,3,1,76,147,1,74,1.01e-28,110,"CGAGACGGC","+"
"463",816,"CM105_HLCY2CCXX_L5_read1178","MuTIR_5",90.598,117,9,1,36,150,1,117,1.27e-42,156,"CGAGACGGC","+"
"465",818,"CM105_HLCY2CCXX_L5_read1183","MuTIR_5",87.156,109,12,1,34,140,1,109,1.29e-32,122,"ATACATAAA","-"
"466",819,"CM105_HLCY2CCXX_L5_read1184","MuTIR_5",87.5,120,13,1,15,132,1,120,1.28e-37,139,"CCGTTACAT","-"
"473",830,"CM105_HLCY2CCXX_L5_read1220","MuTIR_5",83.019,106,16,1,36,139,1,106,7.82e-25,97.1,"TCTGCAGCC","+"
"474",831,"CM105_HLCY2CCXX_L5_read1221","MuTIR_5",83.019,106,16,1,28,131,1,106,7.82e-25,97.1,"CACGATGAA","-"
"476",835,"CM105_HLCY2CCXX_L5_read1241","MuTIR_6",90.805,87,8,0,58,144,1,87,6.01e-31,117,"GGGAGGGAG","+"
"477",836,"CM105_HLCY2CCXX_L5_read1247","MuTIR_6",94.828,116,6,0,35,150,1,116,2.1e-50,182,"TGCACTACG","+"
"478",837,"CM105_HLCY2CCXX_L5_read1250","MuTIR_6",96.581,117,4,0,34,150,1,117,2.7e-54,195,"TGTACTACG","+"
"479",838,"CM105_HLCY2CCXX_L5_read1252","MuTIR_6",96.296,135,5,0,16,150,1,135,1.24e-62,222,"TGCACTACG","+"
"480",839,"CM105_HLCY2CCXX_L5_read1261","MuTIR_6",97.959,49,1,0,102,150,1,49,1.69e-21,86.1,"TGCACTACG","+"
"481",840,"CM105_HLCY2CCXX_L5_read1262","MuTIR_6",96.552,116,4,0,35,150,1,116,9.7e-54,193,"TGCACTACG","+"
"483",842,"CM105_HLCY2CCXX_L5_read1267","MuTIR_6",95.652,92,4,0,59,150,1,92,2.13e-40,148,"TGCACTATG","+"
"484",843,"CM105_HLCY2CCXX_L5_read1268","MuTIR_6",100,31,0,0,120,150,1,31,3.69e-13,58.4,"TGCACTACG","+"
"498",860,"CM105_HLCY2CCXX_L5_read1309","MuTIR_6",95.161,62,3,0,89,150,1,62,2.18e-25,99,"AGGAGAGGG","+"
"499",861,"CM105_HLCY2CCXX_L5_read1310","MuTIR_6",92.784,97,7,0,54,150,1,97,3.56e-38,141,"AGGAGAGGA","+"
"505",877,"CM105_HLCY2CCXX_L5_read1389","MuTIR_7",90.722,97,9,0,47,143,1,97,5.96e-36,134,"TCGTACCGC","+"
"507",879,"CM105_HLCY2CCXX_L5_read1402","MuTIR_7",91.379,116,8,2,30,144,1,115,2.74e-44,161,"TACCTAGTT","+"
