"","X","qname","sname","percent_identity","alignment_length","mismatches","gap_opens","q_start","q_end","s_start","s_end","evalue","bit_score","tsds","strand"
"1",1,"CM7_HADTMADXX_read2","MuTIR_1",96.04,101,3,1,100,200,1,100,1.02e-44,163,"ATCTCTGAG","+"
"2",2,"CM7_HADTMADXX_read3","MuTIR_1",98.462,65,0,1,134,198,1,64,1.05e-29,113,"GAGGCTCTC","+"
"3",3,"CM7_HADTMADXX_read5","MuTIR_1",92.199,141,10,1,36,176,1,140,2.81e-55,198,"GTGAGGGAC","+"
"4",4,"CM7_HADTMADXX_read6","MuTIR_1",92.366,131,9,1,67,197,1,130,2.19e-51,185,"CCGGCCGGT","+"
"5",5,"CM7_HADTMADXX_read7","MuTIR_1",96.512,86,2,1,46,131,1,85,4.8e-38,141,"GAGAGCCTC","+"
"6",6,"CM7_HADTMADXX_read8","MuTIR_1",95.789,95,3,1,38,132,1,94,2.22e-41,152,"CAAGGTGGG","+"
"7",7,"CM7_HADTMADXX_read9","MuTIR_1",93.103,145,9,1,24,168,1,144,3.61e-59,211,"CCGTAGGGG","+"
"8",8,"CM7_HADTMADXX_read11","MuTIR_1",93.396,106,6,1,96,201,1,105,1.72e-42,156,"GAAAGAGAG","+"
"9",9,"CM7_HADTMADXX_read12","MuTIR_1",93.793,145,8,1,55,199,1,144,7.76e-61,217,"ATTGAAAGG","+"
"10",10,"CM7_HADTMADXX_read14","MuTIR_1",95.238,42,2,0,85,126,1,42,8.27e-16,67.6,"CCCACCTTG","+"
"11",11,"CM7_HADTMADXX_read17","MuTIR_1",92.982,57,3,1,92,148,1,56,2.95e-20,82.4,"GTCCCTCAC","+"
"12",12,"CM7_HADTMADXX_read21","MuTIR_1",95.789,95,3,1,46,140,1,94,2.22e-41,152,"CAAGGTGGG","+"
"13",13,"CM7_HADTMADXX_read22","MuTIR_1",96.154,52,1,1,147,198,1,51,8.21e-21,84.2,"GAAAGAGAG","+"
"14",14,"CM7_HADTMADXX_read23","MuTIR_1",93.289,149,9,1,30,178,1,148,2.16e-61,219,"GAAAGAGAG","+"
"15",15,"CM7_HADTMADXX_read25","MuTIR_1",91.791,134,8,3,11,143,1,132,7.87e-51,183,"ACAATTCTC","-"
"24",24,"CM7_HADTMADXX_read44","MuTIR_1",95.789,95,3,1,94,188,1,94,2.22e-41,152,"TCTTTCTGA","-"
"26",40,"CM7_HADTMADXX_read89","MuTIR_2",93.333,90,6,0,50,139,1,90,8.04e-36,134,"ACTGATAGA","+"
"27",41,"CM7_HADTMADXX_read92","MuTIR_2",93.976,83,5,0,51,133,1,83,1.34e-33,126,"TGCCGCCGC","+"
"28",42,"CM7_HADTMADXX_read94","MuTIR_2",87.64,89,11,0,64,152,1,89,6.3e-27,104,"GCTGGGGAG","+"
"29",43,"CM7_HADTMADXX_read95","MuTIR_2",91.549,142,10,2,61,201,1,141,3.63e-54,195,"TCTATCAGT","+"
"30",44,"CM7_HADTMADXX_read96","MuTIR_2",94,100,6,0,102,201,1,100,2.22e-41,152,"CCCAGAGCC","+"
"31",45,"CM7_HADTMADXX_read101","MuTIR_2",91.473,129,11,0,58,186,1,129,3.66e-49,178,"GAGACGAGG","+"
"33",47,"CM7_HADTMADXX_read103","MuTIR_2",90.625,128,12,0,41,168,1,128,6.12e-47,171,"CAGTAGTGA","-"
"40",54,"CM7_HADTMADXX_read115","MuTIR_2",91.473,129,11,0,31,159,1,129,3.66e-49,178,"CGGATCGAA","-"
"41",68,"CM7_HADTMADXX_read148","MuTIR_3",96.875,64,2,0,76,139,1,64,4.87e-28,108,"CTTGTGCGC","+"
"43",70,"CM7_HADTMADXX_read153","MuTIR_3",96.154,52,2,0,146,197,1,52,2.28e-21,86.1,"CATATGTAC","+"
"45",72,"CM7_HADTMADXX_read162","MuTIR_3",90.604,149,10,4,44,190,1,147,3.63e-54,195,"TTCTCGTTG","-"
"46",73,"CM7_HADTMADXX_read163","MuTIR_3",93.985,133,8,0,42,174,1,133,2.17e-56,202,"AACTACGAT","-"
"48",78,"CM7_HADTMADXX_read171","MuTIR_3",89.773,88,9,0,114,201,1,88,1.05e-29,113,"GGAGGAGAG","+"
"49",79,"CM7_HADTMADXX_read172","MuTIR_3",91.954,87,5,2,48,133,1,86,6.26e-32,121,"CTCTCCTCC","+"
"55",86,"CM7_HADTMADXX_read179","MuTIR_3",93.007,143,10,0,30,172,1,143,1.3e-58,209,"TGAAACCGG","-"
"56",89,"CM7_HADTMADXX_read183","MuTIR_3",92.473,93,7,0,43,135,1,93,8.04e-36,134,"GTTTGCTGA","+"
"57",90,"CM7_HADTMADXX_read186","MuTIR_3",91.525,118,10,0,65,182,1,118,1.02e-44,163,"AGTTACGCC","+"
"58",92,"CM7_HADTMADXX_read191","MuTIR_3",92.647,136,10,0,15,150,1,136,1.01e-54,196,"CCACTCTAT","-"
"61",108,"CM7_HADTMADXX_read235","MuTIR_4",90.833,120,11,0,63,182,1,120,1.02e-44,163,"CGGCCACCG","+"
"62",109,"CM7_HADTMADXX_read238","MuTIR_4",85.034,147,22,0,26,172,1,147,2.22e-41,152,"GGGACTGAG","+"
"63",110,"CM7_HADTMADXX_read239","MuTIR_4",88.356,146,17,0,22,167,1,146,3.66e-49,178,"GCCATTAAG","+"
"64",111,"CM7_HADTMADXX_read240","MuTIR_4",86.923,130,17,0,64,193,1,130,2.87e-40,148,"GTGACTGAG","+"
"65",112,"CM7_HADTMADXX_read244","MuTIR_4",86.923,130,17,0,30,159,1,130,2.87e-40,148,"GTGACTGAG","+"
"66",113,"CM7_HADTMADXX_read252","MuTIR_4",90.833,120,11,0,28,147,1,120,1.02e-44,163,"CTTTTATGC","-"
"67",114,"CM7_HADTMADXX_read253","MuTIR_4",86.735,98,13,0,50,147,1,98,1.35e-28,110,"AGGTTTCGT","-"
"68",115,"CM7_HADTMADXX_read255","MuTIR_4",85.034,147,22,0,43,189,1,147,2.22e-41,152,"GCCTCCTCC","-"
"69",116,"CM7_HADTMADXX_read257","MuTIR_4",86.923,130,17,0,61,190,1,130,2.87e-40,148,"CTGCAGATA","-"
"72",128,"CM7_HADTMADXX_read280","MuTIR_5",89.062,128,10,2,70,193,1,128,4.77e-43,158,"GGTATACAA","+"
"73",129,"CM7_HADTMADXX_read282","MuTIR_5",89.524,105,9,1,22,124,1,105,8.04e-36,134,"GGCTACATC","+"
"74",130,"CM7_HADTMADXX_read283","MuTIR_5",85.6,125,16,1,28,150,1,125,1.04e-34,130,"GACGCTCGC","+"
"75",131,"CM7_HADTMADXX_read287","MuTIR_5",89.062,128,10,2,52,175,1,128,4.77e-43,158,"CAGACACTA","-"
"78",134,"CM7_HADTMADXX_read298","MuTIR_6",95.349,86,4,0,116,201,1,86,6.21e-37,137,"TGCACTATG","+"
"79",135,"CM7_HADTMADXX_read300","MuTIR_6",95.035,141,7,0,61,201,1,141,1.67e-62,222,"TGCACTATG","+"
"81",137,"CM7_HADTMADXX_read306","MuTIR_6",95.455,66,3,0,128,193,1,66,1.75e-27,106,"AGGAGAGGG","+"
"82",138,"CM7_HADTMADXX_read307","MuTIR_6",95.455,110,5,0,92,201,1,110,1.32e-48,176,"AGGAGAGGG","+"
"83",139,"CM7_HADTMADXX_read308","MuTIR_6",94.495,109,5,1,77,184,1,109,7.92e-46,167,"ATGCAGATG","+"
"84",140,"CM7_HADTMADXX_read310","MuTIR_6",96.386,83,3,0,119,201,1,83,6.21e-37,137,"AGGAGAGGG","+"
"86",143,"CM7_HADTMADXX_read314","MuTIR_6",93.333,150,10,0,32,181,1,150,1.67e-62,222,"CACTGATAC","-"
"89",155,"CM7_HLC27CCXX_L2_read1","MuTIR_1",98.333,60,0,1,88,147,1,59,4.68e-27,104,"GTGAGGGAC","+"
"90",156,"CM7_HLC27CCXX_L2_read2","MuTIR_1",97.436,78,1,1,73,150,1,77,2.15e-35,132,"ATCTCTGAG","+"
"91",157,"CM7_HLC27CCXX_L2_read3","MuTIR_1",94.393,107,5,1,42,148,1,106,7.61e-45,163,"ATTGAAAGG","+"
"92",158,"CM7_HLC27CCXX_L2_read4","MuTIR_1",94.964,139,6,1,12,150,1,138,5.76e-61,217,"CCGCACTCC","+"
"93",159,"CM7_HLC27CCXX_L2_read5","MuTIR_1",97.368,76,1,1,75,150,1,75,2.77e-34,128,"CAATGAGAT","+"
"94",160,"CM7_HLC27CCXX_L2_read6","MuTIR_1",95.833,48,2,0,101,148,1,48,2.83e-19,78.7,"GAATACAAC","+"
"95",161,"CM7_HLC27CCXX_L2_read8","MuTIR_1",95.699,93,3,1,58,150,1,92,2.13e-40,148,"CCCCTACGG","+"
"96",162,"CM7_HLC27CCXX_L2_read9","MuTIR_1",95,100,4,1,51,150,1,99,1.27e-42,156,"GTGAGGGAC","+"
"97",163,"CM7_HLC27CCXX_L2_read11","MuTIR_1",97.368,38,1,0,113,150,1,38,2.21e-15,65.8,"CAATGAGAT","+"
"98",164,"CM7_HLC27CCXX_L2_read15","MuTIR_1",95.238,63,2,1,86,148,1,62,2.18e-25,99,"CAAGGTGGG","+"
"99",165,"CM7_HLC27CCXX_L2_read19","MuTIR_1",94.34,53,2,1,98,150,1,52,7.88e-20,80.5,"TAGACCGAC","+"
"100",166,"CM7_HLC27CCXX_L2_read21","MuTIR_1",94.262,122,6,1,29,150,1,121,1.62e-51,185,"CTCCATCTC","+"
"101",167,"CM7_HLC27CCXX_L2_read23","MuTIR_1",92.105,76,5,1,75,150,1,75,1.3e-27,106,"GTCGCCAGC","+"
"102",168,"CM7_HLC27CCXX_L2_read25","MuTIR_1",97.917,48,1,0,103,150,1,48,6.09e-21,84.2,"GTCGGCTGG","+"
"103",169,"CM7_HLC27CCXX_L2_read26","MuTIR_1",95.37,108,4,1,43,150,1,107,4.55e-47,171,"GAGGCTCTC","+"
"105",171,"CM7_HLC27CCXX_L2_read31","MuTIR_1",90.476,126,10,2,15,140,1,124,2.11e-45,165,"GAATACAAC","+"
"106",172,"CM7_HLC27CCXX_L2_read32","MuTIR_1",94.737,95,4,1,27,121,1,94,7.66e-40,147,"TAGACCGAC","+"
"107",173,"CM7_HLC27CCXX_L2_read34","MuTIR_1",90,140,12,2,11,150,1,138,7.55e-50,180,"CCCCTACGG","+"
"108",174,"CM7_HLC27CCXX_L2_read36","MuTIR_1",96.512,86,2,1,62,147,1,85,3.56e-38,141,"CCCACCTTG","+"
"109",175,"CM7_HLC27CCXX_L2_read37","MuTIR_1",98.333,60,0,1,88,147,1,59,4.68e-27,104,"GTGAGGGAC","+"
"110",176,"CM7_HLC27CCXX_L2_read38","MuTIR_1",91.791,134,8,3,16,148,1,132,5.84e-51,183,"GGAGAGCGC","+"
"111",177,"CM7_HLC27CCXX_L2_read39","MuTIR_1",95.238,63,2,1,87,149,1,62,2.18e-25,99,"CAAGGTGGG","+"
"112",178,"CM7_HLC27CCXX_L2_read44","MuTIR_1",95.522,67,2,1,84,150,1,66,1.3e-27,106,"GAAAGAGAG","+"
"113",179,"CM7_HLC27CCXX_L2_read46","MuTIR_1",96.364,110,3,1,41,150,1,109,7.55e-50,180,"GAGAGCCTC","+"
"114",180,"CM7_HLC27CCXX_L2_read49","MuTIR_1",97.917,48,1,0,103,150,1,48,6.09e-21,84.2,"GTCGGCTGG","+"
"115",181,"CM7_HLC27CCXX_L2_read50","MuTIR_1",93.182,132,7,2,14,145,1,130,9.7e-54,193,"CCCCTACGG","+"
"116",182,"CM7_HLC27CCXX_L2_read52","MuTIR_1",97.368,76,1,1,75,150,1,75,2.77e-34,128,"ACCGGCCGG","+"
"118",184,"CM7_HLC27CCXX_L2_read54","MuTIR_1",90,70,6,1,81,150,1,69,1.31e-22,89.8,"CCCACCTTG","+"
"119",185,"CM7_HLC27CCXX_L2_read56","MuTIR_1",96.491,57,1,1,94,150,1,56,1.01e-23,93.5,"ACCGGCCGG","+"
"120",186,"CM7_HLC27CCXX_L2_read57","MuTIR_1",93.827,81,4,1,62,142,1,80,4.64e-32,121,"CTCTCTTTC","+"
"121",187,"CM7_HLC27CCXX_L2_read59","MuTIR_1",95.833,72,2,1,79,150,1,71,2.16e-30,115,"ATTGAAAGG","+"
"122",188,"CM7_HLC27CCXX_L2_read62","MuTIR_1",97.368,76,1,1,75,150,1,75,2.77e-34,128,"CAATGAGAT","+"
"123",189,"CM7_HLC27CCXX_L2_read65","MuTIR_1",94.4,125,6,1,23,147,1,124,3.49e-53,191,"CCGGCCGGT","+"
"125",191,"CM7_HLC27CCXX_L2_read67","MuTIR_1",95.238,63,2,1,86,148,1,62,2.18e-25,99,"CAAGGTGGG","+"
"126",192,"CM7_HLC27CCXX_L2_read69","MuTIR_1",95.238,63,2,1,87,149,1,62,2.18e-25,99,"CAAGGTGGG","+"
"143",210,"CM7_HLC27CCXX_L2_read101","MuTIR_1",94.737,95,4,1,29,123,1,94,7.66e-40,147,"TTTTCCTAA","-"
"156",223,"CM7_HLC27CCXX_L2_read121","MuTIR_1",95.789,95,3,1,39,133,1,94,1.65e-41,152,"TCTTTCTGA","-"
"161",233,"CM7_HLC27CCXX_L2_read136","MuTIR_1",94.937,79,3,1,72,150,1,78,1.29e-32,122,"GGGCCTAGG","+"
"162",235,"CM7_HLC27CCXX_L2_read140","MuTIR_1",92.308,117,8,1,25,141,1,116,2.11e-45,165,"GGGCCTAGG","+"
"163",308,"CM7_HLC27CCXX_L2_read309","MuTIR_2",95.455,66,3,0,85,150,1,66,1.3e-27,106,"TGCAATGAT","+"
"164",309,"CM7_HLC27CCXX_L2_read310","MuTIR_2",94.118,68,4,0,80,147,1,68,4.68e-27,104,"AGTTTTAGG","+"
"166",311,"CM7_HLC27CCXX_L2_read312","MuTIR_2",85.714,140,20,0,10,149,1,140,2.13e-40,148,"CTACTCGGT","+"
"167",312,"CM7_HLC27CCXX_L2_read314","MuTIR_2",93.75,80,5,0,71,150,1,80,4.64e-32,121,"TGCAATGAT","+"
"168",313,"CM7_HLC27CCXX_L2_read315","MuTIR_2",91.667,120,10,0,28,147,1,120,5.88e-46,167,"TGAAGTAAT","+"
"169",314,"CM7_HLC27CCXX_L2_read318","MuTIR_2",87.611,113,14,0,34,146,1,113,2.15e-35,132,"GCTGGGAAG","+"
"170",315,"CM7_HLC27CCXX_L2_read323","MuTIR_2",92.208,77,6,0,72,148,1,77,1.01e-28,110,"GAGACGAGG","+"
"171",316,"CM7_HLC27CCXX_L2_read325","MuTIR_2",90.769,65,6,0,86,150,1,65,4.71e-22,87.9,"GGAGAAGTG","+"
"172",317,"CM7_HLC27CCXX_L2_read326","MuTIR_2",89.024,82,9,0,63,144,1,82,1.68e-26,102,"GGAGAAGTG","+"
"173",318,"CM7_HLC27CCXX_L2_read328","MuTIR_2",97.059,68,2,0,16,83,1,68,2.16e-30,115,"GACCGGGCG","+"
"174",319,"CM7_HLC27CCXX_L2_read329","MuTIR_2",97.059,68,2,0,11,78,1,68,2.16e-30,115,"GACCGGGCG","+"
"175",320,"CM7_HLC27CCXX_L2_read333","MuTIR_2",90.099,101,10,0,39,139,1,101,2.15e-35,132,"GTGTTTCCT","+"
"176",321,"CM7_HLC27CCXX_L2_read335","MuTIR_2",95.946,74,3,0,77,150,1,74,4.64e-32,121,"CCCAGAGCC","+"
"177",322,"CM7_HLC27CCXX_L2_read337","MuTIR_2",97.059,68,2,0,17,84,1,68,2.16e-30,115,"GACCGGGCG","+"
"178",323,"CM7_HLC27CCXX_L2_read338","MuTIR_2",91.818,110,9,0,39,148,1,110,4.58e-42,154,"GTGTTTCCT","+"
"179",324,"CM7_HLC27CCXX_L2_read341","MuTIR_2",89.844,128,13,0,11,138,1,128,2.11e-45,165,"TCCAACGAG","+"
"180",325,"CM7_HLC27CCXX_L2_read342","MuTIR_2",84.615,130,13,6,15,138,1,129,1.29e-32,122,"GCGACCTCC","+"
"181",326,"CM7_HLC27CCXX_L2_read348","MuTIR_2",90.625,96,9,0,55,150,1,96,2.77e-34,128,"TCCAACGAG","+"
"182",327,"CM7_HLC27CCXX_L2_read350","MuTIR_2",85.849,106,15,0,45,150,1,106,7.77e-30,113,"GGAGAAGTG","+"
"183",328,"CM7_HLC27CCXX_L2_read351","MuTIR_2",93.913,115,7,0,36,150,1,115,3.51e-48,174,"TTCCTCGCC","+"
"184",329,"CM7_HLC27CCXX_L2_read357","MuTIR_2",91.667,120,10,0,28,147,1,120,5.88e-46,167,"TGAAGTAAT","+"
"185",330,"CM7_HLC27CCXX_L2_read358","MuTIR_2",90.164,122,12,0,29,150,1,122,9.84e-44,159,"CCTAGCCGA","+"
"186",331,"CM7_HLC27CCXX_L2_read360","MuTIR_2",85.849,106,15,0,45,150,1,106,7.77e-30,113,"GGAGAAGTG","+"
"187",332,"CM7_HLC27CCXX_L2_read363","MuTIR_2",97.059,68,2,0,76,143,1,68,2.16e-30,115,"GACCGGGCG","+"
"201",346,"CM7_HLC27CCXX_L2_read391","MuTIR_2",97.059,68,2,0,4,71,1,68,2.16e-30,115,"TGAAAGGGA","-"
"202",347,"CM7_HLC27CCXX_L2_read392","MuTIR_2",97.059,68,2,0,20,87,1,68,2.16e-30,115,"TGAAAGGGA","-"
"204",349,"CM7_HLC27CCXX_L2_read401","MuTIR_2",90.625,128,12,0,14,141,1,128,4.55e-47,171,"CAGTATTGA","-"
"206",351,"CM7_HLC27CCXX_L2_read404","MuTIR_2",97.059,68,2,0,69,136,1,68,2.16e-30,115,"TGAAAGGGA","-"
"209",354,"CM7_HLC27CCXX_L2_read407","MuTIR_2",84.615,130,13,6,12,135,1,129,1.29e-32,122,"CGGATAGAA","-"
"211",356,"CM7_HLC27CCXX_L2_read412","MuTIR_2",90.625,128,12,0,12,139,1,128,4.55e-47,171,"CAGTAGTGA","-"
"226",373,"CM7_HLC27CCXX_L2_read458","MuTIR_2",92.593,108,7,1,44,150,1,108,4.58e-42,154,"GATAGCGTG","+"
"230",383,"CM7_HLC27CCXX_L2_read480","MuTIR_2",88.235,68,8,0,78,145,1,68,2.19e-20,82.4,"CACGGACGC","+"
"231",384,"CM7_HLC27CCXX_L2_read481","MuTIR_2",88.889,63,7,0,86,148,1,63,2.83e-19,78.7,"CACGGACGC","+"
"232",385,"CM7_HLC27CCXX_L2_read482","MuTIR_2",87.778,90,11,0,59,148,1,90,1.3e-27,106,"CACGGACGC","+"
"233",387,"CM7_HLC27CCXX_L2_read484","MuTIR_2",87.5,128,16,0,5,132,1,128,2.13e-40,148,"CAGTAGTGA","-"
"236",391,"CM7_HLC27CCXX_L2_read500","MuTIR_2",89.157,83,7,2,66,147,1,82,1.68e-26,102,"CCTCCTTAA","+"
"238",400,"CM7_HLC27CCXX_L2_read529","MuTIR_2",88.889,90,10,0,59,148,1,90,2.79e-29,111,"CCCACCACG","+"
"240",404,"CM7_HLC27CCXX_L2_read561","MuTIR_3",93.578,109,5,2,35,142,1,108,2.74e-44,161,"CATATGTAC","+"
"241",405,"CM7_HLC27CCXX_L2_read562","MuTIR_3",93.333,90,6,0,61,150,1,90,5.96e-36,134,"AAAACATTC","+"
"242",406,"CM7_HLC27CCXX_L2_read563","MuTIR_3",94.872,117,6,0,33,149,1,117,5.84e-51,183,"AAAACATTC","+"
"243",407,"CM7_HLC27CCXX_L2_read564","MuTIR_3",97.872,47,1,0,101,147,1,47,2.19e-20,82.4,"GAACCTAGA","+"
"244",408,"CM7_HLC27CCXX_L2_read566","MuTIR_3",95.614,114,5,0,37,150,1,114,5.84e-51,183,"CAAAATTAG","+"
"245",409,"CM7_HLC27CCXX_L2_read570","MuTIR_3",95.763,118,5,0,33,150,1,118,3.49e-53,191,"CAAAATTAG","+"
"246",410,"CM7_HLC27CCXX_L2_read571","MuTIR_3",94.048,84,5,0,60,143,1,84,2.77e-34,128,"TCCTACAGG","+"
"247",411,"CM7_HLC27CCXX_L2_read572","MuTIR_3",94.872,117,6,0,32,148,1,117,5.84e-51,183,"AAAAAATGG","+"
"248",412,"CM7_HLC27CCXX_L2_read573","MuTIR_3",95.763,118,5,0,33,150,1,118,3.49e-53,191,"CAAAATTAG","+"
"249",413,"CM7_HLC27CCXX_L2_read574","MuTIR_3",96.552,58,2,0,93,150,1,58,7.82e-25,97.1,"CTTGTGCGC","+"
"251",415,"CM7_HLC27CCXX_L2_read577","MuTIR_3",91.935,124,10,0,27,150,1,124,3.51e-48,174,"CCGTTTTTT","+"
"252",416,"CM7_HLC27CCXX_L2_read579","MuTIR_3",92.063,126,10,0,25,150,1,126,2.72e-49,178,"TCTAGGTTC","+"
"253",417,"CM7_HLC27CCXX_L2_read580","MuTIR_3",94.595,111,6,0,40,150,1,111,1.26e-47,172,"CCCCCTATG","+"
"254",418,"CM7_HLC27CCXX_L2_read581","MuTIR_3",91.026,78,5,2,74,150,1,77,4.68e-27,104,"CCCTGCGAG","+"
"255",419,"CM7_HLC27CCXX_L2_read582","MuTIR_3",96.226,53,2,0,90,142,1,53,4.71e-22,87.9,"AAAAAATGG","+"
"257",421,"CM7_HLC27CCXX_L2_read584","MuTIR_3",90.977,133,12,0,15,147,1,133,7.55e-50,180,"TCCTACAGG","+"
"258",422,"CM7_HLC27CCXX_L2_read586","MuTIR_3",92.063,126,10,0,25,150,1,126,2.72e-49,178,"TCTAGGTTC","+"
"259",423,"CM7_HLC27CCXX_L2_read589","MuTIR_3",90.58,138,13,0,11,148,1,138,5.84e-51,183,"TCTAGGTTC","+"
"261",425,"CM7_HLC27CCXX_L2_read595","MuTIR_3",94.643,112,6,0,39,150,1,112,3.51e-48,174,"AAAACATTC","+"
"262",426,"CM7_HLC27CCXX_L2_read596","MuTIR_3",91.892,111,9,0,40,150,1,111,1.27e-42,156,"TCTAGGTTC","+"
"263",427,"CM7_HLC27CCXX_L2_read597","MuTIR_3",94.488,127,7,0,24,150,1,127,7.5e-55,196,"AAAACATTC","+"
"264",428,"CM7_HLC27CCXX_L2_read598","MuTIR_3",95.455,66,3,0,85,150,1,66,1.3e-27,106,"AGTGTCCAT","+"
"265",429,"CM7_HLC27CCXX_L2_read599","MuTIR_3",97.872,47,1,0,101,147,1,47,2.19e-20,82.4,"TCTAGGTTC","+"
"266",430,"CM7_HLC27CCXX_L2_read600","MuTIR_3",95.745,47,2,0,104,150,1,47,1.02e-18,76.8,"CTTGTGCGC","+"
"267",431,"CM7_HLC27CCXX_L2_read601","MuTIR_3",94.253,87,5,0,64,150,1,87,5.96e-36,134,"AGTGTCCAT","+"
"268",432,"CM7_HLC27CCXX_L2_read602","MuTIR_3",90.625,96,9,0,55,150,1,96,2.77e-34,128,"TCTAGGTTC","+"
"285",449,"CM7_HLC27CCXX_L2_read630","MuTIR_3",94.737,133,7,0,3,135,1,133,3.46e-58,207,"AACTACGAT","-"
"290",462,"CM7_HLC27CCXX_L2_read647","MuTIR_3",89.655,87,9,0,59,145,1,87,2.79e-29,111,"CTTCTAGAG","+"
"291",463,"CM7_HLC27CCXX_L2_read648","MuTIR_3",90.588,85,8,0,66,150,1,85,7.77e-30,113,"GTCCGCGTG","+"
"292",464,"CM7_HLC27CCXX_L2_read650","MuTIR_3",91.473,129,11,0,13,141,1,129,2.72e-49,178,"CCTACAATG","+"
"294",466,"CM7_HLC27CCXX_L2_read652","MuTIR_3",90.909,99,9,0,52,150,1,99,5.96e-36,134,"GGAGGAGAG","+"
"295",467,"CM7_HLC27CCXX_L2_read654","MuTIR_3",91.473,129,11,0,20,148,1,129,2.72e-49,178,"CCTACAATG","+"
"296",468,"CM7_HLC27CCXX_L2_read655","MuTIR_3",92.5,80,5,1,71,150,1,79,7.77e-30,113,"GTTCTGTAC","+"
"297",469,"CM7_HLC27CCXX_L2_read656","MuTIR_3",94.03,134,8,0,14,147,1,134,4.48e-57,204,"ACTGACGGG","+"
"298",470,"CM7_HLC27CCXX_L2_read659","MuTIR_3",89.655,87,9,0,59,145,1,87,2.79e-29,111,"CTTCTAGAG","+"
"299",471,"CM7_HLC27CCXX_L2_read660","MuTIR_3",92.929,99,5,2,52,149,1,98,9.91e-39,143,"CTCTCCTCC","+"
"301",473,"CM7_HLC27CCXX_L2_read662","MuTIR_3",91.406,128,11,0,8,135,1,128,9.77e-49,176,"TGGATTCAG","-"
"310",483,"CM7_HLC27CCXX_L2_read685","MuTIR_3",92.623,122,9,0,29,150,1,122,9.77e-49,176,"CTCCTCATC","+"
"311",484,"CM7_HLC27CCXX_L2_read686","MuTIR_3",93.333,60,4,0,91,150,1,60,1.31e-22,89.8,"GACCCTTTG","+"
"312",485,"CM7_HLC27CCXX_L2_read688","MuTIR_3",92.727,110,8,0,41,150,1,110,9.84e-44,159,"CACTAGTGC","+"
"313",486,"CM7_HLC27CCXX_L2_read689","MuTIR_3",91.176,102,9,0,47,148,1,102,1.28e-37,139,"CACTAGTGC","+"
"314",487,"CM7_HLC27CCXX_L2_read690","MuTIR_3",92.391,92,7,0,59,150,1,92,2.15e-35,132,"GTTTGCTGA","+"
"315",488,"CM7_HLC27CCXX_L2_read692","MuTIR_3",91.729,133,11,0,16,148,1,133,1.62e-51,185,"GCACTAGTG","+"
"316",489,"CM7_HLC27CCXX_L2_read693","MuTIR_3",91.729,133,11,0,13,145,1,133,1.62e-51,185,"GCACTAGTG","+"
"317",490,"CM7_HLC27CCXX_L2_read694","MuTIR_3",90.977,133,12,0,16,148,1,133,7.55e-50,180,"GCACTAGTG","+"
"318",491,"CM7_HLC27CCXX_L2_read695","MuTIR_3",91.765,85,7,0,66,150,1,85,1.67e-31,119,"CTCCTCATC","+"
"320",494,"CM7_HLC27CCXX_L2_read701","MuTIR_3",94.667,75,4,0,73,147,1,75,6.01e-31,117,"CTCCTCATC","+"
"323",557,"CM7_HLC27CCXX_L2_read848","MuTIR_4",86.923,130,17,0,20,149,1,130,2.13e-40,148,"GTGACTGAG","+"
"325",559,"CM7_HLC27CCXX_L2_read851","MuTIR_4",86.726,113,15,0,38,150,1,113,2.77e-34,128,"GTGACTGAG","+"
"326",560,"CM7_HLC27CCXX_L2_read852","MuTIR_4",91.86,86,7,0,55,140,1,86,4.64e-32,121,"GTGACTGAG","+"
"327",561,"CM7_HLC27CCXX_L2_read853","MuTIR_4",86.923,130,17,0,18,147,1,130,2.13e-40,148,"GTGACTGAG","+"
"328",562,"CM7_HLC27CCXX_L2_read857","MuTIR_4",94.737,57,3,0,94,150,1,57,1.31e-22,89.8,"GCAAGAGAG","+"
"329",563,"CM7_HLC27CCXX_L2_read858","MuTIR_4",88.034,117,14,0,26,142,1,117,3.56e-38,141,"GTGACTGAG","+"
"331",565,"CM7_HLC27CCXX_L2_read860","MuTIR_4",90.833,120,11,0,10,129,1,120,7.61e-45,163,"CGGCCACCG","+"
"332",566,"CM7_HLC27CCXX_L2_read865","MuTIR_4",95.238,42,2,0,109,150,1,42,6.14e-16,67.6,"CGGCCACCG","+"
"333",567,"CM7_HLC27CCXX_L2_read874","MuTIR_4",95.89,73,3,0,78,150,1,73,1.67e-31,119,"CCGAAGACT","+"
"334",568,"CM7_HLC27CCXX_L2_read877","MuTIR_4",97.727,44,1,0,107,150,1,44,1.02e-18,76.8,"CCGAAGACT","+"
"335",569,"CM7_HLC27CCXX_L2_read878","MuTIR_4",91.358,81,7,0,69,149,1,81,2.79e-29,111,"GCCATTAAG","+"
"336",570,"CM7_HLC27CCXX_L2_read880","MuTIR_4",93.056,72,5,0,79,150,1,72,1.3e-27,106,"CGGCCACCG","+"
"338",572,"CM7_HLC27CCXX_L2_read886","MuTIR_4",100,31,0,0,117,147,1,31,3.69e-13,58.4,"CGGCCACCG","+"
"339",573,"CM7_HLC27CCXX_L2_read887","MuTIR_4",100,30,0,0,121,150,1,30,1.33e-12,56.5,"CGGCCACCG","+"
"346",580,"CM7_HLC27CCXX_L2_read904","MuTIR_4",86.154,130,18,0,9,138,1,130,9.91e-39,143,"CTGCAGATA","-"
"350",584,"CM7_HLC27CCXX_L2_read916","MuTIR_4",90.833,120,11,0,22,141,1,120,7.61e-45,163,"CTTTTATGC","-"
"354",590,"CM7_HLC27CCXX_L2_read929","MuTIR_4",86.923,130,16,1,21,150,1,129,7.66e-40,147,"AGCGACGAG","+"
"356",592,"CM7_HLC27CCXX_L2_read932","MuTIR_4",84.545,110,16,1,41,150,1,109,1.01e-28,110,"AGCGACGAG","+"
"358",611,"CM7_HLC27CCXX_L2_read1026","MuTIR_5",86.466,133,16,1,18,148,1,133,2.76e-39,145,"GACGCTCGC","+"
"360",613,"CM7_HLC27CCXX_L2_read1033","MuTIR_5",89.189,111,10,1,42,150,1,111,1.28e-37,139,"GGCTACATC","+"
"361",614,"CM7_HLC27CCXX_L2_read1041","MuTIR_5",86.131,137,17,1,15,149,1,137,7.66e-40,147,"GACGCTCGC","+"
"370",625,"CM7_HLC27CCXX_L2_read1088","MuTIR_6",94.853,136,7,0,15,150,1,136,7.45e-60,213,"TGCACTATG","+"
"371",626,"CM7_HLC27CCXX_L2_read1089","MuTIR_6",95.495,111,5,0,40,150,1,111,2.72e-49,178,"TGCACTATG","+"
"372",627,"CM7_HLC27CCXX_L2_read1090","MuTIR_6",95.763,118,5,0,33,150,1,118,3.49e-53,191,"TGCACTACG","+"
"373",628,"CM7_HLC27CCXX_L2_read1092","MuTIR_6",95.495,111,5,0,40,150,1,111,2.72e-49,178,"TGCACTATG","+"
"374",629,"CM7_HLC27CCXX_L2_read1097","MuTIR_6",95.763,118,5,0,33,150,1,118,3.49e-53,191,"TGCACTACG","+"
"375",630,"CM7_HLC27CCXX_L2_read1100","MuTIR_6",95.699,93,4,0,56,148,1,93,5.92e-41,150,"TGCACTATG","+"
"382",637,"CM7_HLC27CCXX_L2_read1115","MuTIR_6",95.946,74,3,0,77,150,1,74,4.64e-32,121,"AGGAGAGGG","+"
"383",638,"CM7_HLC27CCXX_L2_read1116","MuTIR_6",96.04,101,4,0,50,150,1,101,2.11e-45,165,"AGGAGAGGG","+"
"384",639,"CM7_HLC27CCXX_L2_read1117","MuTIR_6",95.614,114,4,1,35,147,1,114,2.1e-50,182,"TCCTAGGCT","+"
"385",641,"CM7_HLC27CCXX_L2_read1120","MuTIR_6",92.308,130,10,0,21,150,1,130,1.62e-51,185,"AGGAGAGGG","+"
"387",662,"CM7_HA5R1ADXX_GAGTGG_read1","MuTIR_1",91.781,146,10,2,19,164,1,144,2.17e-56,202,"CCCCTACGG","+"
"390",665,"CM7_HA5R1ADXX_GAGTGG_read4","MuTIR_1",93.007,143,9,1,59,201,1,142,4.67e-58,207,"ACCGGCCGG","+"
"391",666,"CM7_HA5R1ADXX_GAGTGG_read5","MuTIR_1",94.286,140,7,1,61,200,1,139,1e-59,213,"TTCGGCAGG","+"
"392",667,"CM7_HA5R1ADXX_GAGTGG_read6","MuTIR_1",91.096,146,11,2,30,175,1,144,1.01e-54,196,"CAATGTCCT","-"
"393",668,"CM7_HA5R1ADXX_GAGTGG_read8","MuTIR_1",94.483,145,7,1,41,185,1,144,1.67e-62,222,"CAATATCCT","-"
"395",670,"CM7_HA5R1ADXX_GAGTGG_read11","MuTIR_1",93.103,145,9,1,21,165,1,144,3.61e-59,211,"CAATGTCCT","-"
"397",672,"CM7_HA5R1ADXX_GAGTGG_read14","MuTIR_1",90.909,143,8,2,49,186,1,143,6.08e-52,187,"CAAGGACGC","+"
"399",680,"CM7_HA5R1ADXX_GAGTGG_read40","MuTIR_2",92.982,114,6,2,15,127,1,113,2.85e-45,165,"TGCCGCCGC","+"
"400",681,"CM7_HA5R1ADXX_GAGTGG_read41","MuTIR_2",84.298,121,19,0,80,200,1,121,2.25e-31,119,"CTCGTGTCT","+"
"401",682,"CM7_HA5R1ADXX_GAGTGG_read43","MuTIR_2",84.615,130,13,4,71,194,1,129,1.74e-32,122,"GCGACCTCC","+"
"404",685,"CM7_HA5R1ADXX_GAGTGG_read54","MuTIR_2",84.615,130,13,6,59,182,1,129,1.74e-32,122,"CGGATAGAA","-"
"405",686,"CM7_HA5R1ADXX_GAGTGG_read59","MuTIR_2",90.625,128,12,0,61,188,1,128,6.12e-47,171,"CAGTAGTGA","-"
"407",694,"CM7_HA5R1ADXX_GAGTGG_read87","MuTIR_3",97.436,39,1,0,137,175,1,39,8.27e-16,67.6,"TCTAGGTTC","+"
"408",695,"CM7_HA5R1ADXX_GAGTGG_read88","MuTIR_3",94.828,116,6,0,86,201,1,116,2.83e-50,182,"CCCCCTATG","+"
"409",696,"CM7_HA5R1ADXX_GAGTGG_read89","MuTIR_3",90.667,150,14,0,19,168,1,150,2.17e-56,202,"GTTTCCCAA","+"
"410",697,"CM7_HA5R1ADXX_GAGTGG_read91","MuTIR_3",95.588,68,3,0,78,145,1,68,1.35e-28,110,"TCCTACAGG","+"
"411",698,"CM7_HA5R1ADXX_GAGTGG_read92","MuTIR_3",92.647,136,10,0,12,147,1,136,1.01e-54,196,"CACTAGTGC","+"
"412",699,"CM7_HA5R1ADXX_GAGTGG_read93","MuTIR_3",95.312,64,3,0,138,201,1,64,2.27e-26,102,"AGTGTCCAT","+"
"413",700,"CM7_HA5R1ADXX_GAGTGG_read94","MuTIR_3",93.478,138,9,0,61,198,1,138,1.68e-57,206,"TTGACAGGT","+"
"414",701,"CM7_HA5R1ADXX_GAGTGG_read96","MuTIR_3",95.42,131,6,0,13,143,1,131,1.3e-58,209,"AGTGTCCAT","+"
"416",703,"CM7_HA5R1ADXX_GAGTGG_read98","MuTIR_3",93.985,133,8,0,37,169,1,133,2.17e-56,202,"AACTACGAT","-"
"417",704,"CM7_HA5R1ADXX_GAGTGG_read99","MuTIR_3",90.667,150,14,0,33,182,1,150,2.17e-56,202,"TCGTTGAAA","-"
"419",706,"CM7_HA5R1ADXX_GAGTGG_read102","MuTIR_3",90,150,15,0,38,187,1,150,1.01e-54,196,"TTGTTGAAA","-"
"422",709,"CM7_HA5R1ADXX_GAGTGG_read105","MuTIR_3",92.667,150,11,0,38,187,1,150,2.16e-61,219,"TGGTTAAAA","-"
"424",713,"CM7_HA5R1ADXX_GAGTGG_read110","MuTIR_3",94.286,70,4,0,62,131,1,70,4.87e-28,108,"CTCTCCTCC","+"
"425",714,"CM7_HA5R1ADXX_GAGTGG_read112","MuTIR_3",93.846,130,8,0,12,141,1,130,1.01e-54,196,"CCTTGCATT","+"
"426",715,"CM7_HA5R1ADXX_GAGTGG_read114","MuTIR_3",92.857,70,5,0,128,197,1,70,2.27e-26,102,"AGTTTCAGA","+"
"432",722,"CM7_HA5R1ADXX_GAGTGG_read127","MuTIR_3",92.857,70,5,0,132,201,1,70,2.27e-26,102,"TTGACAGGT","+"
"433",723,"CM7_HA5R1ADXX_GAGTGG_read128","MuTIR_3",90.09,111,11,0,51,161,1,111,3.71e-39,145,"CACTAGTGC","+"
"435",735,"CM7_HA5R1ADXX_GAGTGG_read152","MuTIR_4",95.745,47,2,0,155,201,1,47,1.37e-18,76.8,"CTCTCTTGC","+"
"436",736,"CM7_HA5R1ADXX_GAGTGG_read154","MuTIR_4",93.814,97,6,0,103,199,1,97,1.03e-39,147,"CATGAGCTG","+"
"437",737,"CM7_HA5R1ADXX_GAGTGG_read155","MuTIR_4",95.918,49,2,0,98,146,1,49,1.06e-19,80.5,"CCCGCGAGC","+"
"439",739,"CM7_HA5R1ADXX_GAGTGG_read160","MuTIR_4",90.411,146,14,0,7,152,1,146,3.63e-54,195,"GGTCGCCTC","-"
"444",748,"CM7_HA5R1ADXX_GAGTGG_read193","MuTIR_6",94.69,113,5,1,55,166,1,113,4.73e-48,174,"ATGCAGATG","+"
"445",749,"CM7_HA5R1ADXX_GAGTGG_read194","MuTIR_6",90.909,66,6,0,79,144,1,66,1.76e-22,89.8,"AGGAGAGGG","+"
