"","X","qname","sname","percent_identity","alignment_length","mismatches","gap_opens","q_start","q_end","s_start","s_end","evalue","bit_score","tsds","strand"
"1",1,"CML157Q_HA5R1ADXX_TAGCTT_read3","MuTIR_1",94.017,117,5,2,62,177,1,116,1.32e-48,176,"GAAAGAGAG","+"
"2",2,"CML157Q_HA5R1ADXX_TAGCTT_read8","MuTIR_1",91.453,117,8,2,50,165,1,116,1.33e-43,159,"CTTTGAGAG","+"
"3",3,"CML157Q_HA5R1ADXX_TAGCTT_read10","MuTIR_1",93.827,81,4,1,82,162,1,80,6.26e-32,121,"CTCTCTTTC","+"
"4",4,"CML157Q_HA5R1ADXX_TAGCTT_read12","MuTIR_1",94.737,95,4,1,77,171,1,94,1.03e-39,147,"GCTGGCGAC","+"
"5",5,"CML157Q_HA5R1ADXX_TAGCTT_read15","MuTIR_1",97.917,48,1,0,91,138,1,48,8.21e-21,84.2,"GAAAGAGAG","+"
"6",6,"CML157Q_HA5R1ADXX_TAGCTT_read16","MuTIR_1",92.617,149,10,1,30,178,1,148,1e-59,213,"GTCCTGTCA","-"
"7",7,"CML157Q_HA5R1ADXX_TAGCTT_read17","MuTIR_1",94.737,95,4,1,61,155,1,94,1.03e-39,147,"TTTTCCTAA","-"
"15",15,"CML157Q_HA5R1ADXX_TAGCTT_read40","MuTIR_1",97.222,36,1,0,134,169,1,36,3.85e-14,62.1,"CGAATATAG","+"
"17",17,"CML157Q_HA5R1ADXX_TAGCTT_read46","MuTIR_1",87.023,131,9,4,51,176,1,128,4.8e-38,141,"GTCTGATCT","+"
"18",30,"CML157Q_HA5R1ADXX_TAGCTT_read73","MuTIR_2",92.308,65,3,2,123,187,1,63,4.91e-23,91.6,"GGTACTATA","+"
"19",31,"CML157Q_HA5R1ADXX_TAGCTT_read75","MuTIR_2",97.059,68,2,0,119,186,1,68,2.91e-30,115,"GTGAGTGTG","+"
"20",32,"CML157Q_HA5R1ADXX_TAGCTT_read76","MuTIR_2",91.473,129,11,0,21,149,1,129,3.66e-49,178,"CCTCCCGCC","+"
"21",33,"CML157Q_HA5R1ADXX_TAGCTT_read79","MuTIR_2",97.222,72,2,0,74,145,1,72,1.74e-32,122,"GCGCCAGGG","+"
"22",34,"CML157Q_HA5R1ADXX_TAGCTT_read80","MuTIR_2",91.339,127,10,1,76,201,1,127,1.7e-47,172,"GTGAGTGTG","+"
"23",35,"CML157Q_HA5R1ADXX_TAGCTT_read82","MuTIR_2",96.296,54,2,0,87,140,1,54,1.76e-22,89.8,"CTTACAAAG","+"
"24",36,"CML157Q_HA5R1ADXX_TAGCTT_read83","MuTIR_2",88.889,90,10,0,112,201,1,90,3.77e-29,111,"GTGGGAGAC","+"
"25",37,"CML157Q_HA5R1ADXX_TAGCTT_read86","MuTIR_2",97.059,68,2,0,105,172,1,68,2.91e-30,115,"GGCCGGGCG","+"
"26",38,"CML157Q_HA5R1ADXX_TAGCTT_read87","MuTIR_2",92.969,128,9,0,39,166,1,128,6.08e-52,187,"TGCTGGAAC","+"
"27",39,"CML157Q_HA5R1ADXX_TAGCTT_read88","MuTIR_2",92.308,91,7,0,85,175,1,91,1.04e-34,130,"GTTGGAAGA","+"
"30",42,"CML157Q_HA5R1ADXX_TAGCTT_read94","MuTIR_2",93.289,149,10,0,39,187,1,149,6e-62,220,"CCAGTGACA","-"
"32",44,"CML157Q_HA5R1ADXX_TAGCTT_read96","MuTIR_2",91.473,129,10,1,34,161,1,129,1.32e-48,176,"CGGATAGAA","-"
"36",48,"CML157Q_HA5R1ADXX_TAGCTT_read102","MuTIR_2",97.059,68,2,0,116,183,1,68,2.91e-30,115,"TGAAAGGGA","-"
"39",53,"CML157Q_HA5R1ADXX_TAGCTT_read112","MuTIR_2",88.288,111,13,0,23,133,1,111,8.04e-36,134,"TATTGGGTT","+"
"40",54,"CML157Q_HA5R1ADXX_TAGCTT_read113","MuTIR_2",89.157,83,7,2,11,92,1,82,2.27e-26,102,"AATGACGAT","+"
"41",55,"CML157Q_HA5R1ADXX_TAGCTT_read114","MuTIR_2",88.43,121,14,0,81,201,1,121,1.03e-39,147,"TATTGGGTT","+"
"45",62,"CML157Q_HA5R1ADXX_TAGCTT_read136","MuTIR_3",92.771,83,6,0,105,187,1,83,6.26e-32,121,"TCCTACAGG","+"
"46",63,"CML157Q_HA5R1ADXX_TAGCTT_read137","MuTIR_3",94.017,117,5,2,86,201,1,116,1.32e-48,176,"CATATGTAC","+"
"50",67,"CML157Q_HA5R1ADXX_TAGCTT_read142","MuTIR_3",88.983,118,13,0,84,201,1,118,1.03e-39,147,"AGAGAGAGG","+"
"51",68,"CML157Q_HA5R1ADXX_TAGCTT_read143","MuTIR_3",87.333,150,19,0,31,180,1,150,4.73e-48,174,"CCTCTAGAG","+"
"52",69,"CML157Q_HA5R1ADXX_TAGCTT_read144","MuTIR_3",92.683,82,5,1,58,139,1,81,8.09e-31,117,"GTTCTGTAC","+"
"53",70,"CML157Q_HA5R1ADXX_TAGCTT_read145","MuTIR_3",95.413,109,5,0,62,170,1,109,4.73e-48,174,"CCTTGCATT","+"
"57",75,"CML157Q_HA5R1ADXX_TAGCTT_read151","MuTIR_3",90.756,119,11,0,83,201,1,119,1.33e-43,159,"GGCCCGGGT","+"
"58",76,"CML157Q_HA5R1ADXX_TAGCTT_read152","MuTIR_3",93.985,133,8,0,45,177,1,133,2.17e-56,202,"TCTGCGCGG","+"
"59",78,"CML157Q_HA5R1ADXX_TAGCTT_read154","MuTIR_3",89.922,129,13,0,73,201,1,129,7.92e-46,167,"GGGACGGGG","+"
"60",79,"CML157Q_HA5R1ADXX_TAGCTT_read155","MuTIR_3",91.667,84,7,0,112,195,1,84,8.09e-31,117,"GGCCCGGGT","+"
"61",80,"CML157Q_HA5R1ADXX_TAGCTT_read157","MuTIR_3",93.939,66,4,0,73,138,1,66,8.15e-26,100,"GACCTCAAA","+"
"62",81,"CML157Q_HA5R1ADXX_TAGCTT_read158","MuTIR_3",91.597,119,10,0,60,178,1,119,2.85e-45,165,"CCCGTCCCC","+"
"63",82,"CML157Q_HA5R1ADXX_TAGCTT_read160","MuTIR_3",90.076,131,13,0,5,135,1,131,6.12e-47,171,"ATAACGACG","-"
"64",83,"CML157Q_HA5R1ADXX_TAGCTT_read161","MuTIR_3",91.837,147,12,0,44,190,1,147,1.68e-57,206,"ACCTGGTTC","-"
"65",84,"CML157Q_HA5R1ADXX_TAGCTT_read162","MuTIR_3",93.985,133,8,0,26,158,1,133,2.17e-56,202,"AACGACGAC","-"
"70",94,"CML157Q_HA5R1ADXX_TAGCTT_read175","MuTIR_3",90.226,133,13,0,17,149,1,133,4.73e-48,174,"AACACCCCC","-"
"71",105,"CML157Q_HA5R1ADXX_TAGCTT_read191","MuTIR_4",86.986,146,19,0,35,180,1,146,7.92e-46,167,"CTCTCTTGC","+"
"72",106,"CML157Q_HA5R1ADXX_TAGCTT_read194","MuTIR_4",93.651,126,8,0,76,201,1,126,4.7e-53,191,"GAGAGCGGT","+"
"73",107,"CML157Q_HA5R1ADXX_TAGCTT_read195","MuTIR_4",86.735,98,13,0,67,164,1,98,1.35e-28,110,"GCTTGCCTT","+"
"74",108,"CML157Q_HA5R1ADXX_TAGCTT_read199","MuTIR_4",87.857,140,17,0,22,161,1,140,7.92e-46,167,"CTCTCTTGC","+"
"76",110,"CML157Q_HA5R1ADXX_TAGCTT_read205","MuTIR_4",86.735,98,13,0,45,142,1,98,1.35e-28,110,"AGGTTTCGT","-"
"78",112,"CML157Q_HA5R1ADXX_TAGCTT_read212","MuTIR_4",90.625,64,6,0,35,98,1,64,2.28e-21,86.1,"GACTTTAGC","+"
"80",118,"CML157Q_HA5R1ADXX_TAGCTT_read230","MuTIR_5",86.184,152,19,1,41,190,1,152,2.85e-45,165,"GGCTACATC","+"
"81",119,"CML157Q_HA5R1ADXX_TAGCTT_read232","MuTIR_5",89.262,149,14,1,10,156,1,149,6.08e-52,187,"GCTGCAGGA","+"
"82",120,"CML157Q_HA5R1ADXX_TAGCTT_read233","MuTIR_5",94.34,53,3,0,126,178,1,53,2.95e-20,82.4,"GCTGCAGGA","+"
"83",121,"CML157Q_HA5R1ADXX_TAGCTT_read236","MuTIR_5",89.764,127,11,1,76,200,1,127,1.02e-44,163,"CGAGACGGC","+"
"85",124,"CML157Q_HA5R1ADXX_TAGCTT_read245","MuTIR_6",95.522,134,6,0,11,144,1,134,2.79e-60,215,"TGCACTACG","+"
"87",129,"CML157Q_HA5R1ADXX_TAGCTT_read256","MuTIR_6",94.928,138,7,0,63,200,1,138,7.76e-61,217,"AGGAGAGGG","+"
"89",138,"CML157Q_HA5R1ADXX_TAGCTT_read276","MuTIR_7",89.286,84,8,1,109,192,1,83,4.87e-28,108,"TCGTACCGC","+"
"92",143,"CML157Q_HA5R1ADXX_TAGCTT_read281","MuTIR_7",93.333,150,8,2,29,177,1,149,4.64e-63,224,"TACCTAGTT","+"
"93",148,"CML157Q_HLFTVCCXX_L8_read1","MuTIR_1",95.312,64,2,1,87,150,1,63,6.05e-26,100,"GCTGGCGAC","+"
"94",149,"CML157Q_HLFTVCCXX_L8_read5","MuTIR_1",96.491,57,1,1,94,150,1,56,1.01e-23,93.5,"ATCTCGTGT","+"
"95",150,"CML157Q_HLFTVCCXX_L8_read9","MuTIR_1",94.656,131,6,1,16,146,1,130,1.61e-56,202,"ATCTCGTGT","+"
"96",151,"CML157Q_HLFTVCCXX_L8_read10","MuTIR_1",97.297,37,1,0,114,150,1,37,7.94e-15,63.9,"GTTCAGAAA","+"
"97",152,"CML157Q_HLFTVCCXX_L8_read14","MuTIR_1",94.872,39,2,0,112,150,1,39,2.85e-14,62.1,"GCTGGCGAC","+"
"99",154,"CML157Q_HLFTVCCXX_L8_read17","MuTIR_1",93.333,135,6,3,15,148,1,133,7.5e-55,196,"GAATACAAC","+"
"106",161,"CML157Q_HLFTVCCXX_L8_read37","MuTIR_1",94.737,95,4,1,38,132,1,94,7.66e-40,147,"TCTTCCTGA","-"
"110",179,"CML157Q_HLFTVCCXX_L8_read96","MuTIR_2",91.429,70,4,2,80,149,1,68,2.81e-24,95.3,"GGTACTATA","+"
"111",180,"CML157Q_HLFTVCCXX_L8_read98","MuTIR_2",90.244,82,7,1,69,149,1,82,1.3e-27,106,"AACGGAACG","+"
"112",181,"CML157Q_HLFTVCCXX_L8_read100","MuTIR_2",89.109,101,10,1,46,145,1,101,3.59e-33,124,"AACGGAACG","+"
"113",182,"CML157Q_HLFTVCCXX_L8_read102","MuTIR_2",86.029,136,19,0,12,147,1,136,7.66e-40,147,"CTACTCGGT","+"
"114",183,"CML157Q_HLFTVCCXX_L8_read103","MuTIR_2",97.674,43,1,0,108,150,1,43,3.67e-18,75,"CCCAGAGCC","+"
"115",184,"CML157Q_HLFTVCCXX_L8_read104","MuTIR_2",93.846,65,4,0,86,150,1,65,2.18e-25,99,"CTACTCGGT","+"
"116",185,"CML157Q_HLFTVCCXX_L8_read105","MuTIR_2",97.297,37,1,0,112,148,1,37,7.94e-15,63.9,"CCCAGAGCC","+"
"117",186,"CML157Q_HLFTVCCXX_L8_read108","MuTIR_2",89.72,107,11,0,38,144,1,107,4.61e-37,137,"TGCCGCCGC","+"
"118",187,"CML157Q_HLFTVCCXX_L8_read110","MuTIR_2",85.827,127,18,0,24,150,1,127,1.66e-36,135,"CAGAGAGCC","+"
"119",188,"CML157Q_HLFTVCCXX_L8_read111","MuTIR_2",92.857,112,8,0,39,150,1,112,7.61e-45,163,"TGCTGGAAC","+"
"120",189,"CML157Q_HLFTVCCXX_L8_read113","MuTIR_2",95.556,90,4,0,60,149,1,90,2.76e-39,145,"CCCAGAGCC","+"
"121",190,"CML157Q_HLFTVCCXX_L8_read114","MuTIR_2",88.189,127,15,0,24,150,1,127,1.65e-41,152,"AGCAACAGA","+"
"123",192,"CML157Q_HLFTVCCXX_L8_read119","MuTIR_2",88.608,79,9,0,72,150,1,79,7.82e-25,97.1,"AGCAACAGA","+"
"124",193,"CML157Q_HLFTVCCXX_L8_read121","MuTIR_2",89.109,101,10,1,48,147,1,101,3.59e-33,124,"AACGGAACG","+"
"136",205,"CML157Q_HLFTVCCXX_L8_read144","MuTIR_2",88.281,128,15,0,11,138,1,128,4.58e-42,154,"CGTAGTGAA","-"
"138",207,"CML157Q_HLFTVCCXX_L8_read147","MuTIR_2",88.281,128,15,0,16,143,1,128,4.58e-42,154,"GGCGTGATC","+"
"139",216,"CML157Q_HLFTVCCXX_L8_read161","MuTIR_2",89.552,67,7,0,81,147,1,67,1.69e-21,86.1,"TATTGGGTT","+"
"141",220,"CML157Q_HLFTVCCXX_L8_read168","MuTIR_2",87.156,109,14,0,42,150,1,109,3.59e-33,124,"CCCACCACG","+"
"142",224,"CML157Q_HLFTVCCXX_L8_read176","MuTIR_3",91.912,136,7,4,10,143,1,134,4.51e-52,187,"CATATGTAC","+"
"143",225,"CML157Q_HLFTVCCXX_L8_read178","MuTIR_3",93,100,5,2,52,150,1,99,2.76e-39,145,"CATATGTAC","+"
"144",226,"CML157Q_HLFTVCCXX_L8_read179","MuTIR_3",92.537,67,5,0,84,150,1,67,7.82e-25,97.1,"AAAAAATGG","+"
"145",227,"CML157Q_HLFTVCCXX_L8_read180","MuTIR_3",95.575,113,5,0,38,150,1,113,2.1e-50,182,"CAAAAGTAG","+"
"146",228,"CML157Q_HLFTVCCXX_L8_read181","MuTIR_3",94.737,114,6,0,37,150,1,114,2.72e-49,178,"AAAAAATGG","+"
"147",229,"CML157Q_HLFTVCCXX_L8_read182","MuTIR_3",97.778,45,1,0,106,150,1,45,2.83e-19,78.7,"AAAAAATGG","+"
"148",230,"CML157Q_HLFTVCCXX_L8_read184","MuTIR_3",96.667,60,2,0,91,150,1,60,6.05e-26,100,"CAAAAGTAG","+"
"149",231,"CML157Q_HLFTVCCXX_L8_read186","MuTIR_3",92.208,77,4,2,75,150,1,76,3.61e-28,108,"CATATGTAC","+"
"150",232,"CML157Q_HLFTVCCXX_L8_read189","MuTIR_3",86.822,129,8,1,22,150,1,120,1.66e-36,135,"CTACTTTTG","+"
"156",239,"CML157Q_HLFTVCCXX_L8_read205","MuTIR_3",92.105,114,9,0,36,149,1,114,2.74e-44,161,"TCATCTCTC","+"
"157",242,"CML157Q_HLFTVCCXX_L8_read210","MuTIR_3",90.698,129,12,0,13,141,1,129,1.26e-47,172,"GGATTCAGA","-"
"158",245,"CML157Q_HLFTVCCXX_L8_read217","MuTIR_3",92.647,68,5,0,83,150,1,68,2.18e-25,99,"CCCGTCCCC","+"
"159",246,"CML157Q_HLFTVCCXX_L8_read218","MuTIR_3",95.495,111,5,0,39,149,1,111,2.72e-49,178,"TCTGCGCGG","+"
"167",272,"CML157Q_HLFTVCCXX_L8_read275","MuTIR_4",88.889,90,9,1,47,136,1,89,1.01e-28,110,"CGTGGAGTC","-"
"169",275,"CML157Q_HLFTVCCXX_L8_read290","MuTIR_4",88.489,139,16,0,12,150,1,139,4.55e-47,171,"GACTTTAGC","+"
"172",280,"CML157Q_HLFTVCCXX_L8_read309","MuTIR_5",92.308,78,4,1,73,148,1,78,2.79e-29,111,"CGAGACGGC","+"
"173",281,"CML157Q_HLFTVCCXX_L8_read311","MuTIR_5",95.918,49,2,0,92,140,1,49,7.88e-20,80.5,"ATTGAGCCC","+"
"178",287,"CML157Q_HLFTVCCXX_L8_read345","MuTIR_6",95.652,138,6,0,11,148,1,138,1.24e-62,222,"AGGAGAGGG","+"
"179",288,"CML157Q_HLFTVCCXX_L8_read346","MuTIR_6",94.737,76,4,0,75,150,1,76,1.67e-31,119,"AGGAGAGGG","+"
"180",289,"CML157Q_HLFTVCCXX_L8_read347","MuTIR_6",93.496,123,7,1,27,148,1,123,2.1e-50,182,"ATGCAGATG","+"
"181",290,"CML157Q_HLFTVCCXX_L8_read349","MuTIR_6",94.928,138,7,0,10,147,1,138,5.76e-61,217,"TCCTAGGCT","+"
"182",291,"CML157Q_HLFTVCCXX_L8_read350","MuTIR_6",94.4,125,6,1,27,150,1,125,3.49e-53,191,"ATGCAGATG","+"
"190",305,"CML157Q_HLFTVCCXX_L8_read374","MuTIR_7",92.793,111,7,1,40,150,1,110,7.61e-45,163,"TCGTACCGC","+"
"192",307,"CML157Q_HLFTVCCXX_L8_read377","MuTIR_7",91.489,94,7,1,51,143,1,94,2.15e-35,132,"TACCTAGTT","+"
"193",308,"CML157Q_HLFTVCCXX_L8_read378","MuTIR_7",91.603,131,9,2,21,150,1,130,5.84e-51,183,"TACCTAGTT","+"
"196",312,"CML157Q_HADTMADXX_read1","MuTIR_1",95.96,99,3,1,83,181,1,98,1.33e-43,159,"CCCACCGAA","+"
"197",313,"CML157Q_HADTMADXX_read3","MuTIR_1",95.652,92,3,1,32,123,1,91,1.03e-39,147,"GAATACAAC","+"
"198",314,"CML157Q_HADTMADXX_read6","MuTIR_1",89.796,98,3,1,104,201,1,91,2.25e-31,119,"GTCGCCAGC","+"
"199",315,"CML157Q_HADTMADXX_read7","MuTIR_1",91.034,145,12,1,56,200,1,144,3.63e-54,195,"CTATGAAAG","+"
"200",316,"CML157Q_HADTMADXX_read9","MuTIR_1",91.034,145,12,1,55,199,1,144,3.63e-54,195,"CTATGAAAG","+"
"201",317,"CML157Q_HADTMADXX_read11","MuTIR_1",92.308,52,3,1,150,201,1,51,1.78e-17,73.1,"GTTTGCAGT","+"
"202",318,"CML157Q_HADTMADXX_read13","MuTIR_1",91.597,119,5,2,85,198,1,119,1.33e-43,159,"GTTTGCAGT","+"
"203",319,"CML157Q_HADTMADXX_read14","MuTIR_1",96.053,76,2,1,115,190,1,75,1.74e-32,122,"GTAATACGG","+"
"204",320,"CML157Q_HADTMADXX_read15","MuTIR_1",100,30,0,0,98,127,1,30,1.79e-12,56.5,"GCCGTGCGA","+"
"209",325,"CML157Q_HADTMADXX_read23","MuTIR_1",94.737,95,4,1,95,189,1,94,1.03e-39,147,"TCTTCCTGA","-"
"210",326,"CML157Q_HADTMADXX_read27","MuTIR_1",90.604,149,13,1,25,173,1,148,1.01e-54,196,"ATCCGTGCG","-"
"215",344,"CML157Q_HADTMADXX_read77","MuTIR_2",89.764,127,13,0,46,172,1,127,1.02e-44,163,"GTTGGAAGA","+"
"216",345,"CML157Q_HADTMADXX_read79","MuTIR_2",92.308,65,5,0,127,191,1,65,1.36e-23,93.5,"GCGCCAGGG","+"
"217",346,"CML157Q_HADTMADXX_read80","MuTIR_2",87.586,145,18,0,38,182,1,145,2.2e-46,169,"GTGGGAGAC","+"
"218",347,"CML157Q_HADTMADXX_read82","MuTIR_2",94.03,67,4,0,122,188,1,67,2.27e-26,102,"GGCTCTCTG","+"
"219",348,"CML157Q_HADTMADXX_read83","MuTIR_2",91.724,145,10,2,33,176,1,144,7.81e-56,200,"TGCCGCCGC","+"
"220",349,"CML157Q_HADTMADXX_read84","MuTIR_2",92.035,113,9,0,27,139,1,113,1.33e-43,159,"ACAGACTCC","+"
"221",350,"CML157Q_HADTMADXX_read89","MuTIR_2",92.405,79,6,0,101,179,1,79,1.05e-29,113,"CTACTCGGT","+"
"222",351,"CML157Q_HADTMADXX_read90","MuTIR_2",89.062,128,14,0,33,160,1,128,1.33e-43,159,"AACGGAACG","+"
"234",363,"CML157Q_HADTMADXX_read110","MuTIR_2",89.062,128,14,0,26,153,1,128,1.33e-43,159,"CATTAGTGA","-"
"235",364,"CML157Q_HADTMADXX_read114","MuTIR_2",89.844,128,13,0,49,176,1,128,2.85e-45,165,"CCCCGAGCC","+"
"237",368,"CML157Q_HADTMADXX_read124","MuTIR_2",90.411,73,7,0,78,150,1,73,1.05e-24,97.1,"TATTGGGTT","+"
"238",370,"CML157Q_HADTMADXX_read127","MuTIR_2",89,100,11,0,59,158,1,100,4.84e-33,124,"TATTGGGTT","+"
"242",383,"CML157Q_HADTMADXX_read164","MuTIR_3",92.647,68,5,0,60,127,1,68,2.93e-25,99,"AAAAAATGG","+"
"243",384,"CML157Q_HADTMADXX_read167","MuTIR_3",91.736,121,10,0,26,146,1,121,2.2e-46,169,"GGCCCCCAC","+"
"245",386,"CML157Q_HADTMADXX_read170","MuTIR_3",90.604,149,10,4,21,167,1,147,3.63e-54,195,"TTCTCGTTG","-"
"248",390,"CML157Q_HADTMADXX_read177","MuTIR_3",91.333,150,13,0,46,195,1,150,4.67e-58,207,"GGGTTCTGG","+"
"249",391,"CML157Q_HADTMADXX_read178","MuTIR_3",92.199,141,9,2,40,179,1,140,2.81e-55,198,"TCTTCACGC","+"
"252",394,"CML157Q_HADTMADXX_read181","MuTIR_3",91.333,150,13,0,38,187,1,150,4.67e-58,207,"TCGTTGAAT","-"
"254",397,"CML157Q_HADTMADXX_read189","MuTIR_3",89.855,138,11,3,39,175,1,136,4.73e-48,174,"CTATCCTGG","+"
"255",398,"CML157Q_HADTMADXX_read190","MuTIR_3",94.34,106,6,0,96,201,1,106,1.02e-44,163,"GACCTCAAA","+"
"256",399,"CML157Q_HADTMADXX_read192","MuTIR_3",89.855,138,11,3,51,187,1,136,4.73e-48,174,"CGACGACCT","-"
"257",400,"CML157Q_HADTMADXX_read193","MuTIR_3",91.837,147,12,0,11,157,1,147,1.68e-57,206,"ACCTGGTTC","-"
"258",412,"CML157Q_HADTMADXX_read210","MuTIR_4",89.157,83,7,1,119,199,1,83,2.27e-26,102,"CCCGCGAGC","+"
"259",413,"CML157Q_HADTMADXX_read212","MuTIR_4",93.284,134,9,0,66,199,1,134,7.81e-56,200,"GAGAGCGGT","+"
"260",414,"CML157Q_HADTMADXX_read213","MuTIR_4",90.411,146,14,0,18,163,1,146,3.63e-54,195,"CATGAGCTG","+"
"261",415,"CML157Q_HADTMADXX_read214","MuTIR_4",94.681,94,4,1,64,156,1,94,3.71e-39,145,"CCGTAGACG","+"
"262",416,"CML157Q_HADTMADXX_read215","MuTIR_4",85.039,127,17,2,34,159,1,126,1.04e-34,130,"GTGACTGAG","+"
"263",417,"CML157Q_HADTMADXX_read218","MuTIR_4",89.831,118,12,0,73,190,1,118,6.17e-42,154,"GCCATTAAG","+"
"264",418,"CML157Q_HADTMADXX_read219","MuTIR_4",92.308,65,5,0,137,201,1,65,1.36e-23,93.5,"CGGCCACCG","+"
"265",419,"CML157Q_HADTMADXX_read220","MuTIR_4",90.698,86,8,0,60,145,1,86,2.91e-30,115,"GTGACTGAG","+"
"266",420,"CML157Q_HADTMADXX_read222","MuTIR_4",85.385,130,19,0,28,157,1,130,6.21e-37,137,"GTGACTGAG","+"
"275",429,"CML157Q_HADTMADXX_read236","MuTIR_4",85.385,130,19,0,52,181,1,130,6.21e-37,137,"CTACAGATA","-"
"276",430,"CML157Q_HADTMADXX_read241","MuTIR_4",88.591,149,16,1,40,187,1,149,2.83e-50,182,"ATGCTCCGT","-"
"277",436,"CML157Q_HADTMADXX_read259","MuTIR_5",89.262,149,14,1,51,197,1,149,6.08e-52,187,"GCTGCAGGA","+"
"279",440,"CML157Q_HADTMADXX_read282","MuTIR_6",93.333,150,10,0,23,172,1,150,1.67e-62,222,"AGGAGAGGG","+"
"280",441,"CML157Q_HADTMADXX_read285","MuTIR_6",94.949,99,4,1,104,201,1,99,6.17e-42,154,"ATGCAGATG","+"
"283",444,"CML157Q_HADTMADXX_read290","MuTIR_6",93.289,149,9,1,10,157,1,149,2.16e-61,219,"GCACTGATA","-"
"284",449,"CML157Q_HADTMADXX_read315","MuTIR_7",91.667,72,6,0,72,143,1,72,6.3e-27,104,"TCGTACCGC","+"
"286",452,"CML157Q_HJ7HFCCXX_L8_read3","MuTIR_1",94.872,78,3,1,73,150,1,77,4.64e-32,121,"GAAAGAGAG","+"
"287",453,"CML157Q_HJ7HFCCXX_L8_read5","MuTIR_1",91.597,119,9,1,32,150,1,118,7.61e-45,163,"CTATGAAAG","+"
"289",455,"CML157Q_HJ7HFCCXX_L8_read21","MuTIR_1",91.228,114,5,2,42,150,1,114,5.92e-41,150,"GTTTGCAGT","+"
"290",456,"CML157Q_HJ7HFCCXX_L8_read25","MuTIR_1",96.33,109,3,1,42,150,1,108,2.72e-49,178,"GAATACAAC","+"
"291",457,"CML157Q_HJ7HFCCXX_L8_read26","MuTIR_1",91.228,114,5,2,42,150,1,114,5.92e-41,150,"GTTTGCAGT","+"
"302",470,"CML157Q_HJ7HFCCXX_L8_read68","MuTIR_1",93.478,92,5,1,35,126,1,91,1.66e-36,135,"CGAATATAG","+"
"303",472,"CML157Q_HJ7HFCCXX_L8_read70","MuTIR_1",92.391,92,6,1,11,102,1,91,7.71e-35,130,"AACTATTCC","-"
"305",498,"CML157Q_HJ7HFCCXX_L8_read132","MuTIR_2",89.062,128,12,2,23,150,1,126,3.54e-43,158,"GGTACTATA","+"
"306",499,"CML157Q_HJ7HFCCXX_L8_read133","MuTIR_2",97.561,41,1,0,110,150,1,41,4.74e-17,71.3,"CACAGCATC","+"
"307",500,"CML157Q_HJ7HFCCXX_L8_read134","MuTIR_2",96.667,60,2,0,91,150,1,60,6.05e-26,100,"CTTACAAAG","+"
"308",501,"CML157Q_HJ7HFCCXX_L8_read135","MuTIR_2",91.139,79,7,0,72,150,1,79,3.61e-28,108,"AACGGAACG","+"
"309",502,"CML157Q_HJ7HFCCXX_L8_read137","MuTIR_2",86.992,123,16,0,28,150,1,123,1.28e-37,139,"GGCTCTCTG","+"
"310",503,"CML157Q_HJ7HFCCXX_L8_read138","MuTIR_2",94.167,120,7,0,29,148,1,120,5.84e-51,183,"CCCTGGCGC","+"
"311",504,"CML157Q_HJ7HFCCXX_L8_read140","MuTIR_2",95.775,71,3,0,80,150,1,71,2.16e-30,115,"GCTGCCGTG","+"
"312",505,"CML157Q_HJ7HFCCXX_L8_read142","MuTIR_2",97.059,68,2,0,53,120,1,68,2.16e-30,115,"GGCCGGGCG","+"
"313",506,"CML157Q_HJ7HFCCXX_L8_read143","MuTIR_2",92.593,54,4,0,97,150,1,54,2.83e-19,78.7,"TCTATCAGT","+"
"314",507,"CML157Q_HJ7HFCCXX_L8_read144","MuTIR_2",91.089,101,9,0,49,149,1,101,4.61e-37,137,"GTTGGAAGA","+"
"315",508,"CML157Q_HJ7HFCCXX_L8_read145","MuTIR_2",95.455,110,3,2,41,149,1,109,3.51e-48,174,"CTTTGTAAG","+"
"316",509,"CML157Q_HJ7HFCCXX_L8_read147","MuTIR_2",96.667,60,2,0,91,150,1,60,6.05e-26,100,"CTTACAAAG","+"
"317",510,"CML157Q_HJ7HFCCXX_L8_read149","MuTIR_2",95.775,71,3,0,80,150,1,71,2.16e-30,115,"GCTGCCGTG","+"
"318",511,"CML157Q_HJ7HFCCXX_L8_read150","MuTIR_2",87.5,128,16,0,18,145,1,128,2.13e-40,148,"GGCTCTCTG","+"
"319",512,"CML157Q_HJ7HFCCXX_L8_read151","MuTIR_2",96.97,66,2,0,85,150,1,66,2.79e-29,111,"AATTTTGAG","+"
"320",513,"CML157Q_HJ7HFCCXX_L8_read153","MuTIR_2",89.157,83,9,0,67,149,1,83,4.68e-27,104,"GTGGGAGAC","+"
"321",514,"CML157Q_HJ7HFCCXX_L8_read155","MuTIR_2",87.097,124,16,0,27,150,1,124,3.56e-38,141,"GTGGGAGAC","+"
"322",515,"CML157Q_HJ7HFCCXX_L8_read159","MuTIR_2",96.667,60,2,0,91,150,1,60,6.05e-26,100,"CTTACAAAG","+"
"323",516,"CML157Q_HJ7HFCCXX_L8_read161","MuTIR_2",89.333,75,8,0,76,150,1,75,2.81e-24,95.3,"GTGGGAGAC","+"
"327",520,"CML157Q_HJ7HFCCXX_L8_read167","MuTIR_2",94.574,129,7,0,11,139,1,129,5.8e-56,200,"CGGATAGAA","-"
"328",521,"CML157Q_HJ7HFCCXX_L8_read168","MuTIR_2",97.059,68,2,0,52,119,1,68,2.16e-30,115,"TGAAAGGGA","-"
"334",527,"CML157Q_HJ7HFCCXX_L8_read175","MuTIR_2",91.463,82,7,0,60,141,1,82,7.77e-30,113,"GCAGCGAAT","-"
"335",528,"CML157Q_HJ7HFCCXX_L8_read177","MuTIR_2",89.062,128,14,0,4,131,1,128,9.84e-44,159,"CATTAGTGA","-"
"346",539,"CML157Q_HJ7HFCCXX_L8_read192","MuTIR_2",97.059,68,2,0,52,119,1,68,2.16e-30,115,"TGAAAGGGA","-"
"348",546,"CML157Q_HJ7HFCCXX_L8_read202","MuTIR_2",89.062,128,14,0,14,141,1,128,9.84e-44,159,"CAGTAGTGA","-"
"349",555,"CML157Q_HJ7HFCCXX_L8_read215","MuTIR_2",85.606,132,16,1,22,150,1,132,1.66e-36,135,"CTCGTTGGA","+"
"355",571,"CML157Q_HJ7HFCCXX_L8_read261","MuTIR_3",95.041,121,6,0,28,148,1,121,3.49e-53,191,"CCAGTAGCA","+"
"356",572,"CML157Q_HJ7HFCCXX_L8_read265","MuTIR_3",93.204,103,5,2,42,143,1,102,5.92e-41,150,"CATATGTAC","+"
"358",574,"CML157Q_HJ7HFCCXX_L8_read267","MuTIR_3",92.5,80,4,2,72,150,1,79,7.77e-30,113,"CATATGTAC","+"
"359",575,"CML157Q_HJ7HFCCXX_L8_read268","MuTIR_3",91.667,132,7,4,21,150,1,130,7.55e-50,180,"CATATGTAC","+"
"360",576,"CML157Q_HJ7HFCCXX_L8_read269","MuTIR_3",95.041,121,6,0,27,147,1,121,3.49e-53,191,"CCAGTAGCA","+"
"365",586,"CML157Q_HJ7HFCCXX_L8_read282","MuTIR_3",94.059,101,6,0,50,150,1,101,4.58e-42,154,"GGGTTCTGG","+"
"366",590,"CML157Q_HJ7HFCCXX_L8_read288","MuTIR_3",90.291,103,10,0,48,150,1,103,1.66e-36,135,"GTCCGCGTG","+"
"367",592,"CML157Q_HJ7HFCCXX_L8_read291","MuTIR_3",89.535,86,9,0,64,149,1,86,1.01e-28,110,"GTCCGCGTG","+"
"368",593,"CML157Q_HJ7HFCCXX_L8_read292","MuTIR_3",94.059,101,6,0,50,150,1,101,4.58e-42,154,"GGGTTCTGG","+"
"369",594,"CML157Q_HJ7HFCCXX_L8_read293","MuTIR_3",90.123,81,7,1,70,150,1,80,4.68e-27,104,"GTCCGCGTG","+"
"378",609,"CML157Q_HJ7HFCCXX_L8_read314","MuTIR_3",90.323,124,10,2,25,148,1,122,2.74e-44,161,"CTATCCTGG","+"
"379",610,"CML157Q_HJ7HFCCXX_L8_read315","MuTIR_3",94.915,118,6,0,31,148,1,118,1.62e-51,185,"TCTGCGCGG","+"
"380",611,"CML157Q_HJ7HFCCXX_L8_read316","MuTIR_3",91.346,104,9,0,45,148,1,104,9.91e-39,143,"TCCGTGGAG","+"
"384",615,"CML157Q_HJ7HFCCXX_L8_read323","MuTIR_3",93.617,94,6,0,57,150,1,94,3.56e-38,141,"TCTGCGCGG","+"
"386",645,"CML157Q_HJ7HFCCXX_L8_read392","MuTIR_4",85.385,130,19,0,6,135,1,130,4.61e-37,137,"CTACAGATA","-"
"390",652,"CML157Q_HJ7HFCCXX_L8_read409","MuTIR_4",89.109,101,11,0,50,150,1,101,9.98e-34,126,"GACTTTAGC","+"
"391",653,"CML157Q_HJ7HFCCXX_L8_read413","MuTIR_4",89.109,101,11,0,50,150,1,101,9.98e-34,126,"GACTTTAGC","+"
"394",658,"CML157Q_HJ7HFCCXX_L8_read427","MuTIR_4",89.13,92,10,0,47,138,1,92,2.16e-30,115,"GTGTGTGGG","+"
"395",663,"CML157Q_HJ7HFCCXX_L8_read444","MuTIR_5",95.918,49,2,0,77,125,1,49,7.88e-20,80.5,"ATTGAGCCC","+"
"396",664,"CML157Q_HJ7HFCCXX_L8_read445","MuTIR_5",87.395,119,13,1,34,150,1,119,4.61e-37,137,"CTCAGAAAG","+"
"397",665,"CML157Q_HJ7HFCCXX_L8_read449","MuTIR_5",89.286,112,10,1,40,149,1,112,3.56e-38,141,"GGCTACATC","+"
"398",666,"CML157Q_HJ7HFCCXX_L8_read452","MuTIR_5",93.22,59,2,1,94,150,1,59,1.69e-21,86.1,"CGAGACGGC","+"
"399",667,"CML157Q_HJ7HFCCXX_L8_read453","MuTIR_5",89.256,121,10,2,27,144,1,121,5.92e-41,150,"ACCTATTCC","+"
"400",668,"CML157Q_HJ7HFCCXX_L8_read454","MuTIR_5",91.667,72,4,1,75,144,1,72,6.05e-26,100,"GCTGCAGGA","+"
"401",669,"CML157Q_HJ7HFCCXX_L8_read455","MuTIR_5",91.667,72,4,1,81,150,1,72,2.18e-25,99,"CTCAGAAAG","+"
"402",670,"CML157Q_HJ7HFCCXX_L8_read456","MuTIR_5",95.918,49,2,0,86,134,1,49,7.88e-20,80.5,"AGGCCTAGG","-"
"405",673,"CML157Q_HJ7HFCCXX_L8_read461","MuTIR_5",89.256,121,10,2,15,132,1,121,5.92e-41,150,"TCCCATTAG","-"
"409",680,"CML157Q_HJ7HFCCXX_L8_read481","MuTIR_6",96.97,66,2,0,81,146,1,66,2.79e-29,111,"TGCACTACG","+"
"412",683,"CML157Q_HJ7HFCCXX_L8_read495","MuTIR_6",95.726,117,5,0,34,150,1,117,1.25e-52,189,"AGGAGAGGG","+"
"413",684,"CML157Q_HJ7HFCCXX_L8_read497","MuTIR_6",94.118,68,4,0,83,150,1,68,4.68e-27,104,"AGGAGAGGG","+"
"414",685,"CML157Q_HJ7HFCCXX_L8_read499","MuTIR_6",95.726,117,5,0,34,150,1,117,1.25e-52,189,"AGGAGAGGG","+"
"418",696,"CML157Q_HJ7HFCCXX_L8_read534","MuTIR_7",92.035,113,7,2,39,150,1,112,2.74e-44,161,"TACCTAGTT","+"
"419",697,"CML157Q_HJ7HFCCXX_L8_read535","MuTIR_7",91.743,109,7,2,43,150,1,108,4.58e-42,154,"TACCTAGTT","+"
