"","X","qname","sname","percent_identity","alignment_length","mismatches","gap_opens","q_start","q_end","s_start","s_end","evalue","bit_score","tsds","strand"
"1",1,"CML158Q_HA5R1ADXX_GCCAAT_read6","MuTIR_1",92.913,127,8,1,75,201,1,126,7.87e-51,183,"GAGGCTCTC","+"
"2",2,"CML158Q_HA5R1ADXX_GCCAAT_read7","MuTIR_1",88.462,130,11,3,49,178,1,126,6.17e-42,154,"GGGAGACGG","+"
"3",3,"CML158Q_HA5R1ADXX_GCCAAT_read11","MuTIR_1",94.631,149,7,1,14,162,1,148,9.96e-65,230,"GAGAGCCTC","+"
"4",4,"CML158Q_HA5R1ADXX_GCCAAT_read14","MuTIR_1",100,33,0,0,169,201,1,33,3.85e-14,62.1,"GGCTGGGGC","+"
"10",13,"CML158Q_HA5R1ADXX_GCCAAT_read36","MuTIR_1",90.972,144,8,2,35,173,1,144,1.69e-52,189,"CAATGTCCT","-"
"12",23,"CML158Q_HA5R1ADXX_GCCAAT_read74","MuTIR_2",92.222,90,7,0,110,199,1,90,3.74e-34,128,"CACAGCATC","+"
"13",24,"CML158Q_HA5R1ADXX_GCCAAT_read76","MuTIR_2",89.844,128,13,0,59,186,1,128,2.85e-45,165,"TGCAGTAAT","+"
"14",25,"CML158Q_HA5R1ADXX_GCCAAT_read77","MuTIR_2",96,75,3,0,127,201,1,75,1.74e-32,122,"CCGTCTGCG","+"
"15",26,"CML158Q_HA5R1ADXX_GCCAAT_read82","MuTIR_2",94.737,57,3,0,91,147,1,57,1.76e-22,89.8,"TGCCGCCGC","+"
"16",27,"CML158Q_HA5R1ADXX_GCCAAT_read83","MuTIR_2",92.241,116,9,0,83,198,1,116,2.85e-45,165,"CCTCCCGCC","+"
"17",28,"CML158Q_HA5R1ADXX_GCCAAT_read84","MuTIR_2",91.406,128,11,0,32,159,1,128,1.32e-48,176,"TGAAGTAAT","+"
"24",35,"CML158Q_HA5R1ADXX_GCCAAT_read100","MuTIR_2",91.406,128,11,0,27,154,1,128,1.32e-48,176,"CAGTAGTGA","-"
"25",38,"CML158Q_HA5R1ADXX_GCCAAT_read107","MuTIR_2",93.023,129,9,0,52,180,1,129,1.69e-52,189,"CTTACAAAG","+"
"26",39,"CML158Q_HA5R1ADXX_GCCAAT_read108","MuTIR_2",93.023,129,9,0,32,160,1,129,1.69e-52,189,"CGGATAGAA","-"
"27",44,"CML158Q_HA5R1ADXX_GCCAAT_read122","MuTIR_2",85.271,129,17,2,44,171,1,128,2.89e-35,132,"CAGTAGTGA","-"
"28",50,"CML158Q_HA5R1ADXX_GCCAAT_read140","MuTIR_3",90,150,15,0,16,165,1,150,1.01e-54,196,"TCTAGGTTC","+"
"29",51,"CML158Q_HA5R1ADXX_GCCAAT_read141","MuTIR_3",90.278,144,14,0,21,164,1,144,1.69e-52,189,"TCTAGGTTC","+"
"30",52,"CML158Q_HA5R1ADXX_GCCAAT_read144","MuTIR_3",94.615,130,7,0,3,132,1,130,2.17e-56,202,"AGTAACGAC","-"
"33",55,"CML158Q_HA5R1ADXX_GCCAAT_read148","MuTIR_3",90.909,132,9,1,68,199,1,129,4.73e-48,174,"GCCACCACC","+"
"34",56,"CML158Q_HA5R1ADXX_GCCAAT_read149","MuTIR_3",95.575,113,5,0,34,146,1,113,2.83e-50,182,"CCTTGCATT","+"
"38",60,"CML158Q_HA5R1ADXX_GCCAAT_read156","MuTIR_3",92.481,133,10,0,14,146,1,133,4.7e-53,191,"AACGACAAT","-"
"41",64,"CML158Q_HA5R1ADXX_GCCAAT_read160","MuTIR_3",94.068,118,7,0,84,201,1,118,1.02e-49,180,"GACCTCAAA","+"
"45",68,"CML158Q_HA5R1ADXX_GCCAAT_read165","MuTIR_3",91.912,136,11,0,63,198,1,136,4.7e-53,191,"CTCCAGGAT","+"
"46",73,"CML158Q_HA5R1ADXX_GCCAAT_read178","MuTIR_4",87.075,147,19,0,18,164,1,147,2.2e-46,169,"TCACGGAGC","+"
"47",74,"CML158Q_HA5R1ADXX_GCCAAT_read179","MuTIR_4",91.139,79,7,0,118,196,1,79,4.87e-28,108,"GCTGTCGAC","+"
"50",77,"CML158Q_HA5R1ADXX_GCCAAT_read183","MuTIR_4",90.411,146,14,0,5,150,1,146,3.63e-54,195,"GGCCGCCTC","-"
"51",80,"CML158Q_HA5R1ADXX_GCCAAT_read189","MuTIR_4",90,120,12,0,62,181,1,120,4.77e-43,158,"TTTGCTGGT","+"
"52",81,"CML158Q_HA5R1ADXX_GCCAAT_read190","MuTIR_4",85.811,148,20,1,21,168,1,147,4.77e-43,158,"AGCGACGAG","+"
"53",82,"CML158Q_HA5R1ADXX_GCCAAT_read191","MuTIR_4",89.167,120,13,0,67,186,1,120,2.22e-41,152,"TTTGCTGGT","+"
"54",83,"CML158Q_HA5R1ADXX_GCCAAT_read192","MuTIR_4",89.167,120,13,0,54,173,1,120,2.22e-41,152,"CTTTTATAC","-"
"56",86,"CML158Q_HA5R1ADXX_GCCAAT_read199","MuTIR_4",89.262,149,16,0,27,175,1,149,1.69e-52,189,"GACTTTAGC","+"
"57",88,"CML158Q_HA5R1ADXX_GCCAAT_read202","MuTIR_4",89.262,149,16,0,4,152,1,149,1.69e-52,189,"ATCCTCCCT","-"
"58",91,"CML158Q_HA5R1ADXX_GCCAAT_read208","MuTIR_5",95.833,48,2,0,154,201,1,48,3.82e-19,78.7,"CCGCTCGAA","+"
"59",92,"CML158Q_HA5R1ADXX_GCCAAT_read209","MuTIR_5",86.667,105,12,2,39,141,1,105,8.09e-31,117,"ACCTTGACA","+"
"60",93,"CML158Q_HA5R1ADXX_GCCAAT_read210","MuTIR_5",91.15,113,8,1,72,182,1,113,6.17e-42,154,"GCTGCAGGA","+"
"61",94,"CML158Q_HA5R1ADXX_GCCAAT_read211","MuTIR_5",87.5,152,17,1,34,183,1,152,1.32e-48,176,"ATTGAGCCC","+"
"64",97,"CML158Q_HA5R1ADXX_GCCAAT_read214","MuTIR_5",87.5,152,17,1,5,154,1,152,1.32e-48,176,"GCTTGAGCT","-"
"65",99,"CML158Q_HA5R1ADXX_GCCAAT_read219","MuTIR_6",97.826,46,1,0,156,201,1,46,1.06e-19,80.5,"TGCACTACG","+"
"66",100,"CML158Q_HA5R1ADXX_GCCAAT_read220","MuTIR_6",96.25,80,3,0,122,201,1,80,2.89e-35,132,"TGCACTACG","+"
"68",104,"CML158Q_HA5R1ADXX_GCCAAT_read226","MuTIR_6",92.857,70,5,0,52,121,1,70,2.27e-26,102,"AGGAGTGGG","+"
"70",109,"CML158Q_HADTMADXX_read1","MuTIR_1",86.184,152,15,5,11,161,1,147,1.33e-43,159,"GGGAGACGG","+"
"71",110,"CML158Q_HADTMADXX_read3","MuTIR_1",90,150,12,3,47,195,1,148,4.7e-53,191,"GCCGTGCGA","+"
"72",111,"CML158Q_HADTMADXX_read4","MuTIR_1",92.632,95,6,1,92,186,1,94,2.23e-36,135,"TCGCACGGC","+"
"73",112,"CML158Q_HADTMADXX_read7","MuTIR_1",100,30,0,0,172,201,1,30,1.79e-12,56.5,"CCCACCTTG","+"
"74",113,"CML158Q_HADTMADXX_read9","MuTIR_1",86.755,151,13,2,11,161,1,144,3.69e-44,161,"TACCTACCC","+"
"75",114,"CML158Q_HADTMADXX_read10","MuTIR_1",88.889,153,9,3,49,201,1,145,2.83e-50,182,"GTAATACGG","+"
"76",115,"CML158Q_HADTMADXX_read14","MuTIR_1",97.917,48,1,0,151,198,1,48,8.21e-21,84.2,"CTCTCTTTC","+"
"77",116,"CML158Q_HADTMADXX_read19","MuTIR_1",96.46,113,3,1,87,199,1,112,2.19e-51,185,"GAGAGCCTC","+"
"78",117,"CML158Q_HADTMADXX_read21","MuTIR_1",95.833,48,2,0,154,201,1,48,3.82e-19,78.7,"CCCACCTTG","+"
"79",118,"CML158Q_HADTMADXX_read23","MuTIR_1",92.632,95,6,1,61,155,1,94,2.23e-36,135,"TATTCCTGG","-"
"89",130,"CML158Q_HADTMADXX_read51","MuTIR_1",87.857,140,8,3,57,195,1,132,1.72e-42,156,"GTCGCCAGC","+"
"91",133,"CML158Q_HADTMADXX_read55","MuTIR_1",95.652,69,2,1,68,136,1,68,1.35e-28,110,"CTGTGCGAG","+"
"93",135,"CML158Q_HADTMADXX_read63","MuTIR_1",86.957,115,8,4,92,201,1,113,1.74e-32,122,"GTCTGATCT","+"
"95",137,"CML158Q_HADTMADXX_read65","MuTIR_1",87,100,8,2,31,125,1,100,4.87e-28,108,"CAATATTTT","-"
"96",143,"CML158Q_HADTMADXX_read97","MuTIR_1",86.806,144,15,3,57,200,1,140,4.77e-43,158,"GGGAGACGG","+"
"97",148,"CML158Q_HADTMADXX_read112","MuTIR_2",92.667,150,9,2,34,182,1,149,2.79e-60,215,"TGCCGCCGC","+"
"98",149,"CML158Q_HADTMADXX_read113","MuTIR_2",89.167,120,13,0,27,146,1,120,7.98e-41,150,"CACGGGTGG","+"
"99",150,"CML158Q_HADTMADXX_read121","MuTIR_2",94.444,108,6,0,78,185,1,108,7.92e-46,167,"GCTGCTGTG","+"
"100",151,"CML158Q_HADTMADXX_read122","MuTIR_2",91.86,86,7,0,113,198,1,86,6.26e-32,121,"ATCAGAAAG","+"
"101",152,"CML158Q_HADTMADXX_read127","MuTIR_2",91.473,129,11,0,16,144,1,129,3.66e-49,178,"GAGACGAGG","+"
"102",153,"CML158Q_HADTMADXX_read128","MuTIR_2",90.551,127,12,0,55,181,1,127,2.2e-46,169,"ACAAACCCC","+"
"103",154,"CML158Q_HADTMADXX_read129","MuTIR_2",91.406,128,11,0,19,146,1,128,1.32e-48,176,"TGAAGTAAT","+"
"104",155,"CML158Q_HADTMADXX_read131","MuTIR_2",93.902,82,5,0,120,201,1,82,4.84e-33,124,"TTCTGCCTC","+"
"109",160,"CML158Q_HADTMADXX_read144","MuTIR_2",89.844,128,13,0,12,139,1,128,2.85e-45,165,"CAGTAGTGA","-"
"114",165,"CML158Q_HADTMADXX_read156","MuTIR_2",91.333,150,11,2,16,164,1,149,6.04e-57,204,"CCAGTGATA","-"
"115",176,"CML158Q_HADTMADXX_read177","MuTIR_2",87.234,94,10,2,77,169,1,93,1.75e-27,106,"CCTCCTTAA","+"
"116",177,"CML158Q_HADTMADXX_read179","MuTIR_2",86.822,129,15,2,61,188,1,128,1.34e-38,143,"CCTCCTTAA","+"
"117",179,"CML158Q_HADTMADXX_read181","MuTIR_2",86.047,129,16,2,41,168,1,128,6.21e-37,137,"GTCTCCCAC","+"
"118",180,"CML158Q_HADTMADXX_read182","MuTIR_2",86.822,129,15,2,20,147,1,128,1.34e-38,143,"CCTCCTTAA","+"
"119",184,"CML158Q_HADTMADXX_read188","MuTIR_2",86.047,129,16,2,38,165,1,128,6.21e-37,137,"CAGTAGTGA","-"
"120",185,"CML158Q_HADTMADXX_read189","MuTIR_2",89.157,83,7,2,111,192,1,82,2.27e-26,102,"GCAGGGAAT","-"
"123",197,"CML158Q_HADTMADXX_read225","MuTIR_3",93.985,133,8,0,34,166,1,133,2.17e-56,202,"TGCTACTGG","+"
"124",198,"CML158Q_HADTMADXX_read227","MuTIR_3",91.089,101,9,0,70,170,1,101,6.21e-37,137,"TCTAGGTTC","+"
"125",199,"CML158Q_HADTMADXX_read229","MuTIR_3",94.737,133,7,0,47,179,1,133,4.67e-58,207,"AAAACATTC","+"
"126",200,"CML158Q_HADTMADXX_read230","MuTIR_3",94.615,130,7,0,35,164,1,130,2.17e-56,202,"GAACCTAGA","+"
"127",201,"CML158Q_HADTMADXX_read231","MuTIR_3",93.985,133,8,0,31,163,1,133,2.17e-56,202,"TGCTACTGG","+"
"129",203,"CML158Q_HADTMADXX_read240","MuTIR_3",94.737,133,7,0,39,171,1,133,4.67e-58,207,"AACGACGAT","-"
"130",204,"CML158Q_HADTMADXX_read241","MuTIR_3",93.985,133,8,0,47,179,1,133,2.17e-56,202,"AACTACGAT","-"
"131",205,"CML158Q_HADTMADXX_read244","MuTIR_3",88.667,150,17,0,36,185,1,150,2.19e-51,185,"CCGCCCGCG","+"
"132",206,"CML158Q_HADTMADXX_read245","MuTIR_3",89.333,150,16,0,25,174,1,150,4.7e-53,191,"CCTACAATG","+"
"133",207,"CML158Q_HADTMADXX_read246","MuTIR_3",96,75,3,0,37,111,1,75,1.74e-32,122,"GGGTTCTGG","+"
"135",209,"CML158Q_HADTMADXX_read248","MuTIR_3",92.481,133,10,0,32,164,1,133,4.7e-53,191,"GTTCTGTAC","+"
"136",210,"CML158Q_HADTMADXX_read249","MuTIR_3",91.339,127,11,0,21,147,1,127,4.73e-48,174,"CCTACAATG","+"
"137",211,"CML158Q_HADTMADXX_read251","MuTIR_3",94.017,117,7,0,85,201,1,117,3.66e-49,178,"GGGTTCTGG","+"
"139",213,"CML158Q_HADTMADXX_read255","MuTIR_3",93.007,143,10,0,5,147,1,143,1.3e-58,209,"TGAAACCGG","-"
"140",214,"CML158Q_HADTMADXX_read256","MuTIR_3",92.481,133,10,0,16,148,1,133,4.7e-53,191,"AACGACAAT","-"
"141",215,"CML158Q_HADTMADXX_read257","MuTIR_3",89.474,133,14,0,33,165,1,133,2.2e-46,169,"AACGACGAT","-"
"144",220,"CML158Q_HADTMADXX_read264","MuTIR_3",91.837,147,12,0,55,201,1,147,1.68e-57,206,"GACCTCAAA","+"
"145",221,"CML158Q_HADTMADXX_read265","MuTIR_3",91.453,117,8,2,84,200,1,115,1.33e-43,159,"CTATCCTGG","+"
"146",222,"CML158Q_HADTMADXX_read266","MuTIR_3",93.939,99,6,0,83,181,1,99,7.98e-41,150,"GACCCTTTG","+"
"147",223,"CML158Q_HADTMADXX_read267","MuTIR_3",89.796,147,15,0,19,165,1,147,1.69e-52,189,"CCGCGGAAG","+"
"148",225,"CML158Q_HADTMADXX_read270","MuTIR_3",95.495,111,5,0,89,199,1,111,3.66e-49,178,"GACCCTTTG","+"
"149",226,"CML158Q_HADTMADXX_read271","MuTIR_3",91.837,147,12,0,8,154,1,147,1.68e-57,206,"ACCTGGTTC","-"
"150",228,"CML158Q_HADTMADXX_read273","MuTIR_3",93.939,99,6,0,72,170,1,99,7.98e-41,150,"GAGGATCTT","-"
"152",250,"CML158Q_HADTMADXX_read311","MuTIR_4",94.624,93,5,0,95,187,1,93,3.71e-39,145,"GACACCCCC","+"
"153",251,"CML158Q_HADTMADXX_read314","MuTIR_4",95,80,4,0,105,184,1,80,1.34e-33,126,"CACGAGCTG","+"
"154",252,"CML158Q_HADTMADXX_read317","MuTIR_4",100,28,0,0,166,193,1,28,2.31e-11,52.8,"GCCATTAAG","+"
"155",253,"CML158Q_HADTMADXX_read320","MuTIR_4",89.796,147,15,0,18,164,1,147,4.7e-53,191,"CTAGCCTAG","+"
"158",257,"CML158Q_HADTMADXX_read334","MuTIR_4",97.778,45,1,0,46,90,1,45,3.82e-19,78.7,"CCGTCTCTC","-"
"162",261,"CML158Q_HADTMADXX_read343","MuTIR_4",83.108,148,23,2,3,149,1,147,2.23e-36,135,"GCCTCCTCC","-"
"164",265,"CML158Q_HADTMADXX_read360","MuTIR_4",88.591,149,16,1,26,173,1,149,2.83e-50,182,"CTTATCGGG","+"
"165",269,"CML158Q_HADTMADXX_read369","MuTIR_4",87.5,64,8,0,120,183,1,64,4.94e-18,75,"GCCATTAGG","+"
"166",270,"CML158Q_HADTMADXX_read376","MuTIR_4",87.943,141,17,0,31,171,1,141,2.2e-46,169,"GTGTGTGGG","+"
"167",272,"CML158Q_HADTMADXX_read378","MuTIR_4",87.943,141,17,0,23,163,1,141,2.2e-46,169,"GAATAACCA","-"
"169",277,"CML158Q_HADTMADXX_read390","MuTIR_5",86.577,149,18,1,19,165,1,149,2.85e-45,165,"CGAGACGGC","+"
"170",278,"CML158Q_HADTMADXX_read391","MuTIR_5",89.764,127,11,1,42,166,1,127,1.02e-44,163,"CGAGACGGC","+"
"171",279,"CML158Q_HADTMADXX_read392","MuTIR_5",91.071,112,8,1,39,148,1,112,2.22e-41,152,"CGAGACGGC","+"
"172",280,"CML158Q_HADTMADXX_read393","MuTIR_5",91.892,74,4,1,128,199,1,74,6.3e-27,104,"GCTGCAGGA","+"
"173",281,"CML158Q_HADTMADXX_read394","MuTIR_5",86.577,149,18,1,45,191,1,149,2.85e-45,165,"CGAGACGGC","+"
"174",282,"CML158Q_HADTMADXX_read395","MuTIR_5",86.577,149,18,1,36,182,1,149,2.85e-45,165,"CGAGACGGC","+"
"175",283,"CML158Q_HADTMADXX_read396","MuTIR_5",91.667,96,6,1,30,123,1,96,8.04e-36,134,"CGAGACGGC","+"
"176",284,"CML158Q_HADTMADXX_read400","MuTIR_5",89.764,127,11,1,67,191,1,127,1.02e-44,163,"CGTTGTTAT","-"
"178",286,"CML158Q_HADTMADXX_read403","MuTIR_5",87.919,149,16,1,35,181,1,149,1.32e-48,176,"TCTCCCGCC","-"
"180",288,"CML158Q_HADTMADXX_read406","MuTIR_5",95.918,49,2,0,143,191,1,49,1.06e-19,80.5,"AGGCCTAGG","-"
"183",292,"CML158Q_HADTMADXX_read417","MuTIR_5",85.95,121,14,2,82,199,1,121,3.74e-34,128,"AGCGTGTTT","+"
"185",296,"CML158Q_HADTMADXX_read425","MuTIR_6",96.429,112,4,0,90,201,1,112,2.19e-51,185,"TGCACTACG","+"
"186",297,"CML158Q_HADTMADXX_read427","MuTIR_6",96.429,112,4,0,90,201,1,112,2.19e-51,185,"TGCACTACG","+"
"187",298,"CML158Q_HADTMADXX_read430","MuTIR_6",96.825,63,2,0,139,201,1,63,1.75e-27,106,"TGCACTATG","+"
"189",300,"CML158Q_HADTMADXX_read434","MuTIR_6",94.667,150,8,0,16,165,1,150,7.7e-66,233,"CACTCATAC","-"
"190",301,"CML158Q_HADTMADXX_read435","MuTIR_6",98.276,58,1,0,128,185,1,58,2.27e-26,102,"TTACATAGA","-"
"192",303,"CML158Q_HADTMADXX_read438","MuTIR_6",95.327,107,5,0,95,201,1,107,6.12e-47,171,"AGGAGAGGG","+"
"193",304,"CML158Q_HADTMADXX_read440","MuTIR_6",95.312,64,3,0,138,201,1,64,2.27e-26,102,"AGGAGAGGG","+"
"194",306,"CML158Q_HADTMADXX_read442","MuTIR_6",94.215,121,6,1,15,135,1,120,7.87e-51,183,"AGGAGAGGG","+"
"196",308,"CML158Q_HADTMADXX_read444","MuTIR_6",93.333,150,10,0,13,162,1,150,1.67e-62,222,"CACTAAAAC","-"
"198",321,"CML158Q_HLC27CCXX_L1_read1","MuTIR_1",94.444,54,2,1,97,150,1,53,2.19e-20,82.4,"CAAGGTGGG","+"
"199",322,"CML158Q_HLC27CCXX_L1_read2","MuTIR_1",96.512,86,2,1,62,147,1,85,3.56e-38,141,"GAATACAAC","+"
"200",323,"CML158Q_HLC27CCXX_L1_read3","MuTIR_1",95.652,46,2,0,105,150,1,46,3.67e-18,75,"GAATACAAC","+"
"201",324,"CML158Q_HLC27CCXX_L1_read4","MuTIR_1",94.167,120,6,1,31,150,1,119,2.1e-50,182,"CCGGCCGGT","+"
"202",325,"CML158Q_HLC27CCXX_L1_read5","MuTIR_1",91.753,97,7,1,52,148,1,96,5.96e-36,134,"GCCGTGCGA","+"
"203",326,"CML158Q_HLC27CCXX_L1_read8","MuTIR_1",97.403,77,1,1,74,150,1,76,7.71e-35,130,"GTTGTATTG","+"
"204",327,"CML158Q_HLC27CCXX_L1_read10","MuTIR_1",91.852,135,10,1,16,150,1,134,4.51e-52,187,"CGTATTACC","+"
"205",328,"CML158Q_HLC27CCXX_L1_read11","MuTIR_1",96.512,86,2,1,62,147,1,85,3.56e-38,141,"GAATACAAC","+"
"206",329,"CML158Q_HLC27CCXX_L1_read12","MuTIR_1",94.958,119,5,1,24,142,1,118,1.62e-51,185,"GCCGTGCGA","+"
"207",330,"CML158Q_HLC27CCXX_L1_read15","MuTIR_1",94.737,95,4,1,35,129,1,94,7.66e-40,147,"GCTGGCGAC","+"
"209",332,"CML158Q_HLC27CCXX_L1_read19","MuTIR_1",89.344,122,12,1,29,150,1,121,1.65e-41,152,"CGTATTACC","+"
"210",333,"CML158Q_HLC27CCXX_L1_read23","MuTIR_1",91.803,61,4,1,70,130,1,60,6.09e-21,84.2,"TACCTACCC","+"
"211",334,"CML158Q_HLC27CCXX_L1_read25","MuTIR_1",100,30,0,0,121,150,1,30,1.33e-12,56.5,"GCCCCAGCC","+"
"212",335,"CML158Q_HLC27CCXX_L1_read29","MuTIR_1",94.059,101,5,1,47,147,1,100,1.65e-41,152,"GTAATACGG","+"
"213",336,"CML158Q_HLC27CCXX_L1_read35","MuTIR_1",93.805,113,6,1,35,147,1,112,1.63e-46,169,"CTCCCAGGA","+"
"214",337,"CML158Q_HLC27CCXX_L1_read37","MuTIR_1",96.154,130,4,1,21,150,1,129,2.68e-59,211,"AGATTTGAT","+"
"215",338,"CML158Q_HLC27CCXX_L1_read38","MuTIR_1",94.118,51,2,1,100,150,1,50,1.02e-18,76.8,"GCCGTGCGA","+"
"216",339,"CML158Q_HLC27CCXX_L1_read39","MuTIR_1",91.852,135,10,1,16,150,1,134,4.51e-52,187,"CGTATTACC","+"
"217",340,"CML158Q_HLC27CCXX_L1_read42","MuTIR_1",95.349,86,3,1,62,147,1,85,1.66e-36,135,"GAATACAAC","+"
"219",342,"CML158Q_HLC27CCXX_L1_read50","MuTIR_1",91.667,120,9,1,31,150,1,119,2.11e-45,165,"CTCTCTTTC","+"
"220",343,"CML158Q_HLC27CCXX_L1_read52","MuTIR_1",89.781,137,13,1,13,149,1,136,3.51e-48,174,"CTCTCTTTC","+"
"221",344,"CML158Q_HLC27CCXX_L1_read56","MuTIR_1",96.491,114,3,1,37,150,1,113,4.51e-52,187,"AGATTTGAT","+"
"222",345,"CML158Q_HLC27CCXX_L1_read60","MuTIR_1",100,44,0,0,107,150,1,44,2.19e-20,82.4,"GCCCCAGCC","+"
"223",346,"CML158Q_HLC27CCXX_L1_read61","MuTIR_1",93.333,135,6,3,16,149,1,133,7.5e-55,196,"GAATACAAC","+"
"224",347,"CML158Q_HLC27CCXX_L1_read62","MuTIR_1",95.312,64,2,1,87,150,1,63,6.05e-26,100,"GCTGGCGAC","+"
"225",348,"CML158Q_HLC27CCXX_L1_read65","MuTIR_1",100,32,0,0,119,150,1,32,1.03e-13,60.2,"AGATTTGAT","+"
"226",349,"CML158Q_HLC27CCXX_L1_read66","MuTIR_1",95.918,98,3,1,53,150,1,97,3.54e-43,158,"GGCTGGGGC","+"
"227",350,"CML158Q_HLC27CCXX_L1_read69","MuTIR_1",97.674,43,1,0,108,150,1,43,3.67e-18,75,"GTTGTATTG","+"
"228",351,"CML158Q_HLC27CCXX_L1_read71","MuTIR_1",93.333,105,6,1,13,117,1,104,4.58e-42,154,"GTAATACGG","+"
"229",352,"CML158Q_HLC27CCXX_L1_read73","MuTIR_1",88.148,135,12,3,16,150,1,131,3.54e-43,158,"GGGAGACGG","+"
"230",353,"CML158Q_HLC27CCXX_L1_read74","MuTIR_1",94.624,93,4,1,29,121,1,92,9.91e-39,143,"TCCTGGGAG","+"
"231",354,"CML158Q_HLC27CCXX_L1_read77","MuTIR_1",97.458,118,2,1,33,150,1,117,5.8e-56,200,"CCAAAGTAG","+"
"232",355,"CML158Q_HLC27CCXX_L1_read81","MuTIR_1",98.824,85,0,1,63,147,1,84,5.92e-41,150,"GCCCCAGCC","+"
"233",356,"CML158Q_HLC27CCXX_L1_read89","MuTIR_1",96.471,85,2,1,66,150,1,84,1.28e-37,139,"GTAATACGG","+"
"234",357,"CML158Q_HLC27CCXX_L1_read91","MuTIR_1",96.471,85,2,1,61,145,1,84,1.28e-37,139,"GTAATACGG","+"
"236",359,"CML158Q_HLC27CCXX_L1_read97","MuTIR_1",100,35,0,0,116,150,1,35,2.21e-15,65.8,"GGCTGGGGC","+"
"237",360,"CML158Q_HLC27CCXX_L1_read102","MuTIR_1",95.238,63,2,1,87,149,1,62,2.18e-25,99,"CAAGGTGGG","+"
"238",361,"CML158Q_HLC27CCXX_L1_read103","MuTIR_1",95.385,65,2,1,86,150,1,64,1.68e-26,102,"TCCTGGGAG","+"
"239",362,"CML158Q_HLC27CCXX_L1_read104","MuTIR_1",95.035,141,6,1,10,150,1,140,4.45e-62,220,"GAAAGAGAG","+"
"240",363,"CML158Q_HLC27CCXX_L1_read106","MuTIR_1",98.734,79,0,1,72,150,1,78,1.28e-37,139,"GCCCCAGCC","+"
"241",364,"CML158Q_HLC27CCXX_L1_read109","MuTIR_1",96.512,86,2,1,64,149,1,85,3.56e-38,141,"AGATTTGAT","+"
"242",365,"CML158Q_HLC27CCXX_L1_read111","MuTIR_1",88.333,120,13,1,14,133,1,119,9.91e-39,143,"CTCGCACAG","+"
"243",366,"CML158Q_HLC27CCXX_L1_read113","MuTIR_1",91.837,98,7,1,52,149,1,97,1.66e-36,135,"CGTATTACC","+"
"266",389,"CML158Q_HLC27CCXX_L1_read163","MuTIR_1",95.789,95,3,1,42,136,1,94,1.65e-41,152,"TCTTTCTGA","-"
"267",390,"CML158Q_HLC27CCXX_L1_read164","MuTIR_1",94.737,95,4,1,12,106,1,94,7.66e-40,147,"TCTTCCTGA","-"
"275",398,"CML158Q_HLC27CCXX_L1_read179","MuTIR_1",94.737,95,4,1,25,119,1,94,7.66e-40,147,"TCTTCCTGA","-"
"276",399,"CML158Q_HLC27CCXX_L1_read182","MuTIR_1",93.684,95,5,1,46,140,1,94,3.56e-38,141,"TCTTTCTGA","-"
"283",406,"CML158Q_HLC27CCXX_L1_read202","MuTIR_1",94.737,95,4,1,46,140,1,94,7.66e-40,147,"TATTCCTGA","-"
"290",419,"CML158Q_HLC27CCXX_L1_read230","MuTIR_1",89.655,116,7,2,40,150,1,116,9.91e-39,143,"CAAGGACGC","+"
"291",420,"CML158Q_HLC27CCXX_L1_read231","MuTIR_1",89.899,99,5,2,57,150,1,99,1.29e-32,122,"CAAGGACGC","+"
"292",421,"CML158Q_HLC27CCXX_L1_read233","MuTIR_1",90,130,8,2,26,150,1,130,7.61e-45,163,"CAAGGACGC","+"
"293",422,"CML158Q_HLC27CCXX_L1_read234","MuTIR_1",89.423,104,6,2,52,150,1,104,9.98e-34,126,"CAAGGACGC","+"
"294",423,"CML158Q_HLC27CCXX_L1_read235","MuTIR_1",89.423,104,6,2,52,150,1,104,9.98e-34,126,"CAAGGACGC","+"
"302",478,"CML158Q_HLC27CCXX_L1_read437","MuTIR_2",95.312,64,3,0,87,150,1,64,1.68e-26,102,"CCGTCTGCG","+"
"303",479,"CML158Q_HLC27CCXX_L1_read439","MuTIR_2",88.764,89,10,0,62,150,1,89,1.01e-28,110,"ACAAACCCC","+"
"304",480,"CML158Q_HLC27CCXX_L1_read440","MuTIR_2",93.75,64,4,0,85,148,1,64,7.82e-25,97.1,"GCGACCTCC","+"
"305",481,"CML158Q_HLC27CCXX_L1_read441","MuTIR_2",88.785,107,12,0,43,149,1,107,2.15e-35,132,"CTACTCGGT","+"
"306",482,"CML158Q_HLC27CCXX_L1_read442","MuTIR_2",93.75,64,4,0,80,143,1,64,7.82e-25,97.1,"GCGACCTCC","+"
"307",483,"CML158Q_HLC27CCXX_L1_read443","MuTIR_2",93.103,87,6,0,64,150,1,87,2.77e-34,128,"TTACATTTC","+"
"308",484,"CML158Q_HLC27CCXX_L1_read444","MuTIR_2",91.089,101,9,0,50,150,1,101,4.61e-37,137,"TTCTGCCTC","+"
"309",485,"CML158Q_HLC27CCXX_L1_read445","MuTIR_2",90.816,98,7,2,54,150,1,97,7.71e-35,130,"ACTGATAGA","+"
"310",486,"CML158Q_HLC27CCXX_L1_read447","MuTIR_2",90.09,111,11,0,34,144,1,111,2.76e-39,145,"CACGGGTGG","+"
"311",487,"CML158Q_HLC27CCXX_L1_read448","MuTIR_2",92.537,67,5,0,84,150,1,67,7.82e-25,97.1,"TCCAACGAG","+"
"312",488,"CML158Q_HLC27CCXX_L1_read458","MuTIR_2",89.691,97,10,0,54,150,1,97,3.59e-33,124,"CTACTCGGT","+"
"313",489,"CML158Q_HLC27CCXX_L1_read460","MuTIR_2",94.444,108,6,0,41,148,1,108,5.88e-46,167,"GCTGCTGTG","+"
"314",490,"CML158Q_HLC27CCXX_L1_read465","MuTIR_2",92.537,67,5,0,84,150,1,67,7.82e-25,97.1,"ATCAGAAAG","+"
"315",491,"CML158Q_HLC27CCXX_L1_read466","MuTIR_2",89.683,126,13,0,21,146,1,126,2.74e-44,161,"ACAAACCCC","+"
"316",492,"CML158Q_HLC27CCXX_L1_read468","MuTIR_2",93.22,59,4,0,92,150,1,59,4.71e-22,87.9,"ATCAGAAAG","+"
"317",493,"CML158Q_HLC27CCXX_L1_read471","MuTIR_2",92.079,101,8,0,50,150,1,101,9.91e-39,143,"CACAGCATC","+"
"318",494,"CML158Q_HLC27CCXX_L1_read473","MuTIR_2",92.958,71,5,0,80,150,1,71,4.68e-27,104,"CACAGCATC","+"
"319",495,"CML158Q_HLC27CCXX_L1_read477","MuTIR_2",91.919,99,6,2,53,150,1,98,4.61e-37,137,"TGCCGCCGC","+"
"320",496,"CML158Q_HLC27CCXX_L1_read478","MuTIR_2",91.919,99,6,2,53,150,1,98,4.61e-37,137,"TGCCGCCGC","+"
"321",497,"CML158Q_HLC27CCXX_L1_read480","MuTIR_2",89.516,124,13,0,27,150,1,124,3.54e-43,158,"TGAAGTAAT","+"
"322",498,"CML158Q_HLC27CCXX_L1_read485","MuTIR_2",95.714,70,3,0,81,150,1,70,7.77e-30,113,"TGCCGCCGC","+"
"323",499,"CML158Q_HLC27CCXX_L1_read486","MuTIR_2",93.75,64,4,0,85,148,1,64,7.82e-25,97.1,"GCGACCTCC","+"
"324",500,"CML158Q_HLC27CCXX_L1_read488","MuTIR_2",91.15,113,10,0,32,144,1,113,4.58e-42,154,"TCCAACGAG","+"
"325",501,"CML158Q_HLC27CCXX_L1_read489","MuTIR_2",96.591,88,3,0,63,150,1,88,7.66e-40,147,"CCGTCTGCG","+"
"326",502,"CML158Q_HLC27CCXX_L1_read490","MuTIR_2",92.308,65,5,0,86,150,1,65,1.01e-23,93.5,"GTGGGAGAC","+"
"328",504,"CML158Q_HLC27CCXX_L1_read494","MuTIR_2",90,120,12,0,29,148,1,120,1.27e-42,156,"ATCAGAAAG","+"
"329",505,"CML158Q_HLC27CCXX_L1_read495","MuTIR_2",94.444,108,6,0,41,148,1,108,5.88e-46,167,"GCTGCTGTG","+"
"330",506,"CML158Q_HLC27CCXX_L1_read497","MuTIR_2",95.588,68,3,0,77,144,1,68,1.01e-28,110,"TGCAATGAT","+"
"331",507,"CML158Q_HLC27CCXX_L1_read498","MuTIR_2",91.406,128,11,0,17,144,1,128,9.77e-49,176,"TTACATTTC","+"
"332",508,"CML158Q_HLC27CCXX_L1_read499","MuTIR_2",92.647,68,5,0,81,148,1,68,2.18e-25,99,"ATCAGAAAG","+"
"333",509,"CML158Q_HLC27CCXX_L1_read502","MuTIR_2",95,120,4,2,32,150,1,119,4.51e-52,187,"CTTTGTAAG","+"
"334",510,"CML158Q_HLC27CCXX_L1_read504","MuTIR_2",89.916,119,12,0,32,150,1,119,4.58e-42,154,"ATCAGAAAG","+"
"335",511,"CML158Q_HLC27CCXX_L1_read507","MuTIR_2",91.753,97,8,0,54,150,1,97,1.66e-36,135,"TGAAGTAAT","+"
"336",512,"CML158Q_HLC27CCXX_L1_read511","MuTIR_2",93.75,64,4,0,85,148,1,64,7.82e-25,97.1,"GCGACCTCC","+"
"337",513,"CML158Q_HLC27CCXX_L1_read512","MuTIR_2",93.976,83,5,0,67,149,1,83,9.98e-34,126,"TGCAATGAT","+"
"359",535,"CML158Q_HLC27CCXX_L1_read569","MuTIR_2",89.922,129,13,0,9,137,1,129,5.88e-46,167,"CGGATAGAA","-"
"367",543,"CML158Q_HLC27CCXX_L1_read591","MuTIR_2",91.473,129,11,0,1,129,1,129,2.72e-49,178,"CGGATCGAA","-"
"376",559,"CML158Q_HLC27CCXX_L1_read627","MuTIR_2",90.698,86,8,0,64,149,1,86,2.16e-30,115,"GGCGTGATC","+"
"377",560,"CML158Q_HLC27CCXX_L1_read628","MuTIR_2",93.617,47,3,0,104,150,1,47,4.74e-17,71.3,"CTTACAAAG","+"
"379",562,"CML158Q_HLC27CCXX_L1_read630","MuTIR_2",95.238,63,3,0,88,150,1,63,6.05e-26,100,"CTTACAAAG","+"
"380",563,"CML158Q_HLC27CCXX_L1_read631","MuTIR_2",93.023,129,9,0,15,143,1,129,1.25e-52,189,"CTTACAAAG","+"
"385",568,"CML158Q_HLC27CCXX_L1_read638","MuTIR_2",90.698,129,12,0,9,137,1,129,1.26e-47,172,"CGGATCGAA","-"
"386",586,"CML158Q_HLC27CCXX_L1_read677","MuTIR_2",88.333,60,5,2,92,150,1,59,4.74e-17,71.3,"CCTCCTTAA","+"
"387",587,"CML158Q_HLC27CCXX_L1_read678","MuTIR_2",86.179,123,15,2,27,148,1,122,2.15e-35,132,"GTCTCCCAC","+"
"388",588,"CML158Q_HLC27CCXX_L1_read679","MuTIR_2",88.312,77,7,2,75,150,1,76,3.64e-23,91.6,"CCTCCTTAA","+"
"389",592,"CML158Q_HLC27CCXX_L1_read688","MuTIR_2",86.822,129,15,2,23,150,1,128,9.91e-39,143,"CCTCCTTAA","+"
"390",594,"CML158Q_HLC27CCXX_L1_read690","MuTIR_2",88.312,77,7,2,75,150,1,76,3.64e-23,91.6,"CCTCCTTAA","+"
"393",606,"CML158Q_HLC27CCXX_L1_read720","MuTIR_2",87.5,80,8,1,73,150,1,80,3.64e-23,91.6,"ATTCGTGTG","+"
"394",607,"CML158Q_HLC27CCXX_L1_read726","MuTIR_2",85.714,105,13,1,48,150,1,105,1.01e-28,110,"ATTCGTGTG","+"
"396",627,"CML158Q_HLC27CCXX_L1_read805","MuTIR_3",92.5,80,6,0,68,147,1,80,2.16e-30,115,"CCGTTTTTT","+"
"397",628,"CML158Q_HLC27CCXX_L1_read807","MuTIR_3",91.791,134,11,0,17,150,1,134,4.51e-52,187,"GTTTCCCAA","+"
"398",629,"CML158Q_HLC27CCXX_L1_read808","MuTIR_3",92.308,91,7,0,60,150,1,91,7.71e-35,130,"AGAGGGGGG","+"
"399",630,"CML158Q_HLC27CCXX_L1_read814","MuTIR_3",93.985,133,8,0,11,143,1,133,1.61e-56,202,"TCCTACAGG","+"
"400",631,"CML158Q_HLC27CCXX_L1_read815","MuTIR_3",96.226,53,2,0,76,128,1,53,4.71e-22,87.9,"CCGTTTTTT","+"
"401",632,"CML158Q_HLC27CCXX_L1_read816","MuTIR_3",94.444,108,6,0,43,150,1,108,5.88e-46,167,"CCCCCCTCT","+"
"402",633,"CML158Q_HLC27CCXX_L1_read817","MuTIR_3",94.017,117,7,0,34,150,1,117,2.72e-49,178,"AGAGGGGGG","+"
"403",634,"CML158Q_HLC27CCXX_L1_read818","MuTIR_3",94.017,117,7,0,34,150,1,117,2.72e-49,178,"AGAGGGGGG","+"
"404",635,"CML158Q_HLC27CCXX_L1_read820","MuTIR_3",91.912,136,7,4,16,149,1,134,4.51e-52,187,"CATATGTAC","+"
"405",636,"CML158Q_HLC27CCXX_L1_read823","MuTIR_3",93.636,110,7,0,41,150,1,110,2.11e-45,165,"AGAGGGGGG","+"
"406",637,"CML158Q_HLC27CCXX_L1_read827","MuTIR_3",93.939,132,8,0,19,150,1,132,5.8e-56,200,"CCCCCCTCT","+"
"407",638,"CML158Q_HLC27CCXX_L1_read828","MuTIR_3",93.985,133,8,0,14,146,1,133,1.61e-56,202,"TGCTACTGG","+"
"408",639,"CML158Q_HLC27CCXX_L1_read829","MuTIR_3",97.561,41,1,0,110,150,1,41,4.74e-17,71.3,"CCGTTTTTT","+"
"409",640,"CML158Q_HLC27CCXX_L1_read830","MuTIR_3",94.574,129,7,0,22,150,1,129,5.8e-56,200,"AAAACATTC","+"
"410",641,"CML158Q_HLC27CCXX_L1_read831","MuTIR_3",94.915,118,6,0,31,148,1,118,1.62e-51,185,"TGCTACTGG","+"
"411",642,"CML158Q_HLC27CCXX_L1_read832","MuTIR_3",94.737,133,7,0,16,148,1,133,3.46e-58,207,"AAAACATTC","+"
"412",643,"CML158Q_HLC27CCXX_L1_read833","MuTIR_3",96.154,52,2,0,83,134,1,52,1.69e-21,86.1,"TCTAGGTTC","+"
"413",644,"CML158Q_HLC27CCXX_L1_read838","MuTIR_3",91.111,90,6,2,62,150,1,89,4.64e-32,121,"CATATGTAC","+"
"414",645,"CML158Q_HLC27CCXX_L1_read839","MuTIR_3",93.878,49,3,0,102,150,1,49,3.67e-18,75,"TCCTACAGG","+"
"431",665,"CML158Q_HLC27CCXX_L1_read885","MuTIR_3",94.845,97,5,0,51,147,1,97,1.65e-41,152,"GGGTTCTGG","+"
"432",666,"CML158Q_HLC27CCXX_L1_read888","MuTIR_3",87.912,91,11,0,60,150,1,91,3.61e-28,108,"CCGCCCGCG","+"
"434",668,"CML158Q_HLC27CCXX_L1_read890","MuTIR_3",94.262,122,7,0,28,149,1,122,4.51e-52,187,"TTCTAGACG","+"
"435",669,"CML158Q_HLC27CCXX_L1_read891","MuTIR_3",92.481,133,10,0,14,146,1,133,3.49e-53,191,"GTTCTGTAC","+"
"437",673,"CML158Q_HLC27CCXX_L1_read902","MuTIR_3",93.333,105,7,0,46,150,1,105,1.27e-42,156,"CCAGTGCAG","+"
"438",674,"CML158Q_HLC27CCXX_L1_read903","MuTIR_3",90.698,129,12,0,10,138,1,129,1.26e-47,172,"CCGCCCGCG","+"
"439",676,"CML158Q_HLC27CCXX_L1_read906","MuTIR_3",92.105,114,9,0,32,145,1,114,2.74e-44,161,"CCTACAATG","+"
"440",677,"CML158Q_HLC27CCXX_L1_read907","MuTIR_3",93.478,138,9,0,13,150,1,138,1.25e-57,206,"TTCTAGACG","+"
"441",680,"CML158Q_HLC27CCXX_L1_read911","MuTIR_3",91.525,118,9,1,33,150,1,117,2.74e-44,161,"TCTTCACGC","+"
"442",682,"CML158Q_HLC27CCXX_L1_read913","MuTIR_3",94.643,112,6,0,39,150,1,112,3.51e-48,174,"TTCTAGACG","+"
"443",683,"CML158Q_HLC27CCXX_L1_read915","MuTIR_3",91.406,128,11,0,10,137,1,128,9.77e-49,176,"GTCCGCGTG","+"
"444",684,"CML158Q_HLC27CCXX_L1_read916","MuTIR_3",90.526,95,9,0,56,150,1,95,9.98e-34,126,"CCTACAATG","+"
"445",685,"CML158Q_HLC27CCXX_L1_read917","MuTIR_3",93.421,76,4,1,75,150,1,75,2.79e-29,111,"TCTTCACGC","+"
"446",686,"CML158Q_HLC27CCXX_L1_read918","MuTIR_3",90.789,76,7,0,73,148,1,76,1.68e-26,102,"CTTCTAGAG","+"
"447",687,"CML158Q_HLC27CCXX_L1_read920","MuTIR_3",90.698,129,12,0,10,138,1,129,1.26e-47,172,"CCGCCCGCG","+"
"458",703,"CML158Q_HLC27CCXX_L1_read946","MuTIR_3",89.474,133,14,0,7,139,1,133,1.63e-46,169,"AACGACGAT","-"
"466",730,"CML158Q_HLC27CCXX_L1_read975","MuTIR_3",93.333,90,6,0,60,149,1,90,5.96e-36,134,"GACCTCAAA","+"
"467",731,"CML158Q_HLC27CCXX_L1_read977","MuTIR_3",92.593,108,6,2,40,147,1,106,4.58e-42,154,"CTATCCTGG","+"
"468",732,"CML158Q_HLC27CCXX_L1_read978","MuTIR_3",93.407,91,6,0,60,150,1,91,1.66e-36,135,"TTTTTACAG","+"
"469",734,"CML158Q_HLC27CCXX_L1_read982","MuTIR_3",92.593,108,6,2,40,147,1,106,4.58e-42,154,"CTATCCTGG","+"
"470",735,"CML158Q_HLC27CCXX_L1_read983","MuTIR_3",94.667,75,4,0,67,141,1,75,6.01e-31,117,"CTCCTCATC","+"
"471",736,"CML158Q_HLC27CCXX_L1_read985","MuTIR_3",91.753,97,6,2,54,150,1,95,5.96e-36,134,"CTATCCTGG","+"
"472",737,"CML158Q_HLC27CCXX_L1_read986","MuTIR_3",90,140,14,0,11,150,1,140,2.1e-50,182,"CCGCGGAAG","+"
"473",738,"CML158Q_HLC27CCXX_L1_read988","MuTIR_3",92.222,90,7,0,58,147,1,90,2.77e-34,128,"CTCCTCATC","+"
"474",739,"CML158Q_HLC27CCXX_L1_read989","MuTIR_3",94.792,96,5,0,55,150,1,96,5.92e-41,150,"GACCCTTTG","+"
"475",741,"CML158Q_HLC27CCXX_L1_read992","MuTIR_3",92.373,118,9,0,33,150,1,118,1.63e-46,169,"CTGCACTGG","+"
"476",742,"CML158Q_HLC27CCXX_L1_read993","MuTIR_3",93.651,63,4,0,88,150,1,63,2.81e-24,95.3,"CCGCGGAAG","+"
"477",743,"CML158Q_HLC27CCXX_L1_read994","MuTIR_3",92.405,79,4,2,66,144,1,77,2.79e-29,111,"CTATCCTGG","+"
"478",744,"CML158Q_HLC27CCXX_L1_read995","MuTIR_3",93.798,129,8,0,22,150,1,129,2.7e-54,195,"GACCCTTTG","+"
"479",745,"CML158Q_HLC27CCXX_L1_read996","MuTIR_3",92.222,90,7,0,60,149,1,90,2.77e-34,128,"GACCTCAAA","+"
"480",747,"CML158Q_HLC27CCXX_L1_read998","MuTIR_3",93.243,74,5,0,77,150,1,74,1.01e-28,110,"CTGCACTGG","+"
"499",773,"CML158Q_HLC27CCXX_L1_read1035","MuTIR_3",90.84,131,12,0,8,138,1,131,9.77e-49,176,"ATTCAAAGC","-"
"501",782,"CML158Q_HLC27CCXX_L1_read1050","MuTIR_3",92.381,105,8,0,46,150,1,105,5.92e-41,150,"CTCCAGGAT","+"
"502",783,"CML158Q_HLC27CCXX_L1_read1051","MuTIR_3",91.919,99,8,0,52,150,1,99,1.28e-37,139,"CTCCAGGAT","+"
"507",890,"CML158Q_HLC27CCXX_L1_read1221","MuTIR_4",94.118,68,4,0,77,144,1,68,4.68e-27,104,"CTCTCTTGC","+"
"509",892,"CML158Q_HLC27CCXX_L1_read1232","MuTIR_4",91.86,86,7,0,46,131,1,86,4.64e-32,121,"GTGACTGAG","+"
"510",893,"CML158Q_HLC27CCXX_L1_read1235","MuTIR_4",93.548,93,6,0,54,146,1,93,1.28e-37,139,"GACACCCCC","+"
"511",894,"CML158Q_HLC27CCXX_L1_read1236","MuTIR_4",88.889,90,9,1,61,150,1,89,1.01e-28,110,"GTGACTGAG","+"
"512",895,"CML158Q_HLC27CCXX_L1_read1237","MuTIR_4",100,51,0,0,98,148,1,51,2.81e-24,95.3,"GAGAGCGGT","+"
"513",896,"CML158Q_HLC27CCXX_L1_read1238","MuTIR_4",90.909,99,9,0,52,150,1,99,5.96e-36,134,"TCACGGAGC","+"
"514",897,"CML158Q_HLC27CCXX_L1_read1239","MuTIR_4",96.25,80,3,0,71,150,1,80,2.15e-35,132,"CCGAAGACT","+"
"515",899,"CML158Q_HLC27CCXX_L1_read1243","MuTIR_4",100,34,0,0,117,150,1,34,7.94e-15,63.9,"CTCCTGAAT","+"
"517",901,"CML158Q_HLC27CCXX_L1_read1247","MuTIR_4",98.276,58,1,0,92,149,1,58,1.68e-26,102,"GAGAGCGGT","+"
"518",902,"CML158Q_HLC27CCXX_L1_read1248","MuTIR_4",86.719,128,17,0,23,150,1,128,2.76e-39,145,"GTGACTGAG","+"
"519",903,"CML158Q_HLC27CCXX_L1_read1249","MuTIR_4",84,125,20,0,26,150,1,125,1.29e-32,122,"GTGACCGAG","+"
"520",904,"CML158Q_HLC27CCXX_L1_read1250","MuTIR_4",100,36,0,0,113,148,1,36,6.14e-16,67.6,"GAGAGCGGT","+"
"521",905,"CML158Q_HLC27CCXX_L1_read1252","MuTIR_4",90.099,101,10,0,46,146,1,101,2.15e-35,132,"TCACGGAGC","+"
"522",906,"CML158Q_HLC27CCXX_L1_read1254","MuTIR_4",93.506,77,5,0,74,150,1,77,2.16e-30,115,"CGGCCACCG","+"
"523",907,"CML158Q_HLC27CCXX_L1_read1257","MuTIR_4",95,100,5,0,43,142,1,100,3.54e-43,158,"CCGAAGACT","+"
"524",908,"CML158Q_HLC27CCXX_L1_read1260","MuTIR_4",91.489,94,8,0,55,148,1,94,7.71e-35,130,"TCACGGAGC","+"
"525",909,"CML158Q_HLC27CCXX_L1_read1268","MuTIR_4",93.827,81,5,0,70,150,1,81,1.29e-32,122,"TCACGGAGC","+"
"526",910,"CML158Q_HLC27CCXX_L1_read1270","MuTIR_4",85.586,111,16,0,40,150,1,111,1.67e-31,119,"GTGACTGAG","+"
"527",911,"CML158Q_HLC27CCXX_L1_read1271","MuTIR_4",86.486,111,15,0,40,150,1,111,3.59e-33,124,"CTCCTGAAT","+"
"528",912,"CML158Q_HLC27CCXX_L1_read1277","MuTIR_4",96.875,64,2,0,87,150,1,64,3.61e-28,108,"GAGAGCGGT","+"
"529",913,"CML158Q_HLC27CCXX_L1_read1278","MuTIR_4",88.889,90,9,1,49,138,1,89,1.01e-28,110,"GTGACTGAG","+"
"530",914,"CML158Q_HLC27CCXX_L1_read1279","MuTIR_4",90.323,124,10,2,20,143,1,122,7.61e-45,163,"CGGCCACCG","+"
"538",923,"CML158Q_HLC27CCXX_L1_read1297","MuTIR_4",95.556,45,2,0,6,50,1,45,1.32e-17,73.1,"CCGTCTCTC","-"
"542",927,"CML158Q_HLC27CCXX_L1_read1303","MuTIR_4",86.923,130,17,0,10,139,1,130,2.13e-40,148,"CTGCAGATA","-"
"554",939,"CML158Q_HLC27CCXX_L1_read1330","MuTIR_4",97.778,45,1,0,62,106,1,45,2.83e-19,78.7,"CCGTCCCTC","-"
"555",942,"CML158Q_HLC27CCXX_L1_read1335","MuTIR_4",91.667,96,8,0,55,150,1,96,5.96e-36,134,"TTTGCTGGT","+"
"558",949,"CML158Q_HLC27CCXX_L1_read1354","MuTIR_4",90.625,64,6,0,87,150,1,64,1.69e-21,86.1,"GACTTTAGC","+"
"559",950,"CML158Q_HLC27CCXX_L1_read1356","MuTIR_4",90.625,64,6,0,87,150,1,64,1.69e-21,86.1,"GACTTTAGC","+"
"565",965,"CML158Q_HLC27CCXX_L1_read1388","MuTIR_4",89.13,92,10,0,59,150,1,92,2.16e-30,115,"GTGTGTGGG","+"
"566",967,"CML158Q_HLC27CCXX_L1_read1390","MuTIR_4",86.441,118,16,0,33,150,1,118,2.15e-35,132,"GTGTGTGGG","+"
"567",968,"CML158Q_HLC27CCXX_L1_read1392","MuTIR_4",86.441,118,16,0,33,150,1,118,2.15e-35,132,"GTGTGTGGG","+"
"568",969,"CML158Q_HLC27CCXX_L1_read1393","MuTIR_4",86.441,118,16,0,33,150,1,118,2.15e-35,132,"GTGTGTGGG","+"
"569",970,"CML158Q_HLC27CCXX_L1_read1395","MuTIR_4",86.719,128,17,0,23,150,1,128,2.76e-39,145,"GTGTGTGGG","+"
"574",990,"CML158Q_HLC27CCXX_L1_read1434","MuTIR_5",92.391,92,5,1,61,150,1,92,2.15e-35,132,"GCTGCAGGA","+"
"575",991,"CML158Q_HLC27CCXX_L1_read1435","MuTIR_5",87.143,140,14,3,14,150,1,139,3.54e-43,158,"TTCGAGCGG","+"
"576",992,"CML158Q_HLC27CCXX_L1_read1436","MuTIR_5",88.571,105,10,1,42,144,1,105,2.77e-34,128,"ACCTTGACA","+"
"577",993,"CML158Q_HLC27CCXX_L1_read1437","MuTIR_5",92.473,93,5,1,60,150,1,93,5.96e-36,134,"GCTGCAGGA","+"
"578",994,"CML158Q_HLC27CCXX_L1_read1438","MuTIR_5",91.667,72,4,1,78,147,1,72,6.05e-26,100,"TTCGAGCGG","+"
"579",995,"CML158Q_HLC27CCXX_L1_read1439","MuTIR_5",90.426,94,7,1,59,150,1,94,3.59e-33,124,"ATTGAGCCC","+"
"580",996,"CML158Q_HLC27CCXX_L1_read1440","MuTIR_5",89.167,120,10,2,34,150,1,120,2.13e-40,148,"CCGCTCGAA","+"
"581",997,"CML158Q_HLC27CCXX_L1_read1442","MuTIR_5",90.833,120,9,1,30,147,1,120,2.74e-44,161,"CGAGACGGC","+"
"582",998,"CML158Q_HLC27CCXX_L1_read1444","MuTIR_5",92.708,96,5,1,56,149,1,96,1.28e-37,139,"GCTGCAGGA","+"
"583",999,"CML158Q_HLC27CCXX_L1_read1447","MuTIR_5",91.954,87,5,1,66,150,1,87,1.29e-32,122,"GCTGCAGGA","+"
"584",1000,"CML158Q_HLC27CCXX_L1_read1448","MuTIR_5",88.235,102,10,1,51,150,1,102,1.29e-32,122,"ACCTTGACA","+"
"585",1001,"CML158Q_HLC27CCXX_L1_read1449","MuTIR_5",88.298,94,9,1,53,144,1,94,7.77e-30,113,"AGCGTGTTT","+"
"586",1002,"CML158Q_HLC27CCXX_L1_read1450","MuTIR_5",91.667,84,5,1,69,150,1,84,6.01e-31,117,"GCTGCAGGA","+"
"587",1003,"CML158Q_HLC27CCXX_L1_read1452","MuTIR_5",88.235,102,10,1,51,150,1,102,1.29e-32,122,"ACCTTGACA","+"
"588",1004,"CML158Q_HLC27CCXX_L1_read1453","MuTIR_5",91.15,113,8,1,39,149,1,113,4.58e-42,154,"CGAGACGGC","+"
"589",1005,"CML158Q_HLC27CCXX_L1_read1454","MuTIR_5",90,100,7,2,53,149,1,100,2.77e-34,128,"TTCGAGCGG","+"
"590",1006,"CML158Q_HLC27CCXX_L1_read1455","MuTIR_5",95.918,49,2,0,97,145,1,49,7.88e-20,80.5,"CGAGACGGC","+"
"591",1007,"CML158Q_HLC27CCXX_L1_read1457","MuTIR_5",91.892,74,4,1,79,150,1,74,4.68e-27,104,"GCTGCAGGA","+"
"592",1008,"CML158Q_HLC27CCXX_L1_read1458","MuTIR_5",91.429,105,7,1,45,147,1,105,2.76e-39,145,"GCTGCAGGA","+"
"593",1009,"CML158Q_HLC27CCXX_L1_read1460","MuTIR_5",91.026,78,5,1,75,150,1,78,1.3e-27,106,"GCTGCAGGA","+"
"594",1010,"CML158Q_HLC27CCXX_L1_read1461","MuTIR_5",88.571,105,10,1,45,147,1,105,2.77e-34,128,"ACCTTGACA","+"
"600",1016,"CML158Q_HLC27CCXX_L1_read1471","MuTIR_5",89.764,127,11,1,15,139,1,127,7.61e-45,163,"CGTTGTTAT","-"
"606",1022,"CML158Q_HLC27CCXX_L1_read1479","MuTIR_5",86.777,121,13,2,19,136,1,121,5.96e-36,134,"CCCCATTAG","-"
"612",1038,"CML158Q_HLC27CCXX_L1_read1565","MuTIR_6",96.552,116,4,0,35,150,1,116,9.7e-54,193,"TGCACTACG","+"
"613",1039,"CML158Q_HLC27CCXX_L1_read1567","MuTIR_6",95.588,136,6,0,15,150,1,136,1.6e-61,219,"TGCCCTACG","+"
"614",1040,"CML158Q_HLC27CCXX_L1_read1569","MuTIR_6",97.826,46,0,1,106,150,1,46,2.83e-19,78.7,"TGCACTACG","+"
"620",1049,"CML158Q_HLC27CCXX_L1_read1601","MuTIR_6",96.429,112,4,0,39,150,1,112,1.62e-51,185,"CCGTAGATC","+"
"621",1050,"CML158Q_HLC27CCXX_L1_read1602","MuTIR_6",96.154,104,4,0,47,150,1,104,4.55e-47,171,"CCGTAGATC","+"
"622",1051,"CML158Q_HLC27CCXX_L1_read1604","MuTIR_6",97.196,107,3,0,44,150,1,107,2.1e-50,182,"TCCTAGGCT","+"
"623",1052,"CML158Q_HLC27CCXX_L1_read1606","MuTIR_6",95.522,67,3,0,84,150,1,67,3.61e-28,108,"TCCTAGGCT","+"
"624",1053,"CML158Q_HLC27CCXX_L1_read1607","MuTIR_6",96.104,77,3,0,74,150,1,77,9.98e-34,126,"AGGAGAGGG","+"
"625",1054,"CML158Q_HLC27CCXX_L1_read1608","MuTIR_6",94.737,76,4,0,75,150,1,76,1.67e-31,119,"TCCTAGGCT","+"
"626",1057,"CML158Q_HLC27CCXX_L1_read1614","MuTIR_6",93.506,77,5,0,74,150,1,77,2.16e-30,115,"AGGAGAGGG","+"
"627",1058,"CML158Q_HLC27CCXX_L1_read1615","MuTIR_6",94.048,84,5,0,67,150,1,84,2.77e-34,128,"AGGAGAGGG","+"
