"","X","qname","sname","percent_identity","alignment_length","mismatches","gap_opens","q_start","q_end","s_start","s_end","evalue","bit_score","tsds","strand"
"2",2,"CML281_HLFTVCCXX_L8_read5","MuTIR_1",91.429,140,11,1,11,150,1,139,3.49e-53,191,"CGTATTACC","+"
"3",3,"CML281_HLFTVCCXX_L8_read6","MuTIR_1",92.308,117,8,1,31,147,1,116,2.11e-45,165,"GTAATACGG","+"
"4",4,"CML281_HLFTVCCXX_L8_read8","MuTIR_1",91.453,117,9,1,31,147,1,116,9.84e-44,159,"GTAATACGG","+"
"5",5,"CML281_HLFTVCCXX_L8_read9","MuTIR_1",93.396,106,6,1,44,149,1,105,1.27e-42,156,"TTCGTCCAG","+"
"6",6,"CML281_HLFTVCCXX_L8_read11","MuTIR_1",94.186,86,4,1,65,150,1,85,7.71e-35,130,"GCTGGCGAC","+"
"8",8,"CML281_HLFTVCCXX_L8_read13","MuTIR_1",91.852,135,10,1,16,150,1,134,4.51e-52,187,"CGTATTACC","+"
"11",11,"CML281_HLFTVCCXX_L8_read18","MuTIR_1",96.386,83,2,1,68,150,1,82,1.66e-36,135,"GAATACAAC","+"
"12",12,"CML281_HLFTVCCXX_L8_read21","MuTIR_1",91.852,135,10,1,16,150,1,134,4.51e-52,187,"CGTATTACC","+"
"13",13,"CML281_HLFTVCCXX_L8_read22","MuTIR_1",100,32,0,0,118,149,1,32,1.03e-13,60.2,"CCCACCTTG","+"
"14",14,"CML281_HLFTVCCXX_L8_read24","MuTIR_1",88,125,8,2,19,143,1,118,3.56e-38,141,"TACCTACCC","+"
"15",15,"CML281_HLFTVCCXX_L8_read25","MuTIR_1",94.737,95,4,1,38,132,1,94,7.66e-40,147,"GACACAGGT","+"
"16",16,"CML281_HLFTVCCXX_L8_read26","MuTIR_1",95.789,95,3,1,56,150,1,94,1.65e-41,152,"CAAGGTGGG","+"
"18",18,"CML281_HLFTVCCXX_L8_read28","MuTIR_1",100,33,0,0,118,150,1,33,2.85e-14,62.1,"GTCGGCTGG","+"
"19",19,"CML281_HLFTVCCXX_L8_read30","MuTIR_1",95.556,90,3,1,61,150,1,89,9.91e-39,143,"GAATACAAC","+"
"20",20,"CML281_HLFTVCCXX_L8_read31","MuTIR_1",94.118,85,4,1,62,146,1,84,2.77e-34,128,"GACACAGGT","+"
"23",23,"CML281_HLFTVCCXX_L8_read36","MuTIR_1",100,45,0,0,106,150,1,45,6.09e-21,84.2,"GAGGCTCTC","+"
"24",24,"CML281_HLFTVCCXX_L8_read37","MuTIR_1",94.118,85,4,1,62,146,1,84,2.77e-34,128,"GACACAGGT","+"
"25",25,"CML281_HLFTVCCXX_L8_read38","MuTIR_1",94.845,97,4,1,54,150,1,96,5.92e-41,150,"GAGAGAAAG","+"
"32",32,"CML281_HLFTVCCXX_L8_read48","MuTIR_1",94.737,95,4,1,37,131,1,94,7.66e-40,147,"TCTTCCTGA","-"
"33",33,"CML281_HLFTVCCXX_L8_read49","MuTIR_1",93.684,95,5,1,47,141,1,94,3.56e-38,141,"TTTTCCTAA","-"
"40",40,"CML281_HLFTVCCXX_L8_read62","MuTIR_1",94.737,95,4,1,24,118,1,94,7.66e-40,147,"TCTTCCTGA","-"
"48",49,"CML281_HLFTVCCXX_L8_read72","MuTIR_1",94.444,90,4,1,61,150,1,89,4.61e-37,137,"GAATACAAC","+"
"50",52,"CML281_HLFTVCCXX_L8_read76","MuTIR_1",94.262,122,6,1,26,147,1,121,1.62e-51,185,"CCTCTCAGC","+"
"51",53,"CML281_HLFTVCCXX_L8_read77","MuTIR_1",93.86,114,6,1,37,150,1,113,4.55e-47,171,"CCTCTCAGC","+"
"54",83,"CML281_HLFTVCCXX_L8_read146","MuTIR_2",89.062,128,14,0,10,137,1,128,9.84e-44,159,"TCCAACGAG","+"
"55",84,"CML281_HLFTVCCXX_L8_read150","MuTIR_2",91.176,102,9,0,49,150,1,102,1.28e-37,139,"TGCAATGAT","+"
"56",85,"CML281_HLFTVCCXX_L8_read151","MuTIR_2",91.463,82,7,0,64,145,1,82,7.77e-30,113,"CTGTCAGAG","+"
"57",86,"CML281_HLFTVCCXX_L8_read153","MuTIR_2",95.062,81,3,1,64,143,1,81,9.98e-34,126,"CCCAGAGCC","+"
"59",88,"CML281_HLFTVCCXX_L8_read156","MuTIR_2",91.176,102,9,0,49,150,1,102,1.28e-37,139,"TGCAATGAT","+"
"60",89,"CML281_HLFTVCCXX_L8_read158","MuTIR_2",88.889,126,14,0,12,137,1,126,1.27e-42,156,"ACAAACCCC","+"
"62",91,"CML281_HLFTVCCXX_L8_read160","MuTIR_2",88.889,126,14,0,12,137,1,126,1.27e-42,156,"ACAAACCCC","+"
"63",92,"CML281_HLFTVCCXX_L8_read161","MuTIR_2",91.589,107,9,0,43,149,1,107,2.13e-40,148,"TCCAACGAG","+"
"64",93,"CML281_HLFTVCCXX_L8_read164","MuTIR_2",92,100,8,0,51,150,1,100,3.56e-38,141,"CTCGTCAGC","+"
"65",94,"CML281_HLFTVCCXX_L8_read167","MuTIR_2",85.185,135,20,0,16,150,1,135,1.28e-37,139,"CTGTCAGAG","+"
"66",95,"CML281_HLFTVCCXX_L8_read169","MuTIR_2",89.796,98,10,0,49,146,1,98,9.98e-34,126,"CTACTCGGT","+"
"67",96,"CML281_HLFTVCCXX_L8_read170","MuTIR_2",94.059,101,6,0,50,150,1,101,4.58e-42,154,"TTCCTCGCC","+"
"70",99,"CML281_HLFTVCCXX_L8_read178","MuTIR_2",86.916,107,14,0,30,136,1,107,4.64e-32,121,"CAAACAAGA","-"
"78",111,"CML281_HLFTVCCXX_L8_read203","MuTIR_2",90.625,64,6,0,87,150,1,64,1.69e-21,86.1,"CTGTCCGCC","+"
"79",125,"CML281_HLFTVCCXX_L8_read227","MuTIR_2",87.952,83,8,2,69,150,1,82,7.82e-25,97.1,"CCTCCTTAA","+"
"80",126,"CML281_HLFTVCCXX_L8_read228","MuTIR_2",91.176,68,6,0,80,147,1,68,1.01e-23,93.5,"TCCAACGAG","+"
"84",135,"CML281_HLFTVCCXX_L8_read241","MuTIR_2",89.552,67,7,0,84,150,1,67,1.69e-21,86.1,"CCCACCACG","+"
"85",139,"CML281_HLFTVCCXX_L8_read271","MuTIR_3",95.902,122,5,0,27,148,1,122,2.09e-55,198,"CTCGTGCGC","+"
"86",140,"CML281_HLFTVCCXX_L8_read272","MuTIR_3",92.391,92,7,0,59,150,1,92,2.15e-35,132,"CAACTCAGG","+"
"87",141,"CML281_HLFTVCCXX_L8_read273","MuTIR_3",93.506,77,5,0,72,148,1,77,2.16e-30,115,"CAACTCAGG","+"
"93",151,"CML281_HLFTVCCXX_L8_read289","MuTIR_3",89.922,129,13,0,12,140,1,129,5.88e-46,167,"CCTCTAGAG","+"
"94",152,"CML281_HLFTVCCXX_L8_read290","MuTIR_3",95.614,114,5,0,37,150,1,114,5.84e-51,183,"GGCGGTGGG","+"
"97",157,"CML281_HLFTVCCXX_L8_read298","MuTIR_3",92.647,136,10,0,13,148,1,136,7.5e-55,196,"GACCTCAAA","+"
"98",158,"CML281_HLFTVCCXX_L8_read299","MuTIR_3",93.846,130,8,0,21,150,1,130,7.5e-55,196,"GACCCTTTG","+"
"100",175,"CML281_HLFTVCCXX_L8_read342","MuTIR_4",90.667,75,7,0,76,150,1,75,6.05e-26,100,"GCCATTAAG","+"
"101",176,"CML281_HLFTVCCXX_L8_read347","MuTIR_4",98.246,57,1,0,94,150,1,57,6.05e-26,100,"TCTAGAATA","+"
"102",177,"CML281_HLFTVCCXX_L8_read350","MuTIR_4",94,100,6,0,51,150,1,100,1.65e-41,152,"GGGAGCGGT","+"
"103",178,"CML281_HLFTVCCXX_L8_read351","MuTIR_4",91,100,9,0,48,147,1,100,1.66e-36,135,"CCGTAGACG","+"
"106",181,"CML281_HLFTVCCXX_L8_read358","MuTIR_4",90.833,120,11,0,1,120,1,120,7.61e-45,163,"CTTTTATGC","-"
"110",186,"CML281_HLFTVCCXX_L8_read366","MuTIR_4",98.039,51,1,0,85,135,1,51,1.31e-22,89.8,"ACGCTGAGT","-"
"111",188,"CML281_HLFTVCCXX_L8_read372","MuTIR_4",89.109,101,11,0,47,147,1,101,9.98e-34,126,"TATTCTAGA","+"
"112",189,"CML281_HLFTVCCXX_L8_read373","MuTIR_4",88.596,114,13,0,35,148,1,114,3.56e-38,141,"GACTTTAGC","+"
"115",199,"CML281_HLFTVCCXX_L8_read388","MuTIR_4",86.508,126,17,0,25,150,1,126,3.56e-38,141,"GTGTGTGGG","+"
"116",200,"CML281_HLFTVCCXX_L8_read392","MuTIR_4",91.489,47,4,0,103,149,1,47,2.21e-15,65.8,"GCCATTAAG","+"
"120",207,"CML281_HLFTVCCXX_L8_read399","MuTIR_5",90.991,111,8,1,42,150,1,111,5.92e-41,150,"CGAGACGGC","+"
"121",208,"CML281_HLFTVCCXX_L8_read401","MuTIR_5",91.15,113,8,1,39,149,1,113,4.58e-42,154,"GCTGCAGGA","+"
"122",209,"CML281_HLFTVCCXX_L8_read402","MuTIR_5",88.489,139,14,1,14,150,1,139,1.63e-46,169,"GCTGCAGGA","+"
"123",210,"CML281_HLFTVCCXX_L8_read403","MuTIR_5",97.959,49,1,0,88,136,1,49,1.69e-21,86.1,"ACCTTGACA","+"
"124",211,"CML281_HLFTVCCXX_L8_read405","MuTIR_5",86.275,102,12,1,44,143,1,102,2.79e-29,111,"ACCTTGACA","+"
"126",213,"CML281_HLFTVCCXX_L8_read409","MuTIR_5",89.764,127,11,1,8,132,1,127,7.61e-45,163,"CGTTGTTAT","-"
"131",219,"CML281_HLFTVCCXX_L8_read438","MuTIR_6",95,80,4,0,71,150,1,80,9.98e-34,126,"AGGAGAGGG","+"
"132",220,"CML281_HLFTVCCXX_L8_read439","MuTIR_6",95.062,81,4,0,69,149,1,81,2.77e-34,128,"ATGCAGATG","+"
"134",222,"CML281_HLFTVCCXX_L8_read441","MuTIR_6",96.552,87,3,0,64,150,1,87,2.76e-39,145,"AGGAGAGGG","+"
"135",223,"CML281_HLFTVCCXX_L8_read442","MuTIR_6",96.396,111,4,0,39,149,1,111,5.84e-51,183,"AGGAGAGGT","+"
"137",225,"CML281_HLFTVCCXX_L8_read444","MuTIR_6",93.939,132,8,0,19,150,1,132,5.8e-56,200,"AGGAGAGGG","+"
"138",226,"CML281_HLFTVCCXX_L8_read446","MuTIR_6",96.552,58,2,0,86,143,1,58,7.82e-25,97.1,"ATGCAGATG","+"
"139",227,"CML281_HLFTVCCXX_L8_read447","MuTIR_6",96,75,3,0,76,150,1,75,1.29e-32,122,"ATGCAGATG","+"
"140",228,"CML281_HLFTVCCXX_L8_read450","MuTIR_6",96.386,83,3,0,66,148,1,83,4.61e-37,137,"AGGAGAGGG","+"
"148",236,"CML281_HLFTVCCXX_L8_read460","MuTIR_6",93.243,74,5,0,77,150,1,74,1.01e-28,110,"AGGAGAGGG","+"
"150",252,"CML281_HA5R1ADXX_GAGTGG_read1","MuTIR_1",93.103,58,3,1,88,145,1,57,8.21e-21,84.2,"TACCTACCC","+"
"151",253,"CML281_HA5R1ADXX_GAGTGG_read2","MuTIR_1",92.617,149,10,1,31,179,1,148,1e-59,213,"ATTGAAAGG","+"
"152",254,"CML281_HA5R1ADXX_GAGTGG_read3","MuTIR_1",91.946,149,11,1,28,176,1,148,4.67e-58,207,"GTCGGCTGG","+"
"154",256,"CML281_HA5R1ADXX_GAGTGG_read6","MuTIR_1",94.059,101,5,1,101,201,1,100,2.22e-41,152,"GTCGGCTGG","+"
"155",257,"CML281_HA5R1ADXX_GAGTGG_read7","MuTIR_1",91.791,134,8,3,69,201,1,132,7.87e-51,183,"GTCGCCAGC","+"
"156",258,"CML281_HA5R1ADXX_GAGTGG_read8","MuTIR_1",95.122,82,3,1,38,119,1,81,3.74e-34,128,"CTGGACGAA","+"
"157",259,"CML281_HA5R1ADXX_GAGTGG_read11","MuTIR_1",93.056,144,9,1,58,201,1,143,1.3e-58,209,"ATTGAAAGG","+"
"158",260,"CML281_HA5R1ADXX_GAGTGG_read12","MuTIR_1",96.429,84,2,1,118,201,1,83,6.21e-37,137,"GAGGCTCTC","+"
"159",261,"CML281_HA5R1ADXX_GAGTGG_read13","MuTIR_1",95.745,94,3,1,89,182,1,93,7.98e-41,150,"GAGGCTCTC","+"
"160",262,"CML281_HA5R1ADXX_GAGTGG_read16","MuTIR_1",92.806,139,7,3,56,193,1,137,2.81e-55,198,"GAATACAAC","+"
"162",264,"CML281_HA5R1ADXX_GAGTGG_read19","MuTIR_1",91.946,149,11,1,34,182,1,148,4.67e-58,207,"ATCCTGTCA","-"
"164",266,"CML281_HA5R1ADXX_GAGTGG_read23","MuTIR_1",91.946,149,11,1,32,180,1,148,4.67e-58,207,"ATCCTGTCA","-"
"168",270,"CML281_HA5R1ADXX_GAGTGG_read27","MuTIR_1",92.617,149,10,1,14,162,1,148,1e-59,213,"GTTCTTCCA","-"
"173",275,"CML281_HA5R1ADXX_GAGTGG_read36","MuTIR_1",94.872,117,5,1,75,191,1,116,2.83e-50,182,"CTGTGCGAG","+"
"174",276,"CML281_HA5R1ADXX_GAGTGG_read38","MuTIR_1",91.275,149,12,1,12,160,1,148,2.17e-56,202,"TTCGGTGGG","+"
"176",279,"CML281_HA5R1ADXX_GAGTGG_read42","MuTIR_1",91.275,149,12,1,16,164,1,148,2.17e-56,202,"GTCCTTTCA","-"
"178",285,"CML281_HA5R1ADXX_GAGTGG_read59","MuTIR_2",92.857,70,5,0,110,179,1,70,2.27e-26,102,"CACAGCATC","+"
"179",286,"CML281_HA5R1ADXX_GAGTGG_read60","MuTIR_2",89.062,128,14,0,45,172,1,128,1.33e-43,159,"TCCAACGAG","+"
"180",287,"CML281_HA5R1ADXX_GAGTGG_read63","MuTIR_2",91.406,128,11,0,66,193,1,128,1.32e-48,176,"TGAAGTAAT","+"
"181",288,"CML281_HA5R1ADXX_GAGTGG_read64","MuTIR_2",93.798,129,8,0,19,147,1,129,3.63e-54,195,"CCCAGAGCC","+"
"182",289,"CML281_HA5R1ADXX_GAGTGG_read66","MuTIR_2",91.406,128,11,0,45,172,1,128,1.32e-48,176,"CTCGTCAGC","+"
"184",291,"CML281_HA5R1ADXX_GAGTGG_read68","MuTIR_2",92.222,90,7,0,110,199,1,90,3.74e-34,128,"CTCGTCAGC","+"
"185",292,"CML281_HA5R1ADXX_GAGTGG_read69","MuTIR_2",88.591,149,17,0,21,169,1,149,2.83e-50,182,"GGCTCTGGG","+"
"186",293,"CML281_HA5R1ADXX_GAGTGG_read70","MuTIR_2",94.186,86,5,0,114,199,1,86,2.89e-35,132,"GTTGGAAGA","+"
"187",294,"CML281_HA5R1ADXX_GAGTGG_read71","MuTIR_2",92.126,127,10,0,62,188,1,127,1.02e-49,180,"CTCGCAAGT","+"
"189",296,"CML281_HA5R1ADXX_GAGTGG_read74","MuTIR_2",90.833,120,11,0,81,200,1,120,3.69e-44,161,"GTTGGAAGA","+"
"190",297,"CML281_HA5R1ADXX_GAGTGG_read75","MuTIR_2",91.781,146,10,2,57,201,1,145,2.17e-56,202,"TGCCGCCGC","+"
"191",298,"CML281_HA5R1ADXX_GAGTGG_read78","MuTIR_2",93.162,117,8,0,85,201,1,117,1.7e-47,172,"GTCGCGAGC","+"
"192",299,"CML281_HA5R1ADXX_GAGTGG_read79","MuTIR_2",91.111,90,8,0,52,141,1,90,1.74e-32,122,"CTGTCCGCC","+"
"194",301,"CML281_HA5R1ADXX_GAGTGG_read84","MuTIR_2",91.406,128,11,0,63,190,1,128,1.32e-48,176,"CAGTAGTGA","-"
"195",302,"CML281_HA5R1ADXX_GAGTGG_read86","MuTIR_2",92.248,129,10,0,30,158,1,129,7.87e-51,183,"CGGATAGAA","-"
"196",303,"CML281_HA5R1ADXX_GAGTGG_read88","MuTIR_2",91.333,150,11,2,9,157,1,149,6.04e-57,204,"CCATTGATA","-"
"199",306,"CML281_HA5R1ADXX_GAGTGG_read91","MuTIR_2",89.844,128,13,0,64,191,1,128,2.85e-45,165,"CAGTAGTGA","-"
"201",308,"CML281_HA5R1ADXX_GAGTGG_read97","MuTIR_2",89.062,128,14,0,19,146,1,128,1.33e-43,159,"CAGTAGTGA","-"
"202",309,"CML281_HA5R1ADXX_GAGTGG_read101","MuTIR_2",91.275,149,13,0,21,169,1,149,6.04e-57,204,"CCAGTGACA","-"
"206",318,"CML281_HA5R1ADXX_GAGTGG_read128","MuTIR_2",88.112,143,15,1,61,201,1,143,2.2e-46,169,"ATTCGTGTG","+"
"207",319,"CML281_HA5R1ADXX_GAGTGG_read129","MuTIR_2",88.667,150,15,1,13,160,1,150,2.83e-50,182,"ATTCGTGTG","+"
"208",321,"CML281_HA5R1ADXX_GAGTGG_read131","MuTIR_2",88.667,150,15,1,5,152,1,150,2.83e-50,182,"CCATTGATA","-"
"209",322,"CML281_HA5R1ADXX_GAGTGG_read132","MuTIR_2",88,150,16,1,15,162,1,150,1.32e-48,176,"CCATTGATA","-"
"210",327,"CML281_HA5R1ADXX_GAGTGG_read141","MuTIR_3",97.17,106,3,0,96,201,1,106,1.02e-49,180,"CTCGCGCGC","+"
"212",329,"CML281_HA5R1ADXX_GAGTGG_read143","MuTIR_3",96.226,53,2,0,142,194,1,53,6.35e-22,87.9,"AAAAAATGG","+"
"213",330,"CML281_HA5R1ADXX_GAGTGG_read144","MuTIR_3",93.023,86,6,0,116,201,1,86,1.34e-33,126,"GAACCTAGA","+"
"214",331,"CML281_HA5R1ADXX_GAGTGG_read145","MuTIR_3",86.667,135,14,3,12,144,1,133,1.03e-39,147,"CTCACTCAC","+"
"215",332,"CML281_HA5R1ADXX_GAGTGG_read146","MuTIR_3",94.656,131,7,0,20,150,1,131,6.04e-57,204,"AAAACATTC","+"
"216",333,"CML281_HA5R1ADXX_GAGTGG_read147","MuTIR_3",94.558,147,8,0,1,147,1,147,3.58e-64,228,"ACCTGGTTC","-"
"217",334,"CML281_HA5R1ADXX_GAGTGG_read148","MuTIR_3",86.331,139,14,4,35,170,1,137,1.03e-39,147,"GACGATCTC","-"
"221",338,"CML281_HA5R1ADXX_GAGTGG_read153","MuTIR_3",93.985,133,8,0,31,163,1,133,2.17e-56,202,"AACGACGAT","-"
"226",344,"CML281_HA5R1ADXX_GAGTGG_read159","MuTIR_3",91.406,128,11,0,33,160,1,128,1.32e-48,176,"CCTACAATG","+"
"230",355,"CML281_HA5R1ADXX_GAGTGG_read177","MuTIR_3",90.816,98,9,0,104,201,1,98,2.89e-35,132,"ATGGCTGCC","+"
"231",356,"CML281_HA5R1ADXX_GAGTGG_read178","MuTIR_3",89.116,147,16,0,14,160,1,147,7.87e-51,183,"ATGGTTGCC","+"
"232",357,"CML281_HA5R1ADXX_GAGTGG_read180","MuTIR_3",91.837,147,12,0,32,178,1,147,1.68e-57,206,"GACCTCAAA","+"
"233",358,"CML281_HA5R1ADXX_GAGTGG_read181","MuTIR_3",93.333,75,5,0,97,171,1,75,3.77e-29,111,"GACCTCAAA","+"
"239",371,"CML281_HA5R1ADXX_GAGTGG_read203","MuTIR_4",86.735,98,13,0,12,109,1,98,1.35e-28,110,"GCTTGCCTT","+"
"240",372,"CML281_HA5R1ADXX_GAGTGG_read204","MuTIR_4",96.552,87,3,0,101,187,1,87,3.71e-39,145,"CCGTAGACG","+"
"241",373,"CML281_HA5R1ADXX_GAGTGG_read205","MuTIR_4",93.939,99,5,1,22,119,1,99,2.87e-40,148,"GGGAGCGGT","+"
"243",375,"CML281_HA5R1ADXX_GAGTGG_read207","MuTIR_4",85.315,143,21,0,59,201,1,143,7.98e-41,150,"GTGACTGAG","+"
"246",378,"CML281_HA5R1ADXX_GAGTGG_read213","MuTIR_4",93.939,99,5,1,77,174,1,99,2.87e-40,148,"CTAGACACA","-"
"247",379,"CML281_HA5R1ADXX_GAGTGG_read214","MuTIR_4",86.735,98,13,0,41,138,1,98,1.35e-28,110,"AGGTTTCGT","-"
"249",381,"CML281_HA5R1ADXX_GAGTGG_read220","MuTIR_4",85.811,148,20,1,33,180,1,147,4.77e-43,158,"TCGGCGGTC","+"
"250",383,"CML281_HA5R1ADXX_GAGTGG_read223","MuTIR_4",89.706,68,7,0,133,200,1,68,6.35e-22,87.9,"GACTTTAGC","+"
"252",388,"CML281_HA5R1ADXX_GAGTGG_read234","MuTIR_5",89.655,87,7,1,117,201,1,87,3.77e-29,111,"ATTGAGCCC","+"
"253",389,"CML281_HA5R1ADXX_GAGTGG_read237","MuTIR_5",90.625,96,7,1,72,165,1,96,3.74e-34,128,"GCTGCAGGA","+"
"257",395,"CML281_HA5R1ADXX_GAGTGG_read253","MuTIR_6",97.015,67,2,0,76,142,1,67,1.05e-29,113,"TGCACTATA","+"
"258",396,"CML281_HA5R1ADXX_GAGTGG_read254","MuTIR_6",96.591,88,3,0,62,149,1,88,1.03e-39,147,"TGCACTACG","+"
"263",401,"CML281_HA5R1ADXX_GAGTGG_read264","MuTIR_6",94.615,130,7,0,72,201,1,130,2.17e-56,202,"AGGAGAGGG","+"
"265",403,"CML281_HA5R1ADXX_GAGTGG_read266","MuTIR_6",97.561,41,1,0,147,187,1,41,6.39e-17,71.3,"ATGCAGATG","+"
"266",404,"CML281_HA5R1ADXX_GAGTGG_read268","MuTIR_6",94,150,9,0,38,187,1,150,3.58e-64,228,"CACTGATAC","-"
"270",408,"CML281_HA5R1ADXX_GAGTGG_read274","MuTIR_6",89.655,87,8,1,108,193,1,87,1.35e-28,110,"GACGTGAAC","+"
"273",413,"CML281_HA5R1ADXX_GAGTGG_read285","MuTIR_7",89.189,148,15,1,41,188,1,147,6.08e-52,187,"CTTCGTAGG","+"
"274",418,"CML281_HADTMADXX_read1","MuTIR_1",92.617,149,10,1,42,190,1,148,1e-59,213,"GAGGCTCTC","+"
"275",419,"CML281_HADTMADXX_read2","MuTIR_1",95.789,95,3,1,81,175,1,94,2.22e-41,152,"CAAGGTGGG","+"
"276",420,"CML281_HADTMADXX_read4","MuTIR_1",86.822,129,9,6,79,201,1,127,6.21e-37,137,"ACATATGTC","+"
"277",421,"CML281_HADTMADXX_read6","MuTIR_1",94.915,118,5,1,84,201,1,117,7.87e-51,183,"CCCACCGAA","+"
"278",422,"CML281_HADTMADXX_read7","MuTIR_1",91.791,134,8,3,36,168,1,132,7.87e-51,183,"GTCGCCAGC","+"
"279",423,"CML281_HADTMADXX_read8","MuTIR_1",86.719,128,9,6,80,201,1,126,2.23e-36,135,"ACATATGTC","+"
"280",424,"CML281_HADTMADXX_read9","MuTIR_1",100,32,0,0,170,201,1,32,1.38e-13,60.2,"GTCGGTCTA","+"
"281",425,"CML281_HADTMADXX_read10","MuTIR_1",92.617,149,10,1,53,201,1,148,1e-59,213,"GTAATACGG","+"
"282",426,"CML281_HADTMADXX_read14","MuTIR_1",92.969,128,8,1,50,177,1,127,2.19e-51,185,"GAGGCTCTC","+"
"283",427,"CML281_HADTMADXX_read16","MuTIR_1",98.718,78,0,1,123,200,1,77,6.21e-37,137,"CATCCAAAC","+"
"284",428,"CML281_HADTMADXX_read17","MuTIR_1",92.617,149,10,1,34,182,1,148,1e-59,213,"GTCCTGTCA","-"
"287",431,"CML281_HADTMADXX_read21","MuTIR_1",91.791,134,8,3,39,171,1,132,7.87e-51,183,"ACAATTCTC","-"
"292",436,"CML281_HADTMADXX_read27","MuTIR_1",93.289,149,8,2,19,166,1,148,2.16e-61,219,"GTCCTGTTA","-"
"294",440,"CML281_HADTMADXX_read31","MuTIR_1",94.4,125,6,1,76,200,1,124,4.7e-53,191,"CCTCTCAGC","+"
"295",441,"CML281_HADTMADXX_read32","MuTIR_1",93.525,139,8,1,63,201,1,138,1.68e-57,206,"CCTCTCAGC","+"
"296",442,"CML281_HADTMADXX_read33","MuTIR_1",92.617,149,10,1,12,160,1,148,1e-59,213,"GTCTTTTCA","-"
"297",443,"CML281_HADTMADXX_read34","MuTIR_1",92.617,149,10,1,37,185,1,148,1e-59,213,"GTCTTTTCA","-"
"298",463,"CML281_HADTMADXX_read90","MuTIR_2",90.698,129,12,0,56,184,1,129,1.7e-47,172,"CACAGCATC","+"
"299",464,"CML281_HADTMADXX_read93","MuTIR_2",97.436,39,1,0,124,162,1,39,8.27e-16,67.6,"CCCAGAGCC","+"
"300",465,"CML281_HADTMADXX_read94","MuTIR_2",93.939,66,4,0,120,185,1,66,8.15e-26,100,"TGCGTGGAC","+"
"301",466,"CML281_HADTMADXX_read95","MuTIR_2",93.103,116,8,0,86,201,1,116,6.12e-47,171,"TTCCTCGCC","+"
"302",467,"CML281_HADTMADXX_read100","MuTIR_2",95.161,62,3,0,67,128,1,62,2.93e-25,99,"TGCGTGGAC","+"
"303",468,"CML281_HADTMADXX_read101","MuTIR_2",90.698,129,12,0,20,148,1,129,1.7e-47,172,"CACAGCATC","+"
"304",469,"CML281_HADTMADXX_read109","MuTIR_2",92.857,56,4,0,146,201,1,56,2.95e-20,82.4,"TGGATCAAG","+"
"305",470,"CML281_HADTMADXX_read113","MuTIR_2",93.333,90,6,0,19,108,1,90,8.04e-36,134,"TGCAATGAT","+"
"306",471,"CML281_HADTMADXX_read116","MuTIR_2",96.491,57,2,0,145,201,1,57,3.79e-24,95.3,"CCCAGAGCC","+"
"307",472,"CML281_HADTMADXX_read117","MuTIR_2",96.512,86,3,0,116,201,1,86,1.34e-38,143,"TTCCTCGCC","+"
"310",475,"CML281_HADTMADXX_read122","MuTIR_2",93.023,129,9,0,15,143,1,129,1.69e-52,189,"CGGATAGAA","-"
"317",484,"CML281_HADTMADXX_read145","MuTIR_2",86.577,149,17,1,10,155,1,149,3.69e-44,161,"CTCGTTGGA","+"
"318",495,"CML281_HADTMADXX_read165","MuTIR_2",85.859,99,12,1,105,201,1,99,6.3e-27,104,"ATTCGTGTG","+"
"319",497,"CML281_HADTMADXX_read168","MuTIR_2",86.719,128,17,0,27,154,1,128,1.34e-38,143,"CCCACCACG","+"
"320",498,"CML281_HADTMADXX_read169","MuTIR_2",87.5,128,16,0,31,158,1,128,2.87e-40,148,"CCCACCACG","+"
"321",499,"CML281_HADTMADXX_read170","MuTIR_2",87.209,86,11,0,99,184,1,86,2.93e-25,99,"AGCCCAACT","-"
"322",503,"CML281_HADTMADXX_read181","MuTIR_3",97.674,43,1,0,159,201,1,43,4.94e-18,75,"TCTAGGTTC","+"
"323",504,"CML281_HADTMADXX_read182","MuTIR_3",94.444,90,5,0,112,201,1,90,1.73e-37,139,"AGTGTCCAT","+"
"324",505,"CML281_HADTMADXX_read183","MuTIR_3",93.506,77,5,0,124,200,1,77,2.91e-30,115,"CCTGAGTTG","+"
"325",506,"CML281_HADTMADXX_read185","MuTIR_3",88.889,108,12,0,92,199,1,108,8.04e-36,134,"CATGAGTTG","+"
"326",507,"CML281_HADTMADXX_read186","MuTIR_3",96.61,59,2,0,143,201,1,59,2.93e-25,99,"CTCGTGCGC","+"
"327",508,"CML281_HADTMADXX_read190","MuTIR_3",94.737,133,7,0,68,200,1,133,4.67e-58,207,"AAAACATTC","+"
"328",509,"CML281_HADTMADXX_read191","MuTIR_3",92.754,138,10,0,26,163,1,138,7.81e-56,200,"GAACCTAGA","+"
"329",510,"CML281_HADTMADXX_read193","MuTIR_3",96.154,52,2,0,134,185,1,52,2.28e-21,86.1,"TTTATAGGA","-"
"330",511,"CML281_HADTMADXX_read194","MuTIR_3",90.977,133,12,0,26,158,1,133,1.02e-49,180,"AACTACGAT","-"
"333",514,"CML281_HADTMADXX_read202","MuTIR_3",92.754,138,10,0,31,168,1,138,7.81e-56,200,"CGATCTCAT","-"
"334",517,"CML281_HADTMADXX_read206","MuTIR_3",94.737,133,7,0,11,143,1,133,4.67e-58,207,"GGCGGTGGG","+"
"335",518,"CML281_HADTMADXX_read207","MuTIR_3",88,150,18,0,44,193,1,150,1.02e-49,180,"GTCCGCGTG","+"
"336",519,"CML281_HADTMADXX_read208","MuTIR_3",91.954,87,7,0,112,198,1,87,1.74e-32,122,"GTTCTGTAC","+"
"337",521,"CML281_HADTMADXX_read210","MuTIR_3",88.667,150,17,0,21,170,1,150,2.19e-51,185,"CCGCCCACA","+"
"338",522,"CML281_HADTMADXX_read211","MuTIR_3",94.737,133,7,0,17,149,1,133,4.67e-58,207,"CCATAGAAG","-"
"340",528,"CML281_HADTMADXX_read222","MuTIR_3",95.495,111,5,0,90,200,1,111,3.66e-49,178,"GACCCTTTG","+"
"342",551,"CML281_HADTMADXX_read271","MuTIR_4",94.624,93,5,0,106,198,1,93,3.71e-39,145,"GACACCCCC","+"
"343",552,"CML281_HADTMADXX_read276","MuTIR_4",86.735,98,13,0,95,192,1,98,1.35e-28,110,"GCTTGCCTT","+"
"344",553,"CML281_HADTMADXX_read278","MuTIR_4",93.277,119,8,0,83,201,1,119,3.66e-49,178,"CCGAAGACT","+"
"345",554,"CML281_HADTMADXX_read279","MuTIR_4",90.476,147,14,0,20,166,1,147,1.01e-54,196,"CCGAAGACT","+"
"348",557,"CML281_HADTMADXX_read287","MuTIR_4",86.735,98,13,0,95,192,1,98,1.35e-28,110,"AGGTTTCGT","-"
"349",559,"CML281_HADTMADXX_read299","MuTIR_4",88.764,89,10,0,84,172,1,89,1.35e-28,110,"GTCGACAGC","+"
"350",560,"CML281_HADTMADXX_read301","MuTIR_4",89.109,101,11,0,97,197,1,101,1.34e-33,126,"GACTTTAGC","+"
"353",570,"CML281_HADTMADXX_read326","MuTIR_5",91.463,82,5,1,40,119,1,82,1.05e-29,113,"GCTGCAGGA","+"
"354",571,"CML281_HADTMADXX_read327","MuTIR_5",84.615,117,16,1,42,156,1,117,8.09e-31,117,"ACCTTGACA","+"
"355",572,"CML281_HADTMADXX_read330","MuTIR_5",89.262,149,14,1,17,163,1,149,6.08e-52,187,"GCTGCAGGA","+"
"358",575,"CML281_HADTMADXX_read343","MuTIR_6",96.124,129,5,0,73,201,1,129,3.61e-59,211,"TGCACTACG","+"
"359",576,"CML281_HADTMADXX_read345","MuTIR_6",96.591,88,3,0,114,201,1,88,1.03e-39,147,"TGCACTACG","+"
"360",577,"CML281_HADTMADXX_read346","MuTIR_6",96,150,6,0,16,165,1,150,3.56e-69,244,"TGCACTATA","+"
"363",580,"CML281_HADTMADXX_read350","MuTIR_6",96.703,91,3,0,90,180,1,91,2.22e-41,152,"AGGAGAGGG","+"
"364",581,"CML281_HADTMADXX_read351","MuTIR_6",95.522,134,6,0,55,188,1,134,2.79e-60,215,"AGGAGAGGG","+"
"365",582,"CML281_HADTMADXX_read352","MuTIR_6",95.833,72,3,0,130,201,1,72,8.09e-31,117,"AGGAGAGGG","+"
"366",583,"CML281_HADTMADXX_read353","MuTIR_6",93.814,97,6,0,104,200,1,97,1.03e-39,147,"AGGAGAGGG","+"
"367",584,"CML281_HADTMADXX_read354","MuTIR_6",95.455,66,3,0,72,137,1,66,1.75e-27,106,"AGGAGAGGG","+"
"368",585,"CML281_HADTMADXX_read355","MuTIR_6",95.89,73,3,0,118,190,1,73,2.25e-31,119,"ATGCAGATG","+"
"375",592,"CML281_HADTMADXX_read367","MuTIR_6",93.023,86,6,0,86,171,1,86,1.34e-33,126,"AACGCAGAA","+"
"379",602,"CML281_HJ7HFCCXX_L8_read1","MuTIR_1",95.312,64,2,1,87,150,1,63,6.05e-26,100,"GCTGGCGAC","+"
"380",603,"CML281_HJ7HFCCXX_L8_read2","MuTIR_1",93.75,64,3,1,76,139,1,63,2.81e-24,95.3,"TACCTACCC","+"
"381",604,"CML281_HJ7HFCCXX_L8_read3","MuTIR_1",90.698,129,11,1,22,150,1,128,4.55e-47,171,"CTGGACGAA","+"
"382",605,"CML281_HJ7HFCCXX_L8_read5","MuTIR_1",95.96,99,3,1,52,150,1,98,9.84e-44,159,"CATCCAAAC","+"
"383",606,"CML281_HJ7HFCCXX_L8_read6","MuTIR_1",91.818,110,8,1,35,144,1,109,1.65e-41,152,"CGTATTACC","+"
"384",607,"CML281_HJ7HFCCXX_L8_read7","MuTIR_1",94.737,95,4,1,40,134,1,94,7.66e-40,147,"GCTGGCGAC","+"
"385",608,"CML281_HJ7HFCCXX_L8_read8","MuTIR_1",94.545,55,2,1,96,150,1,54,6.09e-21,84.2,"CCCACCTTG","+"
"386",609,"CML281_HJ7HFCCXX_L8_read9","MuTIR_1",94.737,95,4,1,40,134,1,94,7.66e-40,147,"GCTGGCGAC","+"
"387",610,"CML281_HJ7HFCCXX_L8_read10","MuTIR_1",95.312,64,2,1,87,150,1,63,6.05e-26,100,"GAATACAAC","+"
"388",611,"CML281_HJ7HFCCXX_L8_read11","MuTIR_1",93.75,64,3,1,76,139,1,63,2.81e-24,95.3,"TACCTACCC","+"
"389",612,"CML281_HJ7HFCCXX_L8_read12","MuTIR_1",95.588,136,5,1,15,150,1,135,5.76e-61,217,"GAGAGCCTC","+"
"390",613,"CML281_HJ7HFCCXX_L8_read14","MuTIR_1",100,30,0,0,117,146,1,30,1.33e-12,56.5,"GAGAGCCTC","+"
"391",614,"CML281_HJ7HFCCXX_L8_read15","MuTIR_1",94.565,92,4,1,59,150,1,91,3.56e-38,141,"TTCGTCCAG","+"
"392",615,"CML281_HJ7HFCCXX_L8_read17","MuTIR_1",92.857,126,7,2,25,150,1,124,2.1e-50,182,"GTCGCCAGC","+"
"393",616,"CML281_HJ7HFCCXX_L8_read18","MuTIR_1",95.2,125,5,1,23,147,1,124,7.5e-55,196,"GACTGTAGT","+"
"394",617,"CML281_HJ7HFCCXX_L8_read20","MuTIR_1",95.312,64,2,1,87,150,1,63,6.05e-26,100,"GCTGGCGAC","+"
"395",618,"CML281_HJ7HFCCXX_L8_read21","MuTIR_1",97.872,94,1,1,56,149,1,93,2.74e-44,161,"GCTGAGAGG","+"
"397",620,"CML281_HJ7HFCCXX_L8_read23","MuTIR_1",95.238,84,3,1,67,150,1,83,2.15e-35,132,"GTCGCCAGC","+"
"398",621,"CML281_HJ7HFCCXX_L8_read24","MuTIR_1",94.161,137,7,1,14,150,1,136,3.46e-58,207,"GACTGTAGT","+"
"399",622,"CML281_HJ7HFCCXX_L8_read27","MuTIR_1",94.737,95,4,1,10,104,1,94,7.66e-40,147,"TCTTCCTGA","-"
"406",629,"CML281_HJ7HFCCXX_L8_read36","MuTIR_1",94.737,95,4,1,10,104,1,94,7.66e-40,147,"TCTTCCTGA","-"
"417",640,"CML281_HJ7HFCCXX_L8_read48","MuTIR_1",91.358,81,6,1,56,136,1,80,1.01e-28,110,"TGACAGACA","-"
"420",645,"CML281_HJ7HFCCXX_L8_read56","MuTIR_1",95.455,66,2,1,85,150,1,65,4.68e-27,104,"CTGTGCGAG","+"
"421",646,"CML281_HJ7HFCCXX_L8_read57","MuTIR_1",93.86,114,6,1,37,150,1,113,4.55e-47,171,"CCCTCCCCA","+"
"422",647,"CML281_HJ7HFCCXX_L8_read58","MuTIR_1",94.118,119,6,1,32,150,1,118,7.55e-50,180,"CCTCTCAGC","+"
"423",648,"CML281_HJ7HFCCXX_L8_read59","MuTIR_1",95.575,113,4,1,38,150,1,112,7.55e-50,180,"CTGTGCGAG","+"
"426",681,"CML281_HJ7HFCCXX_L8_read134","MuTIR_2",89.844,128,13,0,11,138,1,128,2.11e-45,165,"GTTGGAAGA","+"
"428",683,"CML281_HJ7HFCCXX_L8_read138","MuTIR_2",90.698,129,12,0,22,150,1,129,1.26e-47,172,"CACAGCATC","+"
"429",684,"CML281_HJ7HFCCXX_L8_read139","MuTIR_2",92.683,82,6,0,64,145,1,82,1.67e-31,119,"TCCAACGAG","+"
"430",685,"CML281_HJ7HFCCXX_L8_read140","MuTIR_2",91.549,71,6,0,80,150,1,71,2.18e-25,99,"TGGATCAAG","+"
"431",686,"CML281_HJ7HFCCXX_L8_read143","MuTIR_2",89.844,128,13,0,19,146,1,128,2.11e-45,165,"GTTGGAAGA","+"
"432",687,"CML281_HJ7HFCCXX_L8_read145","MuTIR_2",88.889,90,10,0,50,139,1,90,2.79e-29,111,"GCTGGGAAG","+"
"433",688,"CML281_HJ7HFCCXX_L8_read146","MuTIR_2",91.026,78,7,0,73,150,1,78,1.3e-27,106,"TGGATCAAG","+"
"435",690,"CML281_HJ7HFCCXX_L8_read148","MuTIR_2",92.208,77,6,0,74,150,1,77,1.01e-28,110,"TGAAGTAAT","+"
"436",691,"CML281_HJ7HFCCXX_L8_read150","MuTIR_2",92.857,84,6,0,67,150,1,84,1.29e-32,122,"CTCGTCAGC","+"
"437",692,"CML281_HJ7HFCCXX_L8_read153","MuTIR_2",93.22,59,4,0,92,150,1,59,4.71e-22,87.9,"CTGTCAGAG","+"
"438",693,"CML281_HJ7HFCCXX_L8_read154","MuTIR_2",96.591,88,3,0,57,144,1,88,7.66e-40,147,"TTCCTCGCC","+"
"439",694,"CML281_HJ7HFCCXX_L8_read155","MuTIR_2",91.791,134,8,3,19,150,1,133,5.84e-51,183,"TCTATCAGT","+"
"440",695,"CML281_HJ7HFCCXX_L8_read156","MuTIR_2",97.015,67,2,0,84,150,1,67,7.77e-30,113,"TGCAATGAT","+"
"442",697,"CML281_HJ7HFCCXX_L8_read162","MuTIR_2",92.188,64,5,0,87,150,1,64,3.64e-23,91.6,"CTGTCCGCC","+"
"443",698,"CML281_HJ7HFCCXX_L8_read165","MuTIR_2",92.105,114,7,2,38,150,1,113,9.84e-44,159,"TCTATCAGT","+"
"444",699,"CML281_HJ7HFCCXX_L8_read166","MuTIR_2",95.522,67,3,0,84,150,1,67,3.61e-28,108,"TGCAATGAT","+"
"445",700,"CML281_HJ7HFCCXX_L8_read174","MuTIR_2",92.105,114,7,2,38,150,1,113,9.84e-44,159,"TCTATCAGT","+"
"446",701,"CML281_HJ7HFCCXX_L8_read175","MuTIR_2",92.683,82,6,0,63,144,1,82,1.67e-31,119,"TCCAACGAG","+"
"447",702,"CML281_HJ7HFCCXX_L8_read176","MuTIR_2",93.333,120,8,0,29,148,1,120,2.72e-49,178,"GCTGCTGTG","+"
"448",703,"CML281_HJ7HFCCXX_L8_read178","MuTIR_2",89.844,128,13,0,11,138,1,128,2.11e-45,165,"GTTGGAAGA","+"
"449",704,"CML281_HJ7HFCCXX_L8_read179","MuTIR_2",90.667,75,7,0,74,148,1,75,6.05e-26,100,"ACCCAACTG","+"
"450",705,"CML281_HJ7HFCCXX_L8_read181","MuTIR_2",88.496,113,13,0,30,142,1,113,4.61e-37,137,"ACAAACCCC","+"
"451",706,"CML281_HJ7HFCCXX_L8_read183","MuTIR_2",90.826,109,10,0,42,150,1,109,7.66e-40,147,"TGCGTGGAC","+"
"452",707,"CML281_HJ7HFCCXX_L8_read184","MuTIR_2",93,100,7,0,51,150,1,100,7.66e-40,147,"CTTACAAAG","+"
"467",722,"CML281_HJ7HFCCXX_L8_read211","MuTIR_2",89.062,128,14,0,14,141,1,128,9.84e-44,159,"CAGTAGTGA","-"
"470",725,"CML281_HJ7HFCCXX_L8_read219","MuTIR_2",91.406,128,11,0,11,138,1,128,9.77e-49,176,"CAGTAGTGA","-"
"475",732,"CML281_HJ7HFCCXX_L8_read234","MuTIR_2",89.844,128,13,0,23,150,1,128,2.11e-45,165,"CCCCGAGCC","+"
"476",740,"CML281_HJ7HFCCXX_L8_read252","MuTIR_2",87.719,57,4,1,97,150,1,57,7.94e-15,63.9,"CTCGTTGGA","+"
"479",746,"CML281_HJ7HFCCXX_L8_read266","MuTIR_2",88.235,68,6,2,79,145,1,67,7.88e-20,80.5,"CCTCCTTAA","+"
"482",750,"CML281_HJ7HFCCXX_L8_read275","MuTIR_2",86.567,67,7,1,85,149,1,67,1.32e-17,73.1,"ATTCGTGTG","+"
"484",753,"CML281_HJ7HFCCXX_L8_read281","MuTIR_2",88.889,90,10,0,53,142,1,90,2.79e-29,111,"CCCACCACG","+"
"485",763,"CML281_HJ7HFCCXX_L8_read314","MuTIR_3",94.34,106,6,0,45,150,1,106,7.61e-45,163,"AAAACATTC","+"
"486",764,"CML281_HJ7HFCCXX_L8_read317","MuTIR_3",93.75,64,4,0,87,150,1,64,7.82e-25,97.1,"GAACCTAGA","+"
"487",765,"CML281_HJ7HFCCXX_L8_read320","MuTIR_3",93.204,103,7,0,48,150,1,103,1.65e-41,152,"CAACTCAGG","+"
"488",766,"CML281_HJ7HFCCXX_L8_read321","MuTIR_3",93.204,103,7,0,48,150,1,103,1.65e-41,152,"CAACTCAGG","+"
"489",767,"CML281_HJ7HFCCXX_L8_read324","MuTIR_3",95.833,48,2,0,103,150,1,48,2.83e-19,78.7,"CTCGTGCGC","+"
"490",768,"CML281_HJ7HFCCXX_L8_read325","MuTIR_3",96.226,53,2,0,89,141,1,53,4.71e-22,87.9,"CCGTTTTTT","+"
"491",769,"CML281_HJ7HFCCXX_L8_read326","MuTIR_3",94.118,102,6,0,49,150,1,102,1.27e-42,156,"AAAAAATGG","+"
"492",770,"CML281_HJ7HFCCXX_L8_read329","MuTIR_3",96.078,51,2,0,100,150,1,51,6.09e-21,84.2,"AAAAAATGG","+"
"493",771,"CML281_HJ7HFCCXX_L8_read330","MuTIR_3",96.226,53,2,0,89,141,1,53,4.71e-22,87.9,"CCGTTTTTT","+"
"494",772,"CML281_HJ7HFCCXX_L8_read331","MuTIR_3",93.162,117,8,0,29,145,1,117,1.26e-47,172,"CCGTTTTTT","+"
"514",796,"CML281_HJ7HFCCXX_L8_read365","MuTIR_3",91.089,101,9,0,50,150,1,101,4.61e-37,137,"TCAGAGAGA","+"
"515",797,"CML281_HJ7HFCCXX_L8_read369","MuTIR_3",92.105,114,9,0,37,150,1,114,2.74e-44,161,"TCATCTCTC","+"
"516",798,"CML281_HJ7HFCCXX_L8_read371","MuTIR_3",91.549,71,6,0,78,148,1,71,2.18e-25,99,"GTCCGCGTG","+"
"517",799,"CML281_HJ7HFCCXX_L8_read373","MuTIR_3",91.089,101,9,0,50,150,1,101,4.61e-37,137,"TCAGAGAGA","+"
"518",800,"CML281_HJ7HFCCXX_L8_read374","MuTIR_3",91.803,122,10,0,27,148,1,122,4.55e-47,171,"CCTACAATG","+"
"519",801,"CML281_HJ7HFCCXX_L8_read375","MuTIR_3",91.667,108,9,0,37,144,1,108,5.92e-41,150,"CCTACAATG","+"
"520",802,"CML281_HJ7HFCCXX_L8_read376","MuTIR_3",91.549,71,6,0,78,148,1,71,2.18e-25,99,"GTCCGCGTG","+"
"521",803,"CML281_HJ7HFCCXX_L8_read377","MuTIR_3",90.625,128,12,0,23,150,1,128,4.55e-47,171,"TCATCTCTC","+"
"532",858,"CML281_HJ7HFCCXX_L8_read467","MuTIR_4",86.822,129,17,0,22,150,1,129,7.66e-40,147,"GTGACTGAG","+"
"533",859,"CML281_HJ7HFCCXX_L8_read468","MuTIR_4",94.624,93,5,0,58,150,1,93,2.76e-39,145,"GACACCCCC","+"
"534",860,"CML281_HJ7HFCCXX_L8_read473","MuTIR_4",91.86,86,7,0,60,145,1,86,4.64e-32,121,"GCTGTCGAC","+"
"535",861,"CML281_HJ7HFCCXX_L8_read476","MuTIR_4",86.777,121,16,0,27,147,1,121,4.61e-37,137,"GTGACTGAG","+"
"536",862,"CML281_HJ7HFCCXX_L8_read478","MuTIR_4",95.455,88,4,0,63,150,1,88,3.56e-38,141,"GGGAGCGGT","+"
"537",863,"CML281_HJ7HFCCXX_L8_read479","MuTIR_4",86.777,121,16,0,27,147,1,121,4.61e-37,137,"GTGACTGAG","+"
"538",864,"CML281_HJ7HFCCXX_L8_read480","MuTIR_4",86.777,121,16,0,27,147,1,121,4.61e-37,137,"GTGACTGAG","+"
"539",865,"CML281_HJ7HFCCXX_L8_read482","MuTIR_4",91.538,130,11,0,20,149,1,130,2.1e-50,182,"TCTAGAATA","+"
"540",866,"CML281_HJ7HFCCXX_L8_read485","MuTIR_4",97.101,69,2,0,82,150,1,69,6.01e-31,117,"GGGAGCGGT","+"
"541",867,"CML281_HJ7HFCCXX_L8_read486","MuTIR_4",86.822,129,17,0,22,150,1,129,7.66e-40,147,"GTGACTGAG","+"
"542",868,"CML281_HJ7HFCCXX_L8_read487","MuTIR_4",88.506,87,10,0,59,145,1,87,1.3e-27,106,"GCTTGCCTT","+"
"549",875,"CML281_HJ7HFCCXX_L8_read500","MuTIR_4",90.714,140,13,0,1,140,1,140,1.25e-52,189,"TAATTAGGC","-"
"555",881,"CML281_HJ7HFCCXX_L8_read514","MuTIR_4",92.045,88,7,0,62,149,1,88,3.59e-33,124,"TTTGCTGGT","+"
"557",884,"CML281_HJ7HFCCXX_L8_read517","MuTIR_4",90,120,12,0,20,139,1,120,3.54e-43,158,"CTTTTATAC","-"
"559",892,"CML281_HJ7HFCCXX_L8_read537","MuTIR_4",88.496,113,13,0,38,150,1,113,1.28e-37,139,"TATTCTAGA","+"
"560",901,"CML281_HJ7HFCCXX_L8_read559","MuTIR_4",87.943,141,17,0,10,150,1,141,1.63e-46,169,"GTGTGTGGG","+"
"561",916,"CML281_HJ7HFCCXX_L8_read588","MuTIR_5",89.764,127,11,1,20,144,1,127,7.61e-45,163,"CGAGACGGC","+"
"565",921,"CML281_HJ7HFCCXX_L8_read622","MuTIR_6",95.575,113,5,0,38,150,1,113,2.1e-50,182,"TGCACTACG","+"
"566",922,"CML281_HJ7HFCCXX_L8_read623","MuTIR_6",98.276,58,1,0,90,147,1,58,1.68e-26,102,"TGCACTACG","+"
"567",923,"CML281_HJ7HFCCXX_L8_read624","MuTIR_6",95.312,128,6,0,23,150,1,128,4.48e-57,204,"TGCACTATA","+"
"568",924,"CML281_HJ7HFCCXX_L8_read626","MuTIR_6",96.923,65,2,0,86,150,1,65,1.01e-28,110,"TGCACTACG","+"
"569",925,"CML281_HJ7HFCCXX_L8_read627","MuTIR_6",96.296,135,5,0,16,150,1,135,1.24e-62,222,"TGCACTACG","+"
"570",926,"CML281_HJ7HFCCXX_L8_read629","MuTIR_6",95.96,99,4,0,52,150,1,99,2.74e-44,161,"TGCACTACG","+"
"572",928,"CML281_HJ7HFCCXX_L8_read637","MuTIR_6",94.203,69,4,0,82,150,1,69,1.3e-27,106,"AGGAGAGGG","+"
"573",929,"CML281_HJ7HFCCXX_L8_read638","MuTIR_6",95.413,109,5,0,42,150,1,109,3.51e-48,174,"AGGAGAGGG","+"
"574",930,"CML281_HJ7HFCCXX_L8_read639","MuTIR_6",95,100,5,0,51,150,1,100,3.54e-43,158,"AGGAGAGGG","+"
"575",931,"CML281_HJ7HFCCXX_L8_read640","MuTIR_6",97.03,101,3,0,50,150,1,101,4.55e-47,171,"AGGAGAGGG","+"
"576",932,"CML281_HJ7HFCCXX_L8_read641","MuTIR_6",96.262,107,4,0,44,150,1,107,9.77e-49,176,"AGGAGAGGG","+"
"577",933,"CML281_HJ7HFCCXX_L8_read642","MuTIR_6",95.763,118,5,0,32,149,1,118,3.49e-53,191,"TCCTAGGCT","+"
"588",947,"CML281_HJ7HFCCXX_L8_read663","MuTIR_6",92.857,98,7,0,53,150,1,98,9.91e-39,143,"AACGCAGAA","+"
"589",948,"CML281_HJ7HFCCXX_L8_read664","MuTIR_6",89,100,10,1,52,150,1,100,1.29e-32,122,"GACGTGAAC","+"
