"","X","qname","sname","percent_identity","alignment_length","mismatches","gap_opens","q_start","q_end","s_start","s_end","evalue","bit_score","tsds","strand"
"1",1,"CML254_HADTMADXX_read3","MuTIR_1",94.737,95,4,1,86,180,1,94,1.03e-39,147,"GCTGGCGAC","+"
"2",2,"CML254_HADTMADXX_read5","MuTIR_1",95.789,95,3,1,40,134,1,94,2.22e-41,152,"CAAGGTGGG","+"
"3",3,"CML254_HADTMADXX_read6","MuTIR_1",90.526,95,8,1,38,132,1,94,4.84e-33,124,"TCGCAAAAT","+"
"4",4,"CML254_HADTMADXX_read7","MuTIR_1",93.96,149,8,1,19,167,1,148,4.64e-63,224,"GAAAGAGAG","+"
"5",5,"CML254_HADTMADXX_read9","MuTIR_1",96.296,54,1,1,111,164,1,53,6.35e-22,87.9,"GATGGCGAG","+"
"6",6,"CML254_HADTMADXX_read11","MuTIR_1",86.957,138,11,2,62,199,1,131,2.87e-40,148,"TACCTACCC","+"
"7",7,"CML254_HADTMADXX_read12","MuTIR_1",96.46,113,3,1,89,201,1,112,2.19e-51,185,"GAGAGCCTC","+"
"8",8,"CML254_HADTMADXX_read13","MuTIR_1",94.203,138,7,1,64,201,1,137,1.3e-58,209,"CTCGCCATC","+"
"9",9,"CML254_HADTMADXX_read14","MuTIR_1",95.789,95,3,1,100,194,1,94,2.22e-41,152,"CAAGGTGGG","+"
"10",10,"CML254_HADTMADXX_read15","MuTIR_1",91.333,150,11,2,24,173,1,148,6.04e-57,204,"CCCACCTTG","+"
"11",11,"CML254_HADTMADXX_read16","MuTIR_1",90,150,12,3,11,159,1,148,4.7e-53,191,"GTCGGTCTA","+"
"12",12,"CML254_HADTMADXX_read19","MuTIR_1",91.473,129,4,2,73,201,1,122,6.12e-47,171,"GTCGCGGGG","+"
"13",13,"CML254_HADTMADXX_read21","MuTIR_1",92.086,139,4,2,47,185,1,132,1.69e-52,189,"GTCGCGGGG","+"
"14",14,"CML254_HADTMADXX_read23","MuTIR_1",97.101,69,1,1,133,201,1,68,2.91e-30,115,"GATGGCGAG","+"
"15",15,"CML254_HADTMADXX_read24","MuTIR_1",96.296,81,2,1,121,201,1,80,2.89e-35,132,"GTCGCCAGC","+"
"16",16,"CML254_HADTMADXX_read27","MuTIR_1",94.737,95,4,1,33,127,1,94,1.03e-39,147,"TCTTCCTGA","-"
"17",17,"CML254_HADTMADXX_read29","MuTIR_1",95.302,149,6,1,34,182,1,148,2.14e-66,235,"GTCCTGTCA","-"
"18",18,"CML254_HADTMADXX_read30","MuTIR_1",90.526,95,8,1,94,188,1,94,4.84e-33,124,"TATTCCTGA","-"
"19",19,"CML254_HADTMADXX_read31","MuTIR_1",93.96,149,8,1,42,190,1,148,4.64e-63,224,"ATCCTGTCA","-"
"21",21,"CML254_HADTMADXX_read37","MuTIR_1",87.417,151,12,2,12,162,1,144,7.92e-46,167,"CATTGTCCT","-"
"22",22,"CML254_HADTMADXX_read38","MuTIR_1",94.631,149,7,1,36,184,1,148,9.96e-65,230,"ATCCTGTCA","-"
"23",23,"CML254_HADTMADXX_read39","MuTIR_1",90,150,12,3,17,165,1,148,4.7e-53,191,"GTCCTTTCA","-"
"28",28,"CML254_HADTMADXX_read47","MuTIR_1",92.537,134,7,3,12,144,1,132,1.69e-52,189,"ACAATTCTC","-"
"29",29,"CML254_HADTMADXX_read49","MuTIR_1",89.474,95,9,1,85,179,1,94,2.25e-31,119,"TATTCCTGA","-"
"31",31,"CML254_HADTMADXX_read52","MuTIR_1",91.275,149,12,1,40,188,1,148,2.17e-56,202,"GTCCTTTCA","-"
"32",40,"CML254_HADTMADXX_read85","MuTIR_2",91.971,137,9,2,65,200,1,136,4.7e-53,191,"TCTATCAGT","+"
"33",41,"CML254_HADTMADXX_read87","MuTIR_2",90.217,92,9,0,110,201,1,92,6.26e-32,121,"CTACTCGGT","+"
"34",42,"CML254_HADTMADXX_read88","MuTIR_2",90.217,92,9,0,50,141,1,92,6.26e-32,121,"GAGGCAGAA","+"
"35",43,"CML254_HADTMADXX_read89","MuTIR_2",87.85,107,13,0,55,161,1,107,1.34e-33,126,"ACCCAACTG","+"
"36",44,"CML254_HADTMADXX_read94","MuTIR_2",92,75,6,0,123,197,1,75,1.75e-27,106,"TGAAGTAAT","+"
"37",45,"CML254_HADTMADXX_read97","MuTIR_2",91.971,137,9,2,63,198,1,136,4.7e-53,191,"TGCCGCCGC","+"
"38",46,"CML254_HADTMADXX_read98","MuTIR_2",85.906,149,21,0,31,179,1,149,1.33e-43,159,"CTACTCGGT","+"
"39",47,"CML254_HADTMADXX_read99","MuTIR_2",95.556,90,4,0,112,201,1,90,3.71e-39,145,"CTTACAAAG","+"
"40",48,"CML254_HADTMADXX_read103","MuTIR_2",95.556,90,4,0,59,148,1,90,3.71e-39,145,"CCCTGGCGC","+"
"41",49,"CML254_HADTMADXX_read104","MuTIR_2",93.798,129,8,0,15,143,1,129,3.63e-54,195,"CCCAGAGCC","+"
"44",52,"CML254_HADTMADXX_read108","MuTIR_2",92,150,10,2,16,164,1,149,1.3e-58,209,"CCATTGATA","-"
"48",56,"CML254_HADTMADXX_read114","MuTIR_2",97.059,68,2,0,102,169,1,68,2.91e-30,115,"TGAAAGGGA","-"
"53",62,"CML254_HADTMADXX_read132","MuTIR_2",91.667,72,6,0,103,174,1,72,8.15e-26,100,"ATCGTCATT","+"
"55",64,"CML254_HADTMADXX_read135","MuTIR_2",92.248,129,10,0,26,154,1,129,7.87e-51,183,"TTCCTCGCC","+"
"56",65,"CML254_HADTMADXX_read136","MuTIR_2",93.023,129,9,0,58,186,1,129,1.69e-52,189,"TTCCTCGCC","+"
"57",66,"CML254_HADTMADXX_read137","MuTIR_2",92.248,129,10,0,20,148,1,129,7.87e-51,183,"CGGATAGAA","-"
"58",67,"CML254_HADTMADXX_read138","MuTIR_2",93.023,129,9,0,21,149,1,129,1.69e-52,189,"CGGATAGAA","-"
"60",76,"CML254_HADTMADXX_read158","MuTIR_2",88.158,76,7,2,91,165,1,75,1.76e-22,89.8,"CCTCCTTAA","+"
"61",77,"CML254_HADTMADXX_read159","MuTIR_2",85.714,140,17,3,20,157,1,139,3.71e-39,145,"CCTCCTTAA","+"
"64",80,"CML254_HADTMADXX_read164","MuTIR_2",83.333,102,17,0,63,164,1,102,3.79e-24,95.3,"TGGATGGGC","+"
"66",92,"CML254_HADTMADXX_read194","MuTIR_3",94.615,130,7,0,60,189,1,130,2.17e-56,202,"GAACCTAGA","+"
"67",93,"CML254_HADTMADXX_read196","MuTIR_3",91.919,99,8,0,98,196,1,99,1.73e-37,139,"CCGTTTTTT","+"
"69",95,"CML254_HADTMADXX_read200","MuTIR_3",94.615,130,7,0,1,130,1,130,2.17e-56,202,"AGTAACGAC","-"
"72",98,"CML254_HADTMADXX_read207","MuTIR_3",88.889,81,8,1,121,201,1,80,2.93e-25,99,"CCTCTAGAA","+"
"73",99,"CML254_HADTMADXX_read208","MuTIR_3",93.75,112,6,1,60,171,1,111,7.92e-46,167,"GTAATAGAG","+"
"74",100,"CML254_HADTMADXX_read209","MuTIR_3",90.226,133,13,0,52,184,1,133,4.73e-48,174,"CACCGCACG","+"
"75",101,"CML254_HADTMADXX_read210","MuTIR_3",92.517,147,11,0,37,183,1,147,3.61e-59,211,"GTAATAGAG","+"
"76",102,"CML254_HADTMADXX_read212","MuTIR_3",93.814,97,6,0,105,201,1,97,1.03e-39,147,"TTCTAGACG","+"
"84",111,"CML254_HADTMADXX_read225","MuTIR_3",92.647,136,10,0,16,151,1,136,1.01e-54,196,"CTGTGCCTA","+"
"85",112,"CML254_HADTMADXX_read228","MuTIR_3",91.566,83,7,0,119,201,1,83,2.91e-30,115,"CTGCACTGG","+"
"86",113,"CML254_HADTMADXX_read229","MuTIR_3",93.443,122,8,0,77,198,1,122,2.83e-50,182,"GACCTCAAA","+"
"91",133,"CML254_HADTMADXX_read275","MuTIR_4",86.395,147,20,0,11,157,1,147,1.02e-44,163,"GCTTCGGCG","+"
"92",134,"CML254_HADTMADXX_read278","MuTIR_4",89.796,147,15,0,48,194,1,147,4.7e-53,191,"CCGAAGACC","+"
"95",143,"CML254_HADTMADXX_read331","MuTIR_5",86.667,150,16,3,47,193,1,149,2.85e-45,165,"CTCTATTAC","+"
"96",144,"CML254_HADTMADXX_read334","MuTIR_5",91.15,113,8,1,55,165,1,113,6.17e-42,154,"GCTGCAGGA","+"
"97",145,"CML254_HADTMADXX_read335","MuTIR_5",90,110,9,1,89,196,1,110,1.34e-38,143,"ATTGAGCCC","+"
"98",146,"CML254_HADTMADXX_read339","MuTIR_5",86.667,150,16,3,31,177,1,149,2.85e-45,165,"TCTCCCGCC","-"
"101",149,"CML254_HADTMADXX_read343","MuTIR_5",89.394,66,5,2,86,149,1,66,8.21e-21,84.2,"GCATCTTAC","-"
"102",150,"CML254_HADTMADXX_read344","MuTIR_5",95.745,47,2,0,151,197,1,47,1.37e-18,76.8,"GGTATACAA","+"
"104",153,"CML254_HADTMADXX_read362","MuTIR_6",96.97,99,3,0,60,158,1,99,7.92e-46,167,"AGGAGAGGG","+"
"107",158,"CML254_HADTMADXX_read379","MuTIR_7",89.189,148,15,1,26,173,1,147,6.08e-52,187,"CTTCGTAGG","+"
"108",162,"CML254_HJ7HFCCXX_L8_read2","MuTIR_1",92.381,105,7,1,46,150,1,104,2.13e-40,148,"GTCGTGGGG","+"
"110",164,"CML254_HJ7HFCCXX_L8_read4","MuTIR_1",94.574,129,6,1,22,150,1,128,2.09e-55,198,"CCGCACTCC","+"
"111",165,"CML254_HJ7HFCCXX_L8_read6","MuTIR_1",95.536,112,4,1,36,147,1,111,2.72e-49,178,"CCCACCGAA","+"
"113",167,"CML254_HJ7HFCCXX_L8_read9","MuTIR_1",95.89,73,2,1,78,150,1,72,6.01e-31,117,"GTCGCCAGC","+"
"115",169,"CML254_HJ7HFCCXX_L8_read11","MuTIR_1",94.326,141,7,1,10,150,1,140,2.07e-60,215,"GAAAGAGAG","+"
"116",170,"CML254_HJ7HFCCXX_L8_read12","MuTIR_1",98.837,86,0,1,64,149,1,85,1.65e-41,152,"CCCCGCGAT","+"
"117",171,"CML254_HJ7HFCCXX_L8_read14","MuTIR_1",95.745,47,2,0,104,150,1,47,1.02e-18,76.8,"GCTGGCGAC","+"
"118",172,"CML254_HJ7HFCCXX_L8_read15","MuTIR_1",94.444,54,2,1,97,150,1,53,2.19e-20,82.4,"GCTGGCGAC","+"
"120",174,"CML254_HJ7HFCCXX_L8_read17","MuTIR_1",92.623,122,8,1,29,150,1,121,3.51e-48,174,"GAGGAGGAG","+"
"121",175,"CML254_HJ7HFCCXX_L8_read19","MuTIR_1",91.86,86,6,1,65,150,1,85,1.67e-31,119,"CCGCACTCC","+"
"122",176,"CML254_HJ7HFCCXX_L8_read20","MuTIR_1",100,45,0,0,106,150,1,45,6.09e-21,84.2,"GAGAGCCTC","+"
"123",177,"CML254_HJ7HFCCXX_L8_read21","MuTIR_1",89.815,108,10,1,43,150,1,107,4.61e-37,137,"GAGGCTCTC","+"
"124",178,"CML254_HJ7HFCCXX_L8_read22","MuTIR_1",97.917,48,1,0,102,149,1,48,6.09e-21,84.2,"GGAGTGCGG","+"
"125",179,"CML254_HJ7HFCCXX_L8_read23","MuTIR_1",96.739,92,2,1,56,147,1,91,1.65e-41,152,"CCCACCGAA","+"
"126",180,"CML254_HJ7HFCCXX_L8_read24","MuTIR_1",93.333,90,5,1,59,148,1,89,2.15e-35,132,"TAGACCGAC","+"
"127",181,"CML254_HJ7HFCCXX_L8_read25","MuTIR_1",97.917,48,1,0,102,149,1,48,6.09e-21,84.2,"GGAGTGCGG","+"
"128",182,"CML254_HJ7HFCCXX_L8_read27","MuTIR_1",91.045,134,9,3,18,150,1,132,2.72e-49,178,"GTCGGTCTA","+"
"129",183,"CML254_HJ7HFCCXX_L8_read28","MuTIR_1",93.75,96,5,1,55,150,1,95,9.91e-39,143,"GATGGCGAG","+"
"130",184,"CML254_HJ7HFCCXX_L8_read29","MuTIR_1",95.652,92,3,1,56,147,1,91,7.66e-40,147,"CCCACCGAA","+"
"131",185,"CML254_HJ7HFCCXX_L8_read33","MuTIR_1",94.118,119,6,1,24,142,1,118,2.1e-50,182,"GTCGCCAGC","+"
"132",186,"CML254_HJ7HFCCXX_L8_read34","MuTIR_1",96.04,101,3,1,47,147,1,100,7.61e-45,163,"CCCCGCGAC","+"
"133",187,"CML254_HJ7HFCCXX_L8_read37","MuTIR_1",94.118,136,7,1,15,150,1,135,1.25e-57,206,"GAAAGAGAG","+"
"134",188,"CML254_HJ7HFCCXX_L8_read38","MuTIR_1",95.413,109,4,1,42,150,1,108,1.26e-47,172,"CCCACCTTG","+"
"135",189,"CML254_HJ7HFCCXX_L8_read39","MuTIR_1",97.059,68,1,1,83,150,1,67,7.77e-30,113,"CTCGCCATC","+"
"136",190,"CML254_HJ7HFCCXX_L8_read40","MuTIR_1",96.739,92,2,1,58,149,1,91,1.65e-41,152,"CCCACCGAA","+"
"137",191,"CML254_HJ7HFCCXX_L8_read41","MuTIR_1",90.741,108,9,1,43,150,1,107,9.91e-39,143,"GAGGCTCTC","+"
"146",200,"CML254_HJ7HFCCXX_L8_read54","MuTIR_1",94.737,95,4,1,40,134,1,94,7.66e-40,147,"TCTTCCTGA","-"
"159",241,"CML254_HJ7HFCCXX_L8_read182","MuTIR_2",91.339,127,11,0,16,142,1,127,3.51e-48,174,"TGAAGTAAT","+"
"160",242,"CML254_HJ7HFCCXX_L8_read186","MuTIR_2",91.406,128,11,0,10,137,1,128,9.77e-49,176,"TGAAGTAAT","+"
"162",244,"CML254_HJ7HFCCXX_L8_read190","MuTIR_2",90.476,126,9,3,27,150,1,125,7.61e-45,163,"CTCCACTGA","+"
"163",245,"CML254_HJ7HFCCXX_L8_read191","MuTIR_2",86.735,98,13,0,53,150,1,98,1.01e-28,110,"GGAGAAGTG","+"
"164",246,"CML254_HJ7HFCCXX_L8_read196","MuTIR_2",93.827,81,5,0,70,150,1,81,1.29e-32,122,"CATCATACT","+"
"165",247,"CML254_HJ7HFCCXX_L8_read198","MuTIR_2",91.406,128,11,0,12,139,1,128,9.77e-49,176,"TGAAGTAAT","+"
"166",248,"CML254_HJ7HFCCXX_L8_read199","MuTIR_2",91.667,60,5,0,91,150,1,60,6.09e-21,84.2,"TCCAACGAG","+"
"167",249,"CML254_HJ7HFCCXX_L8_read202","MuTIR_2",93.103,58,4,0,93,150,1,58,1.69e-21,86.1,"CTACTCGGT","+"
"168",250,"CML254_HJ7HFCCXX_L8_read203","MuTIR_2",93.846,130,8,0,21,150,1,130,7.5e-55,196,"CCCTGGCGC","+"
"188",278,"CML254_HJ7HFCCXX_L8_read270","MuTIR_2",87.952,83,7,1,68,147,1,83,2.81e-24,95.3,"CTCGTTGGA","+"
"189",279,"CML254_HJ7HFCCXX_L8_read271","MuTIR_2",87.952,83,7,1,57,136,1,83,2.81e-24,95.3,"AAGATGACA","-"
"190",283,"CML254_HJ7HFCCXX_L8_read279","MuTIR_2",89.157,83,7,2,61,142,1,82,1.68e-26,102,"CCTCCTTAA","+"
"193",292,"CML254_HJ7HFCCXX_L8_read316","MuTIR_3",96.104,77,3,0,73,149,1,77,9.98e-34,126,"TTGACAGGT","+"
"194",293,"CML254_HJ7HFCCXX_L8_read318","MuTIR_3",90.625,128,12,0,15,142,1,128,4.55e-47,171,"TCTAGGTTC","+"
"195",294,"CML254_HJ7HFCCXX_L8_read319","MuTIR_3",94.286,105,6,0,46,150,1,105,2.74e-44,161,"CGTCTAGAA","+"
"196",295,"CML254_HJ7HFCCXX_L8_read320","MuTIR_3",90.123,81,8,0,70,150,1,81,1.3e-27,106,"TCTAGGTTC","+"
"197",296,"CML254_HJ7HFCCXX_L8_read321","MuTIR_3",95.238,105,5,0,46,150,1,105,5.88e-46,167,"TTGACAGGT","+"
"198",297,"CML254_HJ7HFCCXX_L8_read322","MuTIR_3",92.857,126,9,0,25,150,1,126,5.84e-51,183,"CAACTCAGG","+"
"199",298,"CML254_HJ7HFCCXX_L8_read325","MuTIR_3",94.783,115,6,0,34,148,1,115,7.55e-50,180,"CGTCTAGAA","+"
"200",299,"CML254_HJ7HFCCXX_L8_read326","MuTIR_3",90.299,134,11,2,13,145,1,133,3.51e-48,174,"CCCTGCGAG","+"
"201",300,"CML254_HJ7HFCCXX_L8_read328","MuTIR_3",91.045,134,10,2,13,145,1,133,7.55e-50,180,"CCCTGCGAG","+"
"202",301,"CML254_HJ7HFCCXX_L8_read329","MuTIR_3",92.308,130,10,0,21,150,1,130,1.62e-51,185,"CCGTTTTTT","+"
"207",306,"CML254_HJ7HFCCXX_L8_read339","MuTIR_3",94.783,115,6,0,33,147,1,115,7.55e-50,180,"TTCTAGACG","+"
"208",307,"CML254_HJ7HFCCXX_L8_read340","MuTIR_3",91.339,127,11,0,17,143,1,127,3.51e-48,174,"CCTACAATG","+"
"209",308,"CML254_HJ7HFCCXX_L8_read341","MuTIR_3",91.549,71,6,0,74,144,1,71,2.18e-25,99,"CCGCCCGCG","+"
"210",309,"CML254_HJ7HFCCXX_L8_read342","MuTIR_3",91.304,115,10,0,33,147,1,115,3.54e-43,158,"GTCCGCGTG","+"
"211",310,"CML254_HJ7HFCCXX_L8_read343","MuTIR_3",95.283,106,5,0,45,150,1,106,1.63e-46,169,"GCCCTGAGA","+"
"212",311,"CML254_HJ7HFCCXX_L8_read344","MuTIR_3",91.549,71,6,0,78,148,1,71,2.18e-25,99,"CCGCCCGCG","+"
"213",312,"CML254_HJ7HFCCXX_L8_read345","MuTIR_3",92.308,104,8,0,39,142,1,104,2.13e-40,148,"TTCCTCAAC","+"
"214",313,"CML254_HJ7HFCCXX_L8_read346","MuTIR_3",91.304,115,10,0,33,147,1,115,3.54e-43,158,"GTCCGCGTG","+"
"215",314,"CML254_HJ7HFCCXX_L8_read347","MuTIR_3",90.265,113,11,0,38,150,1,113,2.13e-40,148,"CCGCCCGCG","+"
"216",315,"CML254_HJ7HFCCXX_L8_read349","MuTIR_3",95.283,106,5,0,45,150,1,106,1.63e-46,169,"GCCCTGAGA","+"
"217",316,"CML254_HJ7HFCCXX_L8_read350","MuTIR_3",91.398,93,8,0,58,150,1,93,2.77e-34,128,"GTTCTGTAC","+"
"218",317,"CML254_HJ7HFCCXX_L8_read351","MuTIR_3",91.304,115,10,0,33,147,1,115,3.54e-43,158,"GTCCGCGTG","+"
"227",331,"CML254_HJ7HFCCXX_L8_read378","MuTIR_3",91.892,111,9,0,39,149,1,111,1.27e-42,156,"CTGCACTGG","+"
"228",332,"CML254_HJ7HFCCXX_L8_read379","MuTIR_3",93.443,61,4,0,90,150,1,61,3.64e-23,91.6,"CCGCGGAAG","+"
"229",333,"CML254_HJ7HFCCXX_L8_read382","MuTIR_3",92.523,107,8,0,44,150,1,107,4.58e-42,154,"CTGTGCCTA","+"
"230",334,"CML254_HJ7HFCCXX_L8_read383","MuTIR_3",91.892,111,9,0,38,148,1,111,1.27e-42,156,"TAGGCACAG","+"
"239",386,"CML254_HJ7HFCCXX_L8_read468","MuTIR_4",91.86,86,7,0,63,148,1,86,4.64e-32,121,"GTGACTGAG","+"
"240",387,"CML254_HJ7HFCCXX_L8_read472","MuTIR_4",91.86,86,7,0,63,148,1,86,4.64e-32,121,"GTGACTGAG","+"
"241",388,"CML254_HJ7HFCCXX_L8_read479","MuTIR_4",93.333,120,8,0,13,132,1,120,7.55e-50,180,"GCAAGAGAG","+"
"242",389,"CML254_HJ7HFCCXX_L8_read486","MuTIR_4",91.86,86,7,0,63,148,1,86,4.64e-32,121,"GTGACTGAG","+"
"243",390,"CML254_HJ7HFCCXX_L8_read488","MuTIR_4",92.063,63,5,0,88,150,1,63,1.31e-22,89.8,"CGGCCACCG","+"
"244",391,"CML254_HJ7HFCCXX_L8_read491","MuTIR_4",91.86,86,7,0,60,145,1,86,4.64e-32,121,"GTGACTGAG","+"
"245",392,"CML254_HJ7HFCCXX_L8_read492","MuTIR_4",90.833,120,11,0,2,121,1,120,7.61e-45,163,"CTTTTATGC","-"
"246",393,"CML254_HJ7HFCCXX_L8_read499","MuTIR_4",90.833,120,11,0,2,121,1,120,7.61e-45,163,"CTTTTATGC","-"
"247",394,"CML254_HJ7HFCCXX_L8_read500","MuTIR_4",86.923,130,17,0,10,139,1,130,2.13e-40,148,"CTGCAGATA","-"
"251",398,"CML254_HJ7HFCCXX_L8_read518","MuTIR_4",86.923,130,17,0,10,139,1,130,2.13e-40,148,"CTGCAGATA","-"
"255",404,"CML254_HJ7HFCCXX_L8_read551","MuTIR_4",87.273,110,14,0,41,150,1,110,2.77e-34,128,"TCTGGCTCT","+"
"257",413,"CML254_HJ7HFCCXX_L8_read576","MuTIR_4",86.4,125,17,0,26,150,1,125,1.28e-37,139,"GTGTGTGGG","+"
"258",419,"CML254_HJ7HFCCXX_L8_read595","MuTIR_5",94.872,39,2,0,112,150,1,39,2.85e-14,62.1,"ATTGAGCCC","+"
"259",420,"CML254_HJ7HFCCXX_L8_read596","MuTIR_5",92.308,91,5,1,62,150,1,91,7.71e-35,130,"GCTGCAGGA","+"
"260",421,"CML254_HJ7HFCCXX_L8_read598","MuTIR_5",89.394,66,5,1,87,150,1,66,6.09e-21,84.2,"CTCAGAAAG","+"
"261",422,"CML254_HJ7HFCCXX_L8_read599","MuTIR_5",89.13,138,13,1,15,150,1,138,1.26e-47,172,"GCTGCAGGA","+"
"262",423,"CML254_HJ7HFCCXX_L8_read600","MuTIR_5",87.963,108,11,1,37,142,1,108,2.77e-34,128,"CTCAGAAAG","+"
"263",424,"CML254_HJ7HFCCXX_L8_read601","MuTIR_5",94.872,39,2,0,112,150,1,39,2.85e-14,62.1,"ATTGAGCCC","+"
"264",425,"CML254_HJ7HFCCXX_L8_read602","MuTIR_5",91.429,105,7,1,45,147,1,105,2.76e-39,145,"GCTGCAGGA","+"
"265",426,"CML254_HJ7HFCCXX_L8_read604","MuTIR_5",92.308,91,5,1,62,150,1,91,7.71e-35,130,"GCTGCAGGA","+"
"266",427,"CML254_HJ7HFCCXX_L8_read605","MuTIR_5",88.571,105,10,1,25,127,1,105,2.77e-34,128,"ACCTTGACA","+"
"267",428,"CML254_HJ7HFCCXX_L8_read606","MuTIR_5",95.918,49,2,0,94,142,1,49,7.88e-20,80.5,"GCTGCAGGA","+"
"268",429,"CML254_HJ7HFCCXX_L8_read607","MuTIR_5",95.918,49,2,0,94,142,1,49,7.88e-20,80.5,"GCTGCAGGA","+"
"269",430,"CML254_HJ7HFCCXX_L8_read608","MuTIR_5",87.5,72,7,1,80,149,1,72,6.09e-21,84.2,"ACCTTGACA","+"
"270",431,"CML254_HJ7HFCCXX_L8_read609","MuTIR_5",90.265,113,9,1,39,149,1,113,2.13e-40,148,"CGAGACGGC","+"
"271",432,"CML254_HJ7HFCCXX_L8_read611","MuTIR_5",87.963,108,11,1,37,142,1,108,2.77e-34,128,"CTCAGAAAG","+"
"272",433,"CML254_HJ7HFCCXX_L8_read615","MuTIR_5",95.918,49,2,0,97,145,1,49,7.88e-20,80.5,"ATTGAGCCC","+"
"273",434,"CML254_HJ7HFCCXX_L8_read617","MuTIR_5",95.918,49,2,0,91,139,1,49,7.88e-20,80.5,"ATTGAGCCC","+"
"291",455,"CML254_HJ7HFCCXX_L8_read667","MuTIR_6",96.512,86,3,0,65,150,1,86,9.91e-39,143,"AGGAGAGGG","+"
"292",456,"CML254_HJ7HFCCXX_L8_read668","MuTIR_6",95.62,137,6,0,14,150,1,137,4.45e-62,220,"AGGAGAGGG","+"
"294",458,"CML254_HJ7HFCCXX_L8_read672","MuTIR_6",93.913,115,7,0,36,150,1,115,3.51e-48,174,"AGGAGAGGG","+"
"295",459,"CML254_HJ7HFCCXX_L8_read674","MuTIR_6",96.512,86,3,0,65,150,1,86,9.91e-39,143,"AGGAGAGGG","+"
"296",460,"CML254_HJ7HFCCXX_L8_read675","MuTIR_6",93.913,115,7,0,36,150,1,115,3.51e-48,174,"AGGAGAGGG","+"
"298",471,"CML254_HJ7HFCCXX_L8_read719","MuTIR_7",94.175,103,5,1,48,150,1,102,9.84e-44,159,"CTTAGGAAG","+"
"300",479,"CML254_HLFTVCCXX_L8_read1","MuTIR_1",95,60,2,1,90,149,1,59,1.01e-23,93.5,"GATGGCGAG","+"
"301",480,"CML254_HLFTVCCXX_L8_read2","MuTIR_1",94.737,57,2,1,94,150,1,56,4.71e-22,87.9,"CCCACCTTG","+"
"302",481,"CML254_HLFTVCCXX_L8_read3","MuTIR_1",93.478,92,5,1,59,150,1,91,1.66e-36,135,"GTCGGTCTA","+"
"303",482,"CML254_HLFTVCCXX_L8_read5","MuTIR_1",96.262,107,3,1,43,149,1,106,3.51e-48,174,"GTCGCCAGC","+"
"304",483,"CML254_HLFTVCCXX_L8_read7","MuTIR_1",95.455,44,2,0,107,150,1,44,4.74e-17,71.3,"TAGACCGAC","+"
"305",484,"CML254_HLFTVCCXX_L8_read11","MuTIR_1",89.147,129,9,2,27,150,1,129,1.27e-42,156,"CTCCTCCTC","+"
"306",485,"CML254_HLFTVCCXX_L8_read12","MuTIR_1",97.101,69,1,1,81,149,1,68,2.16e-30,115,"GAAAGAGAG","+"
"307",486,"CML254_HLFTVCCXX_L8_read13","MuTIR_1",93.548,62,3,1,89,150,1,61,3.64e-23,91.6,"CCCCGCGAC","+"
"308",487,"CML254_HLFTVCCXX_L8_read14","MuTIR_1",95.833,72,2,1,79,150,1,71,2.16e-30,115,"CCCCGCGAC","+"
"309",488,"CML254_HLFTVCCXX_L8_read15","MuTIR_1",94.737,57,2,1,94,150,1,56,4.71e-22,87.9,"CCCACCTTG","+"
"310",489,"CML254_HLFTVCCXX_L8_read16","MuTIR_1",92.424,132,9,1,19,150,1,131,4.51e-52,187,"ATTGAAAGG","+"
"311",490,"CML254_HLFTVCCXX_L8_read18","MuTIR_1",95.349,86,3,1,64,149,1,85,1.66e-36,135,"GCTGGCGAC","+"
"312",491,"CML254_HLFTVCCXX_L8_read19","MuTIR_1",95,140,6,1,11,150,1,139,1.6e-61,219,"GAAAGAGAG","+"
"313",492,"CML254_HLFTVCCXX_L8_read20","MuTIR_1",95.122,82,3,1,66,147,1,81,2.77e-34,128,"GATGGCGAG","+"
"314",493,"CML254_HLFTVCCXX_L8_read21","MuTIR_1",94.444,72,3,1,79,150,1,71,1.01e-28,110,"CCCCGCGAC","+"
"315",494,"CML254_HLFTVCCXX_L8_read23","MuTIR_1",90.526,95,8,1,43,137,1,94,3.59e-33,124,"TCGCAAAAT","+"
"316",495,"CML254_HLFTVCCXX_L8_read25","MuTIR_1",93.651,126,6,2,13,138,1,124,4.51e-52,187,"GTCGCCAGC","+"
"325",504,"CML254_HLFTVCCXX_L8_read42","MuTIR_1",94.737,95,4,1,1,95,1,94,7.66e-40,147,"TCTTCCTGA","-"
"331",529,"CML254_HLFTVCCXX_L8_read122","MuTIR_2",94.059,101,6,0,50,150,1,101,4.58e-42,154,"CCCTGGCGC","+"
"332",530,"CML254_HLFTVCCXX_L8_read124","MuTIR_2",92.537,67,5,0,75,141,1,67,7.82e-25,97.1,"ACCCAACTG","+"
"333",531,"CML254_HLFTVCCXX_L8_read126","MuTIR_2",96.226,53,2,0,92,144,1,53,4.71e-22,87.9,"CCCTGGCGC","+"
"334",532,"CML254_HLFTVCCXX_L8_read128","MuTIR_2",88.525,122,14,0,29,150,1,122,2.13e-40,148,"GAGGCAGAA","+"
"335",533,"CML254_HLFTVCCXX_L8_read129","MuTIR_2",91.379,116,10,0,33,148,1,116,9.84e-44,159,"GTTGGAAGA","+"
"336",534,"CML254_HLFTVCCXX_L8_read134","MuTIR_2",96.923,65,2,0,86,150,1,65,1.01e-28,110,"GGCCGGGCG","+"
"350",548,"CML254_HLFTVCCXX_L8_read155","MuTIR_2",97.059,68,2,0,52,119,1,68,2.16e-30,115,"TGAAAGGGA","-"
"351",549,"CML254_HLFTVCCXX_L8_read156","MuTIR_2",93.798,129,8,0,4,132,1,129,2.7e-54,195,"CGGATCGAA","-"
"353",555,"CML254_HLFTVCCXX_L8_read168","MuTIR_2",92.929,99,7,0,52,150,1,99,2.76e-39,145,"TTCCTCGCC","+"
"357",576,"CML254_HLFTVCCXX_L8_read210","MuTIR_3",91.954,87,7,0,62,148,1,87,1.29e-32,122,"AAAAAATGG","+"
"358",577,"CML254_HLFTVCCXX_L8_read211","MuTIR_3",94.792,96,5,0,55,150,1,96,5.92e-41,150,"TTGACAGGT","+"
"359",578,"CML254_HLFTVCCXX_L8_read212","MuTIR_3",94.656,131,7,0,20,150,1,131,4.48e-57,204,"CAAACATTC","+"
"360",579,"CML254_HLFTVCCXX_L8_read214","MuTIR_3",92.222,90,7,0,56,145,1,90,2.77e-34,128,"CCTGAGTTG","+"
"368",587,"CML254_HLFTVCCXX_L8_read230","MuTIR_3",90.625,128,12,0,18,145,1,128,4.55e-47,171,"GTCCGCGTG","+"
"370",590,"CML254_HLFTVCCXX_L8_read233","MuTIR_3",94.565,92,5,0,59,150,1,92,9.91e-39,143,"GTAATAGAG","+"
"375",596,"CML254_HLFTVCCXX_L8_read242","MuTIR_3",93.333,60,4,0,91,150,1,60,1.31e-22,89.8,"CCGCGGAAG","+"
"376",597,"CML254_HLFTVCCXX_L8_read245","MuTIR_3",91.892,111,9,0,38,148,1,111,1.27e-42,156,"TAGGCACAG","+"
"377",598,"CML254_HLFTVCCXX_L8_read246","MuTIR_3",91.339,127,11,0,24,150,1,127,3.51e-48,174,"CTGCACTGG","+"
"378",599,"CML254_HLFTVCCXX_L8_read249","MuTIR_3",90.714,140,13,0,10,149,1,140,4.51e-52,187,"CCGCGGAAG","+"
"379",600,"CML254_HLFTVCCXX_L8_read250","MuTIR_3",91.358,81,7,0,70,150,1,81,2.79e-29,111,"GGCCCGGGT","+"
"380",601,"CML254_HLFTVCCXX_L8_read251","MuTIR_3",91.919,99,8,0,52,150,1,99,1.28e-37,139,"CTGCACTGG","+"
"383",633,"CML254_HLFTVCCXX_L8_read317","MuTIR_4",94.444,54,3,0,90,143,1,54,6.09e-21,84.2,"GCAAGAGAG","+"
"385",635,"CML254_HLFTVCCXX_L8_read327","MuTIR_4",89.916,119,12,0,32,150,1,119,1.27e-42,156,"GCTTCGGCG","+"
"389",639,"CML254_HLFTVCCXX_L8_read340","MuTIR_4",90,120,12,0,20,139,1,120,3.54e-43,158,"CTTTTATGC","-"
"393",646,"CML254_HLFTVCCXX_L8_read379","MuTIR_4",88.608,79,9,0,72,150,1,79,7.82e-25,97.1,"GTGTGTGGG","+"
"396",653,"CML254_HLFTVCCXX_L8_read398","MuTIR_5",95.918,49,2,0,87,135,1,49,7.88e-20,80.5,"ATTGAGCCC","+"
"397",654,"CML254_HLFTVCCXX_L8_read401","MuTIR_5",90.083,121,9,2,33,150,1,121,1.27e-42,156,"CTCTATTAC","+"
"398",655,"CML254_HLFTVCCXX_L8_read403","MuTIR_5",90.909,121,8,2,33,150,1,121,2.74e-44,161,"CTCTATTAC","+"
"399",656,"CML254_HLFTVCCXX_L8_read404","MuTIR_5",91.489,94,6,1,59,150,1,94,7.71e-35,130,"CTCTATTAC","+"
"400",657,"CML254_HLFTVCCXX_L8_read405","MuTIR_5",95.918,49,2,0,87,135,1,49,7.88e-20,80.5,"ATTGAGCCC","+"
"401",658,"CML254_HLFTVCCXX_L8_read406","MuTIR_5",90.756,119,9,1,34,150,1,119,9.84e-44,159,"GCTGCAGGA","+"
"402",659,"CML254_HLFTVCCXX_L8_read407","MuTIR_5",90.909,121,8,2,22,139,1,121,2.74e-44,161,"TCCTATTAG","-"
"410",667,"CML254_HLFTVCCXX_L8_read417","MuTIR_5",90.909,121,8,2,22,139,1,121,2.74e-44,161,"TCCTATTAG","-"
"411",668,"CML254_HLFTVCCXX_L8_read419","MuTIR_5",90.909,121,8,2,22,139,1,121,2.74e-44,161,"TCCTATTAG","-"
"417",676,"CML254_HLFTVCCXX_L8_read444","MuTIR_6",96.341,82,3,0,69,150,1,82,1.66e-36,135,"TCCTAGGCT","+"
"423",693,"CML254_HA5R1ADXX_ACTGAT_read1","MuTIR_1",94.521,73,3,1,129,201,1,72,3.77e-29,111,"GTCGGTCTA","+"
"424",694,"CML254_HA5R1ADXX_ACTGAT_read2","MuTIR_1",94.958,119,5,1,83,201,1,118,2.19e-51,185,"GTCGCCAGC","+"
"425",695,"CML254_HA5R1ADXX_ACTGAT_read4","MuTIR_1",93.684,95,5,1,21,115,1,94,4.8e-38,141,"TAGACCGAC","+"
"426",696,"CML254_HA5R1ADXX_ACTGAT_read5","MuTIR_1",90.278,144,11,3,59,201,1,142,2.19e-51,185,"GTCGGTCTA","+"
"427",697,"CML254_HA5R1ADXX_ACTGAT_read6","MuTIR_1",98.837,86,0,1,99,184,1,85,2.22e-41,152,"CCCCGCGAT","+"
"428",698,"CML254_HA5R1ADXX_ACTGAT_read8","MuTIR_1",95.789,95,3,1,18,112,1,94,2.22e-41,152,"CAAGGTGGG","+"
"429",699,"CML254_HA5R1ADXX_ACTGAT_read9","MuTIR_1",93.827,81,4,1,92,172,1,80,6.26e-32,121,"GTCGTGGGG","+"
"431",701,"CML254_HA5R1ADXX_ACTGAT_read18","MuTIR_1",92.537,134,7,3,47,179,1,132,1.69e-52,189,"ACAATTCTC","-"
"435",705,"CML254_HA5R1ADXX_ACTGAT_read23","MuTIR_1",95.789,95,3,1,91,185,1,94,2.22e-41,152,"TCTTTCTGA","-"
"438",713,"CML254_HA5R1ADXX_ACTGAT_read62","MuTIR_2",85.906,149,21,0,31,179,1,149,1.33e-43,159,"CTACTCGGT","+"
"439",714,"CML254_HA5R1ADXX_ACTGAT_read64","MuTIR_2",90.351,114,9,2,57,169,1,113,2.87e-40,148,"TCTATCAGT","+"
"440",715,"CML254_HA5R1ADXX_ACTGAT_read65","MuTIR_2",97.872,47,1,0,154,200,1,47,2.95e-20,82.4,"CCCAGAGCC","+"
"441",716,"CML254_HA5R1ADXX_ACTGAT_read67","MuTIR_2",89.844,128,13,0,38,165,1,128,2.85e-45,165,"GTTGGAAGA","+"
"442",717,"CML254_HA5R1ADXX_ACTGAT_read68","MuTIR_2",90.37,135,12,1,60,193,1,135,1.32e-48,176,"TGAAGTAAT","+"
"443",718,"CML254_HA5R1ADXX_ACTGAT_read70","MuTIR_2",93.798,129,8,0,10,138,1,129,3.63e-54,195,"CCCAGAGCC","+"
"444",719,"CML254_HA5R1ADXX_ACTGAT_read72","MuTIR_2",96.491,57,2,0,144,200,1,57,3.79e-24,95.3,"CTTACAAAG","+"
"445",720,"CML254_HA5R1ADXX_ACTGAT_read76","MuTIR_2",85.906,149,21,0,34,182,1,149,1.33e-43,159,"CTACTCGGT","+"
"446",721,"CML254_HA5R1ADXX_ACTGAT_read78","MuTIR_2",85.906,149,21,0,29,177,1,149,1.33e-43,159,"GCAGTGAAT","-"
"451",726,"CML254_HA5R1ADXX_ACTGAT_read90","MuTIR_2",95,40,2,0,160,199,1,40,1.07e-14,63.9,"TTCCTCGCC","+"
"452",727,"CML254_HA5R1ADXX_ACTGAT_read92","MuTIR_2",93.023,129,9,0,60,188,1,129,1.69e-52,189,"CGGATAGAA","-"
"454",730,"CML254_HA5R1ADXX_ACTGAT_read101","MuTIR_2",83.333,102,17,0,97,198,1,102,3.79e-24,95.3,"TGGATGGGC","+"
"455",732,"CML254_HA5R1ADXX_ACTGAT_read110","MuTIR_3",95.489,133,6,0,44,176,1,133,1e-59,213,"CAAACATTC","+"
"456",733,"CML254_HA5R1ADXX_ACTGAT_read112","MuTIR_3",94.444,90,5,0,112,201,1,90,1.73e-37,139,"TTGACAGGT","+"
"457",734,"CML254_HA5R1ADXX_ACTGAT_read113","MuTIR_3",92.647,68,5,0,134,201,1,68,2.93e-25,99,"GAACCTAGA","+"
"458",735,"CML254_HA5R1ADXX_ACTGAT_read114","MuTIR_3",92.373,118,9,0,82,199,1,118,2.2e-46,169,"CCTGAGTTG","+"
"459",736,"CML254_HA5R1ADXX_ACTGAT_read115","MuTIR_3",93.86,114,7,0,88,201,1,114,1.7e-47,172,"CGTCTAGAA","+"
"460",737,"CML254_HA5R1ADXX_ACTGAT_read116","MuTIR_3",95.489,133,6,0,27,159,1,133,1e-59,213,"AACGACGAT","-"
"462",739,"CML254_HA5R1ADXX_ACTGAT_read120","MuTIR_3",90.977,133,12,0,29,161,1,133,1.02e-49,180,"AACTACGAT","-"
"464",742,"CML254_HA5R1ADXX_ACTGAT_read123","MuTIR_3",88,150,18,0,39,188,1,150,1.02e-49,180,"CCTCTAGAA","+"
"465",743,"CML254_HA5R1ADXX_ACTGAT_read125","MuTIR_3",91.954,87,7,0,73,159,1,87,1.74e-32,122,"CCAGTGCAG","+"
"466",744,"CML254_HA5R1ADXX_ACTGAT_read127","MuTIR_3",94.521,73,4,0,87,159,1,73,1.05e-29,113,"GTAATAGAG","+"
"471",750,"CML254_HA5R1ADXX_ACTGAT_read138","MuTIR_3",91.429,105,9,0,97,201,1,105,3.71e-39,145,"TAGGCACAG","+"
"472",751,"CML254_HA5R1ADXX_ACTGAT_read140","MuTIR_3",91.935,62,5,0,139,200,1,62,6.35e-22,87.9,"TTGACAGGT","+"
"476",765,"CML254_HA5R1ADXX_ACTGAT_read169","MuTIR_4",87.912,91,11,0,57,147,1,91,4.87e-28,108,"GACTTTAGC","+"
"479",768,"CML254_HA5R1ADXX_ACTGAT_read172","MuTIR_5",89.262,149,14,1,48,194,1,149,6.08e-52,187,"GCTGCAGGA","+"
"480",769,"CML254_HA5R1ADXX_ACTGAT_read174","MuTIR_5",88.889,81,7,1,89,167,1,81,8.15e-26,100,"ATTGAGCCC","+"
"483",773,"CML254_HA5R1ADXX_ACTGAT_read185","MuTIR_6",94.393,107,5,1,43,148,1,107,1.02e-44,163,"ATGCAGATG","+"
