"","X","qname","sname","percent_identity","alignment_length","mismatches","gap_opens","q_start","q_end","s_start","s_end","evalue","bit_score","tsds","strand"
"6",11,"CML332_HB1LCADXX_ACAGTG_read24","MuTIR_2",89.72,107,11,0,43,149,1,107,4.64e-37,137,"CCTAGCCGA","+"
"8",13,"CML332_HB1LCADXX_ACAGTG_read26","MuTIR_2",91.304,115,8,2,38,151,1,114,1.28e-42,156,"GCGCTACGG","+"
"9",14,"CML332_HB1LCADXX_ACAGTG_read27","MuTIR_2",91.176,102,7,2,51,151,1,101,4.64e-37,137,"GCGCTACGG","+"
"10",15,"CML332_HB1LCADXX_ACAGTG_read29","MuTIR_2",97.436,39,1,0,113,151,1,39,6.18e-16,67.6,"CACAGCATC","+"
"17",24,"CML332_HB1LCADXX_ACAGTG_read46","MuTIR_2",89.157,83,7,2,66,147,1,82,1.69e-26,102,"AATGACGAT","+"
"19",27,"CML332_HB1LCADXX_ACAGTG_read53","MuTIR_3",93.284,134,9,0,17,150,1,134,2.1e-55,198,"CGCCACCGG","+"
"20",28,"CML332_HB1LCADXX_ACAGTG_read59","MuTIR_3",91.597,119,10,0,33,151,1,119,2.13e-45,165,"CCTACAATG","+"
"24",32,"CML332_HB1LCADXX_ACAGTG_read67","MuTIR_3",92.405,79,4,2,70,148,1,77,2.81e-29,111,"CTATCCTGG","+"
"25",33,"CML332_HB1LCADXX_ACAGTG_read68","MuTIR_3",90.37,135,13,0,17,151,1,135,2.74e-49,178,"GCTTTGGGC","+"
"26",34,"CML332_HB1LCADXX_ACAGTG_read69","MuTIR_3",92.793,111,8,0,39,149,1,111,2.76e-44,161,"GTTTTTGTG","+"
"27",35,"CML332_HB1LCADXX_ACAGTG_read70","MuTIR_3",93.571,140,9,0,10,149,1,140,9.7e-59,209,"GACCCTTTG","+"
"28",44,"CML332_HB1LCADXX_ACAGTG_read88","MuTIR_4",93.333,120,8,0,28,147,1,120,7.61e-50,180,"GCAAGAGAG","+"
"29",45,"CML332_HB1LCADXX_ACAGTG_read89","MuTIR_4",97.436,39,1,0,113,151,1,39,6.18e-16,67.6,"GCTGTCGAC","+"
"30",46,"CML332_HB1LCADXX_ACAGTG_read90","MuTIR_4",90.698,129,12,0,23,151,1,129,3.54e-48,174,"CATGAGCTG","+"
"32",48,"CML332_HB1LCADXX_ACAGTG_read95","MuTIR_4",85.271,129,17,2,11,138,1,128,6.01e-36,134,"AGCTGTAGA","-"
"33",55,"CML332_HB1LCADXX_ACAGTG_read107","MuTIR_5",88.976,127,12,1,14,138,1,127,3.56e-43,158,"CGAGACGGC","+"
"34",56,"CML332_HB1LCADXX_ACAGTG_read109","MuTIR_5",88.571,105,10,1,41,143,1,105,2.79e-34,128,"ACCTTGACA","+"
"35",61,"CML332_HB1LCADXX_ACAGTG_read123","MuTIR_6",93.893,131,8,0,21,151,1,131,2.1e-55,198,"TCCTAGGCT","+"
"36",62,"CML332_HB1LCADXX_ACAGTG_read124","MuTIR_6",93.651,63,4,0,89,151,1,63,2.83e-24,95.3,"AGGAGAGGG","+"
"38",68,"CML332_HLC27CCXX_L8_read1","MuTIR_1",95.455,44,2,0,107,150,1,44,4.74e-17,71.3,"CAAGGTGGG","+"
"39",69,"CML332_HLC27CCXX_L8_read5","MuTIR_1",100,48,0,0,101,148,1,48,1.31e-22,89.8,"CTCTCTCGG","+"
"40",70,"CML332_HLC27CCXX_L8_read7","MuTIR_1",92.222,90,6,1,49,138,1,89,9.98e-34,126,"AGATTTGAT","+"
"41",71,"CML332_HLC27CCXX_L8_read8","MuTIR_1",97.368,38,1,0,113,150,1,38,2.21e-15,65.8,"GAAAGAGAG","+"
"42",72,"CML332_HLC27CCXX_L8_read10","MuTIR_1",100,48,0,0,102,149,1,48,1.31e-22,89.8,"TATTTGTGG","+"
"43",73,"CML332_HLC27CCXX_L8_read15","MuTIR_1",100,47,0,0,104,150,1,47,4.71e-22,87.9,"AGATTTGAT","+"
"44",74,"CML332_HLC27CCXX_L8_read16","MuTIR_1",88.182,110,12,1,35,144,1,109,7.71e-35,130,"GAGGCTCTC","+"
"45",75,"CML332_HLC27CCXX_L8_read17","MuTIR_1",96,100,3,1,47,146,1,99,2.74e-44,161,"GTTGTATTG","+"
"46",76,"CML332_HLC27CCXX_L8_read18","MuTIR_1",96.262,107,3,1,44,150,1,106,3.51e-48,174,"GAATACAAC","+"
"47",77,"CML332_HLC27CCXX_L8_read20","MuTIR_1",95.789,95,3,1,37,131,1,94,1.65e-41,152,"CAAGGTGGG","+"
"57",87,"CML332_HLC27CCXX_L8_read39","MuTIR_1",95.789,95,3,1,1,95,1,94,1.65e-41,152,"TCTTTCTGA","-"
"63",118,"CML332_HLC27CCXX_L8_read131","MuTIR_2",93.75,80,5,0,71,150,1,80,4.64e-32,121,"AGTTTGAAC","+"
"64",119,"CML332_HLC27CCXX_L8_read133","MuTIR_2",94.118,85,5,0,66,150,1,85,7.71e-35,130,"GTCGCGAGC","+"
"65",120,"CML332_HLC27CCXX_L8_read135","MuTIR_2",91.954,87,7,0,55,141,1,87,1.29e-32,122,"GTCGCGAGC","+"
"67",122,"CML332_HLC27CCXX_L8_read140","MuTIR_2",88.806,134,15,0,17,150,1,134,2.11e-45,165,"GCTGGGAAG","+"
"68",123,"CML332_HLC27CCXX_L8_read141","MuTIR_2",96.078,51,2,0,98,148,1,51,6.09e-21,84.2,"CACAGCATC","+"
"69",124,"CML332_HLC27CCXX_L8_read147","MuTIR_2",93.258,89,6,0,62,150,1,89,2.15e-35,132,"TGCAATGAT","+"
"70",125,"CML332_HLC27CCXX_L8_read148","MuTIR_2",93.506,77,5,0,74,150,1,77,2.16e-30,115,"GTTGGAAGA","+"
"71",126,"CML332_HLC27CCXX_L8_read149","MuTIR_2",94.915,59,3,0,92,150,1,59,1.01e-23,93.5,"TGCAATGAT","+"
"72",127,"CML332_HLC27CCXX_L8_read151","MuTIR_2",89.844,128,13,0,10,137,1,128,2.11e-45,165,"GTTGGAAGA","+"
"74",129,"CML332_HLC27CCXX_L8_read157","MuTIR_2",93.651,63,4,0,86,148,1,63,2.81e-24,95.3,"CACAGCATC","+"
"75",130,"CML332_HLC27CCXX_L8_read158","MuTIR_2",93.182,88,6,0,61,148,1,88,7.71e-35,130,"CGAATATTT","+"
"76",131,"CML332_HLC27CCXX_L8_read159","MuTIR_2",87.826,115,14,0,36,150,1,115,1.66e-36,135,"GTTGGAAGA","+"
"77",132,"CML332_HLC27CCXX_L8_read160","MuTIR_2",88.806,134,15,0,17,150,1,134,2.11e-45,165,"GCTGGGAAG","+"
"78",133,"CML332_HLC27CCXX_L8_read161","MuTIR_2",96.104,77,3,0,72,148,1,77,9.98e-34,126,"GATAGCGTG","+"
"79",134,"CML332_HLC27CCXX_L8_read163","MuTIR_2",97.403,77,2,0,73,149,1,77,2.15e-35,132,"TTCCTCGCC","+"
"80",135,"CML332_HLC27CCXX_L8_read166","MuTIR_2",96.078,51,2,0,99,149,1,51,6.09e-21,84.2,"CACAGCATC","+"
"81",136,"CML332_HLC27CCXX_L8_read167","MuTIR_2",95.588,68,3,0,82,149,1,68,1.01e-28,110,"AGTTTGAAC","+"
"82",137,"CML332_HLC27CCXX_L8_read170","MuTIR_2",90.476,126,12,0,25,150,1,126,5.88e-46,167,"CACAGCATC","+"
"83",138,"CML332_HLC27CCXX_L8_read171","MuTIR_2",88.889,135,15,0,16,150,1,135,5.88e-46,167,"GCTGGGAAG","+"
"88",143,"CML332_HLC27CCXX_L8_read184","MuTIR_2",89.844,128,13,0,9,136,1,128,2.11e-45,165,"CAGTAGTGA","-"
"95",150,"CML332_HLC27CCXX_L8_read202","MuTIR_2",92.248,129,10,0,1,129,1,129,5.84e-51,183,"CAGATAGAA","-"
"102",167,"CML332_HLC27CCXX_L8_read239","MuTIR_2",87.805,82,7,1,72,150,1,82,1.01e-23,93.5,"CTCGTTGGA","+"
"103",176,"CML332_HLC27CCXX_L8_read251","MuTIR_2",88,75,7,2,77,150,1,74,4.71e-22,87.9,"GTCTCCCAC","+"
"104",177,"CML332_HLC27CCXX_L8_read253","MuTIR_2",89.157,83,7,2,63,144,1,82,1.68e-26,102,"AATGACGAT","+"
"107",202,"CML332_HLC27CCXX_L8_read307","MuTIR_3",93.069,101,7,0,50,150,1,101,2.13e-40,148,"CGCCACCGG","+"
"108",203,"CML332_HLC27CCXX_L8_read308","MuTIR_3",95.385,130,6,0,21,150,1,130,3.46e-58,207,"CAAACATTC","+"
"109",204,"CML332_HLC27CCXX_L8_read309","MuTIR_3",92.913,127,9,0,24,150,1,127,1.62e-51,185,"CACAAAAAC","+"
"111",206,"CML332_HLC27CCXX_L8_read312","MuTIR_3",92.188,128,10,0,23,150,1,128,2.1e-50,182,"CACAAAAAC","+"
"112",207,"CML332_HLC27CCXX_L8_read313","MuTIR_3",96.104,77,3,0,72,148,1,77,9.98e-34,126,"GGTGTCCAT","+"
"113",208,"CML332_HLC27CCXX_L8_read315","MuTIR_3",93.284,134,9,0,14,147,1,134,2.09e-55,198,"CCGTTTTTT","+"
"114",209,"CML332_HLC27CCXX_L8_read316","MuTIR_3",96.104,77,3,0,72,148,1,77,9.98e-34,126,"AGTGTCCAT","+"
"115",210,"CML332_HLC27CCXX_L8_read317","MuTIR_3",96.154,52,2,0,96,147,1,52,1.69e-21,86.1,"CATATGTAC","+"
"121",216,"CML332_HLC27CCXX_L8_read326","MuTIR_3",89.024,82,8,1,65,146,1,81,6.05e-26,100,"CCGCCCGCG","+"
"122",217,"CML332_HLC27CCXX_L8_read327","MuTIR_3",90.833,120,10,1,31,150,1,119,9.84e-44,159,"TCTTCACGC","+"
"123",218,"CML332_HLC27CCXX_L8_read328","MuTIR_3",92.537,134,9,1,12,145,1,133,3.49e-53,191,"TCTTCACGC","+"
"135",235,"CML332_HLC27CCXX_L8_read360","MuTIR_3",92.793,111,8,0,40,150,1,111,2.74e-44,161,"GTTTTTGTG","+"
"136",236,"CML332_HLC27CCXX_L8_read363","MuTIR_3",91.379,58,5,0,93,150,1,58,7.88e-20,80.5,"TTCGCCCGC","+"
"137",237,"CML332_HLC27CCXX_L8_read364","MuTIR_3",95.122,82,4,0,62,143,1,82,7.71e-35,130,"GACCCTTTG","+"
"138",238,"CML332_HLC27CCXX_L8_read366","MuTIR_3",94.366,71,4,0,77,147,1,71,1.01e-28,110,"GGCAGGAGG","+"
"139",239,"CML332_HLC27CCXX_L8_read368","MuTIR_3",91.566,83,7,0,68,150,1,83,2.16e-30,115,"CCTCCTGCC","+"
"140",240,"CML332_HLC27CCXX_L8_read372","MuTIR_3",93.939,99,6,0,52,150,1,99,5.92e-41,150,"GGCAGGAGG","+"
"141",242,"CML332_HLC27CCXX_L8_read375","MuTIR_3",92.135,89,7,0,61,149,1,89,9.98e-34,126,"CCGCGGAAG","+"
"151",252,"CML332_HLC27CCXX_L8_read395","MuTIR_3",91.729,133,11,0,3,135,1,133,1.62e-51,185,"AACGACGAC","-"
"154",258,"CML332_HLC27CCXX_L8_read405","MuTIR_3",91.379,58,5,0,93,150,1,58,7.88e-20,80.5,"CTCCAGGAT","+"
"156",294,"CML332_HLC27CCXX_L8_read473","MuTIR_4",94.828,58,3,0,93,150,1,58,3.64e-23,91.6,"GCAAGAGAG","+"
"157",295,"CML332_HLC27CCXX_L8_read475","MuTIR_4",91.86,86,7,0,62,147,1,86,4.64e-32,121,"GTGACTGAG","+"
"158",296,"CML332_HLC27CCXX_L8_read479","MuTIR_4",91.86,86,7,0,59,144,1,86,4.64e-32,121,"GTGACTGAG","+"
"159",297,"CML332_HLC27CCXX_L8_read480","MuTIR_4",92.308,104,8,0,42,145,1,104,2.13e-40,148,"CGGCCACCG","+"
"160",298,"CML332_HLC27CCXX_L8_read482","MuTIR_4",90,120,12,0,31,150,1,120,3.54e-43,158,"GCTTCGGCG","+"
"161",299,"CML332_HLC27CCXX_L8_read484","MuTIR_4",88.496,113,13,0,38,150,1,113,1.28e-37,139,"GCTGTCGAC","+"
"162",300,"CML332_HLC27CCXX_L8_read487","MuTIR_4",93.269,104,7,0,47,150,1,104,4.58e-42,154,"GCAAGAGAG","+"
"163",301,"CML332_HLC27CCXX_L8_read488","MuTIR_4",94.318,88,5,0,62,149,1,88,1.66e-36,135,"GCAAGAGAG","+"
"164",302,"CML332_HLC27CCXX_L8_read489","MuTIR_4",89.147,129,14,0,18,146,1,129,7.61e-45,163,"CTCTCTTGC","+"
"165",303,"CML332_HLC27CCXX_L8_read490","MuTIR_4",86.916,107,14,0,41,147,1,107,1.29e-32,122,"GTGACTGAG","+"
"166",304,"CML332_HLC27CCXX_L8_read491","MuTIR_4",94.318,88,5,0,62,149,1,88,1.66e-36,135,"GCAAGAGAG","+"
"167",305,"CML332_HLC27CCXX_L8_read493","MuTIR_4",87.179,117,15,0,31,147,1,117,1.66e-36,135,"GTGACTGAG","+"
"168",306,"CML332_HLC27CCXX_L8_read494","MuTIR_4",94.03,67,4,0,84,150,1,67,1.68e-26,102,"GCAAGAGAG","+"
"169",307,"CML332_HLC27CCXX_L8_read496","MuTIR_4",91.86,86,7,0,49,134,1,86,4.64e-32,121,"GTGACTGAG","+"
"175",313,"CML332_HLC27CCXX_L8_read520","MuTIR_4",92.857,70,5,0,81,150,1,70,1.68e-26,102,"TCGGCGGTC","+"
"176",314,"CML332_HLC27CCXX_L8_read522","MuTIR_4",93.333,90,6,0,61,150,1,90,5.96e-36,134,"TCGGCGGTC","+"
"177",315,"CML332_HLC27CCXX_L8_read523","MuTIR_4",93.333,90,6,0,52,141,1,90,5.96e-36,134,"TCGGCGGTC","+"
"178",316,"CML332_HLC27CCXX_L8_read524","MuTIR_4",93.333,90,6,0,52,141,1,90,5.96e-36,134,"TCGGCGGTC","+"
"179",317,"CML332_HLC27CCXX_L8_read528","MuTIR_4",93.333,90,6,0,37,126,1,90,5.96e-36,134,"GGGCGAAGA","-"
"180",318,"CML332_HLC27CCXX_L8_read529","MuTIR_4",92.222,90,7,0,37,126,1,90,2.77e-34,128,"GGGCGAAGA","-"
"186",338,"CML332_HLC27CCXX_L8_read572","MuTIR_5",89.32,103,9,1,50,150,1,103,7.71e-35,130,"TCCTACAGG","+"
"187",339,"CML332_HLC27CCXX_L8_read574","MuTIR_5",89.256,121,10,2,19,136,1,121,5.92e-41,150,"TCCTACAGG","+"
"188",340,"CML332_HLC27CCXX_L8_read577","MuTIR_5",88.608,79,7,1,71,147,1,79,7.82e-25,97.1,"ATTGAGCCC","+"
"189",341,"CML332_HLC27CCXX_L8_read578","MuTIR_5",95.918,49,2,0,97,145,1,49,7.88e-20,80.5,"ATTGAGCCC","+"
"190",342,"CML332_HLC27CCXX_L8_read581","MuTIR_5",89.922,129,11,1,24,150,1,129,5.88e-46,167,"GCTGCAGGA","+"
"193",345,"CML332_HLC27CCXX_L8_read586","MuTIR_5",89.256,121,10,2,22,139,1,121,5.92e-41,150,"TCCCATTAG","-"
"199",354,"CML332_HLC27CCXX_L8_read610","MuTIR_6",94.891,137,7,0,14,150,1,137,2.07e-60,215,"TGCACTATG","+"
"200",355,"CML332_HLC27CCXX_L8_read611","MuTIR_6",96.053,76,3,0,75,150,1,76,3.59e-33,124,"TGCACTACG","+"
"201",356,"CML332_HLC27CCXX_L8_read614","MuTIR_6",96.429,112,4,0,39,150,1,112,1.62e-51,185,"TGCACTACG","+"
"203",360,"CML332_HLC27CCXX_L8_read621","MuTIR_6",94.915,118,6,0,32,149,1,118,1.62e-51,185,"AGGAGAGGG","+"
"204",361,"CML332_HLC27CCXX_L8_read623","MuTIR_6",96.396,111,4,0,36,146,1,111,5.84e-51,183,"AGGAGAGGG","+"
"205",362,"CML332_HLC27CCXX_L8_read626","MuTIR_6",95.833,96,4,0,55,150,1,96,1.27e-42,156,"AGGAGAGGG","+"
"206",364,"CML332_HLC27CCXX_L8_read628","MuTIR_6",94.872,117,5,1,35,150,1,117,2.1e-50,182,"ATGCAGATG","+"
"207",365,"CML332_HLC27CCXX_L8_read629","MuTIR_6",92.481,133,10,0,18,150,1,133,3.49e-53,191,"AGGAGAGGG","+"
"213",387,"CML332_HB1JEADXX_ACAGTG_read2","MuTIR_1",96.825,63,1,1,89,151,1,62,4.71e-27,104,"AGATTTGAT","+"
"214",388,"CML332_HB1JEADXX_ACAGTG_read3","MuTIR_1",100,48,0,0,84,131,1,48,1.32e-22,89.8,"CTCTCTCGG","+"
"215",389,"CML332_HB1JEADXX_ACAGTG_read4","MuTIR_1",93.75,128,7,1,24,151,1,127,3.51e-53,191,"GCCTCCCGG","+"
"216",390,"CML332_HB1JEADXX_ACAGTG_read5","MuTIR_1",93.694,111,6,1,41,151,1,110,2.13e-45,165,"GTTGTATTG","+"
"221",405,"CML332_HB1JEADXX_ACAGTG_read46","MuTIR_2",94.059,101,6,0,51,151,1,101,4.61e-42,154,"TTCCTCGCC","+"
"222",406,"CML332_HB1JEADXX_ACAGTG_read47","MuTIR_2",95.082,61,3,0,91,151,1,61,7.88e-25,97.1,"CGAATATTT","+"
"224",408,"CML332_HB1JEADXX_ACAGTG_read50","MuTIR_2",93.651,126,8,0,26,151,1,126,1.26e-52,189,"TTCCTCGCC","+"
"225",409,"CML332_HB1JEADXX_ACAGTG_read51","MuTIR_2",91.089,101,9,0,48,148,1,101,4.64e-37,137,"GTTGGAAGA","+"
"226",410,"CML332_HB1JEADXX_ACAGTG_read52","MuTIR_2",95.588,68,3,0,76,143,1,68,1.01e-28,110,"AGTTTGAAC","+"
"227",411,"CML332_HB1JEADXX_ACAGTG_read56","MuTIR_2",93.023,86,6,0,66,151,1,86,1.01e-33,126,"TGAAGTAAT","+"
"228",412,"CML332_HB1JEADXX_ACAGTG_read60","MuTIR_2",89.381,113,12,0,39,151,1,113,9.98e-39,143,"CCTAGCCGA","+"
"230",414,"CML332_HB1JEADXX_ACAGTG_read63","MuTIR_2",96.471,85,3,0,67,151,1,85,3.59e-38,141,"TTCCTCGCC","+"
"236",420,"CML332_HB1JEADXX_ACAGTG_read80","MuTIR_2",88.281,128,15,0,10,137,1,128,4.61e-42,154,"CAGTAGTGA","-"
"241",433,"CML332_HB1JEADXX_ACAGTG_read114","MuTIR_2",90.698,86,8,0,51,136,1,86,2.18e-30,115,"GGAGCTCGC","+"
"243",437,"CML332_HB1JEADXX_ACAGTG_read126","MuTIR_3",92.308,104,8,0,48,151,1,104,2.15e-40,148,"CGCCACCGG","+"
"244",438,"CML332_HB1JEADXX_ACAGTG_read129","MuTIR_3",95.041,121,6,0,31,151,1,121,3.51e-53,191,"CAAACATTC","+"
"247",441,"CML332_HB1JEADXX_ACAGTG_read136","MuTIR_3",95.489,133,6,0,10,142,1,133,7.5e-60,213,"AACGACGAT","-"
"248",442,"CML332_HB1JEADXX_ACAGTG_read144","MuTIR_3",89.922,129,13,0,12,140,1,129,5.92e-46,167,"GGATTCAGA","-"
"249",445,"CML332_HB1JEADXX_ACAGTG_read152","MuTIR_3",93.846,65,4,0,87,151,1,65,2.19e-25,99,"GCGCGGAAG","+"
"250",446,"CML332_HB1JEADXX_ACAGTG_read154","MuTIR_3",91.525,118,10,0,34,151,1,118,7.66e-45,163,"CCTCCTGCC","+"
"251",447,"CML332_HB1JEADXX_ACAGTG_read155","MuTIR_3",93.258,89,6,0,63,151,1,89,2.16e-35,132,"GGCAGGAGG","+"
"252",448,"CML332_HB1JEADXX_ACAGTG_read157","MuTIR_3",92.754,69,5,0,83,151,1,69,6.09e-26,100,"TCTGCGCGG","+"
"257",454,"CML332_HB1JEADXX_ACAGTG_read165","MuTIR_3",90.977,133,12,0,19,151,1,133,7.61e-50,180,"CTCCAGGAT","+"
"259",467,"CML332_HB1JEADXX_ACAGTG_read197","MuTIR_4",93.243,74,5,0,78,151,1,74,1.01e-28,110,"CGGCCACCG","+"
"265",486,"CML332_HB1JEADXX_ACAGTG_read247","MuTIR_6",95.294,85,4,0,67,151,1,85,1.67e-36,135,"GCCACCATA","+"
"266",487,"CML332_HB1JEADXX_ACAGTG_read248","MuTIR_6",94.915,118,6,0,31,148,1,118,1.63e-51,185,"TCCTAGGCT","+"
"267",488,"CML332_HB1JEADXX_ACAGTG_read249","MuTIR_6",93.22,118,8,0,33,150,1,118,3.54e-48,174,"AGGAGATGG","+"
"268",489,"CML332_HB1JEADXX_ACAGTG_read253","MuTIR_6",94.828,116,5,1,37,151,1,116,7.61e-50,180,"ATGCAGATG","+"
"271",492,"CML332_HB1JEADXX_ACAGTG_read256","MuTIR_6",92.754,138,10,0,5,142,1,138,5.84e-56,200,"TGCTGTTTA","-"
