"","X","qname","sname","percent_identity","alignment_length","mismatches","gap_opens","q_start","q_end","s_start","s_end","evalue","bit_score","tsds","strand"
"1",1,"CML314_HA5R1ADXX_ACAGTG_read5","MuTIR_1",94.262,122,6,1,80,201,1,121,2.19e-51,185,"CCGCACTCC","+"
"3",3,"CML314_HA5R1ADXX_ACAGTG_read9","MuTIR_1",91.071,112,8,2,53,163,1,111,7.98e-41,150,"CTTTGAGAG","+"
"4",4,"CML314_HA5R1ADXX_ACAGTG_read10","MuTIR_1",95.302,149,6,1,21,169,1,148,2.14e-66,235,"GGCTGGCGG","+"
"5",5,"CML314_HA5R1ADXX_ACAGTG_read12","MuTIR_1",91.946,149,8,2,15,160,1,148,1.68e-57,206,"CTAACCTAA","+"
"6",6,"CML314_HA5R1ADXX_ACAGTG_read15","MuTIR_1",91.724,145,9,3,45,188,1,143,2.81e-55,198,"GTCGGTCTA","+"
"7",7,"CML314_HA5R1ADXX_ACAGTG_read16","MuTIR_1",90.179,112,9,2,53,163,1,111,3.71e-39,145,"CTTTGAGAG","+"
"9",9,"CML314_HA5R1ADXX_ACAGTG_read21","MuTIR_1",93.96,149,8,1,13,161,1,148,4.64e-63,224,"ATCCTGTCA","-"
"13",13,"CML314_HA5R1ADXX_ACAGTG_read27","MuTIR_1",91.946,149,8,2,29,174,1,148,1.68e-57,206,"GTCCTATCA","-"
"17",25,"CML314_HA5R1ADXX_ACAGTG_read64","MuTIR_2",97.059,68,2,0,60,127,1,68,2.91e-30,115,"GGCCGGGCG","+"
"18",26,"CML314_HA5R1ADXX_ACAGTG_read66","MuTIR_2",89.933,149,15,0,36,184,1,149,1.31e-53,193,"TGCAATGAT","+"
"20",28,"CML314_HA5R1ADXX_ACAGTG_read69","MuTIR_2",97.101,69,2,0,65,133,1,69,8.09e-31,117,"GTCTCTGTG","+"
"22",30,"CML314_HA5R1ADXX_ACAGTG_read72","MuTIR_2",97.059,68,2,0,80,147,1,68,2.91e-30,115,"TGAAAGGGA","-"
"27",40,"CML314_HA5R1ADXX_ACAGTG_read89","MuTIR_2",86.364,66,7,2,77,141,1,65,6.39e-17,71.3,"CCTCCTTAA","+"
"28",41,"CML314_HA5R1ADXX_ACAGTG_read90","MuTIR_2",85.366,123,16,2,69,190,1,122,1.34e-33,126,"CTTCCTTAA","+"
"32",46,"CML314_HA5R1ADXX_ACAGTG_read104","MuTIR_3",91.333,150,13,0,21,170,1,150,4.67e-58,207,"CCGTTTTTT","+"
"33",47,"CML314_HA5R1ADXX_ACAGTG_read105","MuTIR_3",92.537,67,5,0,135,201,1,67,1.05e-24,97.1,"AAAAAATGG","+"
"34",48,"CML314_HA5R1ADXX_ACAGTG_read107","MuTIR_3",92.92,113,8,0,80,192,1,113,2.85e-45,165,"GGCCCCCAC","+"
"35",49,"CML314_HA5R1ADXX_ACAGTG_read109","MuTIR_3",91.333,150,13,0,4,153,1,150,4.67e-58,207,"TCGTTGACA","-"
"36",50,"CML314_HA5R1ADXX_ACAGTG_read110","MuTIR_3",91.333,150,13,0,25,174,1,150,4.67e-58,207,"TTGTTGAAA","-"
"40",54,"CML314_HA5R1ADXX_ACAGTG_read116","MuTIR_3",92.537,67,5,0,101,167,1,67,1.05e-24,97.1,"GGAATAGGT","+"
"41",55,"CML314_HA5R1ADXX_ACAGTG_read118","MuTIR_3",95.876,97,4,0,103,199,1,97,4.77e-43,158,"CCTTGCATT","+"
"46",60,"CML314_HA5R1ADXX_ACAGTG_read125","MuTIR_3",93.706,143,9,0,13,155,1,143,2.79e-60,215,"TGAAACCGG","-"
"47",61,"CML314_HA5R1ADXX_ACAGTG_read126","MuTIR_3",89.474,133,14,0,42,174,1,133,2.2e-46,169,"CCATAGAAG","-"
"48",62,"CML314_HA5R1ADXX_ACAGTG_read127","MuTIR_3",94.737,133,7,0,42,174,1,133,4.67e-58,207,"CCATAGAAG","-"
"50",64,"CML314_HA5R1ADXX_ACAGTG_read131","MuTIR_3",89.855,138,11,3,59,195,1,136,4.73e-48,174,"CTATCCTGG","+"
"51",65,"CML314_HA5R1ADXX_ACAGTG_read132","MuTIR_3",93.548,62,4,0,140,201,1,62,1.36e-23,93.5,"CTCCTCATC","+"
"52",67,"CML314_HA5R1ADXX_ACAGTG_read134","MuTIR_3",92.562,121,9,0,72,192,1,121,4.73e-48,174,"GCCGACGAA","+"
"53",68,"CML314_HA5R1ADXX_ACAGTG_read137","MuTIR_3",89.855,138,11,3,23,159,1,136,4.73e-48,174,"CGACGACCT","-"
"54",69,"CML314_HA5R1ADXX_ACAGTG_read138","MuTIR_3",92.481,133,10,0,14,146,1,133,4.7e-53,191,"AACGACGAC","-"
"56",74,"CML314_HA5R1ADXX_ACAGTG_read144","MuTIR_3",88.189,127,15,0,73,199,1,127,2.22e-41,152,"TAGCACGCC","+"
"57",75,"CML314_HA5R1ADXX_ACAGTG_read145","MuTIR_3",87.407,135,15,2,56,189,1,134,6.17e-42,154,"CGAACCACG","-"
"58",83,"CML314_HA5R1ADXX_ACAGTG_read154","MuTIR_4",85.034,147,22,0,26,172,1,147,2.22e-41,152,"GTGACTGAG","+"
"59",84,"CML314_HA5R1ADXX_ACAGTG_read156","MuTIR_4",88.889,108,12,0,57,164,1,108,2.23e-36,135,"GCCATTAAG","+"
"60",85,"CML314_HA5R1ADXX_ACAGTG_read157","MuTIR_4",92.308,104,8,0,43,146,1,104,2.87e-40,148,"CGGCCACCG","+"
"61",86,"CML314_HA5R1ADXX_ACAGTG_read160","MuTIR_4",85.034,147,22,0,45,191,1,147,2.22e-41,152,"GCCTCCTCC","-"
"64",94,"CML314_HA5R1ADXX_ACAGTG_read186","MuTIR_5",85.333,150,18,3,47,193,1,149,6.17e-42,154,"ACCTATTCC","+"
"65",95,"CML314_HA5R1ADXX_ACAGTG_read188","MuTIR_5",95.918,49,2,0,142,190,1,49,1.06e-19,80.5,"AGGCCTAGG","-"
"66",97,"CML314_HA5R1ADXX_ACAGTG_read195","MuTIR_6",94.366,142,8,0,55,196,1,142,2.16e-61,219,"TGCACTACG","+"
"67",98,"CML314_HA5R1ADXX_ACAGTG_read200","MuTIR_6",92.667,150,11,0,22,171,1,150,7.76e-61,217,"AGGAGAGGG","+"
"68",99,"CML314_HA5R1ADXX_ACAGTG_read201","MuTIR_6",93.333,150,10,0,24,173,1,150,1.67e-62,222,"AGGAGAGGG","+"
"69",100,"CML314_HA5R1ADXX_ACAGTG_read203","MuTIR_6",92.667,150,11,0,34,183,1,150,7.76e-61,217,"CACTGATAC","-"
"70",101,"CML314_HA5R1ADXX_ACAGTG_read204","MuTIR_6",93.333,150,10,0,19,168,1,150,1.67e-62,222,"CACTGATAC","-"
"71",103,"CML314_HJ7HFCCXX_L8_read1","MuTIR_1",95.161,62,2,1,89,150,1,61,7.82e-25,97.1,"GCTGGCGAC","+"
"72",104,"CML314_HJ7HFCCXX_L8_read6","MuTIR_1",95.556,90,3,1,61,150,1,89,9.91e-39,143,"CAAGGTGGG","+"
"73",105,"CML314_HJ7HFCCXX_L8_read7","MuTIR_1",91.597,119,8,2,33,150,1,118,7.61e-45,163,"CCGGGAGGC","+"
"74",106,"CML314_HJ7HFCCXX_L8_read8","MuTIR_1",93.75,112,5,2,36,147,1,110,5.88e-46,167,"GTTGTATTG","+"
"75",107,"CML314_HJ7HFCCXX_L8_read9","MuTIR_1",94.737,95,4,1,23,117,1,94,7.66e-40,147,"GCTGGCGAC","+"
"77",109,"CML314_HJ7HFCCXX_L8_read11","MuTIR_1",96.341,82,2,1,69,150,1,81,5.96e-36,134,"CCCACCTTG","+"
"78",110,"CML314_HJ7HFCCXX_L8_read14","MuTIR_1",93.162,117,7,1,34,150,1,116,4.55e-47,171,"GCGTCTCGC","+"
"79",111,"CML314_HJ7HFCCXX_L8_read16","MuTIR_1",95.238,63,2,1,86,148,1,62,2.18e-25,99,"CAAGGTGGG","+"
"80",112,"CML314_HJ7HFCCXX_L8_read17","MuTIR_1",94.03,67,3,1,84,150,1,66,6.05e-26,100,"ATTGAAAGG","+"
"81",113,"CML314_HJ7HFCCXX_L8_read18","MuTIR_1",97.059,68,1,1,83,150,1,67,7.77e-30,113,"CCGCACTCC","+"
"83",115,"CML314_HJ7HFCCXX_L8_read20","MuTIR_1",95.833,48,2,0,103,150,1,48,2.83e-19,78.7,"CAAGGTGGG","+"
"84",116,"CML314_HJ7HFCCXX_L8_read21","MuTIR_1",98.077,52,0,1,99,150,1,51,1.31e-22,89.8,"GAGGCTCTC","+"
"85",117,"CML314_HJ7HFCCXX_L8_read24","MuTIR_1",94.286,70,3,1,81,150,1,69,1.3e-27,106,"GTCTCGGGC","+"
"86",118,"CML314_HJ7HFCCXX_L8_read25","MuTIR_1",94.444,108,5,1,43,150,1,107,2.11e-45,165,"GTTGTATTG","+"
"87",119,"CML314_HJ7HFCCXX_L8_read26","MuTIR_1",90.698,86,7,1,54,139,1,85,7.77e-30,113,"GCGTCTCGC","+"
"88",120,"CML314_HJ7HFCCXX_L8_read28","MuTIR_1",93.684,95,5,1,56,150,1,94,3.56e-38,141,"CTCGCACAG","+"
"89",121,"CML314_HJ7HFCCXX_L8_read29","MuTIR_1",92.771,83,5,1,66,148,1,82,1.67e-31,119,"CTCTCTTTC","+"
"90",122,"CML314_HJ7HFCCXX_L8_read31","MuTIR_1",94.03,67,3,1,84,150,1,66,6.05e-26,100,"ATTGAAAGG","+"
"92",124,"CML314_HJ7HFCCXX_L8_read33","MuTIR_1",95.536,112,4,1,39,150,1,111,2.72e-49,178,"GCCGTGCGA","+"
"93",125,"CML314_HJ7HFCCXX_L8_read36","MuTIR_1",96.226,53,1,1,98,150,1,52,1.69e-21,86.1,"GGCTGGCGG","+"
"94",126,"CML314_HJ7HFCCXX_L8_read37","MuTIR_1",91.837,98,4,2,56,150,1,97,5.96e-36,134,"CTAACCTAA","+"
"95",127,"CML314_HJ7HFCCXX_L8_read40","MuTIR_1",95.652,115,4,1,35,149,1,114,5.84e-51,183,"GTCGGTCTA","+"
"96",128,"CML314_HJ7HFCCXX_L8_read42","MuTIR_1",94.737,95,4,1,43,137,1,94,7.66e-40,147,"TAGACCGAC","+"
"97",129,"CML314_HJ7HFCCXX_L8_read43","MuTIR_1",95.556,90,3,1,61,150,1,89,9.91e-39,143,"CAAGGTGGG","+"
"104",136,"CML314_HJ7HFCCXX_L8_read58","MuTIR_1",94.737,95,4,1,29,123,1,94,7.66e-40,147,"TCTTCCTGA","-"
"125",163,"CML314_HJ7HFCCXX_L8_read96","MuTIR_1",87.356,87,4,3,68,149,1,85,1.01e-23,93.5,"GTCTGATCT","+"
"127",188,"CML314_HJ7HFCCXX_L8_read184","MuTIR_2",93.519,108,7,0,42,149,1,108,2.74e-44,161,"GTCTCTGTG","+"
"128",189,"CML314_HJ7HFCCXX_L8_read193","MuTIR_2",95.385,65,3,0,86,150,1,65,4.68e-27,104,"CACAGAGAC","+"
"129",190,"CML314_HJ7HFCCXX_L8_read194","MuTIR_2",92.647,68,5,0,78,145,1,68,2.18e-25,99,"CTGTCCGCC","+"
"131",192,"CML314_HJ7HFCCXX_L8_read197","MuTIR_2",92.647,68,5,0,78,145,1,68,2.18e-25,99,"CTGTCCGCC","+"
"132",193,"CML314_HJ7HFCCXX_L8_read199","MuTIR_2",93.162,117,8,0,34,150,1,117,1.26e-47,172,"CACAGAGAC","+"
"133",194,"CML314_HJ7HFCCXX_L8_read201","MuTIR_2",93.443,61,4,0,90,150,1,61,3.64e-23,91.6,"CTACTCGGT","+"
"134",195,"CML314_HJ7HFCCXX_L8_read202","MuTIR_2",92.241,116,9,0,34,149,1,116,2.11e-45,165,"CCTCCCGCC","+"
"135",196,"CML314_HJ7HFCCXX_L8_read205","MuTIR_2",95.385,65,3,0,86,150,1,65,4.68e-27,104,"CACAGAGAC","+"
"136",197,"CML314_HJ7HFCCXX_L8_read206","MuTIR_2",93.023,86,6,0,65,150,1,86,9.98e-34,126,"GTTGGAAGA","+"
"137",198,"CML314_HJ7HFCCXX_L8_read208","MuTIR_2",97.143,35,1,0,116,150,1,35,1.03e-13,60.2,"CACAGCATC","+"
"138",199,"CML314_HJ7HFCCXX_L8_read210","MuTIR_2",91.667,108,7,2,44,150,1,107,2.13e-40,148,"ACTGATAGA","+"
"139",200,"CML314_HJ7HFCCXX_L8_read212","MuTIR_2",93.798,129,8,0,13,141,1,129,2.7e-54,195,"TTCCTCGCC","+"
"140",201,"CML314_HJ7HFCCXX_L8_read216","MuTIR_2",90.625,128,12,0,17,144,1,128,4.55e-47,171,"CCTAGCCGA","+"
"141",202,"CML314_HJ7HFCCXX_L8_read219","MuTIR_2",92.5,120,9,0,31,150,1,120,1.26e-47,172,"GTCTCTGTG","+"
"142",203,"CML314_HJ7HFCCXX_L8_read221","MuTIR_2",91.406,128,11,0,13,140,1,128,9.77e-49,176,"TGAAGTAAT","+"
"143",204,"CML314_HJ7HFCCXX_L8_read223","MuTIR_2",90.698,129,12,0,15,143,1,129,1.26e-47,172,"CACAGCATC","+"
"144",205,"CML314_HJ7HFCCXX_L8_read224","MuTIR_2",93.162,117,8,0,34,150,1,117,1.26e-47,172,"CACAGAGAC","+"
"145",206,"CML314_HJ7HFCCXX_L8_read225","MuTIR_2",95.89,73,3,0,78,150,1,73,1.67e-31,119,"CACAGAGAC","+"
"146",207,"CML314_HJ7HFCCXX_L8_read226","MuTIR_2",91.667,60,5,0,91,150,1,60,6.09e-21,84.2,"CCTAGCCGA","+"
"147",208,"CML314_HJ7HFCCXX_L8_read227","MuTIR_2",92.079,101,6,2,51,150,1,100,3.56e-38,141,"TGCCGCCGC","+"
"148",209,"CML314_HJ7HFCCXX_L8_read228","MuTIR_2",89.423,104,11,0,47,150,1,104,2.15e-35,132,"CCTAGCCGA","+"
"149",210,"CML314_HJ7HFCCXX_L8_read229","MuTIR_2",89.655,87,9,0,63,149,1,87,2.79e-29,111,"TTAAGGAGG","+"
"151",212,"CML314_HJ7HFCCXX_L8_read231","MuTIR_2",92.92,113,8,0,38,150,1,113,2.11e-45,165,"CACAGAGAC","+"
"156",217,"CML314_HJ7HFCCXX_L8_read250","MuTIR_2",89.062,128,14,0,12,139,1,128,9.84e-44,159,"CAGTAGTGA","-"
"157",218,"CML314_HJ7HFCCXX_L8_read253","MuTIR_2",89.062,128,14,0,12,139,1,128,9.84e-44,159,"CAGTAGTGA","-"
"162",223,"CML314_HJ7HFCCXX_L8_read265","MuTIR_2",90.625,128,12,0,5,132,1,128,4.55e-47,171,"CAGTAGTGA","-"
"169",230,"CML314_HJ7HFCCXX_L8_read277","MuTIR_2",89.844,128,13,0,9,136,1,128,2.11e-45,165,"CAGTAGTGA","-"
"171",232,"CML314_HJ7HFCCXX_L8_read279","MuTIR_2",90.625,128,12,0,3,130,1,128,4.55e-47,171,"CAGTAGTGA","-"
"172",259,"CML314_HJ7HFCCXX_L8_read333","MuTIR_2",88.235,68,6,2,78,144,1,67,7.88e-20,80.5,"CCTCCTTAA","+"
"174",271,"CML314_HJ7HFCCXX_L8_read357","MuTIR_2",85.938,128,18,0,19,146,1,128,4.61e-37,137,"CCCACCACG","+"
"177",274,"CML314_HJ7HFCCXX_L8_read360","MuTIR_2",87.5,128,16,0,14,141,1,128,2.13e-40,148,"CAGTAGTGA","-"
"180",289,"CML314_HJ7HFCCXX_L8_read393","MuTIR_3",97.368,38,1,0,113,150,1,38,2.21e-15,65.8,"CCGTTTTTT","+"
"181",290,"CML314_HJ7HFCCXX_L8_read394","MuTIR_3",93.827,81,5,0,70,150,1,81,1.29e-32,122,"GGGGGGGGG","+"
"182",291,"CML314_HJ7HFCCXX_L8_read395","MuTIR_3",94.783,115,6,0,36,150,1,115,7.55e-50,180,"GGGGGGGGG","+"
"183",292,"CML314_HJ7HFCCXX_L8_read396","MuTIR_3",95.42,131,6,0,18,148,1,131,9.63e-59,209,"AGTGTCCAT","+"
"184",293,"CML314_HJ7HFCCXX_L8_read398","MuTIR_3",94.355,124,7,0,27,150,1,124,3.49e-53,191,"AAAAAATGG","+"
"185",294,"CML314_HJ7HFCCXX_L8_read399","MuTIR_3",96.078,51,2,0,100,150,1,51,6.09e-21,84.2,"CATATGTAC","+"
"186",295,"CML314_HJ7HFCCXX_L8_read402","MuTIR_3",94.355,124,7,0,27,150,1,124,3.49e-53,191,"AAAAAATGG","+"
"187",296,"CML314_HJ7HFCCXX_L8_read403","MuTIR_3",96.078,51,2,0,100,150,1,51,6.09e-21,84.2,"CATATGTAC","+"
"188",297,"CML314_HJ7HFCCXX_L8_read404","MuTIR_3",96.078,51,2,0,100,150,1,51,6.09e-21,84.2,"CATATGTAC","+"
"189",298,"CML314_HJ7HFCCXX_L8_read405","MuTIR_3",94.783,115,6,0,36,150,1,115,7.55e-50,180,"GGGGGGGGG","+"
"190",299,"CML314_HJ7HFCCXX_L8_read407","MuTIR_3",94.355,124,7,0,27,150,1,124,3.49e-53,191,"AAAAAATGG","+"
"191",300,"CML314_HJ7HFCCXX_L8_read408","MuTIR_3",93.827,81,5,0,70,150,1,81,1.29e-32,122,"GGGGGGGGG","+"
"192",301,"CML314_HJ7HFCCXX_L8_read409","MuTIR_3",94.355,124,7,0,27,150,1,124,3.49e-53,191,"AAAAAATGG","+"
"206",319,"CML314_HJ7HFCCXX_L8_read436","MuTIR_3",90.698,86,8,0,65,150,1,86,2.16e-30,115,"GGAATAGGT","+"
"207",320,"CML314_HJ7HFCCXX_L8_read437","MuTIR_3",94.615,130,7,0,21,150,1,130,1.61e-56,202,"CCTTGCATT","+"
"208",321,"CML314_HJ7HFCCXX_L8_read438","MuTIR_3",89.344,122,13,0,26,147,1,122,4.58e-42,154,"CCTCTAGAG","+"
"209",323,"CML314_HJ7HFCCXX_L8_read440","MuTIR_3",89.815,108,11,0,43,150,1,108,1.28e-37,139,"GCAATAGGT","+"
"210",324,"CML314_HJ7HFCCXX_L8_read441","MuTIR_3",89.344,122,13,0,26,147,1,122,4.58e-42,154,"CCTCTAGAG","+"
"211",325,"CML314_HJ7HFCCXX_L8_read442","MuTIR_3",92.5,80,5,1,71,150,1,79,7.77e-30,113,"GTTCTGTAC","+"
"212",326,"CML314_HJ7HFCCXX_L8_read444","MuTIR_3",87.736,106,13,0,45,150,1,106,3.59e-33,124,"GTTCTGTAC","+"
"213",327,"CML314_HJ7HFCCXX_L8_read445","MuTIR_3",95.876,97,4,0,54,150,1,97,3.54e-43,158,"CCTTGCATT","+"
"216",330,"CML314_HJ7HFCCXX_L8_read449","MuTIR_3",92.035,113,9,0,32,144,1,113,9.84e-44,159,"GGAATAGGT","+"
"223",347,"CML314_HJ7HFCCXX_L8_read473","MuTIR_3",91.453,117,8,2,34,150,1,115,9.84e-44,159,"CTATCCTGG","+"
"224",349,"CML314_HJ7HFCCXX_L8_read476","MuTIR_3",93.75,64,4,0,85,148,1,64,7.82e-25,97.1,"CTCCTCATC","+"
"225",350,"CML314_HJ7HFCCXX_L8_read477","MuTIR_3",94.667,75,4,0,71,145,1,75,6.01e-31,117,"CTCCTCATC","+"
"226",351,"CML314_HJ7HFCCXX_L8_read478","MuTIR_3",91.453,117,8,2,34,150,1,115,9.84e-44,159,"CTATCCTGG","+"
"227",352,"CML314_HJ7HFCCXX_L8_read479","MuTIR_3",94.118,136,8,0,13,148,1,136,3.46e-58,207,"GACCCTTTG","+"
"228",353,"CML314_HJ7HFCCXX_L8_read480","MuTIR_3",91.453,117,8,2,34,150,1,115,9.84e-44,159,"CTATCCTGG","+"
"241",370,"CML314_HJ7HFCCXX_L8_read502","MuTIR_3",91.429,140,12,0,11,150,1,140,9.7e-54,193,"CTCCAGGAT","+"
"242",371,"CML314_HJ7HFCCXX_L8_read503","MuTIR_3",91.667,60,5,0,91,150,1,60,6.09e-21,84.2,"CTCCAGGAT","+"
"245",381,"CML314_HJ7HFCCXX_L8_read517","MuTIR_3",88.073,109,13,0,42,150,1,109,7.71e-35,130,"TAGCACGCC","+"
"247",403,"CML314_HJ7HFCCXX_L8_read572","MuTIR_4",86.777,121,16,0,27,147,1,121,4.61e-37,137,"GTGACTGAG","+"
"248",404,"CML314_HJ7HFCCXX_L8_read574","MuTIR_4",87.179,117,15,0,32,148,1,117,1.66e-36,135,"GTGACTGAG","+"
"250",406,"CML314_HJ7HFCCXX_L8_read580","MuTIR_4",87.179,117,15,0,33,149,1,117,1.66e-36,135,"GTGACTGAG","+"
"251",407,"CML314_HJ7HFCCXX_L8_read581","MuTIR_4",94.118,51,2,1,100,150,1,50,1.02e-18,76.8,"CCCGCGAGC","+"
"253",409,"CML314_HJ7HFCCXX_L8_read585","MuTIR_4",97.297,74,2,0,77,150,1,74,9.98e-34,126,"GAGAGCGGT","+"
"254",410,"CML314_HJ7HFCCXX_L8_read586","MuTIR_4",94.118,51,2,1,100,150,1,50,1.02e-18,76.8,"CCCGCGAGC","+"
"255",411,"CML314_HJ7HFCCXX_L8_read588","MuTIR_4",86.923,130,17,0,10,139,1,130,2.13e-40,148,"CTGCAGATA","-"
"258",415,"CML314_HJ7HFCCXX_L8_read602","MuTIR_4",87.402,127,15,1,24,150,1,126,7.66e-40,147,"TCGGCGGTC","+"
"259",416,"CML314_HJ7HFCCXX_L8_read603","MuTIR_4",87.402,127,15,1,24,150,1,126,7.66e-40,147,"TCGGCGGTC","+"
"260",417,"CML314_HJ7HFCCXX_L8_read604","MuTIR_4",87.826,115,13,1,35,149,1,114,1.66e-36,135,"TCGGCGGTC","+"
"262",423,"CML314_HJ7HFCCXX_L8_read617","MuTIR_4",88.71,62,7,0,89,150,1,62,1.02e-18,76.8,"GACTTTAGC","+"
"265",430,"CML314_HJ7HFCCXX_L8_read636","MuTIR_4",82.301,113,20,0,38,150,1,113,6.05e-26,100,"GCCTTGTAC","+"
"266",439,"CML314_HJ7HFCCXX_L8_read659","MuTIR_5",92.391,92,5,1,60,149,1,92,2.15e-35,132,"GCTGCAGGA","+"
"267",440,"CML314_HJ7HFCCXX_L8_read663","MuTIR_5",91.667,96,6,1,57,150,1,96,5.96e-36,134,"GCTGCAGGA","+"
"268",441,"CML314_HJ7HFCCXX_L8_read666","MuTIR_5",90.909,121,9,1,32,150,1,121,7.61e-45,163,"GCTGCAGGA","+"
"270",443,"CML314_HJ7HFCCXX_L8_read672","MuTIR_5",91.892,74,4,1,78,149,1,74,4.68e-27,104,"ACCTATTCC","+"
"271",444,"CML314_HJ7HFCCXX_L8_read673","MuTIR_5",90.909,121,9,1,32,150,1,121,7.61e-45,163,"GCTGCAGGA","+"
"277",453,"CML314_HJ7HFCCXX_L8_read714","MuTIR_6",96.04,101,4,0,50,150,1,101,2.11e-45,165,"TGCACTACG","+"
"278",454,"CML314_HJ7HFCCXX_L8_read718","MuTIR_6",97.959,49,1,0,102,150,1,49,1.69e-21,86.1,"TGCACTACG","+"
"279",455,"CML314_HJ7HFCCXX_L8_read719","MuTIR_6",96.04,101,4,0,50,150,1,101,2.11e-45,165,"TGCACTACG","+"
"282",458,"CML314_HJ7HFCCXX_L8_read727","MuTIR_6",95.489,133,6,0,18,150,1,133,7.45e-60,213,"CCGTAGATC","+"
"283",459,"CML314_HJ7HFCCXX_L8_read728","MuTIR_6",95.522,67,3,0,84,150,1,67,3.61e-28,108,"TCCTAGGCT","+"
"286",472,"CML314_HLFTVCCXX_L8_read1","MuTIR_1",94.845,97,4,1,54,150,1,96,5.92e-41,150,"GTCTCGGGC","+"
"287",473,"CML314_HLFTVCCXX_L8_read2","MuTIR_1",95,140,6,1,11,150,1,139,1.6e-61,219,"GAAAGAGAG","+"
"289",475,"CML314_HLFTVCCXX_L8_read6","MuTIR_1",95,80,3,1,71,150,1,79,3.59e-33,124,"ACTCCAAAC","+"
"290",476,"CML314_HLFTVCCXX_L8_read7","MuTIR_1",93.6,125,7,1,25,149,1,124,1.62e-51,185,"ATTGAAAGG","+"
"291",477,"CML314_HLFTVCCXX_L8_read9","MuTIR_1",94.624,93,4,1,58,150,1,92,9.91e-39,143,"CCGCACTCC","+"
"292",478,"CML314_HLFTVCCXX_L8_read11","MuTIR_1",95.238,42,2,0,109,150,1,42,6.14e-16,67.6,"TAGACCGAC","+"
"293",479,"CML314_HLFTVCCXX_L8_read12","MuTIR_1",93.069,101,6,1,50,150,1,100,7.66e-40,147,"CTCTCTTTC","+"
"294",480,"CML314_HLFTVCCXX_L8_read13","MuTIR_1",95,60,2,1,85,144,1,59,1.01e-23,93.5,"GCCGTGCGA","+"
"296",482,"CML314_HLFTVCCXX_L8_read15","MuTIR_1",95.349,86,3,1,61,146,1,85,1.66e-36,135,"GAAAGAGAG","+"
"297",483,"CML314_HLFTVCCXX_L8_read18","MuTIR_1",88.889,81,4,2,75,150,1,81,2.81e-24,95.3,"GTTTGCAGT","+"
"298",484,"CML314_HLFTVCCXX_L8_read19","MuTIR_1",96.386,83,2,1,68,150,1,82,1.66e-36,135,"AGATTTGAT","+"
"299",485,"CML314_HLFTVCCXX_L8_read21","MuTIR_1",91.803,122,8,2,30,150,1,121,1.63e-46,169,"CCGGGAGGC","+"
"300",486,"CML314_HLFTVCCXX_L8_read22","MuTIR_1",92,100,7,1,51,150,1,99,1.28e-37,139,"GCGTCTCGC","+"
"303",489,"CML314_HLFTVCCXX_L8_read29","MuTIR_1",94.737,95,4,1,31,125,1,94,7.66e-40,147,"GCTGGCGAC","+"
"304",490,"CML314_HLFTVCCXX_L8_read31","MuTIR_1",93.6,125,7,1,25,149,1,124,1.62e-51,185,"ATTGAAAGG","+"
"305",491,"CML314_HLFTVCCXX_L8_read32","MuTIR_1",96.721,61,1,1,88,148,1,60,6.05e-26,100,"GTTGTATTG","+"
"308",494,"CML314_HLFTVCCXX_L8_read36","MuTIR_1",95,60,2,1,85,144,1,59,1.01e-23,93.5,"GCCGTGCGA","+"
"311",497,"CML314_HLFTVCCXX_L8_read42","MuTIR_1",94.737,95,4,1,22,116,1,94,7.66e-40,147,"TATTCCTGA","-"
"320",506,"CML314_HLFTVCCXX_L8_read59","MuTIR_1",88.333,120,13,1,13,132,1,119,9.91e-39,143,"AGATTTGGC","-"
"326",552,"CML314_HLFTVCCXX_L8_read147","MuTIR_2",96.104,77,3,0,73,149,1,77,9.98e-34,126,"CACAGAGAC","+"
"327",553,"CML314_HLFTVCCXX_L8_read148","MuTIR_2",94.118,102,6,0,49,150,1,102,1.27e-42,156,"TTCCTCGCC","+"
"328",554,"CML314_HLFTVCCXX_L8_read149","MuTIR_2",91.473,129,10,1,17,144,1,129,9.77e-49,176,"GTCTCTGTG","+"
"329",555,"CML314_HLFTVCCXX_L8_read150","MuTIR_2",85.938,128,18,0,19,146,1,128,4.61e-37,137,"CTGTCAGAG","+"
"330",556,"CML314_HLFTVCCXX_L8_read151","MuTIR_2",88.776,98,11,0,47,144,1,98,4.64e-32,121,"CTGTCAGAG","+"
"331",557,"CML314_HLFTVCCXX_L8_read152","MuTIR_2",93.277,119,8,0,32,150,1,119,9.77e-49,176,"GCTGCTGTG","+"
"332",558,"CML314_HLFTVCCXX_L8_read153","MuTIR_2",90,120,12,0,29,148,1,120,1.27e-42,156,"GTTGGAAGA","+"
"333",559,"CML314_HLFTVCCXX_L8_read154","MuTIR_2",86.508,126,17,0,25,150,1,126,1.28e-37,139,"CTACTCGGT","+"
"334",560,"CML314_HLFTVCCXX_L8_read158","MuTIR_2",90.141,71,7,0,80,150,1,71,1.01e-23,93.5,"GTAGCTACT","+"
"335",561,"CML314_HLFTVCCXX_L8_read161","MuTIR_2",92.135,89,7,0,61,149,1,89,9.98e-34,126,"TTCTGCTAG","+"
"336",562,"CML314_HLFTVCCXX_L8_read163","MuTIR_2",94.828,58,3,0,93,150,1,58,3.64e-23,91.6,"CACAGAGAC","+"
"337",563,"CML314_HLFTVCCXX_L8_read164","MuTIR_2",91.463,82,7,0,62,143,1,82,7.77e-30,113,"ATCCACCAC","+"
"338",564,"CML314_HLFTVCCXX_L8_read165","MuTIR_2",91.667,120,10,0,30,149,1,120,5.88e-46,167,"TGAAGTAAT","+"
"339",565,"CML314_HLFTVCCXX_L8_read166","MuTIR_2",93.333,90,6,0,61,150,1,90,5.96e-36,134,"TTCTGCTAG","+"
"340",566,"CML314_HLFTVCCXX_L8_read167","MuTIR_2",93.243,74,5,0,77,150,1,74,1.01e-28,110,"TTCTGCTAG","+"
"341",567,"CML314_HLFTVCCXX_L8_read169","MuTIR_2",92.105,76,6,0,73,148,1,76,3.61e-28,108,"TTAAGGAGG","+"
"342",568,"CML314_HLFTVCCXX_L8_read170","MuTIR_2",93.277,119,8,0,32,150,1,119,9.77e-49,176,"GCTGCTGTG","+"
"343",569,"CML314_HLFTVCCXX_L8_read172","MuTIR_2",90.323,93,9,0,51,143,1,93,1.29e-32,122,"CTACTCGGT","+"
"344",570,"CML314_HLFTVCCXX_L8_read173","MuTIR_2",93.333,90,6,0,61,150,1,90,5.96e-36,134,"TTCTGCTAG","+"
"345",571,"CML314_HLFTVCCXX_L8_read176","MuTIR_2",92.683,82,6,0,60,141,1,82,1.67e-31,119,"CTACTCGGT","+"
"346",572,"CML314_HLFTVCCXX_L8_read179","MuTIR_2",91.667,120,10,0,30,149,1,120,5.88e-46,167,"TGAAGTAAT","+"
"350",576,"CML314_HLFTVCCXX_L8_read190","MuTIR_2",87.85,107,13,0,33,139,1,107,9.98e-34,126,"CGAACAAGA","-"
"360",586,"CML314_HLFTVCCXX_L8_read209","MuTIR_2",93.023,129,9,0,9,137,1,129,1.25e-52,189,"CGGATCGAA","-"
"369",613,"CML314_HLFTVCCXX_L8_read275","MuTIR_3",96.97,99,3,0,52,150,1,99,5.88e-46,167,"CTTGTGCGC","+"
"370",614,"CML314_HLFTVCCXX_L8_read277","MuTIR_3",95.652,69,3,0,82,150,1,69,2.79e-29,111,"AGTGTCCAT","+"
"371",615,"CML314_HLFTVCCXX_L8_read278","MuTIR_3",94.068,118,5,2,30,146,1,117,2.72e-49,178,"CATATGTAC","+"
"372",616,"CML314_HLFTVCCXX_L8_read282","MuTIR_3",93.333,90,6,0,61,150,1,90,5.96e-36,134,"CCCCCCTCT","+"
"375",624,"CML314_HLFTVCCXX_L8_read305","MuTIR_3",94.203,138,8,0,10,147,1,138,2.68e-59,211,"CCTTGCATT","+"
"376",628,"CML314_HLFTVCCXX_L8_read312","MuTIR_3",92.958,71,5,0,78,148,1,71,4.68e-27,104,"CCCGTCCCC","+"
"377",630,"CML314_HLFTVCCXX_L8_read314","MuTIR_3",92.958,71,5,0,78,148,1,71,4.68e-27,104,"CCCGTCCCC","+"
"378",631,"CML314_HLFTVCCXX_L8_read315","MuTIR_3",92.958,71,5,0,78,148,1,71,4.68e-27,104,"CCCGTCCCC","+"
"379",632,"CML314_HLFTVCCXX_L8_read316","MuTIR_3",92.958,71,5,0,78,148,1,71,4.68e-27,104,"CCCGTCCCC","+"
"380",633,"CML314_HLFTVCCXX_L8_read317","MuTIR_3",92.405,79,4,2,70,148,1,77,2.79e-29,111,"CTATCCTGG","+"
"381",634,"CML314_HLFTVCCXX_L8_read318","MuTIR_3",91.304,69,6,0,78,146,1,69,2.81e-24,95.3,"CCCGTCCCC","+"
"382",635,"CML314_HLFTVCCXX_L8_read319","MuTIR_3",94.595,111,6,0,39,149,1,111,1.26e-47,172,"GACCTCAAA","+"
"389",647,"CML314_HLFTVCCXX_L8_read335","MuTIR_3",91.429,140,12,0,10,149,1,140,9.7e-54,193,"CTCCAGGAT","+"
"390",671,"CML314_HLFTVCCXX_L8_read379","MuTIR_4",86.154,130,18,0,11,140,1,130,9.91e-39,143,"GTGACTGAG","+"
"391",672,"CML314_HLFTVCCXX_L8_read380","MuTIR_4",96.203,79,3,0,72,150,1,79,7.71e-35,130,"CCGTAGACG","+"
"392",673,"CML314_HLFTVCCXX_L8_read382","MuTIR_4",93.103,58,4,0,91,148,1,58,1.69e-21,86.1,"CGGCCACCA","+"
"393",674,"CML314_HLFTVCCXX_L8_read385","MuTIR_4",100,51,0,0,90,140,1,51,2.81e-24,95.3,"GAGAGCGGT","+"
"403",690,"CML314_HLFTVCCXX_L8_read425","MuTIR_5",95.918,49,2,0,97,145,1,49,7.88e-20,80.5,"ACCTATTCC","+"
"404",691,"CML314_HLFTVCCXX_L8_read427","MuTIR_5",91.509,106,7,1,41,144,1,106,7.66e-40,147,"GCTGCAGGA","+"
"405",692,"CML314_HLFTVCCXX_L8_read428","MuTIR_5",91.509,106,7,1,41,144,1,106,7.66e-40,147,"GCTGCAGGA","+"
"406",693,"CML314_HLFTVCCXX_L8_read434","MuTIR_5",91.667,60,3,1,91,148,1,60,2.19e-20,82.4,"ACCTATTCC","+"
"410",697,"CML314_HLFTVCCXX_L8_read441","MuTIR_5",89.256,121,10,2,19,136,1,121,5.92e-41,150,"TCCCATTAG","-"
"413",701,"CML314_HLFTVCCXX_L8_read463","MuTIR_6",98.148,54,1,0,97,150,1,54,2.81e-24,95.3,"TGCACTACG","+"
"414",702,"CML314_HLFTVCCXX_L8_read464","MuTIR_6",95.455,66,3,0,79,144,1,66,1.3e-27,106,"TGCACTATG","+"
"416",705,"CML314_HLFTVCCXX_L8_read473","MuTIR_6",97.297,111,3,0,40,150,1,111,1.25e-52,189,"TCCTAGGCT","+"
"417",706,"CML314_HLFTVCCXX_L8_read474","MuTIR_6",93.939,132,8,0,19,150,1,132,5.8e-56,200,"AGGAGAGGG","+"
"418",707,"CML314_HLFTVCCXX_L8_read475","MuTIR_6",95.495,111,5,0,39,149,1,111,2.72e-49,178,"AGGAGAGGG","+"
"419",708,"CML314_HLFTVCCXX_L8_read477","MuTIR_6",94.737,76,4,0,75,150,1,76,1.67e-31,119,"AGGAGAGGG","+"
"420",709,"CML314_HLFTVCCXX_L8_read478","MuTIR_6",93.478,138,9,0,10,147,1,138,1.25e-57,206,"AGGAGAGGG","+"
"423",722,"CML314_HADTMADXX_read5","MuTIR_1",93.96,149,8,1,22,170,1,148,4.64e-63,224,"GAAAGAGAG","+"
"424",723,"CML314_HADTMADXX_read7","MuTIR_1",94.737,95,4,1,99,193,1,94,1.03e-39,147,"ACTCCAAAC","+"
"425",724,"CML314_HADTMADXX_read11","MuTIR_1",91.791,134,8,3,52,184,1,132,7.87e-51,183,"GTCGCCAGC","+"
"426",725,"CML314_HADTMADXX_read13","MuTIR_1",92.982,57,3,1,145,201,1,56,2.95e-20,82.4,"ATTGAAAGG","+"
"427",726,"CML314_HADTMADXX_read17","MuTIR_1",95.588,68,2,1,134,201,1,67,4.87e-28,108,"GTCGCCAGC","+"
"428",727,"CML314_HADTMADXX_read18","MuTIR_1",96.809,94,2,1,103,196,1,93,1.72e-42,156,"GTTGTATTG","+"
"429",728,"CML314_HADTMADXX_read24","MuTIR_1",92.617,149,10,1,43,191,1,148,1e-59,213,"GAGGCTCTC","+"
"430",729,"CML314_HADTMADXX_read26","MuTIR_1",95.556,45,2,0,157,201,1,45,1.78e-17,73.1,"CCCACCTTG","+"
"431",730,"CML314_HADTMADXX_read28","MuTIR_1",94.737,95,4,1,42,136,1,94,1.03e-39,147,"GCTGGCGAC","+"
"433",732,"CML314_HADTMADXX_read33","MuTIR_1",93.96,149,8,1,8,156,1,148,4.64e-63,224,"ATCCTGTCA","-"
"435",734,"CML314_HADTMADXX_read36","MuTIR_1",94.737,95,4,1,96,190,1,94,1.03e-39,147,"TATTCCTGA","-"
"436",735,"CML314_HADTMADXX_read40","MuTIR_1",91.791,134,8,3,50,182,1,132,7.87e-51,183,"ACAATTCTC","-"
"438",737,"CML314_HADTMADXX_read46","MuTIR_1",91.791,134,8,3,16,148,1,132,7.87e-51,183,"ACAATTCTC","-"
"440",739,"CML314_HADTMADXX_read48","MuTIR_1",91.275,149,10,3,46,192,1,148,7.81e-56,200,"GTCCTGTCA","-"
"443",742,"CML314_HADTMADXX_read55","MuTIR_1",92.617,149,10,1,31,179,1,148,1e-59,213,"GTCCTGTCA","-"
"445",744,"CML314_HADTMADXX_read60","MuTIR_1",94.737,95,4,1,80,174,1,94,1.03e-39,147,"TCTTCCTGA","-"
"446",745,"CML314_HADTMADXX_read63","MuTIR_1",93.333,150,8,2,38,187,1,148,6e-62,220,"CCCTCCCCA","+"
"447",747,"CML314_HADTMADXX_read67","MuTIR_1",95.349,86,3,1,114,199,1,85,2.23e-36,135,"CTGTGCGAG","+"
"448",748,"CML314_HADTMADXX_read68","MuTIR_1",94.545,110,5,1,92,201,1,109,2.2e-46,169,"CTGTGCGAG","+"
"450",784,"CML314_HADTMADXX_read151","MuTIR_2",95.556,90,4,0,112,201,1,90,3.71e-39,145,"GCTGCTGTG","+"
"451",785,"CML314_HADTMADXX_read152","MuTIR_2",94.915,59,3,0,107,165,1,59,1.36e-23,93.5,"CACAGAGAC","+"
"452",786,"CML314_HADTMADXX_read153","MuTIR_2",91.111,90,8,0,49,138,1,90,1.74e-32,122,"CTGTCCGCC","+"
"453",787,"CML314_HADTMADXX_read154","MuTIR_2",91.129,124,11,0,78,201,1,124,2.2e-46,169,"TGAAGTAAT","+"
"454",788,"CML314_HADTMADXX_read157","MuTIR_2",92.617,149,11,0,20,168,1,149,2.79e-60,215,"GCTGCTGTG","+"
"455",789,"CML314_HADTMADXX_read159","MuTIR_2",89.899,99,10,0,74,172,1,99,3.74e-34,128,"CCTAGCCGA","+"
"456",790,"CML314_HADTMADXX_read160","MuTIR_2",87.85,107,13,0,90,196,1,107,1.34e-33,126,"CTGTCAGAG","+"
"458",792,"CML314_HADTMADXX_read163","MuTIR_2",95.588,68,3,0,120,187,1,68,1.35e-28,110,"CACAGAGAC","+"
"459",793,"CML314_HADTMADXX_read164","MuTIR_2",90.667,75,7,0,99,173,1,75,8.15e-26,100,"CTGTCCGCC","+"
"460",794,"CML314_HADTMADXX_read167","MuTIR_2",95.522,67,2,1,110,176,1,66,1.75e-27,106,"TTCCTCGCC","+"
"461",795,"CML314_HADTMADXX_read172","MuTIR_2",90.698,129,12,0,26,154,1,129,1.7e-47,172,"CACAGCATC","+"
"462",796,"CML314_HADTMADXX_read173","MuTIR_2",90.625,128,12,0,44,171,1,128,6.12e-47,171,"TGAAGCAAT","+"
"464",798,"CML314_HADTMADXX_read177","MuTIR_2",92.92,113,8,0,89,201,1,113,2.85e-45,165,"TTCTGCTAG","+"
"465",799,"CML314_HADTMADXX_read179","MuTIR_2",93.289,149,10,0,37,185,1,149,6e-62,220,"CCAGTGACA","-"
"467",801,"CML314_HADTMADXX_read181","MuTIR_2",91.111,90,8,0,103,192,1,90,1.74e-32,122,"CAAACCACA","-"
"469",803,"CML314_HADTMADXX_read185","MuTIR_2",85.235,149,22,0,21,169,1,149,6.17e-42,154,"GCAGTGAAT","-"
"470",804,"CML314_HADTMADXX_read187","MuTIR_2",91.473,129,11,0,41,169,1,129,3.66e-49,178,"CGGATCGAA","-"
"474",808,"CML314_HADTMADXX_read198","MuTIR_2",85.906,149,21,0,23,171,1,149,1.33e-43,159,"GCAGTGAAT","-"
"475",809,"CML314_HADTMADXX_read199","MuTIR_2",90.698,129,12,0,48,176,1,129,1.7e-47,172,"CGGATAGAA","-"
"477",811,"CML314_HADTMADXX_read201","MuTIR_2",90.625,128,12,0,2,129,1,128,6.12e-47,171,"CAGTAGTGA","-"
"479",813,"CML314_HADTMADXX_read206","MuTIR_2",93.023,129,9,0,27,155,1,129,1.69e-52,189,"CGGATCGAA","-"
"480",823,"CML314_HADTMADXX_read227","MuTIR_2",87.5,128,16,0,64,191,1,128,2.87e-40,148,"CCCACCACG","+"
"481",824,"CML314_HADTMADXX_read228","MuTIR_2",87.5,128,16,0,41,168,1,128,2.87e-40,148,"CAGTAGTGA","-"
"482",829,"CML314_HADTMADXX_read242","MuTIR_3",94.681,94,5,0,108,201,1,94,1.03e-39,147,"AGTGTCCAT","+"
"483",830,"CML314_HADTMADXX_read243","MuTIR_3",90.722,97,9,0,74,170,1,97,1.04e-34,130,"CCGTTTTTT","+"
"484",831,"CML314_HADTMADXX_read248","MuTIR_3",92.667,150,11,0,27,176,1,150,2.16e-61,219,"TTGTTGAAA","-"
"486",833,"CML314_HADTMADXX_read250","MuTIR_3",93.846,130,8,0,63,192,1,130,1.01e-54,196,"TATTCAAAG","-"
"487",837,"CML314_HADTMADXX_read258","MuTIR_3",92.683,82,5,1,121,201,1,82,8.09e-31,117,"TTTGGAACG","+"
"488",838,"CML314_HADTMADXX_read259","MuTIR_3",90,150,15,0,38,187,1,150,1.01e-54,196,"TTCCTCAAC","+"
"489",839,"CML314_HADTMADXX_read260","MuTIR_3",95.413,109,5,0,93,201,1,109,4.73e-48,174,"CCTTGCATT","+"
"490",840,"CML314_HADTMADXX_read261","MuTIR_3",93.985,133,8,0,53,185,1,133,2.17e-56,202,"GGCGGTGGG","+"
"491",842,"CML314_HADTMADXX_read266","MuTIR_3",92.308,143,11,0,31,173,1,143,6.04e-57,204,"TGAAACCGG","-"
"492",843,"CML314_HADTMADXX_read268","MuTIR_3",93.007,143,10,0,40,182,1,143,1.3e-58,209,"TGAAACCGG","-"
"493",844,"CML314_HADTMADXX_read269","MuTIR_3",94.737,133,7,0,18,150,1,133,4.67e-58,207,"CCATAGAAG","-"
"494",847,"CML314_HADTMADXX_read275","MuTIR_3",91.429,140,12,0,57,196,1,140,1.31e-53,193,"CCCGTCCCC","+"
"495",848,"CML314_HADTMADXX_read276","MuTIR_3",92,75,6,0,98,172,1,75,1.75e-27,106,"GGGACGGGG","+"
"498",853,"CML314_HADTMADXX_read284","MuTIR_3",89.855,138,11,3,44,180,1,136,4.73e-48,174,"CGACGACCT","-"
"500",880,"CML314_HADTMADXX_read333","MuTIR_4",86.923,130,17,0,62,191,1,130,2.87e-40,148,"GTGACTGAG","+"
"501",881,"CML314_HADTMADXX_read342","MuTIR_4",85.034,147,22,0,41,187,1,147,2.22e-41,152,"GCCTCCTCC","-"
"502",886,"CML314_HADTMADXX_read350","MuTIR_4",93.333,90,6,0,103,192,1,90,8.04e-36,134,"GGACGAAGA","-"
"504",888,"CML314_HADTMADXX_read355","MuTIR_4",87.857,140,17,0,28,167,1,140,7.92e-46,167,"GACTTTAGC","+"
"505",889,"CML314_HADTMADXX_read356","MuTIR_4",88,75,8,1,31,105,1,74,6.35e-22,87.9,"GACTTTAGC","+"
"506",891,"CML314_HADTMADXX_read358","MuTIR_4",87.248,149,18,1,38,185,1,149,6.12e-47,171,"ATCCTCCGT","-"
"511",899,"CML314_HADTMADXX_read381","MuTIR_5",91.304,92,6,1,112,201,1,92,1.34e-33,126,"GCTGCAGGA","+"
"513",901,"CML314_HADTMADXX_read387","MuTIR_5",91.667,60,3,1,144,201,1,60,2.95e-20,82.4,"ACCTATTCC","+"
"514",902,"CML314_HADTMADXX_read390","MuTIR_5",85.333,150,18,3,30,176,1,149,6.17e-42,154,"ACCTATTCC","+"
"516",904,"CML314_HADTMADXX_read398","MuTIR_5",87.5,152,17,1,40,189,1,152,1.32e-48,176,"GCTTGAGCT","-"
"519",909,"CML314_HADTMADXX_read423","MuTIR_6",94.068,118,7,0,84,201,1,118,1.02e-49,180,"TGCACTACG","+"
"520",910,"CML314_HADTMADXX_read424","MuTIR_6",100,42,0,0,160,201,1,42,3.82e-19,78.7,"TGCACTACG","+"
"521",911,"CML314_HADTMADXX_read425","MuTIR_6",94.366,71,4,0,111,181,1,71,1.35e-28,110,"TGCACTACG","+"
"522",912,"CML314_HADTMADXX_read429","MuTIR_6",94.667,150,8,0,22,171,1,150,7.7e-66,233,"CACTAATAC","-"
"523",913,"CML314_HADTMADXX_read434","MuTIR_6",97.368,114,3,0,86,199,1,114,3.63e-54,195,"TCCTAGGCT","+"
"525",915,"CML314_HADTMADXX_read437","MuTIR_6",96.262,107,4,0,48,154,1,107,1.32e-48,176,"CCGTAGATC","+"
"526",916,"CML314_HADTMADXX_read440","MuTIR_6",94,150,9,0,2,151,1,150,3.58e-64,228,"CACTGATAC","-"
"529",924,"CML314_HADTMADXX_read465","MuTIR_7",90.385,52,5,0,73,124,1,52,1.78e-17,73.1,"TACCTAGTT","+"
