"","X","qname","sname","percent_identity","alignment_length","mismatches","gap_opens","q_start","q_end","s_start","s_end","evalue","bit_score","tsds","strand"
"2",2,"CML38_HJ7HFCCXX_L8_read4","MuTIR_1",96.512,86,2,1,62,147,1,85,3.56e-38,141,"GTCGGTCTA","+"
"5",5,"CML38_HJ7HFCCXX_L8_read8","MuTIR_1",94.853,136,6,1,15,150,1,135,2.68e-59,211,"GAAAGAGAG","+"
"6",6,"CML38_HJ7HFCCXX_L8_read9","MuTIR_1",91.045,134,9,3,14,146,1,132,2.72e-49,178,"GTCGGTCTA","+"
"7",7,"CML38_HJ7HFCCXX_L8_read10","MuTIR_1",93.023,86,2,2,64,146,1,85,1.29e-32,122,"CTAACCTAA","+"
"8",8,"CML38_HJ7HFCCXX_L8_read13","MuTIR_1",95.05,101,4,1,49,149,1,100,3.54e-43,158,"GAAAGAGAG","+"
"9",9,"CML38_HJ7HFCCXX_L8_read14","MuTIR_1",93.162,117,7,1,34,150,1,116,4.55e-47,171,"CCGCACTCC","+"
"10",10,"CML38_HJ7HFCCXX_L8_read18","MuTIR_1",96.512,86,2,1,62,147,1,85,3.56e-38,141,"GTCGGTCTA","+"
"11",11,"CML38_HJ7HFCCXX_L8_read21","MuTIR_1",95.385,130,4,2,19,148,1,128,1.25e-57,206,"CACAAATAG","+"
"12",12,"CML38_HJ7HFCCXX_L8_read22","MuTIR_1",94.737,57,2,1,94,150,1,56,4.71e-22,87.9,"GTCGGTCTA","+"
"13",13,"CML38_HJ7HFCCXX_L8_read23","MuTIR_1",96.154,78,2,1,73,150,1,77,9.98e-34,126,"ACTCCAAAC","+"
"14",14,"CML38_HJ7HFCCXX_L8_read24","MuTIR_1",98.077,52,0,1,97,148,1,51,1.31e-22,89.8,"AGATTTGAT","+"
"15",15,"CML38_HJ7HFCCXX_L8_read27","MuTIR_1",95.2,125,5,1,24,148,1,124,7.5e-55,196,"GTTCAGAAA","+"
"17",17,"CML38_HJ7HFCCXX_L8_read30","MuTIR_1",90,140,9,2,16,150,1,140,9.77e-49,176,"CTTAAGGAG","+"
"18",18,"CML38_HJ7HFCCXX_L8_read31","MuTIR_1",100,37,0,0,114,150,1,37,1.71e-16,69.4,"TATTTGTGG","+"
"19",19,"CML38_HJ7HFCCXX_L8_read32","MuTIR_1",97.561,41,1,0,110,150,1,41,4.74e-17,71.3,"CTCTCTTTC","+"
"20",20,"CML38_HJ7HFCCXX_L8_read34","MuTIR_1",94.059,101,5,1,49,149,1,100,1.65e-41,152,"GAAAGACAG","+"
"33",40,"CML38_HJ7HFCCXX_L8_read88","MuTIR_1",95.161,124,5,1,27,150,1,123,2.7e-54,195,"CACAAATAG","+"
"34",71,"CML38_HJ7HFCCXX_L8_read184","MuTIR_2",93.798,129,8,0,16,144,1,129,2.7e-54,195,"CTTACAAAG","+"
"35",72,"CML38_HJ7HFCCXX_L8_read186","MuTIR_2",90.756,119,11,0,32,150,1,119,9.84e-44,159,"AGTTTTAGG","+"
"36",73,"CML38_HJ7HFCCXX_L8_read187","MuTIR_2",90.323,124,12,0,23,146,1,124,7.61e-45,163,"GCACCAGAG","+"
"38",75,"CML38_HJ7HFCCXX_L8_read190","MuTIR_2",90.756,119,11,0,32,150,1,119,9.84e-44,159,"AGTTTTAGG","+"
"39",76,"CML38_HJ7HFCCXX_L8_read193","MuTIR_2",91.406,128,11,0,15,142,1,128,9.77e-49,176,"TTCTGCCTC","+"
"40",77,"CML38_HJ7HFCCXX_L8_read194","MuTIR_2",92.105,114,7,2,34,146,1,113,9.84e-44,159,"TGTCGCCGC","+"
"41",78,"CML38_HJ7HFCCXX_L8_read197","MuTIR_2",97.872,47,1,0,103,149,1,47,2.19e-20,82.4,"CACAGCATC","+"
"42",79,"CML38_HJ7HFCCXX_L8_read202","MuTIR_2",93.421,76,5,0,75,150,1,76,7.77e-30,113,"TTCTGCCTC","+"
"43",80,"CML38_HJ7HFCCXX_L8_read203","MuTIR_2",90.991,111,10,0,40,150,1,111,5.92e-41,150,"TCCAACGAG","+"
"44",81,"CML38_HJ7HFCCXX_L8_read209","MuTIR_2",93.798,129,8,0,19,147,1,129,2.7e-54,195,"CTTACAAAG","+"
"60",98,"CML38_HJ7HFCCXX_L8_read248","MuTIR_2",93.75,64,4,0,87,150,1,64,7.82e-25,97.1,"TGTCGCCGC","+"
"63",108,"CML38_HJ7HFCCXX_L8_read286","MuTIR_2",89.157,83,7,2,63,144,1,82,1.68e-26,102,"CCTCCTTAA","+"
"64",110,"CML38_HJ7HFCCXX_L8_read298","MuTIR_2",86.822,129,15,2,1,128,1,128,9.91e-39,143,"CAGTAGTGA","-"
"65",112,"CML38_HJ7HFCCXX_L8_read304","MuTIR_2",85.87,92,11,1,57,146,1,92,7.82e-25,97.1,"ATTCGTGTG","+"
"70",121,"CML38_HJ7HFCCXX_L8_read340","MuTIR_3",93.75,80,5,0,70,149,1,80,4.64e-32,121,"AAAAAATGG","+"
"72",123,"CML38_HJ7HFCCXX_L8_read344","MuTIR_3",94.574,129,7,0,22,150,1,129,5.8e-56,200,"AAAACATTC","+"
"73",124,"CML38_HJ7HFCCXX_L8_read346","MuTIR_3",95,40,2,0,111,150,1,40,7.94e-15,63.9,"TCCTACAGG","+"
"74",125,"CML38_HJ7HFCCXX_L8_read349","MuTIR_3",92.188,128,10,0,22,149,1,128,2.1e-50,182,"TCTAGGTTC","+"
"75",126,"CML38_HJ7HFCCXX_L8_read350","MuTIR_3",92.424,66,3,2,86,150,1,65,1.01e-23,93.5,"CCCTGCGAG","+"
"83",137,"CML38_HJ7HFCCXX_L8_read371","MuTIR_3",97.183,71,2,0,80,150,1,71,4.64e-32,121,"GGCGGTGGG","+"
"84",138,"CML38_HJ7HFCCXX_L8_read372","MuTIR_3",89.844,128,13,0,23,150,1,128,2.11e-45,165,"CGTTTTTTA","+"
"86",140,"CML38_HJ7HFCCXX_L8_read379","MuTIR_3",92.063,126,9,1,25,150,1,125,9.77e-49,176,"TCTTCACGC","+"
"87",142,"CML38_HJ7HFCCXX_L8_read381","MuTIR_3",91.176,68,6,0,74,141,1,68,1.01e-23,93.5,"CCGCCCGCG","+"
"88",143,"CML38_HJ7HFCCXX_L8_read383","MuTIR_3",97.196,107,3,0,44,150,1,107,2.1e-50,182,"GGCGGTGGG","+"
"89",144,"CML38_HJ7HFCCXX_L8_read384","MuTIR_3",92.105,76,6,0,75,150,1,76,3.61e-28,108,"CCTACAATG","+"
"90",146,"CML38_HJ7HFCCXX_L8_read386","MuTIR_3",89.024,82,8,1,68,149,1,81,6.05e-26,100,"CCGCCCGCG","+"
"91",147,"CML38_HJ7HFCCXX_L8_read387","MuTIR_3",93.694,111,7,0,40,150,1,111,5.88e-46,167,"TCCTCGAAC","+"
"100",161,"CML38_HJ7HFCCXX_L8_read416","MuTIR_3",90.909,77,7,0,74,150,1,77,4.68e-27,104,"GGCTAGCGC","+"
"101",162,"CML38_HJ7HFCCXX_L8_read417","MuTIR_3",94.203,69,4,0,82,150,1,69,1.3e-27,106,"CCGCGGAAG","+"
"102",163,"CML38_HJ7HFCCXX_L8_read419","MuTIR_3",90.909,88,8,0,63,150,1,88,1.67e-31,119,"GGGACGGGG","+"
"106",191,"CML38_HJ7HFCCXX_L8_read483","MuTIR_4",91.379,58,5,0,92,149,1,58,7.88e-20,80.5,"GAATGGTGC","+"
"107",192,"CML38_HJ7HFCCXX_L8_read484","MuTIR_4",96.825,63,2,0,88,150,1,63,1.3e-27,106,"CATGAGCTG","+"
"108",193,"CML38_HJ7HFCCXX_L8_read485","MuTIR_4",92.248,129,10,0,17,145,1,129,1.62e-51,185,"CCGAAGACC","+"
"110",195,"CML38_HJ7HFCCXX_L8_read492","MuTIR_4",86.822,129,16,1,22,150,1,128,2.76e-39,145,"GTTTTTACA","+"
"111",196,"CML38_HJ7HFCCXX_L8_read493","MuTIR_4",92.188,128,10,0,18,145,1,128,5.84e-51,183,"CCGAAGACC","+"
"112",197,"CML38_HJ7HFCCXX_L8_read495","MuTIR_4",92.248,129,10,0,17,145,1,129,1.62e-51,185,"CCGAAGACC","+"
"113",198,"CML38_HJ7HFCCXX_L8_read498","MuTIR_4",86.916,107,14,0,43,149,1,107,1.29e-32,122,"GTGACTGAG","+"
"114",199,"CML38_HJ7HFCCXX_L8_read499","MuTIR_4",91.339,127,11,0,24,150,1,127,9.77e-49,176,"CATGAGCTG","+"
"115",200,"CML38_HJ7HFCCXX_L8_read500","MuTIR_4",92.248,129,10,0,17,145,1,129,1.62e-51,185,"CCGAAGACC","+"
"118",203,"CML38_HJ7HFCCXX_L8_read510","MuTIR_4",92.248,129,10,0,13,141,1,129,1.62e-51,185,"ACTGCAGAG","-"
"121",206,"CML38_HJ7HFCCXX_L8_read520","MuTIR_4",92.248,129,10,0,13,141,1,129,1.62e-51,185,"ACTGCAGAG","-"
"122",207,"CML38_HJ7HFCCXX_L8_read522","MuTIR_4",92.248,129,10,0,13,141,1,129,1.62e-51,185,"ACTGCAGAG","-"
"126",223,"CML38_HJ7HFCCXX_L8_read572","MuTIR_5",90,110,9,1,43,150,1,110,9.91e-39,143,"GCTGCAGGA","+"
"127",224,"CML38_HJ7HFCCXX_L8_read573","MuTIR_5",85.47,117,15,1,36,150,1,117,1.29e-32,122,"GCTGCAGGA","+"
"128",225,"CML38_HJ7HFCCXX_L8_read574","MuTIR_5",88.235,85,8,1,68,150,1,85,1.68e-26,102,"GCTGCAGGA","+"
"133",234,"CML38_HJ7HFCCXX_L8_read604","MuTIR_6",97.917,48,1,0,103,150,1,48,6.09e-21,84.2,"TGCACTACA","+"
"136",237,"CML38_HJ7HFCCXX_L8_read620","MuTIR_6",95.455,88,4,0,63,150,1,88,3.56e-38,141,"CCGTAGATC","+"
"137",238,"CML38_HJ7HFCCXX_L8_read622","MuTIR_6",95.918,98,4,0,53,150,1,98,9.84e-44,159,"AGGAGAGGG","+"
"143",258,"CML38_HJ7HFCCXX_L8_read674","MuTIR_7",89.61,77,7,1,72,147,1,77,6.05e-26,100,"TACCTAGTT","+"
"147",265,"CML38_HLFTVCCXX_L8_read5","MuTIR_1",94.737,95,4,1,11,105,1,94,7.66e-40,147,"TAGACCGAC","+"
"148",266,"CML38_HLFTVCCXX_L8_read8","MuTIR_1",96.226,53,1,1,98,150,1,52,1.69e-21,86.1,"TATTTGTGG","+"
"149",267,"CML38_HLFTVCCXX_L8_read9","MuTIR_1",100,32,0,0,116,147,1,32,1.03e-13,60.2,"CTCTCTACC","+"
"150",268,"CML38_HLFTVCCXX_L8_read10","MuTIR_1",94.737,95,4,1,23,117,1,94,7.66e-40,147,"GACACAGGT","+"
"151",269,"CML38_HLFTVCCXX_L8_read13","MuTIR_1",88.652,141,9,4,13,147,1,140,2.11e-45,165,"GTTTGCAGT","+"
"152",270,"CML38_HLFTVCCXX_L8_read19","MuTIR_1",95.455,66,2,1,85,150,1,65,4.68e-27,104,"GTCGGTCTA","+"
"153",271,"CML38_HLFTVCCXX_L8_read20","MuTIR_1",95.652,69,2,1,81,149,1,68,1.01e-28,110,"CTCTCTACC","+"
"154",272,"CML38_HLFTVCCXX_L8_read21","MuTIR_1",90.678,118,6,2,32,144,1,118,1.65e-41,152,"GTTTGCAGT","+"
"155",273,"CML38_HLFTVCCXX_L8_read22","MuTIR_1",95.05,101,4,1,50,150,1,100,3.54e-43,158,"GTTCAGAAA","+"
"156",274,"CML38_HLFTVCCXX_L8_read24","MuTIR_1",95.455,66,2,1,85,150,1,65,4.68e-27,104,"GTCGGTCTA","+"
"157",275,"CML38_HLFTVCCXX_L8_read25","MuTIR_1",92.908,141,6,2,10,147,1,140,1.61e-56,202,"CTAACCTAA","+"
"158",276,"CML38_HLFTVCCXX_L8_read27","MuTIR_1",94.34,53,2,1,98,150,1,52,7.88e-20,80.5,"GTCGGTCTA","+"
"159",277,"CML38_HLFTVCCXX_L8_read28","MuTIR_1",94.667,75,3,1,76,150,1,74,2.16e-30,115,"ACTCCAAAC","+"
"160",278,"CML38_HLFTVCCXX_L8_read30","MuTIR_1",91,100,8,1,51,150,1,99,5.96e-36,134,"GTGGAGCCG","+"
"162",280,"CML38_HLFTVCCXX_L8_read35","MuTIR_1",94.737,95,4,1,19,113,1,94,7.66e-40,147,"GCTGGCGAC","+"
"163",281,"CML38_HLFTVCCXX_L8_read36","MuTIR_1",88.276,145,10,4,12,150,1,144,5.88e-46,167,"GTTTGCAGT","+"
"164",282,"CML38_HLFTVCCXX_L8_read37","MuTIR_1",95.789,95,3,1,30,124,1,94,1.65e-41,152,"GACACAGGT","+"
"167",285,"CML38_HLFTVCCXX_L8_read43","MuTIR_1",94.737,95,4,1,19,113,1,94,7.66e-40,147,"TTTTCCTAA","-"
"178",298,"CML38_HLFTVCCXX_L8_read76","MuTIR_1",87.611,113,7,4,43,150,1,111,3.59e-33,124,"GTCTGATCT","+"
"179",299,"CML38_HLFTVCCXX_L8_read77","MuTIR_1",89.831,59,3,3,92,150,1,56,1.32e-17,73.1,"GTCTGATCT","+"
"182",332,"CML38_HLFTVCCXX_L8_read166","MuTIR_2",88.785,107,12,0,39,145,1,107,2.15e-35,132,"CTACTCGGT","+"
"183",333,"CML38_HLFTVCCXX_L8_read168","MuTIR_2",89.109,101,11,0,50,150,1,101,9.98e-34,126,"CCCAGAGCC","+"
"184",334,"CML38_HLFTVCCXX_L8_read175","MuTIR_2",95.312,64,3,0,87,150,1,64,1.68e-26,102,"TTCTGCCTC","+"
"185",335,"CML38_HLFTVCCXX_L8_read176","MuTIR_2",95.556,90,4,0,56,145,1,90,2.76e-39,145,"CCCTGGCGC","+"
"186",336,"CML38_HLFTVCCXX_L8_read177","MuTIR_2",91,100,9,0,51,150,1,100,1.66e-36,135,"TTCTGCCTC","+"
"187",337,"CML38_HLFTVCCXX_L8_read178","MuTIR_2",91,100,9,0,51,150,1,100,1.66e-36,135,"TTCTGCCTC","+"
"188",338,"CML38_HLFTVCCXX_L8_read179","MuTIR_2",91.781,73,6,0,78,150,1,73,1.68e-26,102,"TCCAACGAG","+"
"190",340,"CML38_HLFTVCCXX_L8_read184","MuTIR_2",95.062,81,3,1,71,150,1,81,9.98e-34,126,"CCCAGAGCC","+"
"192",342,"CML38_HLFTVCCXX_L8_read187","MuTIR_2",97.222,72,2,0,79,150,1,72,1.29e-32,122,"ACTGATAGA","+"
"193",343,"CML38_HLFTVCCXX_L8_read188","MuTIR_2",93.75,64,4,0,87,150,1,64,7.82e-25,97.1,"GAGGCAGAA","+"
"205",355,"CML38_HLFTVCCXX_L8_read214","MuTIR_2",90.625,128,12,0,13,140,1,128,4.55e-47,171,"CGTAGTGAA","-"
"208",358,"CML38_HLFTVCCXX_L8_read222","MuTIR_2",90.625,128,12,0,13,140,1,128,4.55e-47,171,"CGTAGTGAA","-"
"211",361,"CML38_HLFTVCCXX_L8_read228","MuTIR_2",89.062,128,14,0,3,130,1,128,9.84e-44,159,"CAGTAGTGA","-"
"213",367,"CML38_HLFTVCCXX_L8_read251","MuTIR_2",89.157,83,7,2,62,143,1,82,1.68e-26,102,"CCTCCTTAA","+"
"215",369,"CML38_HLFTVCCXX_L8_read257","MuTIR_2",85.87,92,11,1,55,144,1,92,7.82e-25,97.1,"ATTCGTGTG","+"
"217",377,"CML38_HLFTVCCXX_L8_read286","MuTIR_3",83.051,118,18,2,16,132,1,117,1.3e-27,106,"CCCTGCGAG","+"
"222",382,"CML38_HLFTVCCXX_L8_read300","MuTIR_3",91.818,110,9,0,41,150,1,110,4.58e-42,154,"TCATCTCTC","+"
"223",385,"CML38_HLFTVCCXX_L8_read305","MuTIR_3",93.421,76,5,0,75,150,1,76,7.77e-30,113,"TTCCTCAAC","+"
"228",391,"CML38_HLFTVCCXX_L8_read313","MuTIR_3",90.826,109,10,0,37,145,1,109,7.66e-40,147,"CCGCGGAAG","+"
"229",392,"CML38_HLFTVCCXX_L8_read317","MuTIR_3",92.188,64,5,0,86,149,1,64,3.64e-23,91.6,"AGGAGGTGC","+"
"232",414,"CML38_HLFTVCCXX_L8_read371","MuTIR_4",93.519,108,7,0,43,150,1,108,7.61e-45,163,"GAGAGCGGT","+"
"233",415,"CML38_HLFTVCCXX_L8_read380","MuTIR_4",86.777,121,16,0,30,150,1,121,4.61e-37,137,"GTGACTGAG","+"
"234",416,"CML38_HLFTVCCXX_L8_read384","MuTIR_4",100,32,0,0,119,150,1,32,1.03e-13,60.2,"GTGCCTGTC","+"
"235",417,"CML38_HLFTVCCXX_L8_read387","MuTIR_4",89.13,92,10,0,52,143,1,92,2.16e-30,115,"GTGCCTGTC","+"
"240",423,"CML38_HLFTVCCXX_L8_read416","MuTIR_4",88.571,140,16,0,11,150,1,140,1.26e-47,172,"GACTTTAGC","+"
"241",424,"CML38_HLFTVCCXX_L8_read418","MuTIR_4",88.119,101,12,0,49,149,1,101,4.64e-32,121,"GACTTTAGC","+"
"244",438,"CML38_HLFTVCCXX_L8_read454","MuTIR_5",92.708,96,5,1,56,149,1,96,1.28e-37,139,"GCTGCAGGA","+"
"248",444,"CML38_HLFTVCCXX_L8_read473","MuTIR_6",90.141,71,5,2,81,150,1,70,3.64e-23,91.6,"GGGAGGGAG","+"
"249",445,"CML38_HLFTVCCXX_L8_read478","MuTIR_6",90,70,7,0,81,150,1,70,3.64e-23,91.6,"GGGAGGGAG","+"
"252",450,"CML38_HLFTVCCXX_L8_read490","MuTIR_6",94.872,78,4,0,73,150,1,78,1.29e-32,122,"AGGAGAGGG","+"
"253",451,"CML38_HLFTVCCXX_L8_read491","MuTIR_6",93.75,64,4,0,87,150,1,64,7.82e-25,97.1,"AGGAGAGGG","+"
"257",463,"CML38_HA5R1ADXX_AGTTCC_read3","MuTIR_1",96.296,54,1,1,148,201,1,53,6.35e-22,87.9,"CCGCACTCC","+"
"258",464,"CML38_HA5R1ADXX_AGTTCC_read6","MuTIR_1",94.245,139,7,1,21,159,1,138,3.61e-59,211,"GTTCAGAAA","+"
"259",465,"CML38_HA5R1ADXX_AGTTCC_read7","MuTIR_1",91.333,150,10,3,18,166,1,148,2.17e-56,202,"GTCGGTCTA","+"
"260",466,"CML38_HA5R1ADXX_AGTTCC_read8","MuTIR_1",91.946,149,8,2,13,158,1,148,1.68e-57,206,"CTAACCTAA","+"
"263",469,"CML38_HA5R1ADXX_AGTTCC_read23","MuTIR_1",94.245,139,7,1,43,181,1,138,3.61e-59,211,"CGTTTACCG","-"
"265",471,"CML38_HA5R1ADXX_AGTTCC_read25","MuTIR_1",91.946,149,8,2,20,165,1,148,1.68e-57,206,"GTCCTATCA","-"
"269",485,"CML38_HA5R1ADXX_AGTTCC_read65","MuTIR_2",89.062,128,14,0,44,171,1,128,1.33e-43,159,"GAGGCAGAA","+"
"270",486,"CML38_HA5R1ADXX_AGTTCC_read66","MuTIR_2",96.053,76,3,0,120,195,1,76,4.84e-33,124,"TGTCGCCGC","+"
"271",487,"CML38_HA5R1ADXX_AGTTCC_read67","MuTIR_2",94.958,119,6,0,83,201,1,119,6.08e-52,187,"GCGCCAGGG","+"
"272",488,"CML38_HA5R1ADXX_AGTTCC_read70","MuTIR_2",93.103,116,8,0,66,181,1,116,6.12e-47,171,"TTCTGCTAG","+"
"273",489,"CML38_HA5R1ADXX_AGTTCC_read72","MuTIR_2",94.444,90,5,0,50,139,1,90,1.73e-37,139,"GCGTAGAAA","+"
"274",490,"CML38_HA5R1ADXX_AGTTCC_read74","MuTIR_2",90.625,128,12,0,13,140,1,128,6.12e-47,171,"CTCGTGAAC","+"
"275",491,"CML38_HA5R1ADXX_AGTTCC_read77","MuTIR_2",95.402,87,4,0,115,201,1,87,1.73e-37,139,"CCCAGAGCC","+"
"276",492,"CML38_HA5R1ADXX_AGTTCC_read78","MuTIR_2",88.073,109,13,0,47,155,1,109,1.04e-34,130,"TCCATAACC","+"
"277",493,"CML38_HA5R1ADXX_AGTTCC_read81","MuTIR_2",95.122,82,3,1,96,176,1,82,3.74e-34,128,"CCCTGGCGC","+"
"278",494,"CML38_HA5R1ADXX_AGTTCC_read82","MuTIR_2",91.803,61,5,0,116,176,1,61,2.28e-21,86.1,"GCACCAGAG","+"
"279",495,"CML38_HA5R1ADXX_AGTTCC_read83","MuTIR_2",93.694,111,7,0,83,193,1,111,7.92e-46,167,"GCGTAGAAA","+"
"280",496,"CML38_HA5R1ADXX_AGTTCC_read87","MuTIR_2",89.844,128,13,0,44,171,1,128,2.85e-45,165,"CAGTAGTGA","-"
"282",498,"CML38_HA5R1ADXX_AGTTCC_read90","MuTIR_2",94.574,129,7,0,47,175,1,129,7.81e-56,200,"CGGATAGAA","-"
"285",501,"CML38_HA5R1ADXX_AGTTCC_read98","MuTIR_2",90.625,128,12,0,14,141,1,128,6.12e-47,171,"CAGTAGTGA","-"
"291",515,"CML38_HA5R1ADXX_AGTTCC_read135","MuTIR_3",96.341,82,3,0,120,201,1,82,2.23e-36,135,"TCCTACAGG","+"
"292",516,"CML38_HA5R1ADXX_AGTTCC_read136","MuTIR_3",90.604,149,10,4,27,173,1,147,3.63e-54,195,"CATATGTAC","+"
"293",517,"CML38_HA5R1ADXX_AGTTCC_read138","MuTIR_3",96.226,53,2,0,145,197,1,53,6.35e-22,87.9,"CCGTTTTTT","+"
"298",523,"CML38_HA5R1ADXX_AGTTCC_read151","MuTIR_3",88.667,150,17,0,28,177,1,150,2.19e-51,185,"TCGTTGAAA","-"
"299",531,"CML38_HA5R1ADXX_AGTTCC_read176","MuTIR_4",96.386,83,3,0,70,152,1,83,6.21e-37,137,"GAGAGCGGT","+"
"300",532,"CML38_HA5R1ADXX_AGTTCC_read179","MuTIR_4",87.5,88,11,0,103,190,1,88,2.27e-26,102,"GTTAAAAAG","+"
"301",533,"CML38_HA5R1ADXX_AGTTCC_read180","MuTIR_4",89.13,92,10,0,109,200,1,92,2.91e-30,115,"GTGCCTGTC","+"
"302",534,"CML38_HA5R1ADXX_AGTTCC_read181","MuTIR_4",93.162,117,8,0,37,153,1,117,4.73e-48,174,"GCAAGAGAG","+"
"303",535,"CML38_HA5R1ADXX_AGTTCC_read182","MuTIR_4",84.685,111,17,0,52,162,1,111,1.05e-29,113,"GTTAAAAAG","+"
"304",536,"CML38_HA5R1ADXX_AGTTCC_read184","MuTIR_4",93.103,58,4,0,144,201,1,58,2.28e-21,86.1,"GTGCCTGTC","+"
"308",540,"CML38_HA5R1ADXX_AGTTCC_read189","MuTIR_4",87.597,129,16,0,39,167,1,129,2.22e-41,152,"ACTGAGATC","-"
"310",542,"CML38_HA5R1ADXX_AGTTCC_read191","MuTIR_4",84.685,111,17,0,82,192,1,111,1.05e-29,113,"ATGGATTCT","-"
"311",543,"CML38_HA5R1ADXX_AGTTCC_read195","MuTIR_4",88.591,149,16,1,42,189,1,149,2.83e-50,182,"CTTATCGGG","+"
"312",545,"CML38_HA5R1ADXX_AGTTCC_read197","MuTIR_4",88.591,149,16,1,28,175,1,149,2.83e-50,182,"ATGCTCCGT","-"
"314",550,"CML38_HA5R1ADXX_AGTTCC_read204","MuTIR_4",85.235,149,22,0,24,172,1,149,1.72e-42,156,"ATCCACCGG","+"
"316",553,"CML38_HA5R1ADXX_AGTTCC_read212","MuTIR_5",89.888,89,7,1,115,201,1,89,2.91e-30,115,"ACCTATTCC","+"
"317",554,"CML38_HA5R1ADXX_AGTTCC_read215","MuTIR_5",91.579,95,6,1,30,122,1,95,2.89e-35,132,"TTGGGAATC","+"
"318",555,"CML38_HA5R1ADXX_AGTTCC_read217","MuTIR_5",88.591,149,15,1,45,191,1,149,2.83e-50,182,"GCTGCAGGA","+"
"319",556,"CML38_HA5R1ADXX_AGTTCC_read219","MuTIR_5",91.667,96,6,1,98,191,1,96,8.04e-36,134,"GAAGCGGTG","-"
"320",557,"CML38_HA5R1ADXX_AGTTCC_read220","MuTIR_5",85.333,150,18,3,27,173,1,149,6.17e-42,154,"TCTCCCGCC","-"
"322",562,"CML38_HA5R1ADXX_AGTTCC_read235","MuTIR_6",94.521,73,4,0,129,201,1,73,1.05e-29,113,"TGCACTATG","+"
"325",565,"CML38_HA5R1ADXX_AGTTCC_read242","MuTIR_6",95.05,101,5,0,101,201,1,101,1.33e-43,159,"AGGAGAGGG","+"
"329",574,"CML38_HADTMADXX_read1","MuTIR_1",92.553,94,6,1,108,201,1,93,8.04e-36,134,"TCGCACGGC","+"
"330",575,"CML38_HADTMADXX_read2","MuTIR_1",88.034,117,7,5,90,200,1,116,2.89e-35,132,"ACATATGTC","+"
"331",576,"CML38_HADTMADXX_read3","MuTIR_1",95.652,69,2,1,133,201,1,68,1.35e-28,110,"CTCTCTACC","+"
"332",577,"CML38_HADTMADXX_read4","MuTIR_1",92.414,145,7,2,57,198,1,144,6.04e-57,204,"CTAACCTAA","+"
"333",578,"CML38_HADTMADXX_read5","MuTIR_1",100,30,0,0,152,181,1,30,1.79e-12,56.5,"GCTGGCGAC","+"
"335",580,"CML38_HADTMADXX_read8","MuTIR_1",94.737,95,4,1,64,158,1,94,1.03e-39,147,"GCTGGCGAC","+"
"336",581,"CML38_HADTMADXX_read9","MuTIR_1",95.833,96,3,1,47,142,1,95,6.17e-42,154,"GTCGCCAGC","+"
"337",582,"CML38_HADTMADXX_read10","MuTIR_1",96.552,58,1,1,142,199,1,57,3.79e-24,95.3,"ACTCCAAAC","+"
"338",583,"CML38_HADTMADXX_read11","MuTIR_1",97.297,74,1,1,128,201,1,73,4.84e-33,124,"GTTCAGAAA","+"
"340",585,"CML38_HADTMADXX_read14","MuTIR_1",95.181,83,3,1,107,189,1,82,1.04e-34,130,"GACACAGGT","+"
"341",586,"CML38_HADTMADXX_read15","MuTIR_1",96.429,56,1,1,146,201,1,55,4.91e-23,91.6,"CACAAATAG","+"
"342",587,"CML38_HADTMADXX_read16","MuTIR_1",95.385,65,2,1,32,96,1,64,2.27e-26,102,"CTCTCTACC","+"
"343",588,"CML38_HADTMADXX_read18","MuTIR_1",97.143,35,0,1,60,94,1,34,4.98e-13,58.4,"GTTTGCAGT","+"
"344",589,"CML38_HADTMADXX_read19","MuTIR_1",92.632,95,6,1,64,158,1,94,2.23e-36,135,"TATTCCTGG","-"
"345",590,"CML38_HADTMADXX_read20","MuTIR_1",87.333,150,11,6,47,190,1,148,2.85e-45,165,"GTCCTTTCA","-"
"347",592,"CML38_HADTMADXX_read22","MuTIR_1",91.946,149,8,2,9,154,1,148,1.68e-57,206,"GTCCTATCA","-"
"350",595,"CML38_HADTMADXX_read26","MuTIR_1",94.737,95,4,1,86,180,1,94,1.03e-39,147,"TATTCCTGA","-"
"351",596,"CML38_HADTMADXX_read27","MuTIR_1",94.245,139,7,1,41,179,1,138,3.61e-59,211,"CGTTTACCG","-"
"355",600,"CML38_HADTMADXX_read31","MuTIR_1",97.143,35,0,1,111,145,1,34,4.98e-13,58.4,"TGCAAAACA","-"
"356",602,"CML38_HADTMADXX_read37","MuTIR_1",93.333,150,8,2,34,183,1,148,6e-62,220,"CCCTCCCCA","+"
"357",603,"CML38_HADTMADXX_read38","MuTIR_1",95.789,95,3,1,107,201,1,94,2.22e-41,152,"CCCTCCCCA","+"
"359",617,"CML38_HADTMADXX_read100","MuTIR_2",90,140,14,0,62,201,1,140,2.83e-50,182,"TTAAGGAGG","+"
"360",618,"CML38_HADTMADXX_read101","MuTIR_2",92.537,67,4,1,96,162,1,66,3.79e-24,95.3,"TGAAGTAAT","+"
"361",619,"CML38_HADTMADXX_read103","MuTIR_2",92.5,80,6,0,89,168,1,80,2.91e-30,115,"GAGGCAGAA","+"
"362",620,"CML38_HADTMADXX_read104","MuTIR_2",92.661,109,8,0,93,201,1,109,4.77e-43,158,"TTCTGCTAG","+"
"363",621,"CML38_HADTMADXX_read107","MuTIR_2",93.007,143,10,0,59,201,1,143,1.3e-58,209,"GCGTAGAAA","+"
"364",622,"CML38_HADTMADXX_read110","MuTIR_2",92.424,66,5,0,90,155,1,66,3.79e-24,95.3,"CTACTCGGT","+"
"365",623,"CML38_HADTMADXX_read111","MuTIR_2",94.574,129,7,0,40,168,1,129,7.81e-56,200,"GCGCCAGGG","+"
"366",624,"CML38_HADTMADXX_read113","MuTIR_2",90.604,149,14,0,22,170,1,149,2.81e-55,198,"CCAGTGATA","-"
"372",643,"CML38_HADTMADXX_read164","MuTIR_2",88,150,16,1,21,168,1,150,1.32e-48,176,"ATTCGTGTG","+"
"373",649,"CML38_HADTMADXX_read180","MuTIR_3",91.346,104,9,0,98,201,1,104,1.34e-38,143,"TCTAGGTTC","+"
"375",651,"CML38_HADTMADXX_read182","MuTIR_3",92.308,91,7,0,64,154,1,91,1.04e-34,130,"CCGTTTTTT","+"
"376",652,"CML38_HADTMADXX_read183","MuTIR_3",93.985,133,8,0,38,170,1,133,2.17e-56,202,"TCCTACAGG","+"
"379",655,"CML38_HADTMADXX_read190","MuTIR_3",93.985,133,8,0,34,166,1,133,2.17e-56,202,"AACGACGCT","-"
"380",656,"CML38_HADTMADXX_read191","MuTIR_3",92,150,12,0,15,164,1,150,1e-59,213,"TCGTTGACA","-"
"381",657,"CML38_HADTMADXX_read193","MuTIR_3",90.265,113,11,0,84,196,1,113,2.87e-40,148,"CGTTTTTTA","+"
"382",659,"CML38_HADTMADXX_read195","MuTIR_3",90.244,123,12,0,79,201,1,123,3.69e-44,161,"CCGCCCGCG","+"
"383",660,"CML38_HADTMADXX_read196","MuTIR_3",94.118,68,4,0,74,141,1,68,6.3e-27,104,"GTTCTGTAC","+"
"384",661,"CML38_HADTMADXX_read197","MuTIR_3",96.078,51,2,0,151,201,1,51,8.21e-21,84.2,"GGCGGTGGG","+"
"385",662,"CML38_HADTMADXX_read199","MuTIR_3",89.231,130,14,0,12,141,1,130,1.02e-44,163,"CTTCAGAGA","+"
"386",663,"CML38_HADTMADXX_read200","MuTIR_3",88.785,107,12,0,95,201,1,107,2.89e-35,132,"GTACAGAAC","+"
"387",664,"CML38_HADTMADXX_read201","MuTIR_3",91.333,150,13,0,51,200,1,150,4.67e-58,207,"TCCTCGAAC","+"
"392",670,"CML38_HADTMADXX_read207","MuTIR_3",88.667,150,17,0,16,165,1,150,2.19e-51,185,"TCGTTGAAA","-"
"393",671,"CML38_HADTMADXX_read209","MuTIR_3",89.231,130,14,0,47,176,1,130,1.02e-44,163,"AGTAACGAC","-"
"395",673,"CML38_HADTMADXX_read211","MuTIR_3",91.034,145,13,0,45,189,1,145,1.01e-54,196,"GAGTCTCGT","-"
"396",674,"CML38_HADTMADXX_read216","MuTIR_3",90.476,147,14,0,47,193,1,147,3.63e-54,195,"CCCGTCCCC","+"
"397",675,"CML38_HADTMADXX_read217","MuTIR_3",89.796,147,15,0,37,183,1,147,1.69e-52,189,"CCGCGGAAG","+"
"398",676,"CML38_HADTMADXX_read219","MuTIR_3",90.476,147,14,0,6,152,1,147,3.63e-54,195,"ACCTGGTTC","-"
"400",696,"CML38_HADTMADXX_read252","MuTIR_4",86.614,127,17,0,59,185,1,127,1.34e-38,143,"GTGACTGAG","+"
"401",697,"CML38_HADTMADXX_read253","MuTIR_4",94.444,54,3,0,92,145,1,54,8.21e-21,84.2,"GTGCCTGTC","+"
"402",698,"CML38_HADTMADXX_read256","MuTIR_4",91.096,146,13,0,23,168,1,146,7.81e-56,200,"CATGAGCTG","+"
"403",699,"CML38_HADTMADXX_read257","MuTIR_4",92.793,111,8,0,19,129,1,111,1.02e-44,163,"GCAAGAGAG","+"
"405",701,"CML38_HADTMADXX_read259","MuTIR_4",94.382,89,3,2,83,169,1,89,2.23e-36,135,"CATGAGCTG","+"
"406",702,"CML38_HADTMADXX_read263","MuTIR_4",84.685,111,17,0,17,127,1,111,1.05e-29,113,"GTTAAAAAG","+"
"409",705,"CML38_HADTMADXX_read270","MuTIR_4",91.096,146,13,0,10,155,1,146,7.81e-56,200,"GGTCGCCTC","-"
"413",709,"CML38_HADTMADXX_read279","MuTIR_4",84.685,111,17,0,55,165,1,111,1.05e-29,113,"ATGGATTCT","-"
"417",729,"CML38_HADTMADXX_read326","MuTIR_5",87.5,152,17,1,50,199,1,152,1.32e-48,176,"ATTGAGCCC","+"
"418",730,"CML38_HADTMADXX_read328","MuTIR_5",95.918,49,2,0,147,195,1,49,1.06e-19,80.5,"GCTGCAGGA","+"
"419",731,"CML38_HADTMADXX_read330","MuTIR_5",89.394,132,12,1,57,186,1,132,7.92e-46,167,"TTGGGAATC","+"
"421",735,"CML38_HADTMADXX_read345","MuTIR_6",96.053,76,3,0,121,196,1,76,4.84e-33,124,"TGCACTACG","+"
"423",738,"CML38_HADTMADXX_read348","MuTIR_6",94.444,144,8,0,29,172,1,144,1.67e-62,222,"AGGAGAGGG","+"
"424",739,"CML38_HADTMADXX_read349","MuTIR_6",96.154,104,4,0,98,201,1,104,6.12e-47,171,"AGGAGAGGG","+"
"425",740,"CML38_HADTMADXX_read350","MuTIR_6",95.05,101,5,0,87,187,1,101,1.33e-43,159,"AGGAGAGGG","+"
"426",741,"CML38_HADTMADXX_read351","MuTIR_6",95.652,69,3,0,133,201,1,69,3.77e-29,111,"CCGTAGATC","+"
"431",746,"CML38_HADTMADXX_read356","MuTIR_6",96,150,6,0,40,189,1,150,3.56e-69,244,"CAATGATAC","-"
