"","X","qname","sname","percent_identity","alignment_length","mismatches","gap_opens","q_start","q_end","s_start","s_end","evalue","bit_score","tsds","strand"
"2",2,"CML321_HLFTVCCXX_L8_read6","MuTIR_1",96.429,84,2,1,67,150,1,83,4.61e-37,137,"ACTCCAAAC","+"
"4",4,"CML321_HLFTVCCXX_L8_read8","MuTIR_1",89.691,97,9,1,50,146,1,96,1.29e-32,122,"TTTCTAGAC","+"
"5",5,"CML321_HLFTVCCXX_L8_read9","MuTIR_1",94.118,68,3,1,83,150,1,67,1.68e-26,102,"GCTGGCGAC","+"
"6",6,"CML321_HLFTVCCXX_L8_read10","MuTIR_1",98.077,52,0,1,99,150,1,51,1.31e-22,89.8,"CCGGTCAAC","+"
"7",7,"CML321_HLFTVCCXX_L8_read11","MuTIR_1",94.737,95,4,1,30,124,1,94,7.66e-40,147,"GCTGGCGAC","+"
"8",8,"CML321_HLFTVCCXX_L8_read13","MuTIR_1",92.632,95,6,1,29,123,1,94,1.66e-36,135,"CTCGCACAG","+"
"9",9,"CML321_HLFTVCCXX_L8_read16","MuTIR_1",95.349,86,3,1,62,147,1,85,1.66e-36,135,"GCCACTAGG","+"
"12",12,"CML321_HLFTVCCXX_L8_read23","MuTIR_1",94.737,95,4,1,26,120,1,94,7.66e-40,147,"TATTCCTGA","-"
"17",20,"CML321_HLFTVCCXX_L8_read36","MuTIR_1",95.327,107,4,1,44,150,1,106,1.63e-46,169,"CCCTCCCCA","+"
"18",21,"CML321_HLFTVCCXX_L8_read38","MuTIR_1",95.327,107,4,1,44,150,1,106,1.63e-46,169,"CCCTCCCCA","+"
"19",40,"CML321_HLFTVCCXX_L8_read77","MuTIR_2",87.619,105,13,0,46,150,1,105,1.29e-32,122,"TCCATAACC","+"
"20",41,"CML321_HLFTVCCXX_L8_read79","MuTIR_2",88.785,107,12,0,33,139,1,107,2.15e-35,132,"CCCCTCCCG","+"
"21",42,"CML321_HLFTVCCXX_L8_read82","MuTIR_2",94.915,59,3,0,92,150,1,59,1.01e-23,93.5,"CCTGGCCGT","+"
"22",43,"CML321_HLFTVCCXX_L8_read83","MuTIR_2",92.683,82,6,0,66,147,1,82,1.67e-31,119,"CCCCTCCCG","+"
"23",44,"CML321_HLFTVCCXX_L8_read84","MuTIR_2",86.667,120,16,0,31,150,1,120,5.96e-36,134,"TAGTAGTAG","+"
"24",45,"CML321_HLFTVCCXX_L8_read85","MuTIR_2",93.333,90,6,0,50,139,1,90,5.96e-36,134,"ACGGCCAGG","+"
"25",46,"CML321_HLFTVCCXX_L8_read86","MuTIR_2",95.89,73,3,0,78,150,1,73,1.67e-31,119,"CTTACAAAG","+"
"26",47,"CML321_HLFTVCCXX_L8_read87","MuTIR_2",94.118,68,4,0,82,149,1,68,4.68e-27,104,"GTCGGAGGC","+"
"28",49,"CML321_HLFTVCCXX_L8_read89","MuTIR_2",94.444,90,5,0,50,139,1,90,1.28e-37,139,"ACGGCCAGG","+"
"33",54,"CML321_HLFTVCCXX_L8_read97","MuTIR_2",93.023,129,9,0,12,140,1,129,1.25e-52,189,"CGGATAGAA","-"
"34",60,"CML321_HLFTVCCXX_L8_read116","MuTIR_2",87.952,83,8,2,67,148,1,82,7.82e-25,97.1,"CCTGAGGTG","+"
"35",64,"CML321_HLFTVCCXX_L8_read131","MuTIR_3",93.75,80,5,0,70,149,1,80,4.64e-32,121,"AAAAAATGG","+"
"36",65,"CML321_HLFTVCCXX_L8_read132","MuTIR_3",95,100,5,0,51,150,1,100,3.54e-43,158,"CAAAATTAG","+"
"37",66,"CML321_HLFTVCCXX_L8_read133","MuTIR_3",96.341,82,3,0,69,150,1,82,1.66e-36,135,"CAAAATTAG","+"
"42",72,"CML321_HLFTVCCXX_L8_read142","MuTIR_3",91.549,71,6,0,74,144,1,71,2.18e-25,99,"CCGCCCGCG","+"
"44",74,"CML321_HLFTVCCXX_L8_read144","MuTIR_3",90.244,82,7,1,69,150,1,81,1.3e-27,106,"GTCCGCGTG","+"
"46",78,"CML321_HLFTVCCXX_L8_read152","MuTIR_3",89.247,93,10,0,58,150,1,93,6.01e-31,117,"CTCCCTGTT","+"
"49",94,"CML321_HLFTVCCXX_L8_read192","MuTIR_4",94.624,93,5,0,54,146,1,93,2.76e-39,145,"GACACCCCC","+"
"50",95,"CML321_HLFTVCCXX_L8_read194","MuTIR_4",85.385,130,17,1,23,150,1,130,1.66e-36,135,"CTCCTGAAT","+"
"52",97,"CML321_HLFTVCCXX_L8_read202","MuTIR_4",91.011,89,6,2,62,148,1,89,1.67e-31,119,"TTTGCTGGT","+"
"54",100,"CML321_HLFTVCCXX_L8_read208","MuTIR_4",89.362,94,10,0,54,147,1,94,1.67e-31,119,"GTCGACAGC","+"
"56",104,"CML321_HLFTVCCXX_L8_read223","MuTIR_5",92.473,93,5,1,60,150,1,93,5.96e-36,134,"GCTGCAGGA","+"
"59",111,"CML321_HLFTVCCXX_L8_read245","MuTIR_6",97.959,49,1,0,102,150,1,49,1.69e-21,86.1,"TGCACTACG","+"
"60",112,"CML321_HLFTVCCXX_L8_read246","MuTIR_6",96.491,114,4,0,37,150,1,114,1.25e-52,189,"TGCACTACG","+"
"61",113,"CML321_HLFTVCCXX_L8_read247","MuTIR_6",96.552,116,4,0,35,150,1,116,9.7e-54,193,"TGCACTACG","+"
"65",117,"CML321_HLFTVCCXX_L8_read254","MuTIR_6",94.928,138,7,0,12,149,1,138,5.76e-61,217,"AGGAGAGGG","+"
"69",127,"CML321_HADTMADXX_read1","MuTIR_1",96.479,142,4,1,60,201,1,141,7.7e-66,233,"AGATTTGAT","+"
"71",129,"CML321_HADTMADXX_read5","MuTIR_1",94.565,92,4,1,110,201,1,91,4.8e-38,141,"GCCACTAGG","+"
"72",130,"CML321_HADTMADXX_read6","MuTIR_1",92.617,149,10,1,53,201,1,148,1e-59,213,"ATTGAAAGG","+"
"73",131,"CML321_HADTMADXX_read7","MuTIR_1",88.333,120,13,1,15,134,1,119,1.34e-38,143,"CTCGCACAG","+"
"74",132,"CML321_HADTMADXX_read8","MuTIR_1",94.737,95,4,1,30,124,1,94,1.03e-39,147,"GCTGGCGAC","+"
"75",133,"CML321_HADTMADXX_read10","MuTIR_1",94.643,112,5,1,90,201,1,111,1.7e-47,172,"GTCGGCTGG","+"
"76",134,"CML321_HADTMADXX_read11","MuTIR_1",93.443,122,7,1,66,187,1,121,1.02e-49,180,"GTCGGCTGG","+"
"77",135,"CML321_HADTMADXX_read12","MuTIR_1",93.694,111,6,1,91,201,1,110,2.85e-45,165,"ATTGAAAGG","+"
"79",137,"CML321_HADTMADXX_read15","MuTIR_1",95.973,149,5,1,39,187,1,148,4.6e-68,241,"GTCCTGTCA","-"
"81",139,"CML321_HADTMADXX_read19","MuTIR_1",88.333,120,13,1,51,170,1,119,1.34e-38,143,"AGATTTGGC","-"
"82",140,"CML321_HADTMADXX_read20","MuTIR_1",94.737,95,4,1,68,162,1,94,1.03e-39,147,"TCTTCCTGA","-"
"83",141,"CML321_HADTMADXX_read22","MuTIR_1",91.946,149,11,1,11,159,1,148,4.67e-58,207,"ATCCTGTCA","-"
"87",153,"CML321_HADTMADXX_read40","MuTIR_1",83.444,151,23,2,30,180,1,149,1.73e-37,139,"TTATTAGGC","+"
"88",156,"CML321_HADTMADXX_read48","MuTIR_2",90.769,130,9,3,28,155,1,129,6.12e-47,171,"CTCCACTGA","+"
"89",157,"CML321_HADTMADXX_read49","MuTIR_2",94.118,68,4,0,132,199,1,68,6.3e-27,104,"GGGAGGGGG","+"
"91",159,"CML321_HADTMADXX_read52","MuTIR_2",92,150,10,2,29,177,1,149,1.3e-58,209,"TGCCGCCGC","+"
"92",160,"CML321_HADTMADXX_read53","MuTIR_2",93.22,59,4,0,87,145,1,59,6.35e-22,87.9,"CCCCTCCCG","+"
"93",161,"CML321_HADTMADXX_read54","MuTIR_2",93.846,65,4,0,82,146,1,65,2.93e-25,99,"GGGAGGGGG","+"
"95",163,"CML321_HADTMADXX_read60","MuTIR_2",90.604,149,14,0,23,171,1,149,2.81e-55,198,"CCAGTGATA","-"
"98",178,"CML321_HADTMADXX_read84","MuTIR_3",94.231,104,6,0,38,141,1,104,1.33e-43,159,"AAAAAATGG","+"
"99",179,"CML321_HADTMADXX_read85","MuTIR_3",94.69,113,6,0,35,147,1,113,1.32e-48,176,"AAAAAATGG","+"
"102",182,"CML321_HADTMADXX_read88","MuTIR_3",91.176,68,6,0,47,114,1,68,1.36e-23,93.5,"GTCCGCGTG","+"
"103",183,"CML321_HADTMADXX_read90","MuTIR_3",91.304,69,6,0,104,172,1,69,3.79e-24,95.3,"CCGCCCGCG","+"
"106",187,"CML321_HADTMADXX_read99","MuTIR_3",88.571,140,16,0,61,200,1,140,6.12e-47,171,"CTCCCTGTT","+"
"107",188,"CML321_HADTMADXX_read104","MuTIR_3",89.333,150,16,0,42,191,1,150,4.7e-53,191,"TGGTTCCGT","-"
"110",192,"CML321_HADTMADXX_read108","MuTIR_3",92.453,106,8,0,77,182,1,106,2.22e-41,152,"CTCCAGGAT","+"
"112",194,"CML321_HADTMADXX_read112","MuTIR_3",88.148,135,14,2,27,160,1,134,1.33e-43,159,"TAGCACGCC","+"
"113",195,"CML321_HADTMADXX_read113","MuTIR_3",88.148,135,14,2,22,155,1,134,1.33e-43,159,"CGAACCACG","-"
"114",203,"CML321_HADTMADXX_read131","MuTIR_4",85.593,118,15,2,35,151,1,117,4.84e-33,124,"GAGACTAAG","+"
"115",204,"CML321_HADTMADXX_read135","MuTIR_4",85.593,118,15,2,83,199,1,117,4.84e-33,124,"GTGACTAAG","+"
"119",208,"CML321_HADTMADXX_read151","MuTIR_4",88.591,149,16,1,41,188,1,149,2.83e-50,182,"CTTATCGGG","+"
"121",216,"CML321_HADTMADXX_read166","MuTIR_5",89.764,127,11,1,35,159,1,127,1.02e-44,163,"CGAGACGGC","+"
"122",217,"CML321_HADTMADXX_read168","MuTIR_5",92.188,64,3,1,77,138,1,64,4.91e-23,91.6,"CGAGACGGC","+"
"123",218,"CML321_HADTMADXX_read169","MuTIR_5",89.623,106,9,1,36,139,1,106,2.23e-36,135,"ACCTATTCC","+"
"124",219,"CML321_HADTMADXX_read170","MuTIR_5",85.333,150,18,3,54,200,1,149,6.17e-42,154,"ACCTATTCC","+"
"129",224,"CML321_HADTMADXX_read189","MuTIR_6",100,42,0,0,97,138,1,42,3.82e-19,78.7,"TGCACTACG","+"
"130",225,"CML321_HADTMADXX_read190","MuTIR_6",95.876,97,4,0,104,200,1,97,4.77e-43,158,"TGCATTACA","+"
"133",228,"CML321_HADTMADXX_read193","MuTIR_6",91.333,150,13,0,43,192,1,150,1.68e-57,206,"AGGCGAGGG","+"
"135",230,"CML321_HADTMADXX_read197","MuTIR_6",93.96,149,8,1,37,184,1,149,4.64e-63,224,"GCACTGGTA","-"
"136",231,"CML321_HA5R1ADXX_GTGGCC_read2","MuTIR_1",94.545,55,2,1,147,201,1,54,8.21e-21,84.2,"TAGACCGAC","+"
"137",232,"CML321_HA5R1ADXX_GTGGCC_read4","MuTIR_1",96.454,141,4,1,25,165,1,140,2.77e-65,231,"AGATTTGAT","+"
"138",233,"CML321_HA5R1ADXX_GTGGCC_read7","MuTIR_1",96.429,112,3,1,32,143,1,111,7.87e-51,183,"CACAAATAG","+"
"139",234,"CML321_HA5R1ADXX_GTGGCC_read8","MuTIR_1",94.545,110,5,1,17,126,1,109,2.2e-46,169,"GAAAGAGAG","+"
"140",235,"CML321_HA5R1ADXX_GTGGCC_read11","MuTIR_1",95.283,106,4,1,96,201,1,105,7.92e-46,167,"CCCACCGAA","+"
"141",236,"CML321_HA5R1ADXX_GTGGCC_read12","MuTIR_1",93.793,145,8,1,37,181,1,144,7.76e-61,217,"CACAAATAG","+"
"142",237,"CML321_HA5R1ADXX_GTGGCC_read13","MuTIR_1",96.552,58,1,1,143,200,1,57,3.79e-24,95.3,"CACAAATAG","+"
"143",238,"CML321_HA5R1ADXX_GTGGCC_read15","MuTIR_1",91.946,149,11,1,35,183,1,148,4.67e-58,207,"AAGGGAAGG","+"
"145",240,"CML321_HA5R1ADXX_GTGGCC_read19","MuTIR_1",97.368,38,0,1,108,145,1,37,1.07e-14,63.9,"GAGGCTCTC","+"
"146",241,"CML321_HA5R1ADXX_GTGGCC_read20","MuTIR_1",95.96,99,3,1,30,128,1,98,1.33e-43,159,"GAGGCTCTC","+"
"151",246,"CML321_HA5R1ADXX_GTGGCC_read30","MuTIR_1",93.96,149,8,1,42,190,1,148,4.64e-63,224,"GTCCTTCCA","-"
"155",250,"CML321_HA5R1ADXX_GTGGCC_read37","MuTIR_1",91.791,134,8,3,12,144,1,132,7.87e-51,183,"ACAATTCTC","-"
"157",261,"CML321_HA5R1ADXX_GTGGCC_read62","MuTIR_1",87.5,120,14,1,11,130,1,119,6.21e-37,137,"TTATTAGGC","+"
"159",268,"CML321_HA5R1ADXX_GTGGCC_read77","MuTIR_2",90.323,93,9,0,106,198,1,93,1.74e-32,122,"CCCCTCCCG","+"
"160",269,"CML321_HA5R1ADXX_GTGGCC_read80","MuTIR_2",93.939,66,4,0,136,201,1,66,8.15e-26,100,"TCTATCAGT","+"
"161",270,"CML321_HA5R1ADXX_GTGGCC_read81","MuTIR_2",91.765,85,7,0,117,201,1,85,2.25e-31,119,"TCTATCAGT","+"
"162",271,"CML321_HA5R1ADXX_GTGGCC_read85","MuTIR_2",90.625,128,12,0,13,140,1,128,6.12e-47,171,"GTCGGAGGC","+"
"163",272,"CML321_HA5R1ADXX_GTGGCC_read87","MuTIR_2",91.241,137,9,3,60,194,1,136,7.87e-51,183,"CTCCACTGA","+"
"164",273,"CML321_HA5R1ADXX_GTGGCC_read91","MuTIR_2",90.741,108,10,0,68,175,1,108,3.71e-39,145,"TTAAGGAGG","+"
"165",274,"CML321_HA5R1ADXX_GTGGCC_read92","MuTIR_2",90.37,135,13,0,64,198,1,135,3.66e-49,178,"GGGAGGGGG","+"
"168",277,"CML321_HA5R1ADXX_GTGGCC_read99","MuTIR_2",90.625,128,12,0,29,156,1,128,6.12e-47,171,"CAGTAGTGA","-"
"172",288,"CML321_HA5R1ADXX_GTGGCC_read129","MuTIR_2",81.89,127,21,2,57,182,1,126,1.75e-27,106,"GCCAGTAGT","-"
"173",291,"CML321_HA5R1ADXX_GTGGCC_read134","MuTIR_2",86.047,129,16,2,18,145,1,128,6.21e-37,137,"CCTGAGGTG","+"
"174",293,"CML321_HA5R1ADXX_GTGGCC_read137","MuTIR_2",86.047,129,16,2,40,167,1,128,6.21e-37,137,"TAGTAGTGA","-"
"175",294,"CML321_HA5R1ADXX_GTGGCC_read139","MuTIR_3",92.982,114,8,0,88,201,1,114,7.92e-46,167,"GGCCCCCAC","+"
"176",295,"CML321_HA5R1ADXX_GTGGCC_read140","MuTIR_3",94.262,122,7,0,80,201,1,122,6.08e-52,187,"TGCTACTGG","+"
"177",296,"CML321_HA5R1ADXX_GTGGCC_read141","MuTIR_3",92.593,81,4,2,122,201,1,80,2.91e-30,115,"CATATGTAC","+"
"180",301,"CML321_HA5R1ADXX_GTGGCC_read147","MuTIR_3",88,150,18,0,47,196,1,150,1.02e-49,180,"GTCCGCGTG","+"
"183",304,"CML321_HA5R1ADXX_GTGGCC_read151","MuTIR_3",90.909,88,8,0,79,166,1,88,2.25e-31,119,"ACCACCACC","+"
"184",306,"CML321_HA5R1ADXX_GTGGCC_read154","MuTIR_3",90.769,130,10,2,73,201,1,129,1.7e-47,172,"TCCGCAATT","+"
"187",309,"CML321_HA5R1ADXX_GTGGCC_read158","MuTIR_3",88.667,150,17,0,7,156,1,150,2.19e-51,185,"TCGTTGAAA","-"
"188",310,"CML321_HA5R1ADXX_GTGGCC_read159","MuTIR_3",88.667,150,17,0,41,190,1,150,2.19e-51,185,"TCGTTGAAA","-"
"192",315,"CML321_HA5R1ADXX_GTGGCC_read165","MuTIR_3",89.404,151,14,2,35,184,1,150,4.7e-53,191,"TGTTGAAAC","-"
"196",324,"CML321_HA5R1ADXX_GTGGCC_read182","MuTIR_4",97.778,45,1,0,87,131,1,45,3.82e-19,78.7,"CTCCTATAT","+"
"201",334,"CML321_HA5R1ADXX_GTGGCC_read208","MuTIR_4",89.109,101,11,0,84,184,1,101,1.34e-33,126,"GTCGACAGC","+"
"203",338,"CML321_HA5R1ADXX_GTGGCC_read215","MuTIR_4",87.838,74,8,1,129,201,1,74,2.28e-21,86.1,"CCATTTCCA","+"
"204",339,"CML321_HA5R1ADXX_GTGGCC_read217","MuTIR_4",85.149,101,15,0,54,154,1,101,6.3e-27,104,"GTGTGTGGG","+"
"206",344,"CML321_HA5R1ADXX_GTGGCC_read225","MuTIR_5",91.579,95,6,1,83,175,1,95,2.89e-35,132,"CGAGACGGC","+"
"207",345,"CML321_HA5R1ADXX_GTGGCC_read226","MuTIR_5",89.844,128,11,1,73,198,1,128,2.85e-45,165,"GCTGCAGGA","+"
"208",346,"CML321_HA5R1ADXX_GTGGCC_read227","MuTIR_5",82.781,151,24,1,53,201,1,151,2.23e-36,135,"ACCTTGGCA","+"
"209",347,"CML321_HA5R1ADXX_GTGGCC_read228","MuTIR_5",89.262,149,14,1,10,156,1,149,6.08e-52,187,"GCTGCAGGA","+"
"214",352,"CML321_HA5R1ADXX_GTGGCC_read234","MuTIR_5",82.895,152,24,1,42,191,1,152,6.21e-37,137,"GCTTGAGCT","-"
"215",353,"CML321_HA5R1ADXX_GTGGCC_read238","MuTIR_6",96.923,65,2,0,72,136,1,65,1.35e-28,110,"TGCACTACG","+"
"216",354,"CML321_HA5R1ADXX_GTGGCC_read240","MuTIR_6",96,150,6,0,34,183,1,150,3.56e-69,244,"TGCACTACG","+"
"218",356,"CML321_HA5R1ADXX_GTGGCC_read243","MuTIR_6",96,150,6,0,42,191,1,150,3.56e-69,244,"CACTAATAT","-"
"219",357,"CML321_HA5R1ADXX_GTGGCC_read244","MuTIR_6",93.96,149,8,1,40,187,1,149,4.64e-63,224,"ATGCAGATG","+"
"221",368,"CML321_HJ7HFCCXX_L8_read1","MuTIR_1",100,46,0,0,105,150,1,46,1.69e-21,86.1,"CCGGTCAAC","+"
"222",369,"CML321_HJ7HFCCXX_L8_read4","MuTIR_1",94.118,119,6,1,27,145,1,118,7.55e-50,180,"GTCGCCAGC","+"
"223",370,"CML321_HJ7HFCCXX_L8_read6","MuTIR_1",96.639,119,3,1,32,150,1,118,7.5e-55,196,"GTTGACCGG","+"
"224",371,"CML321_HJ7HFCCXX_L8_read7","MuTIR_1",88.372,86,5,2,67,147,1,86,2.18e-25,99,"GTTTGCAGT","+"
"225",372,"CML321_HJ7HFCCXX_L8_read8","MuTIR_1",96.226,106,3,1,45,150,1,105,1.26e-47,172,"AGATTTGAT","+"
"226",373,"CML321_HJ7HFCCXX_L8_read9","MuTIR_1",94.118,119,6,1,27,145,1,118,7.55e-50,180,"GTCGCCAGC","+"
"227",374,"CML321_HJ7HFCCXX_L8_read12","MuTIR_1",95.968,124,4,1,27,150,1,123,5.8e-56,200,"TTTCTGAAC","+"
"228",375,"CML321_HJ7HFCCXX_L8_read13","MuTIR_1",94.872,39,2,0,105,143,1,39,2.85e-14,62.1,"GCCGTGCGA","+"
"229",376,"CML321_HJ7HFCCXX_L8_read14","MuTIR_1",94.928,138,6,1,12,149,1,137,2.07e-60,215,"TTTCTGAAC","+"
"230",377,"CML321_HJ7HFCCXX_L8_read19","MuTIR_1",92.857,126,7,2,24,149,1,124,2.1e-50,182,"GTCGCCAGC","+"
"243",403,"CML321_HJ7HFCCXX_L8_read85","MuTIR_2",94,100,6,0,51,150,1,100,1.65e-41,152,"CTTACAAAG","+"
"244",404,"CML321_HJ7HFCCXX_L8_read86","MuTIR_2",95.833,72,3,0,79,150,1,72,6.01e-31,117,"CCTGGCCGT","+"
"245",405,"CML321_HJ7HFCCXX_L8_read93","MuTIR_2",94.615,130,7,0,21,150,1,130,1.61e-56,202,"GCGTAGAAA","+"
"246",406,"CML321_HJ7HFCCXX_L8_read95","MuTIR_2",93.023,86,6,0,64,149,1,86,9.98e-34,126,"GTCGGAGGC","+"
"247",407,"CML321_HJ7HFCCXX_L8_read97","MuTIR_2",93.023,86,6,0,64,149,1,86,9.98e-34,126,"GTCGGAGGC","+"
"256",429,"CML321_HJ7HFCCXX_L8_read155","MuTIR_3",92.92,113,8,0,30,142,1,113,2.11e-45,165,"GGCCCCCAC","+"
"257",430,"CML321_HJ7HFCCXX_L8_read156","MuTIR_3",92.727,110,8,0,41,150,1,110,9.84e-44,159,"CCGTTTTTT","+"
"261",436,"CML321_HJ7HFCCXX_L8_read164","MuTIR_3",90.625,96,9,0,55,150,1,96,2.77e-34,128,"GCCTGTTTG","+"
"262",437,"CML321_HJ7HFCCXX_L8_read165","MuTIR_3",92.045,88,5,2,62,149,1,86,1.29e-32,122,"CTATCCTGG","+"
"263",438,"CML321_HJ7HFCCXX_L8_read166","MuTIR_3",93.651,126,8,0,25,150,1,126,1.25e-52,189,"GACCCTTTG","+"
"264",439,"CML321_HJ7HFCCXX_L8_read167","MuTIR_3",90.909,77,7,0,73,149,1,77,4.68e-27,104,"AGTTACGCC","+"
"267",448,"CML321_HJ7HFCCXX_L8_read188","MuTIR_4",89.922,129,13,0,16,144,1,129,1.63e-46,169,"CTCTCTTGC","+"
"268",449,"CML321_HJ7HFCCXX_L8_read190","MuTIR_4",97.778,45,1,0,79,123,1,45,2.83e-19,78.7,"CTCCTAAAT","+"
"269",456,"CML321_HJ7HFCCXX_L8_read231","MuTIR_5",92.708,96,5,1,52,145,1,96,1.28e-37,139,"GCTGCAGGA","+"
"270",457,"CML321_HJ7HFCCXX_L8_read232","MuTIR_5",89.062,128,10,2,21,144,1,128,3.54e-43,158,"GGTATACAA","+"
"271",458,"CML321_HJ7HFCCXX_L8_read233","MuTIR_5",89.72,107,9,1,41,145,1,107,4.61e-37,137,"GGTATACAA","+"
"272",459,"CML321_HJ7HFCCXX_L8_read236","MuTIR_5",89.72,107,9,1,41,145,1,107,4.61e-37,137,"GGTATACAA","+"
"278",465,"CML321_HJ7HFCCXX_L8_read262","MuTIR_6",95.556,90,4,0,60,149,1,90,2.76e-39,145,"TGCATTACA","+"
"279",466,"CML321_HJ7HFCCXX_L8_read263","MuTIR_6",100,34,0,0,114,147,1,34,7.94e-15,63.9,"TGCACTACG","+"
"281",469,"CML321_HJ7HFCCXX_L8_read269","MuTIR_6",94.928,138,7,0,12,149,1,138,5.76e-61,217,"TCCTAGGCT","+"
