"","X","qname","sname","percent_identity","alignment_length","mismatches","gap_opens","q_start","q_end","s_start","s_end","evalue","bit_score","tsds","strand"
"1",1,"CML322_HB1JCADXX_ACTTGA_read3","MuTIR_1",100,31,0,0,121,151,1,31,3.72e-13,58.4,"TAGACCGAC","+"
"2",2,"CML322_HB1JCADXX_ACTTGA_read4","MuTIR_1",95.2,125,4,2,27,151,1,123,7.55e-55,196,"TATTTGTGG","+"
"3",3,"CML322_HB1JCADXX_ACTTGA_read5","MuTIR_1",92.683,41,3,0,107,147,1,41,1.03e-13,60.2,"GTTTGCAGT","+"
"4",4,"CML322_HB1JCADXX_ACTTGA_read6","MuTIR_1",96.296,54,1,1,98,151,1,53,4.74e-22,87.9,"GGAGTGCGG","+"
"5",5,"CML322_HB1JCADXX_ACTTGA_read7","MuTIR_1",88.333,120,13,1,27,146,1,119,9.98e-39,143,"CTCGCACAG","+"
"8",8,"CML322_HB1JCADXX_ACTTGA_read11","MuTIR_1",93.684,95,5,1,8,102,1,94,3.59e-38,141,"TCTTCCTGA","-"
"13",13,"CML322_HB1JCADXX_ACTTGA_read17","MuTIR_1",88.288,111,8,3,43,148,1,111,2.79e-34,128,"CAAGGACGC","+"
"16",20,"CML322_HB1JCADXX_ACTTGA_read40","MuTIR_2",90.598,117,11,0,29,145,1,117,1.28e-42,156,"TTAAGGAGG","+"
"17",21,"CML322_HB1JCADXX_ACTTGA_read42","MuTIR_2",91.111,135,10,2,18,151,1,134,2.11e-50,182,"TGCCGCCGC","+"
"18",23,"CML322_HB1JCADXX_ACTTGA_read48","MuTIR_2",90.598,117,11,0,29,145,1,117,1.28e-42,156,"TTAAGGAGG","+"
"19",24,"CML322_HB1JCADXX_ACTTGA_read49","MuTIR_2",89.167,120,13,0,29,148,1,120,5.96e-41,150,"CACGGGTGG","+"
"20",25,"CML322_HB1JCADXX_ACTTGA_read51","MuTIR_2",95.122,82,4,0,46,127,1,82,7.77e-35,130,"CCCAGAGCC","+"
"21",26,"CML322_HB1JCADXX_ACTTGA_read53","MuTIR_2",91.379,116,10,0,24,139,1,116,9.91e-44,159,"AGTTTGAAC","+"
"27",32,"CML322_HB1JCADXX_ACTTGA_read63","MuTIR_2",95.122,82,4,0,27,108,1,82,7.77e-35,130,"GTTAAAACA","-"
"28",39,"CML322_HB1JCADXX_ACTTGA_read79","MuTIR_2",86.747,83,9,2,65,146,1,82,3.67e-23,91.6,"CCTCCTTAA","+"
"30",41,"CML322_HB1JCADXX_ACTTGA_read89","MuTIR_3",97.403,77,2,0,75,151,1,77,2.16e-35,132,"CAAAAGTAG","+"
"31",42,"CML322_HB1JCADXX_ACTTGA_read90","MuTIR_3",97.826,46,1,0,106,151,1,46,7.94e-20,80.5,"AAAAAATGG","+"
"33",45,"CML322_HB1JCADXX_ACTTGA_read93","MuTIR_3",95.833,72,3,0,80,151,1,72,6.05e-31,117,"CCTTGCATT","+"
"35",47,"CML322_HB1JCADXX_ACTTGA_read97","MuTIR_3",92.381,105,6,2,47,151,1,103,2.15e-40,148,"CTATCCTGG","+"
"37",52,"CML322_HB1JCADXX_ACTTGA_read104","MuTIR_3",92.771,83,6,0,66,148,1,83,4.68e-32,121,"CTCCAGGAT","+"
"40",59,"CML322_HB1JCADXX_ACTTGA_read116","MuTIR_4",85.586,111,16,0,41,151,1,111,1.68e-31,119,"GTGACTGAG","+"
"41",60,"CML322_HB1JCADXX_ACTTGA_read118","MuTIR_4",92.308,104,8,0,47,150,1,104,2.15e-40,148,"CATGAGCTG","+"
"42",63,"CML322_HB1JCADXX_ACTTGA_read130","MuTIR_4",87.324,71,9,0,81,151,1,71,2.21e-20,82.4,"GTGTGTGGG","+"
"43",69,"CML322_HB1JCADXX_ACTTGA_read140","MuTIR_5",93.22,59,2,1,95,151,1,59,1.71e-21,86.1,"CGAGACGGC","+"
"45",72,"CML322_HB1JCADXX_ACTTGA_read148","MuTIR_6",98.276,58,1,0,94,151,1,58,1.69e-26,102,"TGCACTATG","+"
"48",75,"CML322_HB1JCADXX_ACTTGA_read152","MuTIR_6",94.203,69,4,0,83,151,1,69,1.31e-27,106,"AGGAGAGGG","+"
"49",76,"CML322_HB1JCADXX_ACTTGA_read153","MuTIR_6",94.737,76,4,0,76,151,1,76,1.68e-31,119,"AGGAGAGGG","+"
"50",77,"CML322_HB1JCADXX_ACTTGA_read154","MuTIR_6",93.182,132,9,0,20,151,1,132,2.72e-54,195,"AGGAGAGGG","+"
"53",88,"CML322_HB1JCADXX_ACTTGA_read173","MuTIR_7",91.262,103,7,2,50,151,1,102,9.98e-39,143,"TACCTAGTT","+"
"54",92,"CML322_HL5WNCCXX_L4_read1","MuTIR_1",95.89,73,2,1,78,150,1,72,6.01e-31,117,"ACTCCAAAC","+"
"55",93,"CML322_HL5WNCCXX_L4_read3","MuTIR_1",96.053,76,2,1,72,147,1,75,1.29e-32,122,"TCCTGGGAG","+"
"56",94,"CML322_HL5WNCCXX_L4_read4","MuTIR_1",91.597,119,9,1,32,150,1,118,7.61e-45,163,"CTCCCAGGA","+"
"57",95,"CML322_HL5WNCCXX_L4_read5","MuTIR_1",95.745,94,3,1,57,150,1,93,5.92e-41,150,"GAGGCTCTC","+"
"58",96,"CML322_HL5WNCCXX_L4_read6","MuTIR_1",97.059,68,1,1,83,150,1,67,7.77e-30,113,"GGAGTGCGG","+"
"60",98,"CML322_HL5WNCCXX_L4_read11","MuTIR_1",96.154,104,3,1,47,150,1,103,1.63e-46,169,"CACAAATAG","+"
"61",99,"CML322_HL5WNCCXX_L4_read12","MuTIR_1",95.122,82,3,1,69,150,1,81,2.77e-34,128,"TCCTGGGAG","+"
"62",100,"CML322_HL5WNCCXX_L4_read13","MuTIR_1",100,34,0,0,117,150,1,34,7.94e-15,63.9,"ACTCCAAAC","+"
"63",101,"CML322_HL5WNCCXX_L4_read14","MuTIR_1",96.471,85,2,1,62,146,1,84,1.28e-37,139,"GCGTCTCGC","+"
"64",102,"CML322_HL5WNCCXX_L4_read15","MuTIR_1",95.041,121,4,2,29,149,1,119,1.25e-52,189,"TATTTGTGG","+"
"65",103,"CML322_HL5WNCCXX_L4_read17","MuTIR_1",100,37,0,0,114,150,1,37,1.71e-16,69.4,"CTCACCGGC","+"
"66",104,"CML322_HL5WNCCXX_L4_read19","MuTIR_1",95,40,2,0,111,150,1,40,7.94e-15,63.9,"GTCGGTCTA","+"
"68",106,"CML322_HL5WNCCXX_L4_read21","MuTIR_1",97.059,68,1,1,83,150,1,67,7.77e-30,113,"GGAGTGCGG","+"
"69",107,"CML322_HL5WNCCXX_L4_read22","MuTIR_1",97.674,86,1,1,65,150,1,85,7.66e-40,147,"GTTGTATTG","+"
"70",108,"CML322_HL5WNCCXX_L4_read23","MuTIR_1",92.623,122,8,1,29,150,1,121,3.51e-48,174,"GCGTCTCGC","+"
"71",109,"CML322_HL5WNCCXX_L4_read25","MuTIR_1",94.574,129,6,1,22,150,1,128,2.09e-55,198,"CAATGAGAT","+"
"72",110,"CML322_HL5WNCCXX_L4_read28","MuTIR_1",94.776,134,6,1,17,150,1,133,3.46e-58,207,"GAGAGCCTC","+"
"73",111,"CML322_HL5WNCCXX_L4_read29","MuTIR_1",95.833,48,2,0,100,147,1,48,2.83e-19,78.7,"GTCGGTCTA","+"
"74",112,"CML322_HL5WNCCXX_L4_read30","MuTIR_1",96.512,86,2,1,63,148,1,85,3.56e-38,141,"CCCACCTTG","+"
"75",113,"CML322_HL5WNCCXX_L4_read31","MuTIR_1",95.122,82,3,1,69,150,1,81,2.77e-34,128,"AGCTCTAGC","+"
"76",114,"CML322_HL5WNCCXX_L4_read34","MuTIR_1",93.684,95,5,1,34,128,1,94,3.56e-38,141,"CTCTCTACC","+"
"77",115,"CML322_HL5WNCCXX_L4_read35","MuTIR_1",96.97,66,1,1,85,150,1,65,1.01e-28,110,"CAATGAGAT","+"
"78",116,"CML322_HL5WNCCXX_L4_read37","MuTIR_1",88.652,141,9,4,15,149,1,140,2.11e-45,165,"GTTTGCAGT","+"
"79",117,"CML322_HL5WNCCXX_L4_read39","MuTIR_1",94.737,95,4,1,20,114,1,94,7.66e-40,147,"TCCTGGGAG","+"
"80",118,"CML322_HL5WNCCXX_L4_read41","MuTIR_1",92.593,135,9,1,16,150,1,134,9.7e-54,193,"CTCTCTTTC","+"
"81",119,"CML322_HL5WNCCXX_L4_read43","MuTIR_1",91.791,134,8,3,15,147,1,132,5.84e-51,183,"GTCGGTCTA","+"
"82",120,"CML322_HL5WNCCXX_L4_read46","MuTIR_1",95.238,42,2,0,109,150,1,42,6.14e-16,67.6,"GTCGGTCTA","+"
"83",121,"CML322_HL5WNCCXX_L4_read48","MuTIR_1",95.349,86,3,1,63,148,1,85,1.66e-36,135,"GAAAGAGAG","+"
"84",122,"CML322_HL5WNCCXX_L4_read49","MuTIR_1",95.238,42,2,0,109,150,1,42,6.14e-16,67.6,"GTCGGTCTA","+"
"85",123,"CML322_HL5WNCCXX_L4_read50","MuTIR_1",94.444,126,6,1,25,150,1,125,9.7e-54,193,"GCGTCTCGC","+"
"86",124,"CML322_HL5WNCCXX_L4_read51","MuTIR_1",94.697,132,6,1,19,150,1,131,4.48e-57,204,"GAAAGAGAG","+"
"87",125,"CML322_HL5WNCCXX_L4_read52","MuTIR_1",95.122,82,3,1,69,150,1,81,2.77e-34,128,"TCCTGGGAG","+"
"88",126,"CML322_HL5WNCCXX_L4_read57","MuTIR_1",92.647,136,9,1,15,150,1,135,2.7e-54,195,"CTCTCTTTC","+"
"89",127,"CML322_HL5WNCCXX_L4_read58","MuTIR_1",94.958,119,5,1,32,150,1,118,1.62e-51,185,"CTCCCAGGA","+"
"90",128,"CML322_HL5WNCCXX_L4_read59","MuTIR_1",95,40,2,0,111,150,1,40,7.94e-15,63.9,"GTCGGTCTA","+"
"91",129,"CML322_HL5WNCCXX_L4_read60","MuTIR_1",94.215,121,6,1,30,150,1,120,5.84e-51,183,"CTCCATCTC","+"
"92",130,"CML322_HL5WNCCXX_L4_read61","MuTIR_1",92.308,130,9,1,21,150,1,129,5.84e-51,183,"GTTGTATTG","+"
"93",131,"CML322_HL5WNCCXX_L4_read62","MuTIR_1",95.652,69,2,1,78,146,1,68,1.01e-28,110,"GGAGTGCGG","+"
"94",132,"CML322_HL5WNCCXX_L4_read64","MuTIR_1",97.059,68,1,1,83,150,1,67,7.77e-30,113,"GGAGTGCGG","+"
"95",133,"CML322_HL5WNCCXX_L4_read65","MuTIR_1",95.556,90,3,1,59,148,1,89,9.91e-39,143,"TAGACCGAC","+"
"96",134,"CML322_HL5WNCCXX_L4_read66","MuTIR_1",97.143,35,1,0,116,150,1,35,1.03e-13,60.2,"CAATGAGAT","+"
"97",135,"CML322_HL5WNCCXX_L4_read67","MuTIR_1",95.122,82,3,1,69,150,1,81,2.77e-34,128,"AGCTCTAGC","+"
"99",137,"CML322_HL5WNCCXX_L4_read70","MuTIR_1",94.737,95,4,1,43,137,1,94,7.66e-40,147,"TCCTGGGAG","+"
"100",138,"CML322_HL5WNCCXX_L4_read71","MuTIR_1",100,43,0,0,108,150,1,43,7.88e-20,80.5,"CTCACCGGC","+"
"101",139,"CML322_HL5WNCCXX_L4_read72","MuTIR_1",94.231,52,2,1,99,150,1,51,2.83e-19,78.7,"CAAGGTGGG","+"
"102",140,"CML322_HL5WNCCXX_L4_read74","MuTIR_1",96.512,86,2,1,63,148,1,85,3.56e-38,141,"CCCACCTTG","+"
"105",143,"CML322_HL5WNCCXX_L4_read77","MuTIR_1",96.25,80,2,1,71,150,1,79,7.71e-35,130,"GGCGTGGGG","+"
"106",144,"CML322_HL5WNCCXX_L4_read80","MuTIR_1",94.565,92,4,1,59,150,1,91,3.56e-38,141,"GCTAGAGCT","+"
"107",145,"CML322_HL5WNCCXX_L4_read81","MuTIR_1",95.122,82,3,1,69,150,1,81,2.77e-34,128,"TCCTGGGAG","+"
"108",146,"CML322_HL5WNCCXX_L4_read83","MuTIR_1",95,40,2,0,111,150,1,40,7.94e-15,63.9,"GTCGGTCTA","+"
"109",147,"CML322_HL5WNCCXX_L4_read84","MuTIR_1",94.737,95,4,1,56,150,1,94,7.66e-40,147,"GAGAGCCTC","+"
"126",164,"CML322_HL5WNCCXX_L4_read108","MuTIR_1",95.575,113,4,1,29,141,1,112,7.55e-50,180,"AAAACACTC","-"
"148",186,"CML322_HL5WNCCXX_L4_read146","MuTIR_1",95.575,113,4,1,29,141,1,112,7.55e-50,180,"AAAACACTC","-"
"151",189,"CML322_HL5WNCCXX_L4_read151","MuTIR_1",94.737,95,4,1,10,104,1,94,7.66e-40,147,"TTTTCCTAA","-"
"167",205,"CML322_HL5WNCCXX_L4_read168","MuTIR_1",95.575,113,4,1,29,141,1,112,7.55e-50,180,"AAAACACTC","-"
"168",210,"CML322_HL5WNCCXX_L4_read184","MuTIR_1",93.396,106,6,1,45,150,1,105,1.27e-42,156,"GCCGGTGAG","+"
"171",254,"CML322_HL5WNCCXX_L4_read300","MuTIR_1",87.05,139,14,3,12,150,1,135,4.58e-42,154,"GGGAGACGG","+"
"172",281,"CML322_HL5WNCCXX_L4_read370","MuTIR_2",93.798,129,8,0,15,143,1,129,2.7e-54,195,"CCCAGAGCC","+"
"173",282,"CML322_HL5WNCCXX_L4_read373","MuTIR_2",95.082,61,3,0,90,150,1,61,7.82e-25,97.1,"CCGTCTGCG","+"
"174",283,"CML322_HL5WNCCXX_L4_read375","MuTIR_2",94.574,129,7,0,20,148,1,129,5.8e-56,200,"GCGCCAGGG","+"
"175",284,"CML322_HL5WNCCXX_L4_read378","MuTIR_2",93.023,86,6,0,64,149,1,86,9.98e-34,126,"TGAAGTAAT","+"
"176",285,"CML322_HL5WNCCXX_L4_read382","MuTIR_2",95.37,108,5,0,42,149,1,108,1.26e-47,172,"GCGCCAGGG","+"
"177",286,"CML322_HL5WNCCXX_L4_read386","MuTIR_2",92.537,67,5,0,76,142,1,67,7.82e-25,97.1,"ACCCAACTG","+"
"178",287,"CML322_HL5WNCCXX_L4_read388","MuTIR_2",93.798,129,8,0,13,141,1,129,2.7e-54,195,"CCCAGAGCC","+"
"179",288,"CML322_HL5WNCCXX_L4_read390","MuTIR_2",92.248,129,10,0,13,141,1,129,5.84e-51,183,"CCCAGAGCC","+"
"180",289,"CML322_HL5WNCCXX_L4_read391","MuTIR_2",93.798,129,8,0,20,148,1,129,2.7e-54,195,"CCCAGAGCC","+"
"181",290,"CML322_HL5WNCCXX_L4_read393","MuTIR_2",93.6,125,8,0,26,150,1,125,4.51e-52,187,"TTCCTCGCC","+"
"183",292,"CML322_HL5WNCCXX_L4_read395","MuTIR_2",96.296,54,2,0,97,150,1,54,1.31e-22,89.8,"CCCAGAGCC","+"
"184",293,"CML322_HL5WNCCXX_L4_read397","MuTIR_2",97.297,74,2,0,77,150,1,74,9.98e-34,126,"GCGCCAGGG","+"
"185",294,"CML322_HL5WNCCXX_L4_read400","MuTIR_2",93.878,98,6,0,53,150,1,98,2.13e-40,148,"CCCAGAGCC","+"
"186",295,"CML322_HL5WNCCXX_L4_read402","MuTIR_2",91.379,116,10,0,27,142,1,116,9.84e-44,159,"AGTTTGAAC","+"
"187",296,"CML322_HL5WNCCXX_L4_read403","MuTIR_2",95.238,63,3,0,88,150,1,63,6.05e-26,100,"CCCTGGCGC","+"
"188",297,"CML322_HL5WNCCXX_L4_read404","MuTIR_2",95.238,63,3,0,88,150,1,63,6.05e-26,100,"CCCTGGCGC","+"
"190",299,"CML322_HL5WNCCXX_L4_read406","MuTIR_2",94.286,105,6,0,46,150,1,105,2.74e-44,161,"CCGTCTGCG","+"
"191",300,"CML322_HL5WNCCXX_L4_read407","MuTIR_2",96.226,53,2,0,96,148,1,53,4.71e-22,87.9,"TTCCTCGCC","+"
"192",301,"CML322_HL5WNCCXX_L4_read408","MuTIR_2",84.375,128,20,0,21,148,1,128,9.98e-34,126,"GGAGAAGTG","+"
"193",302,"CML322_HL5WNCCXX_L4_read416","MuTIR_2",95.37,108,5,0,42,149,1,108,1.26e-47,172,"GCGCCAGGG","+"
"194",303,"CML322_HL5WNCCXX_L4_read420","MuTIR_2",90.09,111,11,0,40,150,1,111,2.76e-39,145,"CCTAGCCGA","+"
"195",304,"CML322_HL5WNCCXX_L4_read421","MuTIR_2",94.118,102,6,0,49,150,1,102,1.27e-42,156,"CCCAGAGCC","+"
"196",305,"CML322_HL5WNCCXX_L4_read425","MuTIR_2",91.463,82,7,0,64,145,1,82,7.77e-30,113,"ATCCACCAC","+"
"197",306,"CML322_HL5WNCCXX_L4_read427","MuTIR_2",91.379,116,10,0,27,142,1,116,9.84e-44,159,"AGTTTGAAC","+"
"199",308,"CML322_HL5WNCCXX_L4_read434","MuTIR_2",89.167,120,13,0,31,150,1,120,5.92e-41,150,"GGCTCTGGG","+"
"200",309,"CML322_HL5WNCCXX_L4_read436","MuTIR_2",95.37,108,5,0,42,149,1,108,1.26e-47,172,"GCGCCAGGG","+"
"202",311,"CML322_HL5WNCCXX_L4_read440","MuTIR_2",93.798,129,8,0,16,144,1,129,2.7e-54,195,"CCCAGAGCC","+"
"203",312,"CML322_HL5WNCCXX_L4_read442","MuTIR_2",93.798,129,8,0,13,141,1,129,2.7e-54,195,"CCCAGAGCC","+"
"204",313,"CML322_HL5WNCCXX_L4_read443","MuTIR_2",88.281,128,15,0,13,140,1,128,4.58e-42,154,"ACCCAACTG","+"
"206",315,"CML322_HL5WNCCXX_L4_read445","MuTIR_2",93.548,62,4,0,89,150,1,62,1.01e-23,93.5,"TTAAGGAGG","+"
"225",334,"CML322_HL5WNCCXX_L4_read495","MuTIR_2",93.798,129,8,0,4,132,1,129,2.7e-54,195,"CGGATAGAA","-"
"233",387,"CML322_HL5WNCCXX_L4_read653","MuTIR_3",93.22,118,8,0,32,149,1,118,3.51e-48,174,"CACAAAAAC","+"
"236",390,"CML322_HL5WNCCXX_L4_read656","MuTIR_3",95.122,41,2,0,110,150,1,41,2.21e-15,65.8,"CAAAAGTAG","+"
"237",391,"CML322_HL5WNCCXX_L4_read657","MuTIR_3",92.208,77,4,2,75,150,1,76,3.61e-28,108,"CCCTGCGAG","+"
"238",392,"CML322_HL5WNCCXX_L4_read659","MuTIR_3",97.143,35,1,0,116,150,1,35,1.03e-13,60.2,"CTCGGAGGG","+"
"239",393,"CML322_HL5WNCCXX_L4_read661","MuTIR_3",87.387,111,10,3,42,150,1,109,3.59e-33,124,"CTCACTCAC","+"
"241",395,"CML322_HL5WNCCXX_L4_read664","MuTIR_3",87.931,116,10,3,33,146,1,114,5.96e-36,134,"CTCACTCAC","+"
"242",396,"CML322_HL5WNCCXX_L4_read665","MuTIR_3",96.154,52,2,0,92,143,1,52,1.69e-21,86.1,"CCCTGCGAG","+"
"243",397,"CML322_HL5WNCCXX_L4_read666","MuTIR_3",93.22,118,8,0,32,149,1,118,3.51e-48,174,"CACAAAAAC","+"
"244",398,"CML322_HL5WNCCXX_L4_read667","MuTIR_3",93.985,133,8,0,17,149,1,133,1.61e-56,202,"TCCTACAGG","+"
"245",399,"CML322_HL5WNCCXX_L4_read668","MuTIR_3",92.537,67,3,2,85,150,1,66,2.81e-24,95.3,"CATATGTAC","+"
"246",400,"CML322_HL5WNCCXX_L4_read669","MuTIR_3",96.154,52,2,0,92,143,1,52,1.69e-21,86.1,"CCCTGCGAG","+"
"247",401,"CML322_HL5WNCCXX_L4_read670","MuTIR_3",92.208,77,4,2,75,150,1,76,3.61e-28,108,"CCCTGCGAG","+"
"248",402,"CML322_HL5WNCCXX_L4_read671","MuTIR_3",93.985,133,8,0,18,150,1,133,1.61e-56,202,"AAAAAATGG","+"
"249",403,"CML322_HL5WNCCXX_L4_read673","MuTIR_3",92.481,133,10,0,17,149,1,133,3.49e-53,191,"TCCTACAGG","+"
"269",427,"CML322_HL5WNCCXX_L4_read715","MuTIR_3",95.833,72,3,0,79,150,1,72,6.01e-31,117,"CCTTGCATT","+"
"270",428,"CML322_HL5WNCCXX_L4_read716","MuTIR_3",91.463,82,6,1,68,149,1,81,2.79e-29,111,"CCTACAATG","+"
"271",429,"CML322_HL5WNCCXX_L4_read718","MuTIR_3",95.833,72,3,0,79,150,1,72,6.01e-31,117,"CCTTGCATT","+"
"272",430,"CML322_HL5WNCCXX_L4_read720","MuTIR_3",91.473,129,11,0,16,144,1,129,2.72e-49,178,"CCTACAATG","+"
"278",436,"CML322_HL5WNCCXX_L4_read730","MuTIR_3",94.958,119,6,0,32,150,1,119,4.51e-52,187,"CCGCGCAGA","+"
"279",437,"CML322_HL5WNCCXX_L4_read731","MuTIR_3",94.915,118,6,0,30,147,1,118,1.62e-51,185,"TCTGCGCGG","+"
"280",438,"CML322_HL5WNCCXX_L4_read733","MuTIR_3",90.226,133,11,2,13,145,1,131,1.26e-47,172,"CTATCCTGG","+"
"281",439,"CML322_HL5WNCCXX_L4_read734","MuTIR_3",90.226,133,11,2,13,145,1,131,1.26e-47,172,"CTATCCTGG","+"
"282",440,"CML322_HL5WNCCXX_L4_read735","MuTIR_3",95,120,6,0,17,136,1,120,1.25e-52,189,"CCGCGCAGA","+"
"283",441,"CML322_HL5WNCCXX_L4_read737","MuTIR_3",92.079,101,8,0,47,147,1,101,9.91e-39,143,"TTCGCCCGC","+"
"284",442,"CML322_HL5WNCCXX_L4_read740","MuTIR_3",94.521,73,4,0,78,150,1,73,7.77e-30,113,"TCTGCGCGG","+"
"285",443,"CML322_HL5WNCCXX_L4_read742","MuTIR_3",93.333,60,4,0,91,150,1,60,1.31e-22,89.8,"GACCCTTTG","+"
"286",444,"CML322_HL5WNCCXX_L4_read743","MuTIR_3",94.203,69,4,0,82,150,1,69,1.3e-27,106,"GACCCTTTG","+"
"287",445,"CML322_HL5WNCCXX_L4_read744","MuTIR_3",94.958,119,6,0,32,150,1,119,4.51e-52,187,"CCGCGCAGA","+"
"288",446,"CML322_HL5WNCCXX_L4_read745","MuTIR_3",94.958,119,6,0,32,150,1,119,4.51e-52,187,"CCGCGCAGA","+"
"289",447,"CML322_HL5WNCCXX_L4_read748","MuTIR_3",94.915,118,6,0,30,147,1,118,1.62e-51,185,"TCTGCGCGG","+"
"290",448,"CML322_HL5WNCCXX_L4_read753","MuTIR_3",90.226,133,13,0,16,148,1,133,3.51e-48,174,"TTCGCCCGC","+"
"291",450,"CML322_HL5WNCCXX_L4_read755","MuTIR_3",93.878,98,6,0,53,150,1,98,2.13e-40,148,"GGCAGGAGG","+"
"307",513,"CML322_HL5WNCCXX_L4_read870","MuTIR_4",86.154,130,18,0,10,139,1,130,9.91e-39,143,"GTGACTGAG","+"
"308",514,"CML322_HL5WNCCXX_L4_read871","MuTIR_4",95.161,62,3,0,89,150,1,62,2.18e-25,99,"GCTTCGGCG","+"
"309",515,"CML322_HL5WNCCXX_L4_read875","MuTIR_4",86.154,130,18,0,10,139,1,130,9.91e-39,143,"GTGACTGAG","+"
"310",516,"CML322_HL5WNCCXX_L4_read877","MuTIR_4",93.846,130,8,0,21,150,1,130,2.09e-55,198,"GAGAGCGGT","+"
"311",517,"CML322_HL5WNCCXX_L4_read878","MuTIR_4",93.333,120,8,0,22,141,1,120,7.55e-50,180,"GCAAGAGAG","+"
"312",518,"CML322_HL5WNCCXX_L4_read879","MuTIR_4",95.652,46,2,0,99,144,1,46,3.67e-18,75,"CGGCCACCG","+"
"313",519,"CML322_HL5WNCCXX_L4_read881","MuTIR_4",90,120,12,0,17,136,1,120,3.54e-43,158,"GCTTCGGCG","+"
"314",520,"CML322_HL5WNCCXX_L4_read883","MuTIR_4",88.462,130,15,0,19,148,1,130,9.84e-44,159,"GAATGGTGC","+"
"315",521,"CML322_HL5WNCCXX_L4_read885","MuTIR_4",89.61,77,8,0,71,147,1,77,2.18e-25,99,"GTGCCTGTC","+"
"316",522,"CML322_HL5WNCCXX_L4_read887","MuTIR_4",86.154,130,18,0,10,139,1,130,9.91e-39,143,"GTGACTGAG","+"
"317",523,"CML322_HL5WNCCXX_L4_read890","MuTIR_4",90,120,12,0,17,136,1,120,3.54e-43,158,"GCTTCGGCG","+"
"318",524,"CML322_HL5WNCCXX_L4_read892","MuTIR_4",89.256,121,13,0,28,148,1,121,4.58e-42,154,"CGGCCCGTG","+"
"319",525,"CML322_HL5WNCCXX_L4_read893","MuTIR_4",93.023,129,9,0,11,139,1,129,3.49e-53,191,"CCGAAGACT","+"
"320",526,"CML322_HL5WNCCXX_L4_read894","MuTIR_4",95.161,62,3,0,89,150,1,62,2.18e-25,99,"GCTTCGGCG","+"
"321",527,"CML322_HL5WNCCXX_L4_read895","MuTIR_4",93.333,120,8,0,22,141,1,120,7.55e-50,180,"GCAAGAGAG","+"
"323",529,"CML322_HL5WNCCXX_L4_read898","MuTIR_4",87.857,140,17,0,11,150,1,140,5.88e-46,167,"GCCATTAAG","+"
"328",534,"CML322_HL5WNCCXX_L4_read907","MuTIR_4",86.154,130,18,0,9,138,1,130,9.91e-39,143,"CTGCAGATA","-"
"329",535,"CML322_HL5WNCCXX_L4_read908","MuTIR_4",87.597,129,16,0,11,139,1,129,1.65e-41,152,"ACTGAGATC","-"
"335",541,"CML322_HL5WNCCXX_L4_read924","MuTIR_4",84.685,111,17,0,15,125,1,111,7.77e-30,113,"ATGGATTCT","-"
"343",566,"CML322_HL5WNCCXX_L4_read971","MuTIR_4",90.909,44,4,0,107,150,1,44,1.03e-13,60.2,"GCCATTAAG","+"
"344",571,"CML322_HL5WNCCXX_L4_read996","MuTIR_5",90.123,81,6,1,72,150,1,81,1.3e-27,106,"GCTGCAGGA","+"
"345",572,"CML322_HL5WNCCXX_L4_read998","MuTIR_5",92.308,78,4,1,74,149,1,78,2.79e-29,111,"CGAGACGGC","+"
"351",578,"CML322_HL5WNCCXX_L4_read1052","MuTIR_6",98.214,56,1,0,95,150,1,56,2.18e-25,99,"TGCACTACA","+"
"352",579,"CML322_HL5WNCCXX_L4_read1053","MuTIR_6",96.97,66,2,0,85,150,1,66,2.79e-29,111,"TGCACTATG","+"
"353",580,"CML322_HL5WNCCXX_L4_read1057","MuTIR_6",98.148,54,1,0,97,150,1,54,2.81e-24,95.3,"TGCACTACG","+"
"354",581,"CML322_HL5WNCCXX_L4_read1059","MuTIR_6",98.148,54,1,0,97,150,1,54,2.81e-24,95.3,"TGCACTACG","+"
"360",590,"CML322_HL5WNCCXX_L4_read1074","MuTIR_6",97.917,48,1,0,103,150,1,48,6.09e-21,84.2,"ATGCAGATG","+"
"361",591,"CML322_HL5WNCCXX_L4_read1075","MuTIR_6",91.729,133,11,0,18,150,1,133,1.62e-51,185,"AGGAGAGGG","+"
"363",593,"CML322_HL5WNCCXX_L4_read1077","MuTIR_6",95.652,69,3,0,82,150,1,69,2.79e-29,111,"AGGAGAGGG","+"
"365",595,"CML322_HL5WNCCXX_L4_read1081","MuTIR_6",96.552,116,4,0,30,145,1,116,9.7e-54,193,"CCGTAGATC","+"
"366",596,"CML322_HL5WNCCXX_L4_read1082","MuTIR_6",96.552,116,4,0,30,145,1,116,9.7e-54,193,"CCGTAGATC","+"
"368",598,"CML322_HL5WNCCXX_L4_read1085","MuTIR_6",92.248,129,10,0,22,150,1,129,5.84e-51,183,"AGGAGAGGG","+"
"369",599,"CML322_HL5WNCCXX_L4_read1088","MuTIR_6",95.833,96,4,0,55,150,1,96,1.27e-42,156,"AGGAGAGGG","+"
"370",600,"CML322_HL5WNCCXX_L4_read1089","MuTIR_6",93.103,87,5,1,62,147,1,87,9.98e-34,126,"ATGCAGATG","+"
"371",601,"CML322_HL5WNCCXX_L4_read1090","MuTIR_6",96.203,79,3,0,72,150,1,79,7.71e-35,130,"AGGAGAGGG","+"
"386",676,"CML322_HFFGKADXX_ACTTGA_read1","MuTIR_1",96.61,59,1,1,93,151,1,58,7.88e-25,97.1,"CAATGAGAT","+"
"387",677,"CML322_HFFGKADXX_ACTTGA_read2","MuTIR_1",93.421,76,4,1,73,148,1,75,2.81e-29,111,"CTCTCTACC","+"
"388",678,"CML322_HFFGKADXX_ACTTGA_read3","MuTIR_1",96.512,86,2,1,64,149,1,85,3.59e-38,141,"GAGGCTCTC","+"
"389",679,"CML322_HFFGKADXX_ACTTGA_read5","MuTIR_1",94.872,78,3,1,74,151,1,77,4.68e-32,121,"CAAGGTGGG","+"
"390",680,"CML322_HFFGKADXX_ACTTGA_read6","MuTIR_1",93.617,94,5,1,24,117,1,93,1.29e-37,139,"AGCTCTAGC","+"
"391",681,"CML322_HFFGKADXX_ACTTGA_read7","MuTIR_1",96.429,56,1,1,96,151,1,55,3.67e-23,91.6,"ACTCCAAAC","+"
"392",682,"CML322_HFFGKADXX_ACTTGA_read8","MuTIR_1",97.826,46,1,0,106,151,1,46,7.94e-20,80.5,"GCTAGAGCT","+"
"393",683,"CML322_HFFGKADXX_ACTTGA_read9","MuTIR_1",94.444,126,6,1,26,151,1,125,9.77e-54,193,"GCGTCTCGC","+"
"394",684,"CML322_HFFGKADXX_ACTTGA_read10","MuTIR_1",92.593,54,3,1,98,151,1,53,1.03e-18,76.8,"CTCCCAGGA","+"
"407",707,"CML322_HFFGKADXX_ACTTGA_read46","MuTIR_1",86.331,139,15,3,13,151,1,135,2.15e-40,148,"GGGAGACGG","+"
"408",714,"CML322_HFFGKADXX_ACTTGA_read60","MuTIR_2",94.118,68,4,0,84,151,1,68,4.71e-27,104,"TGCCGCCGC","+"
"409",715,"CML322_HFFGKADXX_ACTTGA_read61","MuTIR_2",88.776,98,11,0,52,149,1,98,4.68e-32,121,"GTAGCTACT","+"
"410",716,"CML322_HFFGKADXX_ACTTGA_read65","MuTIR_2",91.852,135,9,2,10,143,1,134,4.55e-52,187,"TGCCGCCGC","+"
"411",717,"CML322_HFFGKADXX_ACTTGA_read66","MuTIR_2",97.222,36,1,0,116,151,1,36,2.87e-14,62.1,"TTCCTCGCC","+"
"413",719,"CML322_HFFGKADXX_ACTTGA_read70","MuTIR_2",95.522,67,3,0,85,151,1,67,3.64e-28,108,"CCGTCTGCG","+"
"414",720,"CML322_HFFGKADXX_ACTTGA_read73","MuTIR_2",91.589,107,9,0,45,151,1,107,2.15e-40,148,"TCCAACGAG","+"
"415",721,"CML322_HFFGKADXX_ACTTGA_read77","MuTIR_2",91.463,82,7,0,70,151,1,82,7.83e-30,113,"CACGGGTGG","+"
"424",746,"CML322_HFFGKADXX_ACTTGA_read125","MuTIR_3",95.385,65,3,0,87,151,1,65,4.71e-27,104,"TTGACAGGT","+"
"425",747,"CML322_HFFGKADXX_ACTTGA_read126","MuTIR_3",91.176,136,8,4,10,143,1,134,2.11e-50,182,"CATATGTAC","+"
"428",751,"CML322_HFFGKADXX_ACTTGA_read138","MuTIR_3",95.495,111,5,0,38,148,1,111,2.74e-49,178,"GACCCTTTG","+"
"429",752,"CML322_HFFGKADXX_ACTTGA_read140","MuTIR_3",94.595,74,4,0,78,151,1,74,2.18e-30,115,"GACCCTTTG","+"
"435",759,"CML322_HFFGKADXX_ACTTGA_read150","MuTIR_3",91.852,135,11,0,17,151,1,135,1.26e-52,189,"CTCCAGGAT","+"
"437",775,"CML322_HFFGKADXX_ACTTGA_read176","MuTIR_4",91.379,116,9,1,37,151,1,116,9.91e-44,159,"CATGAGCTG","+"
"438",776,"CML322_HFFGKADXX_ACTTGA_read177","MuTIR_4",90.698,86,8,0,49,134,1,86,2.18e-30,115,"GTGACTGAG","+"
"440",778,"CML322_HFFGKADXX_ACTTGA_read185","MuTIR_4",86.17,94,12,1,58,151,1,93,6.09e-26,100,"AGCGACGAG","+"
"443",785,"CML322_HFFGKADXX_ACTTGA_read198","MuTIR_5",89.437,142,13,1,12,151,1,142,7.61e-50,180,"GCTGCAGGA","+"
"444",786,"CML322_HFFGKADXX_ACTTGA_read210","MuTIR_6",94.845,97,5,0,21,117,1,97,1.66e-41,152,"TGCACTATG","+"
"446",788,"CML322_HFFGKADXX_ACTTGA_read215","MuTIR_6",94.615,130,7,0,22,151,1,130,1.62e-56,202,"AGGAGAGGG","+"
"447",789,"CML322_HFFGKADXX_ACTTGA_read217","MuTIR_6",96,100,4,0,52,151,1,100,7.66e-45,163,"AGGAGAGGG","+"
"448",790,"CML322_HFFGKADXX_ACTTGA_read218","MuTIR_6",96.117,103,4,0,49,151,1,103,1.65e-46,169,"AGGAGAGGG","+"
