"","X","qname","sname","percent_identity","alignment_length","mismatches","gap_opens","q_start","q_end","s_start","s_end","evalue","bit_score","tsds","strand"
"1",1,"CML77_HLC27CCXX_L1_read3","MuTIR_1",95.522,67,2,1,84,150,1,66,1.3e-27,106,"GTCGCCAGC","+"
"2",2,"CML77_HLC27CCXX_L1_read5","MuTIR_1",95.96,99,3,1,52,150,1,98,9.84e-44,159,"GAGAGCCTC","+"
"3",3,"CML77_HLC27CCXX_L1_read7","MuTIR_1",93.684,95,5,1,42,136,1,94,3.56e-38,141,"GCTGGCGAC","+"
"4",4,"CML77_HLC27CCXX_L1_read10","MuTIR_1",97.917,48,1,0,103,150,1,48,6.09e-21,84.2,"GGAGTGCGG","+"
"5",5,"CML77_HLC27CCXX_L1_read12","MuTIR_1",98.529,68,0,1,83,150,1,67,1.67e-31,119,"GAGGCTCTC","+"
"6",6,"CML77_HLC27CCXX_L1_read13","MuTIR_1",97.5,40,1,0,111,150,1,40,1.71e-16,69.4,"GAAAGAGAG","+"
"7",7,"CML77_HLC27CCXX_L1_read15","MuTIR_1",95.789,95,3,1,14,108,1,94,1.65e-41,152,"CAAGGTGGG","+"
"8",8,"CML77_HLC27CCXX_L1_read16","MuTIR_1",95.789,95,3,1,14,108,1,94,1.65e-41,152,"CAAGGTGGG","+"
"9",9,"CML77_HLC27CCXX_L1_read18","MuTIR_1",100,37,0,0,114,150,1,37,1.71e-16,69.4,"GAGGCTCTC","+"
"10",10,"CML77_HLC27CCXX_L1_read20","MuTIR_1",94.118,85,4,1,66,150,1,84,2.77e-34,128,"GCTGGCGAC","+"
"11",11,"CML77_HLC27CCXX_L1_read21","MuTIR_1",100,37,0,0,114,150,1,37,1.71e-16,69.4,"GAGGCTCTC","+"
"12",12,"CML77_HLC27CCXX_L1_read23","MuTIR_1",97.917,48,1,0,101,148,1,48,6.09e-21,84.2,"CCGCACTCC","+"
"13",13,"CML77_HLC27CCXX_L1_read26","MuTIR_1",95.238,84,3,1,67,150,1,83,2.15e-35,132,"CCTTCCCTT","+"
"14",14,"CML77_HLC27CCXX_L1_read27","MuTIR_1",98.387,62,0,1,88,149,1,61,3.61e-28,108,"GTTGACCGG","+"
"15",15,"CML77_HLC27CCXX_L1_read28","MuTIR_1",96.429,84,2,1,67,150,1,83,4.61e-37,137,"GTCGCCAGC","+"
"16",16,"CML77_HLC27CCXX_L1_read30","MuTIR_1",93.478,138,7,2,14,150,1,137,4.48e-57,204,"CATCCAAAC","+"
"17",17,"CML77_HLC27CCXX_L1_read34","MuTIR_1",96.183,131,4,1,17,147,1,130,7.45e-60,213,"GTTGACCGG","+"
"18",18,"CML77_HLC27CCXX_L1_read35","MuTIR_1",95.556,45,2,0,106,150,1,45,1.32e-17,73.1,"GTCTCGGGC","+"
"19",19,"CML77_HLC27CCXX_L1_read36","MuTIR_1",91.608,143,9,3,10,150,1,142,2.7e-54,195,"CTTTGAGAG","+"
"20",20,"CML77_HLC27CCXX_L1_read37","MuTIR_1",95.556,45,2,0,106,150,1,45,1.32e-17,73.1,"GTCTCGGGC","+"
"21",21,"CML77_HLC27CCXX_L1_read38","MuTIR_1",95.789,95,3,1,33,127,1,94,1.65e-41,152,"CAAGGTGGG","+"
"22",22,"CML77_HLC27CCXX_L1_read39","MuTIR_1",93.878,98,5,1,53,150,1,97,7.66e-40,147,"AAGGGAAGG","+"
"23",23,"CML77_HLC27CCXX_L1_read40","MuTIR_1",95.745,47,2,0,104,150,1,47,1.02e-18,76.8,"CCCACCTTG","+"
"24",24,"CML77_HLC27CCXX_L1_read43","MuTIR_1",96.203,79,2,1,55,133,1,78,2.77e-34,128,"GAGGCTCTC","+"
"26",26,"CML77_HLC27CCXX_L1_read46","MuTIR_1",94.531,128,6,1,23,150,1,127,7.5e-55,196,"CCGCACTCC","+"
"27",27,"CML77_HLC27CCXX_L1_read47","MuTIR_1",91.608,143,9,3,10,150,1,142,2.7e-54,195,"CTTTGAGAG","+"
"28",28,"CML77_HLC27CCXX_L1_read49","MuTIR_1",94.118,136,7,1,15,150,1,135,1.25e-57,206,"TTCGGCAGG","+"
"29",29,"CML77_HLC27CCXX_L1_read50","MuTIR_1",97.917,48,1,0,98,145,1,48,6.09e-21,84.2,"CCGCACTCC","+"
"30",30,"CML77_HLC27CCXX_L1_read51","MuTIR_1",98.529,68,0,1,83,150,1,67,1.67e-31,119,"GAGGCTCTC","+"
"31",31,"CML77_HLC27CCXX_L1_read55","MuTIR_1",98.75,80,0,1,71,150,1,79,3.56e-38,141,"CCGGTCAAC","+"
"32",32,"CML77_HLC27CCXX_L1_read56","MuTIR_1",97,100,2,1,45,144,1,99,5.88e-46,167,"CATCCAAAC","+"
"33",33,"CML77_HLC27CCXX_L1_read60","MuTIR_1",97.727,44,1,0,107,150,1,44,1.02e-18,76.8,"GGAGTGCGG","+"
"34",34,"CML77_HLC27CCXX_L1_read61","MuTIR_1",96.154,78,2,1,73,150,1,77,9.98e-34,126,"GTCGCCAGC","+"
"35",35,"CML77_HLC27CCXX_L1_read62","MuTIR_1",96.429,84,2,1,67,150,1,83,4.61e-37,137,"GTCGCCAGC","+"
"36",36,"CML77_HLC27CCXX_L1_read63","MuTIR_1",94.915,59,2,1,92,150,1,58,3.64e-23,91.6,"GTTGACCGG","+"
"38",38,"CML77_HLC27CCXX_L1_read65","MuTIR_1",95.294,85,3,1,64,148,1,84,5.96e-36,134,"GTTTCAAGA","+"
"39",39,"CML77_HLC27CCXX_L1_read67","MuTIR_1",90.598,117,4,3,40,150,1,116,2.13e-40,148,"GTTTGCAGT","+"
"40",40,"CML77_HLC27CCXX_L1_read68","MuTIR_1",91.935,124,8,2,21,143,1,123,1.26e-47,172,"CTTTGAGAG","+"
"41",41,"CML77_HLC27CCXX_L1_read69","MuTIR_1",90.756,119,10,1,31,149,1,118,3.54e-43,158,"CTATGAAAG","+"
"42",42,"CML77_HLC27CCXX_L1_read70","MuTIR_1",95.413,109,4,1,42,150,1,108,1.26e-47,172,"CATCCAAAC","+"
"43",43,"CML77_HLC27CCXX_L1_read71","MuTIR_1",95.294,85,3,1,62,146,1,84,5.96e-36,134,"GTTTCAAGA","+"
"44",44,"CML77_HLC27CCXX_L1_read76","MuTIR_1",93.651,126,6,2,22,147,1,124,4.51e-52,187,"GTCGCCAGC","+"
"45",45,"CML77_HLC27CCXX_L1_read77","MuTIR_1",91.525,118,5,2,32,144,1,118,3.54e-43,158,"GTTTGCAGT","+"
"46",46,"CML77_HLC27CCXX_L1_read80","MuTIR_1",95.833,120,4,1,30,149,1,119,9.7e-54,193,"CATCCAAAC","+"
"47",47,"CML77_HLC27CCXX_L1_read84","MuTIR_1",91.525,59,4,1,66,124,1,58,7.88e-20,80.5,"GTTTGCAGT","+"
"49",49,"CML77_HLC27CCXX_L1_read86","MuTIR_1",95.789,95,3,1,39,133,1,94,1.65e-41,152,"CAAGGTGGG","+"
"50",50,"CML77_HLC27CCXX_L1_read90","MuTIR_1",93.75,48,3,0,103,150,1,48,1.32e-17,73.1,"GCTGGCGAC","+"
"101",101,"CML77_HLC27CCXX_L1_read177","MuTIR_1",95.789,95,3,1,41,135,1,94,1.65e-41,152,"TCTTTCTGA","-"
"103",103,"CML77_HLC27CCXX_L1_read180","MuTIR_1",93.684,95,5,1,19,113,1,94,3.56e-38,141,"TCTTCCTGA","-"
"107",185,"CML77_HLC27CCXX_L1_read377","MuTIR_2",94.872,39,2,0,112,150,1,39,2.85e-14,62.1,"AGCAGGGAA","+"
"108",186,"CML77_HLC27CCXX_L1_read378","MuTIR_2",89.796,98,10,0,53,150,1,98,9.98e-34,126,"CTACTCGGT","+"
"109",187,"CML77_HLC27CCXX_L1_read380","MuTIR_2",97.015,67,2,0,83,149,1,67,7.77e-30,113,"TTCCTCGCC","+"
"110",188,"CML77_HLC27CCXX_L1_read381","MuTIR_2",90.291,103,10,0,48,150,1,103,1.66e-36,135,"CCACGTGCG","+"
"111",189,"CML77_HLC27CCXX_L1_read382","MuTIR_2",94.964,139,7,0,12,150,1,139,1.6e-61,219,"TTCCCTGCC","+"
"112",190,"CML77_HLC27CCXX_L1_read383","MuTIR_2",91.346,104,9,0,47,150,1,104,9.91e-39,143,"ACAGACTCC","+"
"113",191,"CML77_HLC27CCXX_L1_read385","MuTIR_2",93.966,116,7,0,33,148,1,116,9.77e-49,176,"AGCAGGGAA","+"
"114",192,"CML77_HLC27CCXX_L1_read387","MuTIR_2",92.982,57,4,0,89,145,1,57,6.09e-21,84.2,"CCACGTGCG","+"
"115",193,"CML77_HLC27CCXX_L1_read388","MuTIR_2",94.444,108,6,0,40,147,1,108,5.88e-46,167,"CCCAGAGCC","+"
"116",194,"CML77_HLC27CCXX_L1_read389","MuTIR_2",96.591,88,3,0,63,150,1,88,7.66e-40,147,"CGCGCGTGG","+"
"117",195,"CML77_HLC27CCXX_L1_read390","MuTIR_2",96.296,54,2,0,97,150,1,54,1.31e-22,89.8,"CCCAGAGCC","+"
"118",196,"CML77_HLC27CCXX_L1_read392","MuTIR_2",95,40,2,0,111,150,1,40,7.94e-15,63.9,"AGCAGGGAA","+"
"119",197,"CML77_HLC27CCXX_L1_read394","MuTIR_2",97.403,77,2,0,72,148,1,77,2.15e-35,132,"TTCCCTGCC","+"
"120",198,"CML77_HLC27CCXX_L1_read395","MuTIR_2",86.957,92,12,0,59,150,1,92,4.68e-27,104,"GGAGAAGTG","+"
"121",199,"CML77_HLC27CCXX_L1_read396","MuTIR_2",93.75,64,4,0,56,119,1,64,7.82e-25,97.1,"GCGACCTCC","+"
"122",200,"CML77_HLC27CCXX_L1_read398","MuTIR_2",92.233,103,6,2,47,148,1,102,2.76e-39,145,"TGCCGCCGC","+"
"123",201,"CML77_HLC27CCXX_L1_read399","MuTIR_2",91.971,137,9,2,12,147,1,136,3.49e-53,191,"TCTATCAGT","+"
"124",202,"CML77_HLC27CCXX_L1_read401","MuTIR_2",92.857,98,7,0,53,150,1,98,9.91e-39,143,"ATAAAAGCA","+"
"125",203,"CML77_HLC27CCXX_L1_read404","MuTIR_2",96.591,88,3,0,60,147,1,88,7.66e-40,147,"TTCCTCGCC","+"
"126",204,"CML77_HLC27CCXX_L1_read405","MuTIR_2",86.916,107,14,0,38,144,1,107,4.64e-32,121,"ATCCACCAC","+"
"127",205,"CML77_HLC27CCXX_L1_read407","MuTIR_2",95,40,2,0,111,150,1,40,7.94e-15,63.9,"AGCAGGGAA","+"
"128",206,"CML77_HLC27CCXX_L1_read408","MuTIR_2",95.946,74,3,0,77,150,1,74,4.64e-32,121,"CCCAGAGCC","+"
"129",207,"CML77_HLC27CCXX_L1_read409","MuTIR_2",97.368,38,1,0,113,150,1,38,2.21e-15,65.8,"TTCCCTGCC","+"
"130",208,"CML77_HLC27CCXX_L1_read410","MuTIR_2",95.122,82,3,1,70,150,1,82,2.77e-34,128,"AGCAGGGAA","+"
"131",209,"CML77_HLC27CCXX_L1_read414","MuTIR_2",97.368,38,1,0,113,150,1,38,2.21e-15,65.8,"TTCCCTGCC","+"
"132",210,"CML77_HLC27CCXX_L1_read416","MuTIR_2",91.549,71,6,0,80,150,1,71,2.18e-25,99,"ATCCACCAC","+"
"133",211,"CML77_HLC27CCXX_L1_read418","MuTIR_2",84.298,121,19,0,27,147,1,121,1.67e-31,119,"GGAGAAGTG","+"
"134",212,"CML77_HLC27CCXX_L1_read420","MuTIR_2",93.333,120,8,0,31,150,1,120,2.72e-49,178,"CCTCCTGCA","+"
"135",213,"CML77_HLC27CCXX_L1_read421","MuTIR_2",90.909,99,9,0,52,150,1,99,5.96e-36,134,"ACAGACTCC","+"
"136",214,"CML77_HLC27CCXX_L1_read422","MuTIR_2",86.916,107,14,0,38,144,1,107,4.64e-32,121,"ATCCACCAC","+"
"137",215,"CML77_HLC27CCXX_L1_read424","MuTIR_2",94.03,67,4,0,83,149,1,67,1.68e-26,102,"CTACTCGGT","+"
"138",216,"CML77_HLC27CCXX_L1_read428","MuTIR_2",90.698,129,12,0,22,150,1,129,1.26e-47,172,"CCACGTGCG","+"
"139",217,"CML77_HLC27CCXX_L1_read429","MuTIR_2",95,40,2,0,111,150,1,40,7.94e-15,63.9,"AGCAGGGAA","+"
"148",226,"CML77_HLC27CCXX_L1_read444","MuTIR_2",90.625,64,6,0,47,110,1,64,1.69e-21,86.1,"TTATTATAA","-"
"169",265,"CML77_HLC27CCXX_L1_read528","MuTIR_2",85,120,15,1,31,147,1,120,1.67e-31,119,"CTCGTTGGA","+"
"170",266,"CML77_HLC27CCXX_L1_read529","MuTIR_2",85.714,133,16,1,21,150,1,133,4.61e-37,137,"CTCGTTGGA","+"
"171",267,"CML77_HLC27CCXX_L1_read530","MuTIR_2",84.348,115,15,1,39,150,1,115,1.01e-28,110,"CTCGTTGGA","+"
"174",274,"CML77_HLC27CCXX_L1_read544","MuTIR_2",87.963,108,11,2,39,145,1,107,9.98e-34,126,"CCTCCTTAA","+"
"175",276,"CML77_HLC27CCXX_L1_read549","MuTIR_2",86.822,129,15,2,11,138,1,128,9.91e-39,143,"CAGTAGTGA","-"
"179",283,"CML77_HLC27CCXX_L1_read558","MuTIR_2",87.097,62,6,1,90,149,1,62,1.71e-16,69.4,"ATTCGTGTG","+"
"180",284,"CML77_HLC27CCXX_L1_read559","MuTIR_2",85.484,62,7,1,90,149,1,62,7.94e-15,63.9,"ATTCGTGTG","+"
"183",289,"CML77_HLC27CCXX_L1_read566","MuTIR_2",87.5,128,16,0,19,146,1,128,2.13e-40,148,"GCCACCACG","+"
"184",290,"CML77_HLC27CCXX_L1_read567","MuTIR_2",88.281,128,15,0,18,145,1,128,4.58e-42,154,"CCCACCACG","+"
"185",291,"CML77_HLC27CCXX_L1_read569","MuTIR_2",87.129,101,13,0,49,149,1,101,2.16e-30,115,"CCCACCACG","+"
"186",292,"CML77_HLC27CCXX_L1_read570","MuTIR_2",87.387,111,14,0,40,150,1,111,2.77e-34,128,"CCCACCACG","+"
"187",293,"CML77_HLC27CCXX_L1_read571","MuTIR_2",89.706,68,7,0,81,148,1,68,4.71e-22,87.9,"CCCACCACG","+"
"188",294,"CML77_HLC27CCXX_L1_read572","MuTIR_2",87.387,111,14,0,40,150,1,111,2.77e-34,128,"CCCACCACG","+"
"189",295,"CML77_HLC27CCXX_L1_read573","MuTIR_2",87.5,128,16,0,18,145,1,128,2.13e-40,148,"CCCACCACG","+"
"190",296,"CML77_HLC27CCXX_L1_read574","MuTIR_2",87.5,128,16,0,14,141,1,128,2.13e-40,148,"CAGTAGTGA","-"
"195",318,"CML77_HLC27CCXX_L1_read638","MuTIR_3",94.898,98,5,0,53,150,1,98,4.58e-42,154,"TTGACAGGT","+"
"196",319,"CML77_HLC27CCXX_L1_read639","MuTIR_3",95.614,114,5,0,37,150,1,114,5.84e-51,183,"TTGACAGGT","+"
"197",320,"CML77_HLC27CCXX_L1_read641","MuTIR_3",93.162,117,8,0,33,149,1,117,1.26e-47,172,"GGCCCCCAC","+"
"199",322,"CML77_HLC27CCXX_L1_read644","MuTIR_3",94.355,124,7,0,23,146,1,124,3.49e-53,191,"AAAACATTC","+"
"200",323,"CML77_HLC27CCXX_L1_read646","MuTIR_3",93.478,46,3,0,105,150,1,46,1.71e-16,69.4,"TCCTACAGG","+"
"201",324,"CML77_HLC27CCXX_L1_read647","MuTIR_3",94.444,126,7,0,25,150,1,126,2.7e-54,195,"TTGACAGGT","+"
"202",325,"CML77_HLC27CCXX_L1_read648","MuTIR_3",92.157,102,6,2,50,150,1,101,9.91e-39,143,"CCCTGCGAG","+"
"203",326,"CML77_HLC27CCXX_L1_read649","MuTIR_3",93.333,105,7,0,46,150,1,105,1.27e-42,156,"CCGTTTTTT","+"
"204",327,"CML77_HLC27CCXX_L1_read650","MuTIR_3",94.828,116,6,0,35,150,1,116,2.1e-50,182,"TTGACAGGT","+"
"206",329,"CML77_HLC27CCXX_L1_read652","MuTIR_3",95.082,61,3,0,90,150,1,61,7.82e-25,97.1,"TTGACAGGT","+"
"207",330,"CML77_HLC27CCXX_L1_read653","MuTIR_3",95.946,74,3,0,77,150,1,74,4.64e-32,121,"TTGACAGGT","+"
"218",341,"CML77_HLC27CCXX_L1_read670","MuTIR_3",90.625,128,12,0,23,150,1,128,4.55e-47,171,"AGGGGTCGC","+"
"219",342,"CML77_HLC27CCXX_L1_read672","MuTIR_3",89.524,105,11,0,46,150,1,105,5.96e-36,134,"AGAGAGAGA","+"
"220",343,"CML77_HLC27CCXX_L1_read674","MuTIR_3",90.099,101,10,0,49,149,1,101,2.15e-35,132,"AGAGAGAGA","+"
"221",344,"CML77_HLC27CCXX_L1_read676","MuTIR_3",90.099,101,10,0,49,149,1,101,2.15e-35,132,"AGAGAGAGA","+"
"222",345,"CML77_HLC27CCXX_L1_read680","MuTIR_3",91.667,120,10,0,31,150,1,120,5.88e-46,167,"GTCCGCGTG","+"
"223",346,"CML77_HLC27CCXX_L1_read683","MuTIR_3",87.059,85,11,0,64,148,1,85,7.82e-25,97.1,"GTGCGGTCC","+"
"225",348,"CML77_HLC27CCXX_L1_read687","MuTIR_3",92.537,67,5,0,84,150,1,67,7.82e-25,97.1,"GGAATAGGT","+"
"232",356,"CML77_HLC27CCXX_L1_read704","MuTIR_3",90.977,133,12,0,9,141,1,133,7.55e-50,180,"AATGACAAT","-"
"238",369,"CML77_HLC27CCXX_L1_read732","MuTIR_3",94.074,135,8,0,11,145,1,135,1.25e-57,206,"GACCCTTTG","+"
"239",370,"CML77_HLC27CCXX_L1_read733","MuTIR_3",93.13,131,9,0,20,150,1,131,9.7e-54,193,"GACCTCAAA","+"
"240",371,"CML77_HLC27CCXX_L1_read736","MuTIR_3",94,100,6,0,51,150,1,100,1.65e-41,152,"TCTGCGCGG","+"
"241",372,"CML77_HLC27CCXX_L1_read737","MuTIR_3",91.912,136,11,0,15,150,1,136,3.49e-53,191,"CCCGTCCCC","+"
"242",373,"CML77_HLC27CCXX_L1_read738","MuTIR_3",93.333,60,4,0,91,150,1,60,1.31e-22,89.8,"TCTGCGCGG","+"
"243",374,"CML77_HLC27CCXX_L1_read739","MuTIR_3",93.75,128,8,0,23,150,1,128,9.7e-54,193,"ATGGACAGG","+"
"244",376,"CML77_HLC27CCXX_L1_read741","MuTIR_3",90.076,131,13,0,18,148,1,131,4.55e-47,171,"GGGACGGGG","+"
"245",378,"CML77_HLC27CCXX_L1_read748","MuTIR_3",93.443,122,8,0,26,147,1,122,2.1e-50,182,"GACCTCAAA","+"
"246",379,"CML77_HLC27CCXX_L1_read749","MuTIR_3",91.27,126,11,0,25,150,1,126,1.26e-47,172,"TCCGTGGAG","+"
"247",380,"CML77_HLC27CCXX_L1_read750","MuTIR_3",92.424,66,5,0,85,150,1,66,2.81e-24,95.3,"GGGACGGGG","+"
"248",381,"CML77_HLC27CCXX_L1_read751","MuTIR_3",93.333,60,4,0,91,150,1,60,1.31e-22,89.8,"GACCTCAAA","+"
"259",393,"CML77_HLC27CCXX_L1_read771","MuTIR_3",93.985,133,8,0,5,137,1,133,1.61e-56,202,"AACGACGAC","-"
"271",459,"CML77_HLC27CCXX_L1_read899","MuTIR_4",86.735,98,13,0,11,108,1,98,1.01e-28,110,"GCTTGCCTT","+"
"272",460,"CML77_HLC27CCXX_L1_read904","MuTIR_4",91.045,67,6,0,84,150,1,67,3.64e-23,91.6,"GCCATTAAG","+"
"273",461,"CML77_HLC27CCXX_L1_read905","MuTIR_4",92.5,120,9,0,23,142,1,120,3.51e-48,174,"GCAAGAGAG","+"
"274",462,"CML77_HLC27CCXX_L1_read906","MuTIR_4",91.139,79,7,0,69,147,1,79,3.61e-28,108,"GCCATTAAG","+"
"275",463,"CML77_HLC27CCXX_L1_read907","MuTIR_4",84.444,135,21,0,15,149,1,135,1.66e-36,135,"CTCGGCCAT","+"
"276",464,"CML77_HLC27CCXX_L1_read911","MuTIR_4",100,51,0,0,98,148,1,51,2.81e-24,95.3,"GAGAGCGGT","+"
"277",465,"CML77_HLC27CCXX_L1_read914","MuTIR_4",96.591,88,3,0,62,149,1,88,7.66e-40,147,"GAGAGCGGT","+"
"278",466,"CML77_HLC27CCXX_L1_read915","MuTIR_4",89.773,88,9,0,59,146,1,88,7.77e-30,113,"GTTAAAAAG","+"
"279",467,"CML77_HLC27CCXX_L1_read917","MuTIR_4",91.818,110,9,0,41,150,1,110,1.27e-42,156,"GACACCCCC","+"
"280",468,"CML77_HLC27CCXX_L1_read918","MuTIR_4",93.617,94,6,0,55,148,1,94,3.56e-38,141,"CGGCCACCG","+"
"282",470,"CML77_HLC27CCXX_L1_read920","MuTIR_4",86.735,98,13,0,44,141,1,98,1.01e-28,110,"GCTTGCCTT","+"
"284",472,"CML77_HLC27CCXX_L1_read923","MuTIR_4",95,100,5,0,48,147,1,100,3.54e-43,158,"GAGAGCGGT","+"
"285",473,"CML77_HLC27CCXX_L1_read924","MuTIR_4",93.023,129,9,0,11,139,1,129,3.49e-53,191,"CCGAAGACT","+"
"286",474,"CML77_HLC27CCXX_L1_read925","MuTIR_4",96.552,58,2,0,91,148,1,58,7.82e-25,97.1,"CATGAGCTG","+"
"287",475,"CML77_HLC27CCXX_L1_read928","MuTIR_4",94.118,85,5,0,66,150,1,85,7.71e-35,130,"CATGAGCTG","+"
"288",476,"CML77_HLC27CCXX_L1_read929","MuTIR_4",88.489,139,16,0,12,150,1,139,4.55e-47,171,"TTCGACATA","+"
"290",478,"CML77_HLC27CCXX_L1_read932","MuTIR_4",85.586,111,16,0,23,133,1,111,1.67e-31,119,"ATGGATTCT","-"
"300",488,"CML77_HLC27CCXX_L1_read951","MuTIR_4",86.735,98,13,0,34,131,1,98,1.01e-28,110,"AGGTTTCGT","-"
"304",492,"CML77_HLC27CCXX_L1_read959","MuTIR_4",92.5,120,9,0,7,126,1,120,3.51e-48,174,"CTTTTATGC","-"
"308",498,"CML77_HLC27CCXX_L1_read979","MuTIR_4",93.59,78,5,0,73,150,1,78,6.01e-31,117,"TCGGCGGTC","+"
"309",499,"CML77_HLC27CCXX_L1_read980","MuTIR_4",87.826,115,13,1,36,150,1,114,1.66e-36,135,"TCGGCGGTC","+"
"313",509,"CML77_HLC27CCXX_L1_read1036","MuTIR_4",86.508,126,17,0,25,150,1,126,3.56e-38,141,"GTGTGTGGG","+"
"314",510,"CML77_HLC27CCXX_L1_read1037","MuTIR_4",86.923,130,17,0,21,150,1,130,2.13e-40,148,"GTGTGTGGG","+"
"315",511,"CML77_HLC27CCXX_L1_read1038","MuTIR_4",87.023,131,17,0,20,150,1,131,5.92e-41,150,"GTGTGTGGG","+"
"316",512,"CML77_HLC27CCXX_L1_read1040","MuTIR_4",87.023,131,17,0,20,150,1,131,5.92e-41,150,"GTGTGTGGG","+"
"317",522,"CML77_HLC27CCXX_L1_read1076","MuTIR_5",91.667,96,6,1,53,146,1,96,5.96e-36,134,"GGTATACAA","+"
"318",523,"CML77_HLC27CCXX_L1_read1077","MuTIR_5",91.667,60,3,1,92,149,1,60,2.19e-20,82.4,"ACCTATTCC","+"
"319",524,"CML77_HLC27CCXX_L1_read1078","MuTIR_5",91.176,68,4,1,85,150,1,68,1.01e-23,93.5,"ACCTATTCC","+"
"320",525,"CML77_HLC27CCXX_L1_read1079","MuTIR_5",90.083,121,9,2,25,142,1,121,1.27e-42,156,"CCCGCCGCC","+"
"321",526,"CML77_HLC27CCXX_L1_read1086","MuTIR_5",89.394,66,5,1,87,150,1,66,6.09e-21,84.2,"ACCTATTCC","+"
"322",527,"CML77_HLC27CCXX_L1_read1088","MuTIR_5",88,75,7,1,78,150,1,75,1.31e-22,89.8,"ATTGAGCCC","+"
"323",528,"CML77_HLC27CCXX_L1_read1089","MuTIR_5",93.22,59,2,1,88,144,1,59,1.69e-21,86.1,"CCCGCCGCC","+"
"324",529,"CML77_HLC27CCXX_L1_read1092","MuTIR_5",95.833,48,2,0,102,149,1,48,2.83e-19,78.7,"ACCTATTCC","+"
"325",530,"CML77_HLC27CCXX_L1_read1094","MuTIR_5",90.909,66,4,1,87,150,1,66,1.31e-22,89.8,"ACCTATTCC","+"
"326",531,"CML77_HLC27CCXX_L1_read1095","MuTIR_5",90.083,121,9,2,25,142,1,121,1.27e-42,156,"CCCGCCGCC","+"
"328",533,"CML77_HLC27CCXX_L1_read1098","MuTIR_5",89.474,95,8,1,51,143,1,95,4.64e-32,121,"CTCAGAAAG","+"
"329",534,"CML77_HLC27CCXX_L1_read1099","MuTIR_5",91.667,96,6,1,53,146,1,96,5.96e-36,134,"GGTATACAA","+"
"330",535,"CML77_HLC27CCXX_L1_read1101","MuTIR_5",95.918,49,2,0,94,142,1,49,7.88e-20,80.5,"ATTGAGCCC","+"
"331",536,"CML77_HLC27CCXX_L1_read1104","MuTIR_5",91.667,60,3,1,92,149,1,60,2.19e-20,82.4,"ACCTATTCC","+"
"332",537,"CML77_HLC27CCXX_L1_read1108","MuTIR_5",93.22,59,2,1,90,146,1,59,1.69e-21,86.1,"CCCGCCGCC","+"
"333",538,"CML77_HLC27CCXX_L1_read1109","MuTIR_5",97.959,49,1,0,88,136,1,49,1.69e-21,86.1,"ACCTTGACA","+"
"334",539,"CML77_HLC27CCXX_L1_read1110","MuTIR_5",91.304,92,6,1,61,150,1,92,9.98e-34,126,"CGAGACGGC","+"
"337",542,"CML77_HLC27CCXX_L1_read1113","MuTIR_5",89.256,121,10,2,21,138,1,121,5.92e-41,150,"TACCATTAG","-"
"338",543,"CML77_HLC27CCXX_L1_read1115","MuTIR_5",90.083,121,9,2,19,136,1,121,1.27e-42,156,"CCCCATTAG","-"
"348",553,"CML77_HLC27CCXX_L1_read1137","MuTIR_5",87.5,120,13,1,17,134,1,120,1.28e-37,139,"CCGTTACAT","-"
"356",564,"CML77_HLC27CCXX_L1_read1153","MuTIR_5",85.246,122,13,4,19,136,1,121,4.64e-32,121,"CCCCATTAG","-"
"357",568,"CML77_HLC27CCXX_L1_read1169","MuTIR_5",83.333,102,15,1,51,150,1,102,2.81e-24,95.3,"TCTGCAGCC","+"
"358",569,"CML77_HLC27CCXX_L1_read1170","MuTIR_5",83.962,106,15,1,34,137,1,106,1.68e-26,102,"TCTGCAGCC","+"
"359",570,"CML77_HLC27CCXX_L1_read1171","MuTIR_5",83.962,106,15,1,24,127,1,106,1.68e-26,102,"CACGATAGA","-"
"360",574,"CML77_HLC27CCXX_L1_read1193","MuTIR_6",96.825,63,2,0,88,150,1,63,1.3e-27,106,"TGCACTACG","+"
"361",575,"CML77_HLC27CCXX_L1_read1194","MuTIR_6",96.454,141,5,0,10,150,1,141,5.72e-66,233,"TGCACTACG","+"
"373",589,"CML77_HLC27CCXX_L1_read1222","MuTIR_6",94.595,74,4,0,77,150,1,74,2.16e-30,115,"AGGAGAGGG","+"
"374",590,"CML77_HLC27CCXX_L1_read1223","MuTIR_6",92.793,111,8,0,40,150,1,111,2.74e-44,161,"TCCTAGGCT","+"
"375",591,"CML77_HLC27CCXX_L1_read1225","MuTIR_6",95.327,107,5,0,43,149,1,107,4.55e-47,171,"GCCACCATA","+"
"376",592,"CML77_HLC27CCXX_L1_read1227","MuTIR_6",95.556,90,4,0,61,150,1,90,2.76e-39,145,"CCGTAGATC","+"
"378",595,"CML77_HLC27CCXX_L1_read1230","MuTIR_6",94.574,129,7,0,22,150,1,129,5.8e-56,200,"AGGAGAGGG","+"
"379",596,"CML77_HLC27CCXX_L1_read1231","MuTIR_6",93.651,63,4,0,88,150,1,63,2.81e-24,95.3,"AGGAGAGGG","+"
"380",597,"CML77_HLC27CCXX_L1_read1232","MuTIR_6",92.969,128,9,0,23,150,1,128,4.51e-52,187,"AGGAGAGGG","+"
"381",598,"CML77_HLC27CCXX_L1_read1234","MuTIR_6",95.763,118,5,0,32,149,1,118,3.49e-53,191,"AGGAGAGGG","+"
"382",599,"CML77_HLC27CCXX_L1_read1238","MuTIR_6",96.386,83,3,0,68,150,1,83,4.61e-37,137,"TCCTAGGCT","+"
"384",601,"CML77_HLC27CCXX_L1_read1241","MuTIR_6",96.774,62,2,0,87,148,1,62,4.68e-27,104,"ATGCAGATG","+"
"385",602,"CML77_HLC27CCXX_L1_read1242","MuTIR_6",94.444,126,7,0,25,150,1,126,2.7e-54,195,"AGGAGAGGG","+"
"398",636,"CML77_HLC27CCXX_L1_read1369","MuTIR_7",91.398,93,7,1,59,150,1,93,7.71e-35,130,"TACCTAGTT","+"
"400",638,"CML77_HLC27CCXX_L1_read1371","MuTIR_7",88.235,102,10,2,50,150,1,101,3.59e-33,124,"TACCTAGTT","+"
"401",639,"CML77_HLC27CCXX_L1_read1372","MuTIR_7",91.398,93,7,1,59,150,1,93,7.71e-35,130,"TACCTAGTT","+"
"404",655,"CML77_HA5R1ADXX_GATCAG_read1","MuTIR_1",92,100,6,2,48,146,1,99,1.73e-37,139,"CTTTGAGAG","+"
"405",656,"CML77_HA5R1ADXX_GATCAG_read4","MuTIR_1",97.917,48,1,0,130,177,1,48,8.21e-21,84.2,"GGAGTGCGG","+"
"406",657,"CML77_HA5R1ADXX_GATCAG_read5","MuTIR_1",93.96,149,8,1,39,187,1,148,4.64e-63,224,"GAAAGAGAG","+"
"407",658,"CML77_HA5R1ADXX_GATCAG_read6","MuTIR_1",91.946,149,11,1,28,176,1,148,4.67e-58,207,"CTCTCTTTC","+"
"408",659,"CML77_HA5R1ADXX_GATCAG_read7","MuTIR_1",96.512,86,2,1,74,159,1,85,4.8e-38,141,"GAGAGCCTC","+"
"409",660,"CML77_HA5R1ADXX_GATCAG_read9","MuTIR_1",93.548,62,3,1,101,162,1,61,4.91e-23,91.6,"GTCTCGGGC","+"
"420",674,"CML77_HA5R1ADXX_GATCAG_read39","MuTIR_1",89.933,149,14,1,45,193,1,148,4.7e-53,191,"CTTTGGATG","+"
"421",677,"CML77_HA5R1ADXX_GATCAG_read50","MuTIR_2",85.833,120,17,0,20,139,1,120,3.74e-34,128,"GTAGCTACT","+"
"422",678,"CML77_HA5R1ADXX_GATCAG_read51","MuTIR_2",93.75,128,8,0,74,201,1,128,1.31e-53,193,"TTCCCTGCC","+"
"423",679,"CML77_HA5R1ADXX_GATCAG_read52","MuTIR_2",92.188,64,5,0,75,138,1,64,4.91e-23,91.6,"CTACTCGGA","+"
"424",680,"CML77_HA5R1ADXX_GATCAG_read53","MuTIR_2",92.079,101,8,0,99,199,1,101,1.34e-38,143,"TGAAGTAAT","+"
"426",682,"CML77_HA5R1ADXX_GATCAG_read56","MuTIR_2",95.745,47,2,0,111,157,1,47,1.37e-18,76.8,"GCGACCTCC","+"
"427",683,"CML77_HA5R1ADXX_GATCAG_read57","MuTIR_2",83.471,121,20,0,79,199,1,121,1.05e-29,113,"ATCCACCAC","+"
"428",684,"CML77_HA5R1ADXX_GATCAG_read59","MuTIR_2",93.798,129,8,0,24,152,1,129,3.63e-54,195,"AGCAGGGAA","+"
"429",685,"CML77_HA5R1ADXX_GATCAG_read61","MuTIR_2",92.742,124,9,0,31,154,1,124,1.02e-49,180,"ATAAAAGCA","+"
"430",686,"CML77_HA5R1ADXX_GATCAG_read62","MuTIR_2",91.379,58,5,0,74,131,1,58,1.06e-19,80.5,"TCCAACGAG","+"
"434",690,"CML77_HA5R1ADXX_GATCAG_read66","MuTIR_2",91.406,128,11,0,42,169,1,128,1.32e-48,176,"CAGTAGTGA","-"
"442",705,"CML77_HA5R1ADXX_GATCAG_read91","MuTIR_2",85.849,106,13,1,55,158,1,106,3.77e-29,111,"ATTCGTGTG","+"
"443",707,"CML77_HA5R1ADXX_GATCAG_read93","MuTIR_2",86.364,110,13,1,94,201,1,110,2.25e-31,119,"ATTCGTGTG","+"
"446",714,"CML77_HA5R1ADXX_GATCAG_read101","MuTIR_3",91.818,110,9,0,92,201,1,110,6.17e-42,154,"TGCTACTGG","+"
"447",715,"CML77_HA5R1ADXX_GATCAG_read103","MuTIR_3",97.826,46,1,0,156,201,1,46,1.06e-19,80.5,"AAAAAATGG","+"
"448",716,"CML77_HA5R1ADXX_GATCAG_read104","MuTIR_3",93.75,80,5,0,53,132,1,80,6.26e-32,121,"AAAAAATGG","+"
"449",717,"CML77_HA5R1ADXX_GATCAG_read105","MuTIR_3",93.985,133,8,0,6,138,1,133,2.17e-56,202,"AACTACGAT","-"
"452",723,"CML77_HA5R1ADXX_GATCAG_read115","MuTIR_3",90.909,110,10,0,92,201,1,110,2.87e-40,148,"AGGGGTCGC","+"
"453",724,"CML77_HA5R1ADXX_GATCAG_read116","MuTIR_3",90.588,85,8,0,117,201,1,85,1.05e-29,113,"AGGGGTCGC","+"
"454",725,"CML77_HA5R1ADXX_GATCAG_read117","MuTIR_3",92.308,117,9,0,24,140,1,117,7.92e-46,167,"GGAATAGGT","+"
"455",726,"CML77_HA5R1ADXX_GATCAG_read120","MuTIR_3",90.977,133,12,0,14,146,1,133,1.02e-49,180,"AACGACGAT","-"
"458",730,"CML77_HA5R1ADXX_GATCAG_read125","MuTIR_3",94.444,126,7,0,76,201,1,126,3.63e-54,195,"CCGCGCAGA","+"
"460",739,"CML77_HA5R1ADXX_GATCAG_read139","MuTIR_4",84.354,147,23,0,25,171,1,147,1.03e-39,147,"CTCGGCCAT","+"
"461",740,"CML77_HA5R1ADXX_GATCAG_read142","MuTIR_4",86.806,144,19,0,16,159,1,144,1.02e-44,163,"GCCATTAAG","+"
"466",747,"CML77_HA5R1ADXX_GATCAG_read155","MuTIR_4",93.333,90,6,0,34,123,1,90,8.04e-36,134,"TCGGCGGTC","+"
"467",748,"CML77_HA5R1ADXX_GATCAG_read158","MuTIR_4",93.333,90,6,0,102,191,1,90,8.04e-36,134,"GGGCGAAGA","-"
"468",752,"CML77_HA5R1ADXX_GATCAG_read171","MuTIR_5",90.625,64,4,1,98,159,1,64,2.28e-21,86.1,"CTCAGAAAG","+"
"469",753,"CML77_HA5R1ADXX_GATCAG_read172","MuTIR_5",95.918,49,2,0,153,201,1,49,1.06e-19,80.5,"ACCTATTCC","+"
"470",754,"CML77_HA5R1ADXX_GATCAG_read173","MuTIR_5",91.667,60,3,1,88,145,1,60,2.95e-20,82.4,"CTCAGAAAG","+"
"476",762,"CML77_HA5R1ADXX_GATCAG_read194","MuTIR_6",95.312,128,6,0,35,162,1,128,6.04e-57,204,"CCGTAGATC","+"
"477",763,"CML77_HA5R1ADXX_GATCAG_read195","MuTIR_6",95.946,74,3,0,128,201,1,74,6.26e-32,121,"TCCTAGGCT","+"
"478",764,"CML77_HA5R1ADXX_GATCAG_read197","MuTIR_6",94.643,112,5,1,91,201,1,112,1.7e-47,172,"ATGCAGATG","+"
"479",765,"CML77_HA5R1ADXX_GATCAG_read198","MuTIR_6",96.19,105,4,0,97,201,1,105,1.7e-47,172,"CCGTAGATC","+"
"480",766,"CML77_HA5R1ADXX_GATCAG_read199","MuTIR_6",92.667,150,11,0,47,196,1,150,7.76e-61,217,"AGGAGAGGG","+"
"485",778,"CML77_HADTMADXX_read3","MuTIR_1",92.727,110,7,1,42,151,1,109,4.77e-43,158,"CTCTCTTTC","+"
"486",779,"CML77_HADTMADXX_read4","MuTIR_1",94.845,97,4,1,55,151,1,96,7.98e-41,150,"CCGCACTCC","+"
"487",780,"CML77_HADTMADXX_read6","MuTIR_1",95.122,41,2,0,160,200,1,41,2.97e-15,65.8,"GCTGGCGAC","+"
"488",781,"CML77_HADTMADXX_read8","MuTIR_1",93.651,63,3,1,75,137,1,62,1.36e-23,93.5,"GTCTCGGGC","+"
"489",782,"CML77_HADTMADXX_read9","MuTIR_1",97.143,35,0,1,112,146,1,34,4.98e-13,58.4,"GTTTGCAGT","+"
"490",783,"CML77_HADTMADXX_read13","MuTIR_1",87.248,149,17,2,54,201,1,148,2.2e-46,169,"CATCCAAAC","+"
"491",784,"CML77_HADTMADXX_read14","MuTIR_1",93.684,95,5,1,65,159,1,94,4.8e-38,141,"GCTGGCGAC","+"
"493",786,"CML77_HADTMADXX_read19","MuTIR_1",96,75,2,1,127,201,1,74,6.26e-32,121,"CCCACCTTG","+"
"494",787,"CML77_HADTMADXX_read21","MuTIR_1",95.833,120,4,1,57,176,1,119,1.31e-53,193,"CATCCAAAC","+"
"495",788,"CML77_HADTMADXX_read22","MuTIR_1",94.444,126,6,1,76,201,1,125,1.31e-53,193,"CCGCACTCC","+"
"502",795,"CML77_HADTMADXX_read34","MuTIR_1",93.289,149,8,2,38,185,1,148,2.16e-61,219,"GTCCTGTTA","-"
"503",796,"CML77_HADTMADXX_read36","MuTIR_1",91.333,150,11,2,13,162,1,148,6.04e-57,204,"GTCCTTTCC","-"
"507",801,"CML77_HADTMADXX_read45","MuTIR_1",92.593,81,5,1,60,140,1,80,2.91e-30,115,"CTTTGGATG","+"
"509",819,"CML77_HADTMADXX_read92","MuTIR_2",84.375,128,20,0,20,147,1,128,1.34e-33,126,"GGAGAAGTG","+"
"510",820,"CML77_HADTMADXX_read93","MuTIR_2",92.982,57,4,0,64,120,1,57,8.21e-21,84.2,"CCACGTGCG","+"
"511",821,"CML77_HADTMADXX_read95","MuTIR_2",92.248,129,10,0,67,195,1,129,7.87e-51,183,"ACAGACTCC","+"
"512",822,"CML77_HADTMADXX_read97","MuTIR_2",94.444,108,6,0,14,121,1,108,7.92e-46,167,"TTCCTCGCC","+"
"513",823,"CML77_HADTMADXX_read98","MuTIR_2",92.222,90,7,0,110,199,1,90,3.74e-34,128,"TCTATCAGT","+"
"514",824,"CML77_HADTMADXX_read99","MuTIR_2",94.444,90,5,0,86,175,1,90,1.73e-37,139,"ATAAAAGCA","+"
"515",825,"CML77_HADTMADXX_read100","MuTIR_2",84.559,136,21,0,40,175,1,136,2.23e-36,135,"ATCCACCAC","+"
"516",826,"CML77_HADTMADXX_read105","MuTIR_2",85.981,107,15,0,92,198,1,107,2.91e-30,115,"GGAGAAGTG","+"
"517",827,"CML77_HADTMADXX_read106","MuTIR_2",95.302,149,7,0,15,163,1,149,5.95e-67,237,"TTCCCTGCC","+"
"518",828,"CML77_HADTMADXX_read108","MuTIR_2",89.062,128,14,0,55,182,1,128,1.33e-43,159,"TCCAACGAG","+"
"522",832,"CML77_HADTMADXX_read115","MuTIR_2",92.248,129,10,0,51,179,1,129,7.87e-51,183,"CGGATCGAA","-"
"530",840,"CML77_HADTMADXX_read129","MuTIR_2",89.062,128,14,0,46,173,1,128,1.33e-43,159,"CAGTAGTGA","-"
"531",841,"CML77_HADTMADXX_read130","MuTIR_2",85.906,149,21,0,33,181,1,149,1.33e-43,159,"GCAGTGAAT","-"
"532",848,"CML77_HADTMADXX_read154","MuTIR_2",87.368,95,10,2,90,183,1,94,4.87e-28,108,"CCTCCTTAA","+"
"535",852,"CML77_HADTMADXX_read166","MuTIR_2",88,150,16,1,8,155,1,150,1.32e-48,176,"CCATTGATA","-"
"537",855,"CML77_HADTMADXX_read171","MuTIR_2",87.5,128,16,0,54,181,1,128,2.87e-40,148,"CAGTAGTGA","-"
"538",856,"CML77_HADTMADXX_read189","MuTIR_3",93.197,147,10,0,55,201,1,147,7.76e-61,217,"GGCCCCCAC","+"
"539",857,"CML77_HADTMADXX_read192","MuTIR_3",93.182,88,6,0,33,120,1,88,1.04e-34,130,"AAAAAATGG","+"
"540",858,"CML77_HADTMADXX_read193","MuTIR_3",93.258,89,6,0,113,201,1,89,2.89e-35,132,"AAAACATTC","+"
"541",859,"CML77_HADTMADXX_read194","MuTIR_3",96.078,51,2,0,70,120,1,51,8.21e-21,84.2,"TTGACAGGT","+"
"542",860,"CML77_HADTMADXX_read196","MuTIR_3",93.478,138,9,0,48,185,1,138,1.68e-57,206,"AAAACATTC","+"
"543",861,"CML77_HADTMADXX_read197","MuTIR_3",92.857,70,5,0,132,201,1,70,2.27e-26,102,"CCGTTTTTT","+"
"544",862,"CML77_HADTMADXX_read198","MuTIR_3",96.491,57,2,0,142,198,1,57,3.79e-24,95.3,"TTGACAGGT","+"
"545",863,"CML77_HADTMADXX_read200","MuTIR_3",92.667,150,11,0,40,189,1,150,2.16e-61,219,"TCGTTGACA","-"
"547",865,"CML77_HADTMADXX_read203","MuTIR_3",94.737,133,7,0,39,171,1,133,4.67e-58,207,"AACGATGAT","-"
"552",870,"CML77_HADTMADXX_read210","MuTIR_3",94.737,133,7,0,34,166,1,133,4.67e-58,207,"AACTACGAT","-"
"553",871,"CML77_HADTMADXX_read211","MuTIR_3",91.473,129,11,0,30,158,1,129,3.66e-49,178,"CCTACAATG","+"
"554",872,"CML77_HADTMADXX_read212","MuTIR_3",89.655,87,9,0,82,168,1,87,3.77e-29,111,"AGAGAGAGA","+"
"555",873,"CML77_HADTMADXX_read213","MuTIR_3",95.699,93,4,0,47,139,1,93,7.98e-41,150,"CATCGGAAC","+"
"556",874,"CML77_HADTMADXX_read214","MuTIR_3",90.551,127,12,0,75,201,1,127,2.2e-46,169,"GTCCGCGTG","+"
"558",876,"CML77_HADTMADXX_read217","MuTIR_3",90.076,131,13,0,52,182,1,131,6.12e-47,171,"GTGCGGTGC","+"
"565",885,"CML77_HADTMADXX_read236","MuTIR_3",91.566,83,7,0,119,201,1,83,2.91e-30,115,"GGCCCGGGT","+"
"566",886,"CML77_HADTMADXX_read238","MuTIR_3",92.593,81,6,0,74,154,1,81,8.09e-31,117,"CCCGTCCCC","+"
"567",887,"CML77_HADTMADXX_read239","MuTIR_3",89.922,129,11,2,73,201,1,127,2.85e-45,165,"CTATCCTGG","+"
"568",888,"CML77_HADTMADXX_read241","MuTIR_3",90.476,147,14,0,37,183,1,147,3.63e-54,195,"CCCGTCCCC","+"
"569",889,"CML77_HADTMADXX_read242","MuTIR_3",91.429,140,11,1,33,171,1,140,4.7e-53,191,"ACCCGGGCC","+"
"570",890,"CML77_HADTMADXX_read243","MuTIR_3",93.103,87,6,0,105,191,1,87,3.74e-34,128,"ACCCGGGCC","+"
"571",891,"CML77_HADTMADXX_read244","MuTIR_3",93.985,133,8,0,44,176,1,133,2.17e-56,202,"TCTGCGCGG","+"
"572",892,"CML77_HADTMADXX_read245","MuTIR_3",93.103,116,8,0,48,163,1,116,6.12e-47,171,"TCTGCGCGG","+"
"574",894,"CML77_HADTMADXX_read247","MuTIR_3",91.837,147,12,0,54,200,1,147,1.68e-57,206,"GACCTCAAA","+"
"575",896,"CML77_HADTMADXX_read250","MuTIR_3",91.912,136,11,0,5,140,1,136,4.7e-53,191,"CCACTCTAT","-"
"578",900,"CML77_HADTMADXX_read257","MuTIR_3",92.517,147,11,0,37,183,1,147,3.61e-59,211,"ACCTGGTTC","-"
"579",901,"CML77_HADTMADXX_read259","MuTIR_3",90.714,140,12,1,25,163,1,140,2.19e-51,185,"CACCTCAAA","-"
"581",903,"CML77_HADTMADXX_read261","MuTIR_3",93.985,133,8,0,25,157,1,133,2.17e-56,202,"AACGACGAC","-"
"583",905,"CML77_HADTMADXX_read263","MuTIR_3",91.912,136,11,0,56,191,1,136,4.7e-53,191,"CCACTCTAT","-"
"585",921,"CML77_HADTMADXX_read301","MuTIR_4",90.411,146,14,0,55,200,1,146,3.63e-54,195,"CATGAGCTG","+"
"586",922,"CML77_HADTMADXX_read303","MuTIR_4",96.97,66,2,0,112,177,1,66,3.77e-29,111,"GACACCCCC","+"
"587",923,"CML77_HADTMADXX_read305","MuTIR_4",88.372,129,15,0,20,148,1,129,4.77e-43,158,"GCCATTAAG","+"
"588",924,"CML77_HADTMADXX_read308","MuTIR_4",88.356,146,17,0,56,201,1,146,3.66e-49,178,"CTCTCTTGC","+"
"589",925,"CML77_HADTMADXX_read310","MuTIR_4",93.197,147,10,0,17,163,1,147,2.16e-61,219,"GAGAGCGGT","+"
"593",929,"CML77_HADTMADXX_read317","MuTIR_4",86.735,98,13,0,28,125,1,98,1.35e-28,110,"AGGTTTCGT","-"
"598",934,"CML77_HADTMADXX_read323","MuTIR_4",93.197,147,10,0,5,151,1,147,2.16e-61,219,"CTTTGCTCC","-"
"599",935,"CML77_HADTMADXX_read325","MuTIR_4",93.333,90,6,0,106,195,1,90,8.04e-36,134,"TCGGCGGTC","+"
"603",944,"CML77_HADTMADXX_read348","MuTIR_5",87.5,120,13,1,58,175,1,120,1.73e-37,139,"CTCAGAAAG","+"
"604",945,"CML77_HADTMADXX_read349","MuTIR_5",82.895,152,19,2,42,186,1,152,2.89e-35,132,"ACCTTGACA","+"
"605",946,"CML77_HADTMADXX_read354","MuTIR_5",89.888,89,7,1,79,165,1,89,2.91e-30,115,"ACCTATTCC","+"
"606",947,"CML77_HADTMADXX_read355","MuTIR_5",82.895,152,19,2,35,179,1,152,2.89e-35,132,"ACCTTGACA","+"
"607",948,"CML77_HADTMADXX_read357","MuTIR_5",89.72,107,9,1,97,201,1,107,6.21e-37,137,"ACCTATTCC","+"
"608",949,"CML77_HADTMADXX_read359","MuTIR_5",88.571,105,10,1,65,167,1,105,3.74e-34,128,"ACCTTGACA","+"
"609",950,"CML77_HADTMADXX_read361","MuTIR_5",87.5,120,13,1,58,175,1,120,1.73e-37,139,"CCGTTACAT","-"
"613",954,"CML77_HADTMADXX_read371","MuTIR_5",88.571,105,10,1,70,172,1,105,3.74e-34,128,"GAATTGATT","-"
"615",958,"CML77_HADTMADXX_read384","MuTIR_6",95.89,73,3,0,121,193,1,73,2.25e-31,119,"TGCACTACG","+"
"616",959,"CML77_HADTMADXX_read386","MuTIR_6",96.032,126,5,0,76,201,1,126,1.68e-57,206,"TGCACTACG","+"
"620",964,"CML77_HADTMADXX_read396","MuTIR_6",96.396,111,4,0,41,151,1,111,7.87e-51,183,"AGGAGAGGG","+"
"621",965,"CML77_HADTMADXX_read397","MuTIR_6",89.333,150,16,0,15,164,1,150,1.69e-52,189,"AGGAGAGGG","+"
"623",967,"CML77_HADTMADXX_read399","MuTIR_6",94.737,76,4,0,91,166,1,76,2.25e-31,119,"AGGAGAGGG","+"
"624",968,"CML77_HADTMADXX_read400","MuTIR_6",94.444,72,4,0,130,201,1,72,3.77e-29,111,"AGGAGAGGG","+"
