"","X","qname","sname","percent_identity","alignment_length","mismatches","gap_opens","q_start","q_end","s_start","s_end","evalue","bit_score","tsds","strand"
"1",1,"CML92_HLC27CCXX_L4_read3","MuTIR_1",94.737,95,4,1,56,150,1,94,7.66e-40,147,"GAAAGAGAG","+"
"3",3,"CML92_HLC27CCXX_L4_read5","MuTIR_1",91.525,59,4,1,92,150,1,58,7.88e-20,80.5,"TACCTACCC","+"
"4",4,"CML92_HLC27CCXX_L4_read6","MuTIR_1",97.03,101,1,2,50,150,1,99,1.63e-46,169,"TATTTGTGG","+"
"5",5,"CML92_HLC27CCXX_L4_read9","MuTIR_1",94.681,94,4,1,57,150,1,93,2.76e-39,145,"CATGCTCGG","+"
"6",6,"CML92_HLC27CCXX_L4_read10","MuTIR_1",95.05,101,3,2,50,150,1,99,9.84e-44,159,"TATTTGTGG","+"
"7",7,"CML92_HLC27CCXX_L4_read11","MuTIR_1",95.652,69,2,1,79,147,1,68,1.01e-28,110,"GCCGTGCGA","+"
"8",8,"CML92_HLC27CCXX_L4_read12","MuTIR_1",96.053,76,2,1,74,149,1,75,1.29e-32,122,"GCTGGCGAC","+"
"9",9,"CML92_HLC27CCXX_L4_read13","MuTIR_1",92.188,128,9,1,23,150,1,127,7.55e-50,180,"CTCTCTTTC","+"
"10",10,"CML92_HLC27CCXX_L4_read14","MuTIR_1",91.935,62,4,1,89,150,1,61,1.69e-21,86.1,"TACCTACCC","+"
"11",11,"CML92_HLC27CCXX_L4_read17","MuTIR_1",92.537,134,7,3,17,149,1,132,1.25e-52,189,"GTCGGTCTA","+"
"14",14,"CML92_HLC27CCXX_L4_read20","MuTIR_1",93.75,112,6,1,39,150,1,111,5.88e-46,167,"GGATCGGGG","+"
"16",16,"CML92_HLC27CCXX_L4_read22","MuTIR_1",94.118,85,4,1,66,150,1,84,2.77e-34,128,"GACACAGGT","+"
"17",17,"CML92_HLC27CCXX_L4_read25","MuTIR_1",100,35,0,0,116,150,1,35,2.21e-15,65.8,"GAGAGCCTC","+"
"18",18,"CML92_HLC27CCXX_L4_read27","MuTIR_1",91.87,123,9,1,28,150,1,122,4.55e-47,171,"CTCTCTTTC","+"
"19",19,"CML92_HLC27CCXX_L4_read29","MuTIR_1",94.872,39,2,0,112,150,1,39,2.85e-14,62.1,"GTCGCCAGC","+"
"20",20,"CML92_HLC27CCXX_L4_read30","MuTIR_1",95.652,69,2,1,79,147,1,68,1.01e-28,110,"GCCGTGCGA","+"
"21",21,"CML92_HLC27CCXX_L4_read34","MuTIR_1",95.745,47,2,0,101,147,1,47,1.02e-18,76.8,"CTCTCNACC","+"
"22",22,"CML92_HLC27CCXX_L4_read35","MuTIR_1",97.03,101,1,2,50,150,1,99,1.63e-46,169,"TATTTGTGG","+"
"23",23,"CML92_HLC27CCXX_L4_read38","MuTIR_1",91.87,123,9,1,28,150,1,122,4.55e-47,171,"CTCTCTTTC","+"
"25",25,"CML92_HLC27CCXX_L4_read40","MuTIR_1",91.406,128,10,1,23,150,1,127,3.51e-48,174,"CTCTCTTTC","+"
"26",26,"CML92_HLC27CCXX_L4_read41","MuTIR_1",95.455,44,2,0,107,150,1,44,4.74e-17,71.3,"GTCGGTCTA","+"
"38",38,"CML92_HLC27CCXX_L4_read64","MuTIR_1",94.737,95,4,1,28,122,1,94,7.66e-40,147,"TCTTCCTGA","-"
"40",40,"CML92_HLC27CCXX_L4_read69","MuTIR_1",94.737,95,4,1,40,134,1,94,7.66e-40,147,"TCTTCCTGA","-"
"43",43,"CML92_HLC27CCXX_L4_read76","MuTIR_1",94.737,95,4,1,40,134,1,94,7.66e-40,147,"TCTTCCTGA","-"
"45",45,"CML92_HLC27CCXX_L4_read81","MuTIR_1",88.333,120,13,1,20,139,1,119,9.91e-39,143,"AGATTTGGC","-"
"49",49,"CML92_HLC27CCXX_L4_read87","MuTIR_1",95.876,97,3,1,54,150,1,96,1.27e-42,156,"CCCTCCCCA","+"
"50",50,"CML92_HLC27CCXX_L4_read89","MuTIR_1",95.876,97,3,1,54,150,1,96,1.27e-42,156,"CCCTCCCCA","+"
"54",87,"CML92_HLC27CCXX_L4_read196","MuTIR_2",88.776,98,11,0,51,148,1,98,4.64e-32,121,"GTGGGAGAC","+"
"55",88,"CML92_HLC27CCXX_L4_read201","MuTIR_2",91.27,126,11,0,25,150,1,126,1.26e-47,172,"ACAGACTCC","+"
"56",89,"CML92_HLC27CCXX_L4_read203","MuTIR_2",97.778,45,1,0,106,150,1,45,2.83e-19,78.7,"CACAGCATC","+"
"57",90,"CML92_HLC27CCXX_L4_read204","MuTIR_2",88.793,116,13,0,35,150,1,116,9.91e-39,143,"GTGGGAGAC","+"
"58",91,"CML92_HLC27CCXX_L4_read206","MuTIR_2",86.735,98,13,0,53,150,1,98,1.01e-28,110,"GCTGGGAAG","+"
"59",92,"CML92_HLC27CCXX_L4_read207","MuTIR_2",96.552,58,2,0,93,150,1,58,7.82e-25,97.1,"TTCCTCGCC","+"
"60",93,"CML92_HLC27CCXX_L4_read208","MuTIR_2",89.796,98,10,0,53,150,1,98,9.98e-34,126,"TTAAGGAGG","+"
"61",94,"CML92_HLC27CCXX_L4_read212","MuTIR_2",92.683,82,6,0,63,144,1,82,1.67e-31,119,"CTACTCGGT","+"
"62",95,"CML92_HLC27CCXX_L4_read215","MuTIR_2",95,100,5,0,51,150,1,100,3.54e-43,158,"GCTGCTGTG","+"
"63",96,"CML92_HLC27CCXX_L4_read216","MuTIR_2",92.683,82,6,0,63,144,1,82,1.67e-31,119,"CTACTCGGT","+"
"64",97,"CML92_HLC27CCXX_L4_read217","MuTIR_2",93.443,61,4,0,90,150,1,61,3.64e-23,91.6,"CTACTCGGT","+"
"65",98,"CML92_HLC27CCXX_L4_read220","MuTIR_2",90.476,105,10,0,46,150,1,105,1.28e-37,139,"ACAGACTCC","+"
"67",100,"CML92_HLC27CCXX_L4_read224","MuTIR_2",90.909,88,8,0,63,150,1,88,1.67e-31,119,"TTAAGGAGG","+"
"68",101,"CML92_HLC27CCXX_L4_read225","MuTIR_2",89.796,98,10,0,53,150,1,98,9.98e-34,126,"TTAAGGAGG","+"
"69",102,"CML92_HLC27CCXX_L4_read226","MuTIR_2",91.15,113,10,0,30,142,1,113,4.58e-42,154,"ACAGACTCC","+"
"70",103,"CML92_HLC27CCXX_L4_read234","MuTIR_2",93.671,79,5,0,72,150,1,79,1.67e-31,119,"GTTGGAAGA","+"
"71",104,"CML92_HLC27CCXX_L4_read237","MuTIR_2",91.304,115,10,0,36,150,1,115,3.54e-43,158,"GTTGGAAGA","+"
"72",105,"CML92_HLC27CCXX_L4_read246","MuTIR_2",91.837,98,8,0,53,150,1,98,4.61e-37,137,"CATAATAGC","+"
"73",106,"CML92_HLC27CCXX_L4_read248","MuTIR_2",91.753,97,8,0,54,150,1,97,1.66e-36,135,"TGCAATGAT","+"
"74",107,"CML92_HLC27CCXX_L4_read251","MuTIR_2",92.92,113,8,0,38,150,1,113,2.11e-45,165,"CCCAGAGCC","+"
"106",142,"CML92_HLC27CCXX_L4_read326","MuTIR_2",91.667,60,5,0,91,150,1,60,6.09e-21,84.2,"CAGGTCCGA","+"
"107",143,"CML92_HLC27CCXX_L4_read327","MuTIR_2",91.667,60,5,0,91,150,1,60,6.09e-21,84.2,"CAGGTCCGA","+"
"114",156,"CML92_HLC27CCXX_L4_read360","MuTIR_2",88.393,112,13,0,39,150,1,112,1.66e-36,135,"TATTGGGTT","+"
"115",158,"CML92_HLC27CCXX_L4_read362","MuTIR_2",90.123,81,8,0,70,150,1,81,1.3e-27,106,"CCTAGCCGA","+"
"116",160,"CML92_HLC27CCXX_L4_read365","MuTIR_2",86.047,129,16,2,10,137,1,128,4.61e-37,137,"GTCTCCCAC","+"
"119",172,"CML92_HLC27CCXX_L4_read408","MuTIR_3",90.909,66,6,0,85,150,1,66,1.31e-22,89.8,"CCGTTTTTT","+"
"121",174,"CML92_HLC27CCXX_L4_read413","MuTIR_3",92.424,66,5,0,85,150,1,66,2.81e-24,95.3,"CCGTTTTTT","+"
"122",175,"CML92_HLC27CCXX_L4_read414","MuTIR_3",92.308,65,5,0,85,149,1,65,1.01e-23,93.5,"CCGTTTTTT","+"
"124",177,"CML92_HLC27CCXX_L4_read420","MuTIR_3",93.75,112,7,0,39,150,1,112,1.63e-46,169,"AGAGGGGGG","+"
"137",192,"CML92_HLC27CCXX_L4_read446","MuTIR_3",90.816,98,9,0,53,150,1,98,2.15e-35,132,"GTCCGCGTG","+"
"140",197,"CML92_HLC27CCXX_L4_read459","MuTIR_3",94.286,70,4,0,81,150,1,70,3.61e-28,108,"GTTCTGTAC","+"
"141",198,"CML92_HLC27CCXX_L4_read461","MuTIR_3",92.754,69,5,0,82,150,1,69,6.05e-26,100,"GTCCGCGTG","+"
"154",214,"CML92_HLC27CCXX_L4_read504","MuTIR_3",91.176,136,12,0,15,150,1,136,1.62e-51,185,"GCGTGTGTG","+"
"155",215,"CML92_HLC27CCXX_L4_read507","MuTIR_3",94.681,94,5,0,57,150,1,94,7.66e-40,147,"GACCCTTTG","+"
"157",217,"CML92_HLC27CCXX_L4_read511","MuTIR_3",93.827,81,5,0,70,150,1,81,1.29e-32,122,"GACCTCAAA","+"
"158",218,"CML92_HLC27CCXX_L4_read514","MuTIR_3",92.222,90,7,0,60,149,1,90,2.77e-34,128,"GGCACCTGA","+"
"159",219,"CML92_HLC27CCXX_L4_read515","MuTIR_3",91.589,107,9,0,44,150,1,107,2.13e-40,148,"GCACTAGTG","+"
"174",266,"CML92_HLC27CCXX_L4_read626","MuTIR_4",89.831,118,12,0,30,147,1,118,4.58e-42,154,"GCCATTAAG","+"
"175",267,"CML92_HLC27CCXX_L4_read627","MuTIR_4",90.833,120,11,0,13,132,1,120,7.61e-45,163,"CGGCCACCG","+"
"176",268,"CML92_HLC27CCXX_L4_read631","MuTIR_4",89.744,117,12,0,34,150,1,117,1.65e-41,152,"CTCGACATA","+"
"177",269,"CML92_HLC27CCXX_L4_read634","MuTIR_4",91.358,81,7,0,67,147,1,81,2.79e-29,111,"GCCATTAAG","+"
"178",270,"CML92_HLC27CCXX_L4_read636","MuTIR_4",91.358,81,7,0,67,147,1,81,2.79e-29,111,"GCCATTAAG","+"
"179",271,"CML92_HLC27CCXX_L4_read638","MuTIR_4",86.916,107,14,0,41,147,1,107,1.29e-32,122,"GTGACTGAG","+"
"180",272,"CML92_HLC27CCXX_L4_read639","MuTIR_4",90.698,86,8,0,60,145,1,86,2.16e-30,115,"GTGACTGAG","+"
"181",273,"CML92_HLC27CCXX_L4_read642","MuTIR_4",86.325,117,16,0,30,146,1,117,7.71e-35,130,"GTGACTGAG","+"
"189",304,"CML92_HLC27CCXX_L4_read730","MuTIR_5",90.909,110,8,1,43,150,1,110,2.13e-40,148,"GCTGCAGGA","+"
"190",305,"CML92_HLC27CCXX_L4_read733","MuTIR_5",92.391,92,5,1,61,150,1,92,2.15e-35,132,"GCTGCAGGA","+"
"195",311,"CML92_HLC27CCXX_L4_read771","MuTIR_6",95.536,112,5,0,39,150,1,112,7.55e-50,180,"TGCACTACA","+"
"196",312,"CML92_HLC27CCXX_L4_read773","MuTIR_6",95.536,112,5,0,39,150,1,112,7.55e-50,180,"TGCACTACA","+"
"198",314,"CML92_HLC27CCXX_L4_read780","MuTIR_6",95.575,113,5,0,38,150,1,113,2.1e-50,182,"TGCACTATG","+"
"199",315,"CML92_HLC27CCXX_L4_read784","MuTIR_6",95.062,81,4,0,70,150,1,81,2.77e-34,128,"TGCACTATG","+"
"200",316,"CML92_HLC27CCXX_L4_read788","MuTIR_6",94.815,135,7,0,16,150,1,135,2.68e-59,211,"TGCACTACG","+"
"205",324,"CML92_HLC27CCXX_L4_read805","MuTIR_6",92.701,137,10,0,14,150,1,137,2.09e-55,198,"AGGAGATGG","+"
"206",326,"CML92_HLC27CCXX_L4_read808","MuTIR_6",96.703,91,3,0,60,150,1,91,1.65e-41,152,"AGGAGAGGG","+"
"207",327,"CML92_HLC27CCXX_L4_read809","MuTIR_6",93.846,65,4,0,86,150,1,65,2.18e-25,99,"AGGAGAGGG","+"
"208",328,"CML92_HLC27CCXX_L4_read811","MuTIR_6",97.368,114,3,0,28,141,1,114,2.7e-54,195,"TCCTAGGCT","+"
"216",375,"CML92_H174VBGXX_read1","MuTIR_1",93.684,95,5,1,30,124,1,94,3.56e-38,141,"GCTGGCGAC","+"
"217",376,"CML92_H174VBGXX_read2","MuTIR_1",94.872,39,2,0,112,150,1,39,2.85e-14,62.1,"GTCGCCAGC","+"
"218",377,"CML92_H174VBGXX_read4","MuTIR_1",88.636,132,7,6,24,149,1,130,4.58e-42,154,"ACATATGTC","+"
"219",378,"CML92_H174VBGXX_read8","MuTIR_1",97.561,41,1,0,110,150,1,41,4.74e-17,71.3,"TCCATAAAA","+"
"220",379,"CML92_H174VBGXX_read9","MuTIR_1",92.632,95,6,1,48,142,1,94,1.66e-36,135,"CTCGCACAG","+"
"221",380,"CML92_H174VBGXX_read14","MuTIR_1",95.42,131,5,1,16,146,1,130,3.46e-58,207,"CCCCGATCC","+"
"223",382,"CML92_H174VBGXX_read17","MuTIR_1",95.876,97,3,1,54,150,1,96,1.27e-42,156,"CCCACCGAA","+"
"224",383,"CML92_H174VBGXX_read21","MuTIR_1",93.684,95,5,1,16,110,1,94,3.56e-38,141,"CTCTCTACC","+"
"225",384,"CML92_H174VBGXX_read22","MuTIR_1",97.222,36,1,0,96,131,1,36,2.85e-14,62.1,"GCCGTGCGA","+"
"226",385,"CML92_H174VBGXX_read23","MuTIR_1",94.382,89,4,1,62,150,1,88,1.66e-36,135,"GACACAGGT","+"
"227",386,"CML92_H174VBGXX_read25","MuTIR_1",91.367,139,11,1,12,150,1,138,1.25e-52,189,"CCCACAGAA","+"
"237",396,"CML92_H174VBGXX_read43","MuTIR_1",91.579,95,7,1,41,135,1,94,7.71e-35,130,"TCTTCCTGA","-"
"239",398,"CML92_H174VBGXX_read45","MuTIR_1",94.737,95,4,1,37,131,1,94,7.66e-40,147,"TCTTCCTGA","-"
"242",403,"CML92_H174VBGXX_read52","MuTIR_1",95.604,91,3,1,60,150,1,90,2.76e-39,145,"CCCTCCCCA","+"
"243",405,"CML92_H174VBGXX_read54","MuTIR_1",96.25,80,2,1,71,150,1,79,7.71e-35,130,"CCCTCCCCA","+"
"248",427,"CML92_H174VBGXX_read107","MuTIR_2",92.241,116,9,0,27,142,1,116,2.11e-45,165,"CATAATAGC","+"
"249",428,"CML92_H174VBGXX_read108","MuTIR_2",93.333,90,6,0,60,149,1,90,5.96e-36,134,"TGCCGCCGC","+"
"250",429,"CML92_H174VBGXX_read109","MuTIR_2",90.323,93,9,0,57,149,1,93,1.29e-32,122,"CTACTCGGT","+"
"251",430,"CML92_H174VBGXX_read111","MuTIR_2",91.429,105,9,0,46,150,1,105,2.76e-39,145,"TGCAATGAT","+"
"252",431,"CML92_H174VBGXX_read115","MuTIR_2",89.61,77,8,0,74,150,1,77,2.18e-25,99,"GCTGGGAAG","+"
"253",432,"CML92_H174VBGXX_read116","MuTIR_2",95.556,90,4,0,57,146,1,90,2.76e-39,145,"CCCTGGCGC","+"
"254",433,"CML92_H174VBGXX_read124","MuTIR_2",94.186,86,5,0,58,143,1,86,2.15e-35,132,"GTTGGAAGA","+"
"255",434,"CML92_H174VBGXX_read125","MuTIR_2",96.552,58,2,0,93,150,1,58,7.82e-25,97.1,"TTCCTCGCC","+"
"256",435,"CML92_H174VBGXX_read128","MuTIR_2",87.778,90,11,0,41,130,1,90,1.3e-27,106,"GCTGGGAAG","+"
"257",436,"CML92_H174VBGXX_read129","MuTIR_2",91.603,131,9,2,21,150,1,130,7.55e-50,180,"TGCCGCCGC","+"
"259",438,"CML92_H174VBGXX_read132","MuTIR_2",94.828,58,3,0,93,150,1,58,3.64e-23,91.6,"AGTTTTAGG","+"
"260",439,"CML92_H174VBGXX_read133","MuTIR_2",91.667,108,9,0,12,119,1,108,5.92e-41,150,"TGAAGTAAT","+"
"265",444,"CML92_H174VBGXX_read141","MuTIR_2",88.785,107,12,0,33,139,1,107,2.15e-35,132,"CGAACAAGA","-"
"281",470,"CML92_H174VBGXX_read211","MuTIR_2",86.458,96,11,2,56,150,1,95,4.68e-27,104,"GTCTCCCAC","+"
"287",477,"CML92_H174VBGXX_read247","MuTIR_3",93.333,75,5,0,76,150,1,75,2.79e-29,111,"GTTCTGTAC","+"
"288",478,"CML92_H174VBGXX_read248","MuTIR_3",89.189,111,12,0,40,150,1,111,1.28e-37,139,"CCTCTAGAG","+"
"289",479,"CML92_H174VBGXX_read251","MuTIR_3",90.09,111,11,0,40,150,1,111,2.76e-39,145,"CCTCTAGAG","+"
"291",483,"CML92_H174VBGXX_read268","MuTIR_3",93.443,122,8,0,14,135,1,122,2.1e-50,182,"GACCTCAAA","+"
"292",485,"CML92_H174VBGXX_read271","MuTIR_3",93.701,127,8,0,24,150,1,127,3.49e-53,191,"GACCCTTTG","+"
"300",497,"CML92_H174VBGXX_read290","MuTIR_3",92.045,88,7,0,60,147,1,88,3.59e-33,124,"CTCCAGGAT","+"
"301",498,"CML92_H174VBGXX_read291","MuTIR_3",93.333,75,5,0,75,149,1,75,2.79e-29,111,"CTCCAGGAT","+"
"304",507,"CML92_H174VBGXX_read302","MuTIR_3",87.719,114,13,1,38,150,1,114,2.15e-35,132,"TAGCACGCC","+"
"306",518,"CML92_H174VBGXX_read332","MuTIR_4",88.034,117,14,0,26,142,1,117,3.56e-38,141,"GTGACTGAG","+"
"307",519,"CML92_H174VBGXX_read336","MuTIR_4",89.744,117,12,0,34,150,1,117,1.65e-41,152,"CTCGACATA","+"
"311",523,"CML92_H174VBGXX_read350","MuTIR_4",86.923,130,17,0,10,139,1,130,2.13e-40,148,"CTGCAGATA","-"
"312",524,"CML92_H174VBGXX_read352","MuTIR_4",91.86,86,7,0,49,134,1,86,4.64e-32,121,"CGGACGTGG","-"
"314",541,"CML92_H174VBGXX_read391","MuTIR_5",91.358,81,5,1,72,150,1,81,2.79e-29,111,"ACCTATTCC","+"
"315",542,"CML92_H174VBGXX_read394","MuTIR_5",95.745,47,2,0,104,150,1,47,1.02e-18,76.8,"CGAGCCGGC","+"
"316",543,"CML92_H174VBGXX_read395","MuTIR_5",87.879,132,14,1,21,150,1,132,1.27e-42,156,"ATTGAGCCC","+"
"320",547,"CML92_H174VBGXX_read420","MuTIR_6",94.505,91,5,0,60,150,1,91,3.56e-38,141,"TGCACTATG","+"
"321",548,"CML92_H174VBGXX_read426","MuTIR_6",94.928,138,7,0,11,148,1,138,5.76e-61,217,"TCCTAGGCT","+"
"322",549,"CML92_H174VBGXX_read429","MuTIR_6",92.647,136,10,0,15,150,1,136,7.5e-55,196,"AGGAGATGG","+"
"323",550,"CML92_H174VBGXX_read430","MuTIR_6",94.595,74,4,0,77,150,1,74,2.16e-30,115,"AGGAGAGGG","+"
"324",551,"CML92_H174VBGXX_read431","MuTIR_6",94.444,126,7,0,25,150,1,126,2.7e-54,195,"AGGAGAGGG","+"
