"","X","qname","sname","percent_identity","alignment_length","mismatches","gap_opens","q_start","q_end","s_start","s_end","evalue","bit_score","tsds","strand"
"1",1,"CMV3_HB1JEADXX_ATTCCT_read2","MuTIR_1",95.745,47,2,0,105,151,1,47,1.03e-18,76.8,"CCCACCTTG","+"
"2",2,"CMV3_HB1JEADXX_ATTCCT_read6","MuTIR_1",96.296,81,2,1,71,151,1,80,2.16e-35,132,"AGATTTGAT","+"
"3",3,"CMV3_HB1JEADXX_ATTCCT_read7","MuTIR_1",92.857,112,6,2,40,150,1,111,2.76e-44,161,"CCGGGAGGC","+"
"4",4,"CMV3_HB1JEADXX_ATTCCT_read8","MuTIR_1",94.118,85,4,1,67,151,1,84,2.79e-34,128,"GAGAGCCTC","+"
"5",5,"CMV3_HB1JEADXX_ATTCCT_read11","MuTIR_1",100,32,0,0,118,149,1,32,1.03e-13,60.2,"GCTGGCGAC","+"
"6",6,"CMV3_HB1JEADXX_ATTCCT_read12","MuTIR_1",92.537,134,7,3,19,151,1,132,1.26e-52,189,"GTCGGTCTA","+"
"7",7,"CMV3_HB1JEADXX_ATTCCT_read13","MuTIR_1",100,43,0,0,38,80,1,43,7.94e-20,80.5,"GCTGCGCTC","+"
"8",8,"CMV3_HB1JEADXX_ATTCCT_read14","MuTIR_1",96.226,106,3,1,46,151,1,105,1.27e-47,172,"AGATTTGAT","+"
"9",9,"CMV3_HB1JEADXX_ATTCCT_read17","MuTIR_1",95.588,68,2,1,84,151,1,67,3.64e-28,108,"TAGACCGAC","+"
"10",10,"CMV3_HB1JEADXX_ATTCCT_read19","MuTIR_1",98.246,57,0,1,95,151,1,56,2.19e-25,99,"GAGGCTCTC","+"
"11",11,"CMV3_HB1JEADXX_ATTCCT_read20","MuTIR_1",94.262,122,6,1,16,137,1,121,1.63e-51,185,"GGCGCAAGA","+"
"13",13,"CMV3_HB1JEADXX_ATTCCT_read22","MuTIR_1",95.946,74,2,1,78,151,1,73,1.68e-31,119,"GTCGCCAGC","+"
"14",14,"CMV3_HB1JEADXX_ATTCCT_read23","MuTIR_1",96.512,86,2,1,63,148,1,85,3.59e-38,141,"TAGACCGAC","+"
"15",15,"CMV3_HB1JEADXX_ATTCCT_read26","MuTIR_1",95.798,119,4,1,31,149,1,118,3.51e-53,191,"CCCACCTTG","+"
"16",16,"CMV3_HB1JEADXX_ATTCCT_read27","MuTIR_1",90.4,125,7,2,32,151,1,125,9.91e-44,159,"CTTAAGGAG","+"
"17",17,"CMV3_HB1JEADXX_ATTCCT_read29","MuTIR_1",95.238,42,2,0,104,145,1,42,6.18e-16,67.6,"TAGACCGAC","+"
"32",33,"CMV3_HB1JEADXX_ATTCCT_read63","MuTIR_1",94.737,57,2,1,95,151,1,56,4.74e-22,87.9,"CCCTCCCCA","+"
"35",39,"CMV3_HB1JEADXX_ATTCCT_read73","MuTIR_1",86.26,131,10,5,23,148,1,128,1.67e-36,135,"GTCTGATCT","+"
"37",63,"CMV3_HB1JEADXX_ATTCCT_read134","MuTIR_2",94.186,86,5,0,23,108,1,86,2.16e-35,132,"GTTGGAAGA","+"
"38",64,"CMV3_HB1JEADXX_ATTCCT_read135","MuTIR_2",87.619,105,13,0,47,151,1,105,1.3e-32,122,"CTACTCGGT","+"
"39",65,"CMV3_HB1JEADXX_ATTCCT_read136","MuTIR_2",94.872,39,2,0,113,151,1,39,2.87e-14,62.1,"AGCAGGGAA","+"
"40",66,"CMV3_HB1JEADXX_ATTCCT_read137","MuTIR_2",90,130,13,0,20,149,1,130,1.65e-46,169,"TGCAATGAT","+"
"41",67,"CMV3_HB1JEADXX_ATTCCT_read138","MuTIR_2",92.188,64,5,0,88,151,1,64,3.67e-23,91.6,"ATCCACCAC","+"
"42",68,"CMV3_HB1JEADXX_ATTCCT_read142","MuTIR_2",93.333,90,6,0,55,144,1,90,6.01e-36,134,"GTGTTTCCT","+"
"43",69,"CMV3_HB1JEADXX_ATTCCT_read144","MuTIR_2",91.818,110,9,0,42,151,1,110,4.61e-42,154,"GAGACGAGG","+"
"44",70,"CMV3_HB1JEADXX_ATTCCT_read145","MuTIR_2",90,130,13,0,22,151,1,130,1.65e-46,169,"TTAAGGAGG","+"
"45",71,"CMV3_HB1JEADXX_ATTCCT_read147","MuTIR_2",91.026,78,7,0,74,151,1,78,1.31e-27,106,"CCTAGCCGA","+"
"46",72,"CMV3_HB1JEADXX_ATTCCT_read148","MuTIR_2",89.247,93,10,0,59,151,1,93,6.05e-31,117,"CCTAGCCGA","+"
"57",95,"CMV3_HB1JEADXX_ATTCCT_read193","MuTIR_2",89.552,67,7,0,72,138,1,67,1.71e-21,86.1,"CCCACCACG","+"
"60",98,"CMV3_HB1JEADXX_ATTCCT_read196","MuTIR_2",87.611,113,14,0,39,151,1,113,2.16e-35,132,"TCCTTTTAC","+"
"63",102,"CMV3_HB1JEADXX_ATTCCT_read202","MuTIR_2",87.654,81,10,0,44,124,1,81,2.83e-24,95.3,"TCCGGTCAC","+"
"64",104,"CMV3_HB1JEADXX_ATTCCT_read222","MuTIR_3",97.778,45,1,0,100,144,1,45,2.85e-19,78.7,"CCCTGCGAG","+"
"65",105,"CMV3_HB1JEADXX_ATTCCT_read223","MuTIR_3",96.154,52,2,0,94,145,1,52,1.71e-21,86.1,"CCCTGCGAG","+"
"66",106,"CMV3_HB1JEADXX_ATTCCT_read225","MuTIR_3",93.333,90,6,0,58,147,1,90,6.01e-36,134,"CCTGAGTTG","+"
"68",108,"CMV3_HB1JEADXX_ATTCCT_read227","MuTIR_3",96.939,98,3,0,54,151,1,98,2.13e-45,165,"CTTGTGCGC","+"
"69",109,"CMV3_HB1JEADXX_ATTCCT_read230","MuTIR_3",93.333,90,6,0,30,119,1,90,6.01e-36,134,"AAAAAATGG","+"
"70",110,"CMV3_HB1JEADXX_ATTCCT_read232","MuTIR_3",93.506,77,5,0,75,151,1,77,2.18e-30,115,"AAAAAATGG","+"
"77",118,"CMV3_HB1JEADXX_ATTCCT_read253","MuTIR_3",92.92,113,8,0,39,151,1,113,2.13e-45,165,"GTTCTGTAC","+"
"78",119,"CMV3_HB1JEADXX_ATTCCT_read255","MuTIR_3",89.706,68,7,0,73,140,1,68,4.74e-22,87.9,"CCTCTAGAG","+"
"81",127,"CMV3_HB1JEADXX_ATTCCT_read268","MuTIR_3",92.857,70,5,0,78,147,1,70,1.69e-26,102,"AGTTACGCC","+"
"82",128,"CMV3_HB1JEADXX_ATTCCT_read269","MuTIR_3",93.939,66,4,0,86,151,1,66,6.09e-26,100,"CTCCTCATC","+"
"83",129,"CMV3_HB1JEADXX_ATTCCT_read270","MuTIR_3",90.441,136,13,0,16,151,1,136,7.61e-50,180,"CCGCGGAAG","+"
"84",131,"CMV3_HB1JEADXX_ATTCCT_read274","MuTIR_3",94.34,106,6,0,46,151,1,106,7.66e-45,163,"GACCTCAAA","+"
"86",133,"CMV3_HB1JEADXX_ATTCCT_read276","MuTIR_3",90.123,81,8,0,65,145,1,81,1.31e-27,106,"TCTTGCGGC","+"
"88",135,"CMV3_HB1JEADXX_ATTCCT_read278","MuTIR_3",89.147,129,14,0,14,142,1,129,2.76e-44,161,"CTCCGGCAC","+"
"94",142,"CMV3_HB1JEADXX_ATTCCT_read287","MuTIR_3",86.822,129,17,0,11,139,1,129,2.77e-39,145,"GGATTCAGA","-"
"96",144,"CMV3_HB1JEADXX_ATTCCT_read292","MuTIR_3",91.538,130,11,0,22,151,1,130,7.61e-50,180,"CTCCAGGAT","+"
"98",157,"CMV3_HB1JEADXX_ATTCCT_read335","MuTIR_4",87.179,117,15,0,33,149,1,117,1.67e-36,135,"GTGACTGGG","+"
"99",159,"CMV3_HB1JEADXX_ATTCCT_read365","MuTIR_4",88.073,109,13,0,43,151,1,109,2.16e-35,132,"GACTTTAGC","+"
"100",161,"CMV3_HB1JEADXX_ATTCCT_read377","MuTIR_4",85.586,111,16,0,41,151,1,111,1.68e-31,119,"GTGTGTGGG","+"
"101",163,"CMV3_HB1JEADXX_ATTCCT_read388","MuTIR_5",87.611,113,12,1,39,149,1,113,7.77e-35,130,"GCGGCATTG","+"
"103",167,"CMV3_HB1JEADXX_ATTCCT_read397","MuTIR_5",82.075,106,17,1,36,139,1,106,3.67e-23,91.6,"TCTGCAGCC","+"
"104",169,"CMV3_HB1JEADXX_ATTCCT_read400","MuTIR_6",94.495,109,6,0,43,151,1,109,1.65e-46,169,"TGCACTATG","+"
"105",170,"CMV3_HB1JEADXX_ATTCCT_read401","MuTIR_6",92.929,99,7,0,41,139,1,99,2.77e-39,145,"TGCACTATG","+"
"106",171,"CMV3_HB1JEADXX_ATTCCT_read409","MuTIR_6",95.775,71,3,0,81,151,1,71,2.18e-30,115,"ATGCAGATG","+"
"107",172,"CMV3_HB1JEADXX_ATTCCT_read410","MuTIR_6",94.574,129,7,0,23,151,1,129,5.84e-56,200,"AGGAGAGGG","+"
"108",173,"CMV3_HB1JEADXX_ATTCCT_read411","MuTIR_6",94.118,68,4,0,58,125,1,68,4.71e-27,104,"AGGAGAGGG","+"
"109",174,"CMV3_HB1JEADXX_ATTCCT_read412","MuTIR_6",94.667,75,4,0,77,151,1,75,6.05e-31,117,"AGGAGAGGG","+"
"112",190,"CMV3_HLC27CCXX_L7_read2","MuTIR_1",100,43,0,0,16,58,1,43,7.88e-20,80.5,"GCTGCGCTC","+"
"113",191,"CMV3_HLC27CCXX_L7_read3","MuTIR_1",95.402,87,3,1,64,150,1,86,4.61e-37,137,"CAAGGTGGG","+"
"114",192,"CMV3_HLC27CCXX_L7_read5","MuTIR_1",93.75,112,6,1,39,150,1,111,5.88e-46,167,"GGCGCAAGA","+"
"115",193,"CMV3_HLC27CCXX_L7_read7","MuTIR_1",93.798,129,7,1,22,150,1,128,9.7e-54,193,"GAAAAGTAG","+"
"116",194,"CMV3_HLC27CCXX_L7_read8","MuTIR_1",92.908,141,9,1,10,150,1,140,4.48e-57,204,"CTCTCTTTC","+"
"117",195,"CMV3_HLC27CCXX_L7_read9","MuTIR_1",95.495,111,4,1,40,150,1,110,9.77e-49,176,"GTCGGTCTA","+"
"119",197,"CMV3_HLC27CCXX_L7_read12","MuTIR_1",93.684,95,5,1,14,108,1,94,3.56e-38,141,"CTCTCTACC","+"
"120",198,"CMV3_HLC27CCXX_L7_read13","MuTIR_1",100,43,0,0,45,87,1,43,7.88e-20,80.5,"GCTGCGCTC","+"
"122",200,"CMV3_HLC27CCXX_L7_read17","MuTIR_1",100,37,0,0,114,150,1,37,1.71e-16,69.4,"GAGAGCCTC","+"
"123",201,"CMV3_HLC27CCXX_L7_read18","MuTIR_1",93.204,103,6,1,48,150,1,102,5.92e-41,150,"CTCCATCTA","+"
"124",202,"CMV3_HLC27CCXX_L7_read19","MuTIR_1",95.276,127,5,1,24,150,1,126,5.8e-56,200,"ACCTAACAC","+"
"125",203,"CMV3_HLC27CCXX_L7_read20","MuTIR_1",92.453,106,7,1,42,147,1,105,5.92e-41,150,"TGCGACTGA","+"
"126",204,"CMV3_HLC27CCXX_L7_read21","MuTIR_1",93.431,137,7,2,15,150,1,136,1.61e-56,202,"CCGGGAGGC","+"
"127",205,"CMV3_HLC27CCXX_L7_read24","MuTIR_1",95.588,68,2,1,83,150,1,67,3.61e-28,108,"CTCTCTACC","+"
"128",206,"CMV3_HLC27CCXX_L7_read25","MuTIR_1",93.684,95,5,1,53,147,1,94,3.56e-38,141,"CTCGCACAG","+"
"130",208,"CMV3_HLC27CCXX_L7_read27","MuTIR_1",92.793,111,7,1,35,145,1,110,9.84e-44,159,"CTCTCTTTC","+"
"131",209,"CMV3_HLC27CCXX_L7_read30","MuTIR_1",93.277,119,7,1,32,150,1,118,3.51e-48,174,"GCCTCCCGG","+"
"132",210,"CMV3_HLC27CCXX_L7_read31","MuTIR_1",94.545,55,2,1,96,150,1,54,6.09e-21,84.2,"GTCGCCAGC","+"
"133",211,"CMV3_HLC27CCXX_L7_read36","MuTIR_1",100,37,0,0,114,150,1,37,1.71e-16,69.4,"GAGAGCCTC","+"
"135",213,"CMV3_HLC27CCXX_L7_read38","MuTIR_1",95.789,95,3,1,1,95,1,94,1.65e-41,152,"TCTTTCTGA","-"
"143",221,"CMV3_HLC27CCXX_L7_read54","MuTIR_1",100,43,0,0,91,133,1,43,7.88e-20,80.5,"GCCCGCCCA","-"
"147",225,"CMV3_HLC27CCXX_L7_read62","MuTIR_1",93.684,95,5,1,36,130,1,94,3.56e-38,141,"TCTTCCTGA","-"
"152",230,"CMV3_HLC27CCXX_L7_read71","MuTIR_1",96.512,86,2,1,65,150,1,85,3.56e-38,141,"CCCTCCCCA","+"
"153",231,"CMV3_HLC27CCXX_L7_read72","MuTIR_1",93.396,106,6,1,45,150,1,105,1.27e-42,156,"CTTTGGATG","+"
"157",272,"CMV3_HLC27CCXX_L7_read163","MuTIR_2",90.909,77,7,0,74,150,1,77,4.68e-27,104,"CCTAGCCGA","+"
"158",273,"CMV3_HLC27CCXX_L7_read168","MuTIR_2",90.099,101,10,0,47,147,1,101,2.15e-35,132,"AGTTTTAGG","+"
"159",274,"CMV3_HLC27CCXX_L7_read173","MuTIR_2",97.059,68,2,0,58,125,1,68,2.16e-30,115,"GACCGGGCG","+"
"160",275,"CMV3_HLC27CCXX_L7_read175","MuTIR_2",93.75,64,4,0,87,150,1,64,7.82e-25,97.1,"TTAAGGAGG","+"
"162",277,"CMV3_HLC27CCXX_L7_read177","MuTIR_2",94.805,77,4,0,72,148,1,77,4.64e-32,121,"AGCAGGGAA","+"
"174",291,"CMV3_HLC27CCXX_L7_read214","MuTIR_2",91.129,124,11,0,27,150,1,124,1.63e-46,169,"TGGTTCGGG","+"
"177",305,"CMV3_HLC27CCXX_L7_read235","MuTIR_2",86.842,76,8,2,76,150,1,75,6.09e-21,84.2,"AATGACGAT","+"
"178",306,"CMV3_HLC27CCXX_L7_read236","MuTIR_2",89.286,84,5,4,64,145,1,82,1.68e-26,102,"CTGGCTGGA","+"
"179",307,"CMV3_HLC27CCXX_L7_read237","MuTIR_2",88.158,76,7,2,76,150,1,75,1.31e-22,89.8,"AATGACGAT","+"
"181",313,"CMV3_HLC27CCXX_L7_read248","MuTIR_2",87.5,120,15,0,20,139,1,120,1.28e-37,139,"TCCTTGTAC","+"
"185",323,"CMV3_HLC27CCXX_L7_read279","MuTIR_3",92.537,67,5,0,84,150,1,67,7.82e-25,97.1,"AAAAAATGG","+"
"189",330,"CMV3_HLC27CCXX_L7_read295","MuTIR_3",90.741,108,10,0,43,150,1,108,2.76e-39,145,"AGGGGTCGC","+"
"190",331,"CMV3_HLC27CCXX_L7_read296","MuTIR_3",93.976,83,5,0,63,145,1,83,9.98e-34,126,"CCTTGCATT","+"
"191",334,"CMV3_HLC27CCXX_L7_read299","MuTIR_3",92.647,68,5,0,83,150,1,68,2.18e-25,99,"AGGGGTCGC","+"
"198",346,"CMV3_HLC27CCXX_L7_read319","MuTIR_3",90.299,134,13,0,17,150,1,134,9.77e-49,176,"CACGGGGAC","+"
"199",347,"CMV3_HLC27CCXX_L7_read320","MuTIR_3",91.892,111,9,0,40,150,1,111,1.27e-42,156,"AGTTACGCC","+"
"200",348,"CMV3_HLC27CCXX_L7_read321","MuTIR_3",94.286,105,6,0,44,148,1,105,2.74e-44,161,"GACCTCAAA","+"
"201",350,"CMV3_HLC27CCXX_L7_read323","MuTIR_3",88.421,95,10,1,57,150,1,95,7.77e-30,113,"TCTTGCGGC","+"
"202",351,"CMV3_HLC27CCXX_L7_read324","MuTIR_3",95.327,107,5,0,44,150,1,107,4.55e-47,171,"GACCCTTTG","+"
"203",352,"CMV3_HLC27CCXX_L7_read325","MuTIR_3",88.764,89,10,0,62,150,1,89,1.01e-28,110,"TCAAACAGG","+"
"204",353,"CMV3_HLC27CCXX_L7_read326","MuTIR_3",87.952,83,10,0,44,126,1,83,2.18e-25,99,"GACCCTTTG","+"
"205",354,"CMV3_HLC27CCXX_L7_read327","MuTIR_3",91.346,104,9,0,47,150,1,104,9.91e-39,143,"AGTTACGCC","+"
"212",371,"CMV3_HLC27CCXX_L7_read352","MuTIR_3",87.805,123,10,2,26,148,1,118,1.28e-37,139,"GTGCCGGAG","+"
"214",386,"CMV3_HLC27CCXX_L7_read385","MuTIR_4",93.388,121,8,0,30,150,1,121,2.1e-50,182,"CCGAAGACT","+"
"216",388,"CMV3_HLC27CCXX_L7_read403","MuTIR_4",96.552,58,2,0,93,150,1,58,7.82e-25,97.1,"CATGAGCTG","+"
"224",396,"CMV3_HLC27CCXX_L7_read432","MuTIR_4",88.596,114,13,0,34,147,1,114,3.56e-38,141,"GACTTTAGC","+"
"225",398,"CMV3_HLC27CCXX_L7_read434","MuTIR_4",90.625,64,6,0,86,149,1,64,1.69e-21,86.1,"CGGCAGGTG","+"
"227",411,"CMV3_HLC27CCXX_L7_read466","MuTIR_5",89.908,109,9,1,44,150,1,109,3.56e-38,141,"ACCTATTCC","+"
"228",412,"CMV3_HLC27CCXX_L7_read467","MuTIR_5",93.103,58,2,1,95,150,1,58,6.09e-21,84.2,"CGAGACGGC","+"
"229",413,"CMV3_HLC27CCXX_L7_read471","MuTIR_5",89.908,109,9,1,44,150,1,109,3.56e-38,141,"ACCTATTCC","+"
"231",415,"CMV3_HLC27CCXX_L7_read474","MuTIR_5",86.667,120,13,2,12,128,1,120,7.71e-35,130,"GCGGCATTG","+"
"235",422,"CMV3_HLC27CCXX_L7_read492","MuTIR_6",95.798,119,5,0,31,149,1,119,9.7e-54,193,"TGCACTATG","+"
"236",423,"CMV3_HLC27CCXX_L7_read494","MuTIR_6",95.604,91,4,0,60,150,1,91,7.66e-40,147,"TGCACTACG","+"
"237",424,"CMV3_HLC27CCXX_L7_read495","MuTIR_6",95.876,97,4,0,54,150,1,97,3.54e-43,158,"TGTACTACG","+"
"239",427,"CMV3_HLC27CCXX_L7_read500","MuTIR_6",94.656,131,7,0,19,149,1,131,4.48e-57,204,"AGGAGAGGG","+"
"242",439,"CMV3_HLC27CCXX_L7_read513","MuTIR_6",92.157,102,7,1,49,150,1,101,9.91e-39,143,"GATCGAACC","+"
"245",467,"CMV3_HB1LCADXX_ATTCCT_read4","MuTIR_1",94.737,95,4,1,27,121,1,94,7.72e-40,147,"TCTTCCTGA","-"
"247",469,"CMV3_HB1LCADXX_ATTCCT_read7","MuTIR_1",95.789,95,3,1,15,109,1,94,1.66e-41,152,"TCTTTCTGA","-"
"251",484,"CMV3_HB1LCADXX_ATTCCT_read29","MuTIR_2",91.892,111,9,0,24,134,1,111,1.28e-42,156,"GAGACGAGG","+"
"252",485,"CMV3_HB1LCADXX_ATTCCT_read32","MuTIR_2",85.849,106,15,0,46,151,1,106,7.83e-30,113,"GGAGAAGTG","+"
"254",487,"CMV3_HB1LCADXX_ATTCCT_read34","MuTIR_2",90.741,108,8,2,45,151,1,107,9.98e-39,143,"TCTATCAGT","+"
"255",488,"CMV3_HB1LCADXX_ATTCCT_read35","MuTIR_2",92.771,83,6,0,65,147,1,83,4.68e-32,121,"AGTTTTAGG","+"
"261",496,"CMV3_HB1LCADXX_ATTCCT_read48","MuTIR_2",83.898,118,16,1,37,151,1,118,1.01e-28,110,"CTCGTTGGA","+"
"262",504,"CMV3_HB1LCADXX_ATTCCT_read63","MuTIR_3",93.103,87,6,0,34,120,1,87,2.79e-34,128,"CAACTCAGG","+"
"263",505,"CMV3_HB1LCADXX_ATTCCT_read64","MuTIR_3",97.674,43,1,0,109,151,1,43,3.69e-18,75,"CATATGTAC","+"
"268",512,"CMV3_HB1LCADXX_ATTCCT_read82","MuTIR_3",84.058,69,6,2,81,149,1,64,2.87e-14,62.1,"GTGCCGGAG","+"
"270",514,"CMV3_HB1LCADXX_ATTCCT_read88","MuTIR_4",93.939,99,6,0,53,151,1,99,5.96e-41,150,"GCAAGAGAG","+"
