"","X","qname","sname","percent_identity","alignment_length","mismatches","gap_opens","q_start","q_end","s_start","s_end","evalue","bit_score","tsds","strand"
"1",1,"DE1_HLCY2CCXX_L5_read4","MuTIR_1",92.632,95,6,1,33,127,1,94,1.66e-36,135,"CTCTCTACC","+"
"2",2,"DE1_HLCY2CCXX_L5_read5","MuTIR_1",94.186,86,4,1,64,149,1,85,7.71e-35,130,"GCCGGTCTA","+"
"3",3,"DE1_HLCY2CCXX_L5_read8","MuTIR_1",93.617,47,3,0,104,150,1,47,4.74e-17,71.3,"GTTTGCAGT","+"
"4",4,"DE1_HLCY2CCXX_L5_read9","MuTIR_1",93.443,61,3,1,70,130,1,60,1.31e-22,89.8,"TACCTACCC","+"
"5",5,"DE1_HLCY2CCXX_L5_read10","MuTIR_1",94.017,117,6,1,34,150,1,116,9.77e-49,176,"TTCGGCAGG","+"
"6",6,"DE1_HLCY2CCXX_L5_read13","MuTIR_1",93.694,111,6,1,40,150,1,110,2.11e-45,165,"TTCGGCAGG","+"
"7",7,"DE1_HLCY2CCXX_L5_read14","MuTIR_1",93.684,95,5,1,30,124,1,94,3.56e-38,141,"TCGCACGGC","+"
"8",8,"DE1_HLCY2CCXX_L5_read17","MuTIR_1",95.349,43,2,0,108,150,1,43,1.71e-16,69.4,"GTCGGTCTA","+"
"9",9,"DE1_HLCY2CCXX_L5_read18","MuTIR_1",92.308,130,9,1,21,150,1,129,5.84e-51,183,"GAGGCTCTC","+"
"10",10,"DE1_HLCY2CCXX_L5_read19","MuTIR_1",95.699,93,3,1,58,150,1,92,2.13e-40,148,"GTCGCCAGC","+"
"11",11,"DE1_HLCY2CCXX_L5_read21","MuTIR_1",90.476,105,5,2,51,150,1,105,5.96e-36,134,"GTTTGCAGT","+"
"13",13,"DE1_HLCY2CCXX_L5_read23","MuTIR_1",95.556,45,2,0,106,150,1,45,1.32e-17,73.1,"CAAGGTGGG","+"
"15",15,"DE1_HLCY2CCXX_L5_read28","MuTIR_1",95.556,90,3,1,61,150,1,89,9.91e-39,143,"CAAGGTGGG","+"
"16",16,"DE1_HLCY2CCXX_L5_read31","MuTIR_1",95.146,103,4,1,48,150,1,102,2.74e-44,161,"GTTCAGAAA","+"
"17",17,"DE1_HLCY2CCXX_L5_read32","MuTIR_1",96.341,82,2,1,69,150,1,81,5.96e-36,134,"GTCGCCAGC","+"
"18",18,"DE1_HLCY2CCXX_L5_read33","MuTIR_1",94.175,103,5,1,48,150,1,102,1.27e-42,156,"GTCGCCAGC","+"
"20",20,"DE1_HLCY2CCXX_L5_read35","MuTIR_1",96.117,103,3,1,48,150,1,102,5.88e-46,167,"GTCGCCAGC","+"
"21",21,"DE1_HLCY2CCXX_L5_read36","MuTIR_1",93.75,128,7,1,23,150,1,127,3.49e-53,191,"GGATACAAC","+"
"22",22,"DE1_HLCY2CCXX_L5_read45","MuTIR_1",95.122,82,3,1,69,150,1,81,2.77e-34,128,"ACCTGGATG","+"
"23",23,"DE1_HLCY2CCXX_L5_read46","MuTIR_1",93.694,111,6,1,40,150,1,110,2.11e-45,165,"TTCGGCAGG","+"
"24",24,"DE1_HLCY2CCXX_L5_read52","MuTIR_1",95.588,68,2,1,83,150,1,67,3.61e-28,108,"GTCGCCAGC","+"
"26",26,"DE1_HLCY2CCXX_L5_read54","MuTIR_1",94.355,124,6,1,22,145,1,123,1.25e-52,189,"TTTCTGAAC","+"
"27",27,"DE1_HLCY2CCXX_L5_read57","MuTIR_1",95.455,110,4,1,38,147,1,109,3.51e-48,174,"GAGGCTCTC","+"
"28",28,"DE1_HLCY2CCXX_L5_read58","MuTIR_1",96.154,104,3,1,47,150,1,103,1.63e-46,169,"GAATACAAC","+"
"29",29,"DE1_HLCY2CCXX_L5_read59","MuTIR_1",100,37,0,0,114,150,1,37,1.71e-16,69.4,"GGATACAAC","+"
"30",30,"DE1_HLCY2CCXX_L5_read61","MuTIR_1",93.396,106,6,1,42,147,1,105,1.27e-42,156,"GCCTCCCGG","+"
"31",31,"DE1_HLCY2CCXX_L5_read62","MuTIR_1",93.75,128,7,1,23,150,1,127,3.49e-53,191,"GGATACAAC","+"
"32",32,"DE1_HLCY2CCXX_L5_read65","MuTIR_1",94.545,55,2,1,96,150,1,54,6.09e-21,84.2,"GTCGGTCTA","+"
"33",33,"DE1_HLCY2CCXX_L5_read68","MuTIR_1",88.421,95,4,2,27,115,1,94,3.61e-28,108,"GTTGGCGAC","+"
"34",34,"DE1_HLCY2CCXX_L5_read69","MuTIR_1",93.694,111,6,1,40,150,1,110,2.11e-45,165,"TTCGGCAGG","+"
"35",35,"DE1_HLCY2CCXX_L5_read70","MuTIR_1",96.154,104,3,1,47,150,1,103,1.63e-46,169,"GAATACAAC","+"
"36",36,"DE1_HLCY2CCXX_L5_read71","MuTIR_1",92.632,95,6,1,32,126,1,94,1.66e-36,135,"CTCTCTACC","+"
"37",37,"DE1_HLCY2CCXX_L5_read72","MuTIR_1",93.75,128,7,1,23,150,1,127,3.49e-53,191,"GGATACAAC","+"
"38",38,"DE1_HLCY2CCXX_L5_read73","MuTIR_1",93.684,95,5,1,30,124,1,94,3.56e-38,141,"TCGCACGGC","+"
"39",39,"DE1_HLCY2CCXX_L5_read76","MuTIR_1",93.277,119,7,1,21,139,1,118,3.51e-48,174,"GCCGTGCGA","+"
"40",40,"DE1_HLCY2CCXX_L5_read77","MuTIR_1",95.798,119,4,1,26,144,1,118,3.49e-53,191,"CCCACCTTG","+"
"41",41,"DE1_HLCY2CCXX_L5_read79","MuTIR_1",95.683,139,5,1,12,150,1,138,1.24e-62,222,"GAGAGCCTC","+"
"42",42,"DE1_HLCY2CCXX_L5_read80","MuTIR_1",100,35,0,0,116,150,1,35,2.21e-15,65.8,"ACTCCAAAC","+"
"43",43,"DE1_HLCY2CCXX_L5_read82","MuTIR_1",92.308,130,9,1,21,150,1,129,5.84e-51,183,"GAGGCTCTC","+"
"47",47,"DE1_HLCY2CCXX_L5_read89","MuTIR_1",92.632,95,6,1,23,117,1,94,1.66e-36,135,"TCTTCCTGA","-"
"49",49,"DE1_HLCY2CCXX_L5_read91","MuTIR_1",95.082,61,2,1,74,134,1,60,2.81e-24,95.3,"CTCTGTTTT","-"
"89",89,"DE1_HLCY2CCXX_L5_read164","MuTIR_1",92.632,95,6,1,19,113,1,94,1.66e-36,135,"TCTTCCTGA","-"
"91",91,"DE1_HLCY2CCXX_L5_read166","MuTIR_1",94.737,95,4,1,2,96,1,94,7.66e-40,147,"TTTTCCTAA","-"
"93",93,"DE1_HLCY2CCXX_L5_read171","MuTIR_1",94.737,95,4,1,12,106,1,94,7.66e-40,147,"TTTTCCTAA","-"
"94",94,"DE1_HLCY2CCXX_L5_read173","MuTIR_1",94.737,95,4,1,31,125,1,94,7.66e-40,147,"TATTCCTGA","-"
"95",97,"DE1_HLCY2CCXX_L5_read182","MuTIR_1",93.243,74,4,1,77,150,1,73,3.61e-28,108,"CAAGGTGGG","+"
"96",98,"DE1_HLCY2CCXX_L5_read186","MuTIR_1",89.394,132,12,2,15,146,1,130,2.11e-45,165,"CCCTCCCCA","+"
"97",99,"DE1_HLCY2CCXX_L5_read187","MuTIR_1",95.522,67,2,1,84,150,1,66,1.3e-27,106,"CCCTCCCCA","+"
"98",100,"DE1_HLCY2CCXX_L5_read188","MuTIR_1",94.643,112,5,1,39,150,1,111,1.26e-47,172,"CCCTCCCCA","+"
"99",101,"DE1_HLCY2CCXX_L5_read190","MuTIR_1",94.231,52,2,1,99,150,1,51,2.83e-19,78.7,"CCCTCCCCA","+"
"100",102,"DE1_HLCY2CCXX_L5_read194","MuTIR_1",94.643,112,5,1,39,150,1,111,1.26e-47,172,"CCCTCCCCA","+"
"109",168,"DE1_HLCY2CCXX_L5_read377","MuTIR_2",90.714,140,13,0,10,149,1,140,4.51e-52,187,"CCGTCTGCG","+"
"110",169,"DE1_HLCY2CCXX_L5_read378","MuTIR_2",90.625,128,12,0,16,143,1,128,4.55e-47,171,"AGTTTTAGG","+"
"111",170,"DE1_HLCY2CCXX_L5_read379","MuTIR_2",90.4,125,12,0,26,150,1,125,2.11e-45,165,"AGTTTTAGG","+"
"112",171,"DE1_HLCY2CCXX_L5_read382","MuTIR_2",93.913,115,7,0,36,150,1,115,3.51e-48,174,"CTTACAAAG","+"
"113",172,"DE1_HLCY2CCXX_L5_read386","MuTIR_2",95.89,73,3,0,78,150,1,73,1.67e-31,119,"TGCCGCCGC","+"
"114",173,"DE1_HLCY2CCXX_L5_read387","MuTIR_2",95.312,64,3,0,86,149,1,64,1.68e-26,102,"AGTTTTAGG","+"
"115",174,"DE1_HLCY2CCXX_L5_read388","MuTIR_2",95.062,81,3,1,71,150,1,81,9.98e-34,126,"TTCCTCGCC","+"
"116",175,"DE1_HLCY2CCXX_L5_read390","MuTIR_2",93.023,129,9,0,14,142,1,129,1.25e-52,189,"CTTACAAAG","+"
"117",176,"DE1_HLCY2CCXX_L5_read392","MuTIR_2",93.939,99,6,0,52,150,1,99,5.92e-41,150,"TTCCTCGCC","+"
"120",179,"DE1_HLCY2CCXX_L5_read396","MuTIR_2",90,90,9,0,52,141,1,90,6.01e-31,117,"GGCTCTGGG","+"
"121",180,"DE1_HLCY2CCXX_L5_read398","MuTIR_2",93.421,76,5,0,75,150,1,76,7.77e-30,113,"TGCAATGAT","+"
"122",181,"DE1_HLCY2CCXX_L5_read401","MuTIR_2",94.118,68,4,0,82,149,1,68,4.68e-27,104,"AGTTTTAGG","+"
"123",182,"DE1_HLCY2CCXX_L5_read402","MuTIR_2",88.596,114,13,0,37,150,1,114,1.28e-37,139,"GCGCCAGGG","+"
"124",183,"DE1_HLCY2CCXX_L5_read404","MuTIR_2",91.935,62,5,0,89,150,1,62,4.71e-22,87.9,"CTGTCAGAG","+"
"125",184,"DE1_HLCY2CCXX_L5_read405","MuTIR_2",93.86,114,7,0,37,150,1,114,1.26e-47,172,"GCGCCAGGG","+"
"126",185,"DE1_HLCY2CCXX_L5_read408","MuTIR_2",93.75,64,4,0,72,135,1,64,7.82e-25,97.1,"GCGACCTCC","+"
"127",186,"DE1_HLCY2CCXX_L5_read409","MuTIR_2",97.333,75,2,0,76,150,1,75,2.77e-34,128,"CTTTGTAAG","+"
"128",187,"DE1_HLCY2CCXX_L5_read411","MuTIR_2",96.667,90,3,0,56,145,1,90,5.92e-41,150,"GCGCCAGGG","+"
"129",188,"DE1_HLCY2CCXX_L5_read413","MuTIR_2",93.75,64,4,0,72,135,1,64,7.82e-25,97.1,"GCGACCTCC","+"
"130",189,"DE1_HLCY2CCXX_L5_read415","MuTIR_2",94.186,86,5,0,56,141,1,86,2.15e-35,132,"GTTGGAAGA","+"
"131",190,"DE1_HLCY2CCXX_L5_read416","MuTIR_2",93.798,129,8,0,18,146,1,129,2.7e-54,195,"CCCAGAGCC","+"
"132",191,"DE1_HLCY2CCXX_L5_read419","MuTIR_2",89.062,128,14,0,20,147,1,128,9.84e-44,159,"ACCCAACTG","+"
"133",192,"DE1_HLCY2CCXX_L5_read424","MuTIR_2",91.27,126,11,0,25,150,1,126,1.26e-47,172,"CTTACAAAG","+"
"134",193,"DE1_HLCY2CCXX_L5_read425","MuTIR_2",88.776,98,11,0,51,148,1,98,4.64e-32,121,"CTGTCAGAG","+"
"136",195,"DE1_HLCY2CCXX_L5_read428","MuTIR_2",94.737,57,3,0,91,147,1,57,1.31e-22,89.8,"CACAGCATC","+"
"137",196,"DE1_HLCY2CCXX_L5_read431","MuTIR_2",94.118,68,4,0,81,148,1,68,4.68e-27,104,"AGTTTTAGG","+"
"138",197,"DE1_HLCY2CCXX_L5_read433","MuTIR_2",94.231,104,6,0,47,150,1,104,9.84e-44,159,"CCCTGGCGC","+"
"139",198,"DE1_HLCY2CCXX_L5_read434","MuTIR_2",95.833,72,3,0,79,150,1,72,6.01e-31,117,"CCCTGGCGC","+"
"140",199,"DE1_HLCY2CCXX_L5_read435","MuTIR_2",92.647,68,5,0,82,149,1,68,2.18e-25,99,"AGTTTTAGG","+"
"141",200,"DE1_HLCY2CCXX_L5_read436","MuTIR_2",95.312,64,3,0,86,149,1,64,1.68e-26,102,"AGTTTTAGG","+"
"142",201,"DE1_HLCY2CCXX_L5_read439","MuTIR_2",90.598,117,11,0,34,150,1,117,1.27e-42,156,"AGTTTTAGG","+"
"145",204,"DE1_HLCY2CCXX_L5_read447","MuTIR_2",90.625,128,12,0,2,129,1,128,4.55e-47,171,"CAGTAGTGA","-"
"150",209,"DE1_HLCY2CCXX_L5_read463","MuTIR_2",84.615,130,13,6,14,137,1,129,1.29e-32,122,"CGGATAGAA","-"
"154",213,"DE1_HLCY2CCXX_L5_read473","MuTIR_2",94.574,129,7,0,9,137,1,129,5.8e-56,200,"CGGATAGAA","-"
"157",216,"DE1_HLCY2CCXX_L5_read481","MuTIR_2",94.574,129,7,0,9,137,1,129,5.8e-56,200,"CGGATAGAA","-"
"160",219,"DE1_HLCY2CCXX_L5_read486","MuTIR_2",93.75,64,4,0,69,132,1,64,7.82e-25,97.1,"TTATTATAA","-"
"161",220,"DE1_HLCY2CCXX_L5_read488","MuTIR_2",93.798,129,8,0,1,129,1,129,2.7e-54,195,"CGGATAGAA","-"
"163",222,"DE1_HLCY2CCXX_L5_read491","MuTIR_2",93.75,64,4,0,69,132,1,64,7.82e-25,97.1,"TTATTATAA","-"
"165",224,"DE1_HLCY2CCXX_L5_read497","MuTIR_2",94.186,86,5,0,56,141,1,86,2.15e-35,132,"AGAACAACC","-"
"169",228,"DE1_HLCY2CCXX_L5_read506","MuTIR_2",89.062,128,14,0,6,133,1,128,9.84e-44,159,"CAGTAGTGA","-"
"180",239,"DE1_HLCY2CCXX_L5_read526","MuTIR_2",90.625,128,12,0,14,141,1,128,4.55e-47,171,"CAGTAGTGA","-"
"188",249,"DE1_HLCY2CCXX_L5_read551","MuTIR_2",91.765,85,7,0,66,150,1,85,1.67e-31,119,"CAGGTCCGA","+"
"189",250,"DE1_HLCY2CCXX_L5_read552","MuTIR_2",89.844,128,13,0,22,149,1,128,2.11e-45,165,"CCCCGAGCC","+"
"190",252,"DE1_HLCY2CCXX_L5_read555","MuTIR_2",91.176,102,9,0,45,146,1,102,1.28e-37,139,"CCGTCTGCG","+"
"191",253,"DE1_HLCY2CCXX_L5_read557","MuTIR_2",92.647,68,5,0,82,149,1,68,2.18e-25,99,"AGTTTTAGG","+"
"196",280,"DE1_HLCY2CCXX_L5_read638","MuTIR_2",87.5,128,16,0,18,145,1,128,2.13e-40,148,"CCCACCACG","+"
"197",282,"DE1_HLCY2CCXX_L5_read642","MuTIR_2",87.5,128,16,0,18,145,1,128,2.13e-40,148,"CCCACCACG","+"
"198",285,"DE1_HLCY2CCXX_L5_read651","MuTIR_2",88.889,90,10,0,57,146,1,90,2.79e-29,111,"TCCTTGGAC","+"
"199",286,"DE1_HLCY2CCXX_L5_read652","MuTIR_2",88.889,90,10,0,56,145,1,90,2.79e-29,111,"TCCTTGGAC","+"
"201",293,"DE1_HLCY2CCXX_L5_read699","MuTIR_3",96.154,52,2,0,92,143,1,52,1.69e-21,86.1,"TCTAGGTTC","+"
"202",294,"DE1_HLCY2CCXX_L5_read704","MuTIR_3",91.538,130,9,2,22,150,1,129,2.72e-49,178,"CCCTGCGAG","+"
"203",295,"DE1_HLCY2CCXX_L5_read706","MuTIR_3",97.561,41,1,0,110,150,1,41,4.74e-17,71.3,"GAACCTAGA","+"
"204",296,"DE1_HLCY2CCXX_L5_read707","MuTIR_3",91.603,131,9,2,21,150,1,130,7.55e-50,180,"CCCTGCGAG","+"
"205",297,"DE1_HLCY2CCXX_L5_read711","MuTIR_3",96.154,52,2,0,92,143,1,52,1.69e-21,86.1,"TCTAGGTTC","+"
"206",298,"DE1_HLCY2CCXX_L5_read715","MuTIR_3",96.226,53,2,0,89,141,1,53,4.71e-22,87.9,"AAAAAATGG","+"
"207",299,"DE1_HLCY2CCXX_L5_read719","MuTIR_3",91.453,117,10,0,31,147,1,117,2.74e-44,161,"TCTAGGTTC","+"
"208",300,"DE1_HLCY2CCXX_L5_read720","MuTIR_3",91.837,98,8,0,53,150,1,98,4.61e-37,137,"CCGTTTTTT","+"
"209",301,"DE1_HLCY2CCXX_L5_read722","MuTIR_3",92.5,80,6,0,71,150,1,80,2.16e-30,115,"GAACCTAGA","+"
"210",302,"DE1_HLCY2CCXX_L5_read724","MuTIR_3",94.393,107,6,0,44,150,1,107,2.11e-45,165,"AAAACATTC","+"
"231",323,"DE1_HLCY2CCXX_L5_read762","MuTIR_3",94.615,130,7,0,3,132,1,130,1.61e-56,202,"AGTAACGAC","-"
"232",326,"DE1_HLCY2CCXX_L5_read780","MuTIR_3",94.286,105,6,0,46,150,1,105,2.74e-44,161,"ACTGACGGG","+"
"233",328,"DE1_HLCY2CCXX_L5_read784","MuTIR_3",92.481,133,10,0,16,148,1,133,3.49e-53,191,"GTTCTGTAC","+"
"234",331,"DE1_HLCY2CCXX_L5_read792","MuTIR_3",94.531,128,7,0,23,150,1,128,2.09e-55,198,"GGCGGTGGG","+"
"235",332,"DE1_HLCY2CCXX_L5_read793","MuTIR_3",89.147,129,14,0,22,150,1,129,2.74e-44,161,"TCATCTCTC","+"
"236",333,"DE1_HLCY2CCXX_L5_read794","MuTIR_3",91.818,110,9,0,41,150,1,110,4.58e-42,154,"TCATCTCTC","+"
"237",334,"DE1_HLCY2CCXX_L5_read795","MuTIR_3",91.463,82,6,1,67,148,1,81,2.79e-29,111,"CCTACAATG","+"
"244",342,"DE1_HLCY2CCXX_L5_read808","MuTIR_3",94.737,133,7,0,3,135,1,133,3.46e-58,207,"CCATAGAAG","-"
"247",346,"DE1_HLCY2CCXX_L5_read812","MuTIR_3",94.737,133,7,0,3,135,1,133,3.46e-58,207,"CCATAGAAG","-"
"250",357,"DE1_HLCY2CCXX_L5_read836","MuTIR_3",93.103,116,8,0,35,150,1,116,4.55e-47,171,"CTCCTCATC","+"
"251",358,"DE1_HLCY2CCXX_L5_read837","MuTIR_3",94.667,75,4,0,74,148,1,75,6.01e-31,117,"CTCCTCATC","+"
"252",359,"DE1_HLCY2CCXX_L5_read838","MuTIR_3",94.667,75,4,0,67,141,1,75,6.01e-31,117,"CTCCTCATC","+"
"253",360,"DE1_HLCY2CCXX_L5_read840","MuTIR_3",95.181,83,4,0,65,147,1,83,2.15e-35,132,"GACCCTTTG","+"
"255",362,"DE1_HLCY2CCXX_L5_read849","MuTIR_3",92.481,133,10,0,2,134,1,133,3.49e-53,191,"AACGACGAC","-"
"257",375,"DE1_HLCY2CCXX_L5_read882","MuTIR_3",89.744,117,12,0,31,147,1,117,5.92e-41,150,"TAGCACGCC","+"
"258",376,"DE1_HLCY2CCXX_L5_read883","MuTIR_3",89.744,117,12,0,31,147,1,117,5.92e-41,150,"TAGCACGCC","+"
"261",416,"DE1_HLCY2CCXX_L5_read971","MuTIR_4",93.103,116,8,0,35,150,1,116,1.26e-47,172,"GCAAGAGAG","+"
"262",417,"DE1_HLCY2CCXX_L5_read975","MuTIR_4",95.652,46,2,0,90,135,1,46,3.67e-18,75,"CGGCCACCG","+"
"263",418,"DE1_HLCY2CCXX_L5_read978","MuTIR_4",92.308,117,8,1,28,143,1,117,5.88e-46,167,"GCAAGAGAG","+"
"264",419,"DE1_HLCY2CCXX_L5_read980","MuTIR_4",93.056,72,5,0,79,150,1,72,1.3e-27,106,"CTCTCTTGC","+"
"265",420,"DE1_HLCY2CCXX_L5_read985","MuTIR_4",87.755,98,10,1,55,150,1,98,7.77e-30,113,"CCCGCGAGC","+"
"266",421,"DE1_HLCY2CCXX_L5_read986","MuTIR_4",95,100,5,0,50,149,1,100,3.54e-43,158,"AGTGATGGA","+"
"267",422,"DE1_HLCY2CCXX_L5_read991","MuTIR_4",94.318,88,5,0,60,147,1,88,1.66e-36,135,"GCAAGAGAG","+"
"268",423,"DE1_HLCY2CCXX_L5_read992","MuTIR_4",89.147,129,14,0,21,149,1,129,7.61e-45,163,"CTCTCTTGC","+"
"269",424,"DE1_HLCY2CCXX_L5_read993","MuTIR_4",88.636,88,8,1,53,138,1,88,1.3e-27,106,"CCCGCGAGC","+"
"270",425,"DE1_HLCY2CCXX_L5_read997","MuTIR_4",93.333,45,3,0,106,150,1,45,6.14e-16,67.6,"GCAAGAGAG","+"
"271",426,"DE1_HLCY2CCXX_L5_read1000","MuTIR_4",93.043,115,8,0,36,150,1,115,4.55e-47,171,"GCAAGAGAG","+"
"272",427,"DE1_HLCY2CCXX_L5_read1001","MuTIR_4",93.103,116,8,0,35,150,1,116,1.26e-47,172,"GCAAGAGAG","+"
"273",428,"DE1_HLCY2CCXX_L5_read1011","MuTIR_4",86.735,98,13,0,29,126,1,98,1.01e-28,110,"GCTTGCCTT","+"
"274",429,"DE1_HLCY2CCXX_L5_read1013","MuTIR_4",89.474,76,6,1,77,150,1,76,2.81e-24,95.3,"CCCGCGAGC","+"
"275",430,"DE1_HLCY2CCXX_L5_read1017","MuTIR_4",86.735,98,13,0,38,135,1,98,1.01e-28,110,"GCTTGCCTT","+"
"285",440,"DE1_HLCY2CCXX_L5_read1049","MuTIR_4",93.333,120,8,0,9,128,1,120,7.55e-50,180,"CTTTTATGC","-"
"294",449,"DE1_HLCY2CCXX_L5_read1075","MuTIR_4",86.735,98,13,0,1,98,1,98,1.01e-28,110,"AGGTTTCGT","-"
"304",483,"DE1_HLCY2CCXX_L5_read1157","MuTIR_5",90.654,107,8,1,46,150,1,107,9.91e-39,143,"CGAGACGGC","+"
"305",484,"DE1_HLCY2CCXX_L5_read1161","MuTIR_5",89.024,82,7,1,70,149,1,82,1.68e-26,102,"GTCGCGGAT","+"
"306",485,"DE1_HLCY2CCXX_L5_read1163","MuTIR_5",89.024,82,7,1,70,149,1,82,1.68e-26,102,"GTCGCGGAT","+"
"307",486,"DE1_HLCY2CCXX_L5_read1166","MuTIR_5",85.586,111,14,1,42,150,1,111,6.01e-31,117,"ACCTTGACA","+"
"308",487,"DE1_HLCY2CCXX_L5_read1167","MuTIR_5",100,30,0,0,117,146,1,30,1.33e-12,56.5,"ATTGAGCCC","+"
"309",488,"DE1_HLCY2CCXX_L5_read1168","MuTIR_5",88.889,99,9,1,52,148,1,99,1.29e-32,122,"GTCGCGGAT","+"
"313",492,"DE1_HLCY2CCXX_L5_read1174","MuTIR_5",87.156,109,12,1,34,140,1,109,1.29e-32,122,"ATACATAAA","-"
"323",509,"DE1_HLCY2CCXX_L5_read1220","MuTIR_6",100,40,0,0,111,150,1,40,3.67e-18,75,"TGCATTACA","+"
"324",510,"DE1_HLCY2CCXX_L5_read1221","MuTIR_6",96.667,90,3,0,61,150,1,90,5.92e-41,150,"TGCACTACG","+"
"326",512,"DE1_HLCY2CCXX_L5_read1223","MuTIR_6",95.536,112,5,0,39,150,1,112,7.55e-50,180,"TGCACTACG","+"
"327",513,"DE1_HLCY2CCXX_L5_read1226","MuTIR_6",96.429,112,4,0,39,150,1,112,1.62e-51,185,"TGCACTACG","+"
"328",514,"DE1_HLCY2CCXX_L5_read1233","MuTIR_6",96.639,119,4,0,29,147,1,119,2.09e-55,198,"TGCACTACG","+"
"330",516,"DE1_HLCY2CCXX_L5_read1240","MuTIR_6",96.429,112,4,0,39,150,1,112,1.62e-51,185,"TGCACTACG","+"
"342",528,"DE1_HLCY2CCXX_L5_read1267","MuTIR_6",96.25,80,3,0,71,150,1,80,2.15e-35,132,"TCCTAGGCT","+"
"343",529,"DE1_HLCY2CCXX_L5_read1268","MuTIR_6",96.939,98,3,0,53,150,1,98,2.11e-45,165,"AGGAGAGGG","+"
"344",530,"DE1_HLCY2CCXX_L5_read1270","MuTIR_6",97.222,108,3,0,43,150,1,108,5.84e-51,183,"TCCTAGGCT","+"
"345",531,"DE1_HLCY2CCXX_L5_read1273","MuTIR_6",96.703,91,3,0,60,150,1,91,1.65e-41,152,"AGGAGAGGG","+"
"353",553,"DE1_HLCY2CCXX_L5_read1350","MuTIR_7",87.013,77,10,0,74,150,1,77,3.64e-23,91.6,"TCGTACCGC","+"
"361",562,"DE1_H57TJBGXX_CGTACG_read7","MuTIR_1",94.565,92,4,1,60,151,1,91,3.59e-38,141,"GAATACAAC","+"
"362",563,"DE1_H57TJBGXX_CGTACG_read11","MuTIR_1",91.579,95,7,1,37,131,1,94,7.77e-35,130,"CTCTCTACC","+"
"363",564,"DE1_H57TJBGXX_CGTACG_read12","MuTIR_1",93.684,95,5,1,39,133,1,94,3.59e-38,141,"TCGCACGGC","+"
"364",565,"DE1_H57TJBGXX_CGTACG_read14","MuTIR_1",96.364,55,1,1,97,151,1,54,1.32e-22,89.8,"GTCGGCTGG","+"
"365",566,"DE1_H57TJBGXX_CGTACG_read15","MuTIR_1",96.512,86,2,1,64,149,1,85,3.59e-38,141,"CAAATCGAG","+"
"366",567,"DE1_H57TJBGXX_CGTACG_read17","MuTIR_1",92.366,131,9,1,18,148,1,130,1.63e-51,185,"GTTCAGAAA","+"
"367",568,"DE1_H57TJBGXX_CGTACG_read20","MuTIR_1",93.985,133,7,1,19,151,1,132,5.84e-56,200,"ACCTGGATG","+"
"368",569,"DE1_H57TJBGXX_CGTACG_read21","MuTIR_1",94.167,120,6,1,30,149,1,119,2.11e-50,182,"GGATACAAC","+"
"369",570,"DE1_H57TJBGXX_CGTACG_read22","MuTIR_1",93.684,95,5,1,17,111,1,94,3.59e-38,141,"TCGCACGGC","+"
"370",571,"DE1_H57TJBGXX_CGTACG_read24","MuTIR_1",90.09,111,10,1,41,151,1,110,9.98e-39,143,"GAATACAAA","+"
"373",574,"DE1_H57TJBGXX_CGTACG_read28","MuTIR_1",94.03,67,3,1,85,151,1,66,6.09e-26,100,"ACTCCAAAC","+"
"374",575,"DE1_H57TJBGXX_CGTACG_read29","MuTIR_1",96.512,86,2,1,19,104,1,85,3.59e-38,141,"GTTCAGAAA","+"
"377",578,"DE1_H57TJBGXX_CGTACG_read35","MuTIR_1",92.537,134,8,2,11,144,1,132,3.51e-53,191,"GCCGTGCGA","+"
"378",579,"DE1_H57TJBGXX_CGTACG_read38","MuTIR_1",94.253,87,4,1,64,150,1,86,2.16e-35,132,"GCCGTGCGA","+"
"379",580,"DE1_H57TJBGXX_CGTACG_read40","MuTIR_1",93.75,112,6,1,40,151,1,111,5.92e-46,167,"TTCGGCAGG","+"
"380",581,"DE1_H57TJBGXX_CGTACG_read42","MuTIR_1",96,75,2,1,57,131,1,74,4.68e-32,121,"GAATACAAC","+"
"382",583,"DE1_H57TJBGXX_CGTACG_read45","MuTIR_1",89.474,95,9,1,25,119,1,94,1.68e-31,119,"TCTTCCTGA","-"
"383",584,"DE1_H57TJBGXX_CGTACG_read47","MuTIR_1",88.421,95,4,2,21,109,1,94,3.64e-28,108,"TCTTCCTGA","-"
"397",602,"DE1_H57TJBGXX_CGTACG_read93","MuTIR_1",94.186,86,4,1,18,103,1,85,7.77e-35,130,"GGTAGAGAG","+"
"403",640,"DE1_H57TJBGXX_CGTACG_read172","MuTIR_2",93.548,62,4,0,88,149,1,62,1.02e-23,93.5,"CTACTCGGT","+"
"404",641,"DE1_H57TJBGXX_CGTACG_read179","MuTIR_2",89.706,136,14,0,16,151,1,136,3.54e-48,174,"GGCTCTGAG","+"
"405",642,"DE1_H57TJBGXX_CGTACG_read180","MuTIR_2",97.917,48,1,0,91,138,1,48,6.14e-21,84.2,"TTCCTCGCC","+"
"406",643,"DE1_H57TJBGXX_CGTACG_read181","MuTIR_2",94.853,136,5,2,17,151,1,135,2.7e-59,211,"CTTTGTAAG","+"
"407",644,"DE1_H57TJBGXX_CGTACG_read185","MuTIR_2",89.844,128,13,0,20,147,1,128,2.13e-45,165,"GTTGGAAGA","+"
"409",646,"DE1_H57TJBGXX_CGTACG_read187","MuTIR_2",87.85,107,13,0,39,145,1,107,1.01e-33,126,"CTGTCAGAG","+"
"410",647,"DE1_H57TJBGXX_CGTACG_read188","MuTIR_2",93.578,109,5,2,44,151,1,108,2.76e-44,161,"TGCCGCCGC","+"
"411",648,"DE1_H57TJBGXX_CGTACG_read192","MuTIR_2",96.104,77,3,0,43,119,1,77,1.01e-33,126,"GCTGCTGTG","+"
"412",649,"DE1_H57TJBGXX_CGTACG_read194","MuTIR_2",94.828,58,3,0,86,143,1,58,3.67e-23,91.6,"GTTGGAAGA","+"
"413",650,"DE1_H57TJBGXX_CGTACG_read195","MuTIR_2",96.923,65,2,0,87,151,1,65,1.01e-28,110,"TTCCTCGCC","+"
"414",651,"DE1_H57TJBGXX_CGTACG_read197","MuTIR_2",94.444,108,6,0,16,123,1,108,5.92e-46,167,"TTCCTCGCC","+"
"416",653,"DE1_H57TJBGXX_CGTACG_read201","MuTIR_2",95.588,68,3,0,84,151,1,68,1.01e-28,110,"GCTGCTGTG","+"
"417",654,"DE1_H57TJBGXX_CGTACG_read202","MuTIR_2",88.976,127,14,0,25,151,1,127,3.56e-43,158,"ACCCAACTG","+"
"419",656,"DE1_H57TJBGXX_CGTACG_read204","MuTIR_2",89.247,93,10,0,54,146,1,93,6.05e-31,117,"CTGTCAGAG","+"
"420",657,"DE1_H57TJBGXX_CGTACG_read207","MuTIR_2",96.552,58,2,0,94,151,1,58,7.88e-25,97.1,"CTTACAAAG","+"
"421",658,"DE1_H57TJBGXX_CGTACG_read209","MuTIR_2",88.679,106,12,0,46,151,1,106,7.77e-35,130,"GGCTCTGGG","+"
"422",659,"DE1_H57TJBGXX_CGTACG_read212","MuTIR_2",83.761,117,12,6,16,126,1,116,4.71e-27,104,"GCGACCTCC","+"
"423",660,"DE1_H57TJBGXX_CGTACG_read213","MuTIR_2",88,100,12,0,40,139,1,100,1.68e-31,119,"GGCTCTGGG","+"
"425",662,"DE1_H57TJBGXX_CGTACG_read216","MuTIR_2",84.615,130,13,6,9,132,1,129,1.3e-32,122,"CGGATAGAA","-"
"445",695,"DE1_H57TJBGXX_CGTACG_read309","MuTIR_2",88.889,90,10,0,61,150,1,90,2.81e-29,111,"CCCACCACG","+"
"446",696,"DE1_H57TJBGXX_CGTACG_read310","MuTIR_2",87.5,128,16,0,19,146,1,128,2.15e-40,148,"CCCACCACG","+"
"448",702,"DE1_H57TJBGXX_CGTACG_read323","MuTIR_2",87.879,132,14,2,10,140,1,131,4.61e-42,154,"TCCTTGGAC","+"
"449",707,"DE1_H57TJBGXX_CGTACG_read339","MuTIR_3",97.561,41,1,0,111,151,1,41,4.78e-17,71.3,"CCGTTTTTT","+"
"450",708,"DE1_H57TJBGXX_CGTACG_read344","MuTIR_3",94.017,117,7,0,33,149,1,117,2.74e-49,178,"AAAAAATGG","+"
"452",710,"DE1_H57TJBGXX_CGTACG_read346","MuTIR_3",94.737,114,6,0,38,151,1,114,2.74e-49,178,"AAAACATTC","+"
"453",711,"DE1_H57TJBGXX_CGTACG_read347","MuTIR_3",94.215,121,7,0,20,140,1,121,1.63e-51,185,"AAAACATTC","+"
"454",712,"DE1_H57TJBGXX_CGTACG_read348","MuTIR_3",92.308,104,8,0,48,151,1,104,2.15e-40,148,"GAACCTAGA","+"
"455",713,"DE1_H57TJBGXX_CGTACG_read350","MuTIR_3",96.154,52,2,0,65,116,1,52,1.71e-21,86.1,"TCTAGGTTC","+"
"456",714,"DE1_H57TJBGXX_CGTACG_read351","MuTIR_3",93.985,133,8,0,14,146,1,133,1.62e-56,202,"AAAAAATGG","+"
"463",721,"DE1_H57TJBGXX_CGTACG_read367","MuTIR_3",96.154,52,2,0,91,142,1,52,1.71e-21,86.1,"TTTATGGGA","-"
"465",724,"DE1_H57TJBGXX_CGTACG_read375","MuTIR_3",87.805,82,9,1,70,151,1,81,2.83e-24,95.3,"CCTCTAGAG","+"
"466",726,"DE1_H57TJBGXX_CGTACG_read381","MuTIR_3",87.597,129,16,0,13,141,1,129,5.96e-41,150,"TTCGCCCGA","+"
"469",731,"DE1_H57TJBGXX_CGTACG_read387","MuTIR_3",90.226,133,13,0,6,138,1,133,3.54e-48,174,"AACGACGAT","-"
"470",733,"DE1_H57TJBGXX_CGTACG_read390","MuTIR_3",91.729,133,11,0,7,139,1,133,1.63e-51,185,"AACGACGAT","-"
"474",743,"DE1_H57TJBGXX_CGTACG_read404","MuTIR_3",93.701,127,8,0,25,151,1,127,3.51e-53,191,"GACCCTTTG","+"
"475",744,"DE1_H57TJBGXX_CGTACG_read405","MuTIR_3",92.126,127,10,0,25,151,1,127,7.61e-50,180,"GACCTCAAA","+"
"479",750,"DE1_H57TJBGXX_CGTACG_read411","MuTIR_3",90.244,123,10,2,27,148,1,122,9.91e-44,159,"CTCCTCATC","+"
"480",778,"DE1_H57TJBGXX_CGTACG_read477","MuTIR_4",89.333,75,6,1,79,151,1,75,1.02e-23,93.5,"CCCGCGAGC","+"
"481",779,"DE1_H57TJBGXX_CGTACG_read482","MuTIR_4",95.238,42,2,0,99,140,1,42,6.18e-16,67.6,"CCCGCGAGC","+"
"483",781,"DE1_H57TJBGXX_CGTACG_read489","MuTIR_4",86.923,130,17,0,13,142,1,130,2.15e-40,148,"GTGACTGAG","+"
"484",782,"DE1_H57TJBGXX_CGTACG_read492","MuTIR_4",86.923,130,17,0,14,143,1,130,2.15e-40,148,"GTGACTGAG","+"
"496",801,"DE1_H57TJBGXX_CGTACG_read553","MuTIR_4",87.5,80,10,0,72,151,1,80,1.02e-23,93.5,"CCATTTCCA","+"
"502",817,"DE1_H57TJBGXX_CGTACG_read611","MuTIR_6",98.113,53,1,0,99,151,1,53,1.02e-23,93.5,"TGCACTACG","+"
"503",818,"DE1_H57TJBGXX_CGTACG_read612","MuTIR_6",95.122,82,4,0,70,151,1,82,7.77e-35,130,"TGCACTACG","+"
"504",819,"DE1_H57TJBGXX_CGTACG_read614","MuTIR_6",95.283,106,5,0,46,151,1,106,1.65e-46,169,"TGCACTACG","+"
"505",820,"DE1_H57TJBGXX_CGTACG_read619","MuTIR_6",95.413,109,5,0,43,151,1,109,3.54e-48,174,"TGCACTACG","+"
"511",826,"DE1_H57TJBGXX_CGTACG_read631","MuTIR_6",96.491,57,2,0,95,151,1,57,2.83e-24,95.3,"CCGTAGAAC","+"
"516",831,"DE1_H57TJBGXX_CGTACG_read642","MuTIR_6",87.85,107,13,0,28,134,1,107,1.01e-33,126,"AGGAGAGGG","+"
