"","X","qname","sname","percent_identity","alignment_length","mismatches","gap_opens","q_start","q_end","s_start","s_end","evalue","bit_score","tsds","strand"
"1",1,"EP1_HJ7HFCCXX_L8_read4","MuTIR_1",90.588,85,3,2,71,150,1,85,3.61e-28,108,"TTTTTTGTG","+"
"2",2,"EP1_HJ7HFCCXX_L8_read7","MuTIR_1",95.536,112,4,1,39,150,1,111,2.72e-49,178,"GTCGCCAGC","+"
"3",3,"EP1_HJ7HFCCXX_L8_read11","MuTIR_1",96.512,86,2,1,63,148,1,85,3.56e-38,141,"ACTCCAAAC","+"
"4",4,"EP1_HJ7HFCCXX_L8_read12","MuTIR_1",88.722,133,10,2,23,150,1,133,3.54e-43,158,"TTTTTTGTG","+"
"5",5,"EP1_HJ7HFCCXX_L8_read13","MuTIR_1",93.75,48,3,0,100,147,1,48,1.32e-17,73.1,"GTTTGCAGT","+"
"6",6,"EP1_HJ7HFCCXX_L8_read15","MuTIR_1",94.853,136,6,1,15,150,1,135,2.68e-59,211,"GAAAGAGAG","+"
"12",12,"EP1_HJ7HFCCXX_L8_read32","MuTIR_1",90.476,126,10,2,7,132,1,124,2.11e-45,165,"AGGATGTAT","-"
"14",20,"EP1_HJ7HFCCXX_L8_read62","MuTIR_2",89.109,101,11,0,49,149,1,101,9.98e-34,126,"ATTAGTAGG","+"
"16",22,"EP1_HJ7HFCCXX_L8_read65","MuTIR_2",92.523,107,8,0,44,150,1,107,4.58e-42,154,"CCCTGGCGC","+"
"17",23,"EP1_HJ7HFCCXX_L8_read68","MuTIR_2",90.909,143,10,3,10,150,1,142,1.25e-52,189,"CTCCACTGA","+"
"23",29,"EP1_HJ7HFCCXX_L8_read80","MuTIR_2",84.615,130,13,6,8,131,1,129,1.29e-32,122,"CGGATAGAA","-"
"26",33,"EP1_HJ7HFCCXX_L8_read96","MuTIR_2",89.796,98,10,0,50,147,1,98,9.98e-34,126,"CCCCGAGCC","+"
"28",51,"EP1_HJ7HFCCXX_L8_read134","MuTIR_3",92.92,113,8,0,38,150,1,113,2.11e-45,165,"CCGTTTTTT","+"
"29",52,"EP1_HJ7HFCCXX_L8_read136","MuTIR_3",92.941,85,6,0,66,150,1,85,3.59e-33,124,"AAAAAATGG","+"
"32",55,"EP1_HJ7HFCCXX_L8_read142","MuTIR_3",88.75,80,8,1,71,150,1,79,7.82e-25,97.1,"CCTCTAGAG","+"
"33",56,"EP1_HJ7HFCCXX_L8_read144","MuTIR_3",93.86,114,7,0,37,150,1,114,1.26e-47,172,"GTATCCTAC","+"
"34",57,"EP1_HJ7HFCCXX_L8_read145","MuTIR_3",88.75,80,8,1,71,150,1,79,7.82e-25,97.1,"CCTCTAGAG","+"
"35",58,"EP1_HJ7HFCCXX_L8_read147","MuTIR_3",93.86,114,7,0,37,150,1,114,1.26e-47,172,"GTATCCTAC","+"
"37",60,"EP1_HJ7HFCCXX_L8_read151","MuTIR_3",93.023,129,9,0,12,140,1,129,1.25e-52,189,"GGATTCAGA","-"
"39",62,"EP1_HJ7HFCCXX_L8_read154","MuTIR_3",93.023,129,9,0,12,140,1,129,1.25e-52,189,"GGATTCAGA","-"
"43",67,"EP1_HJ7HFCCXX_L8_read160","MuTIR_3",91.549,71,6,0,77,147,1,71,2.18e-25,99,"AACACTCTC","+"
"44",69,"EP1_HJ7HFCCXX_L8_read162","MuTIR_3",94.521,73,4,0,78,150,1,73,7.77e-30,113,"CCGCGCAGA","+"
"45",70,"EP1_HJ7HFCCXX_L8_read164","MuTIR_3",93.694,111,7,0,37,147,1,111,5.88e-46,167,"TCGGCAAGC","+"
"49",90,"EP1_HJ7HFCCXX_L8_read197","MuTIR_4",91.86,86,7,0,65,150,1,86,4.64e-32,121,"GTGACTGAG","+"
"50",91,"EP1_HJ7HFCCXX_L8_read201","MuTIR_4",88.889,90,9,1,59,148,1,89,1.01e-28,110,"CACGGAGAG","+"
"51",92,"EP1_HJ7HFCCXX_L8_read203","MuTIR_4",91.86,86,7,0,49,134,1,86,4.64e-32,121,"GTGACTGAG","+"
"54",95,"EP1_HJ7HFCCXX_L8_read208","MuTIR_4",88.889,90,9,1,42,131,1,89,1.01e-28,110,"CGTGGAGTC","-"
"55",96,"EP1_HJ7HFCCXX_L8_read211","MuTIR_4",85.586,111,16,0,24,134,1,111,1.67e-31,119,"ATGGATTCT","-"
"58",103,"EP1_HJ7HFCCXX_L8_read248","MuTIR_5",95.918,49,2,0,83,131,1,49,7.88e-20,80.5,"GACGCTCGC","+"
"59",104,"EP1_HJ7HFCCXX_L8_read250","MuTIR_5",89,100,9,1,53,150,1,100,3.59e-33,124,"GGCTACATC","+"
"60",105,"EP1_HJ7HFCCXX_L8_read251","MuTIR_5",91.566,83,5,1,70,150,1,83,2.16e-30,115,"CCCGCCGCC","+"
"61",106,"EP1_HJ7HFCCXX_L8_read252","MuTIR_5",90.566,106,8,1,47,150,1,106,3.56e-38,141,"CGAGACGGC","+"
"70",115,"EP1_HJ7HFCCXX_L8_read279","MuTIR_6",98.148,54,1,0,97,150,1,54,2.81e-24,95.3,"TGCACTACG","+"
"71",116,"EP1_HJ7HFCCXX_L8_read280","MuTIR_6",100,42,0,0,109,150,1,42,2.83e-19,78.7,"TGCACTACG","+"
"72",117,"EP1_HJ7HFCCXX_L8_read283","MuTIR_6",94.074,135,8,0,16,150,1,135,1.25e-57,206,"TGCACTACG","+"
"77",122,"EP1_HJ7HFCCXX_L8_read291","MuTIR_6",95,100,5,0,51,150,1,100,3.54e-43,158,"GCCACCATA","+"
"78",123,"EP1_HJ7HFCCXX_L8_read292","MuTIR_6",93.939,132,7,1,14,144,1,132,2.09e-55,198,"TCCTAGGCT","+"
"79",124,"EP1_HJ7HFCCXX_L8_read294","MuTIR_6",96.703,91,3,0,60,150,1,91,1.65e-41,152,"AGGAGAGGG","+"
"85",138,"EP1_HJ7HFCCXX_L8_read324","MuTIR_7",94.792,96,5,0,55,150,1,96,4.58e-42,154,"CTTAGGAAG","+"
"87",143,"EP1_HLFTVCCXX_L8_read1","MuTIR_1",95,60,2,1,91,150,1,59,1.01e-23,93.5,"CCCACCTTG","+"
"88",144,"EP1_HLFTVCCXX_L8_read2","MuTIR_1",93.478,46,3,0,105,150,1,46,1.71e-16,69.4,"CTCCCAGGA","+"
"89",145,"EP1_HLFTVCCXX_L8_read4","MuTIR_1",92.523,107,7,1,43,149,1,106,1.65e-41,152,"GAAAAGTAG","+"
"90",146,"EP1_HLFTVCCXX_L8_read6","MuTIR_1",93.684,95,5,1,35,129,1,94,3.56e-38,141,"ACTCCAAAC","+"
"91",147,"EP1_HLFTVCCXX_L8_read7","MuTIR_1",96.154,104,2,2,47,150,1,102,1.63e-46,169,"TATTTGTGG","+"
"92",148,"EP1_HLFTVCCXX_L8_read10","MuTIR_1",94.737,95,4,1,29,123,1,94,7.66e-40,147,"GCTGGCGAC","+"
"93",149,"EP1_HLFTVCCXX_L8_read17","MuTIR_1",94.737,95,4,1,35,129,1,94,7.66e-40,147,"TATTCCTGA","-"
"95",151,"EP1_HLFTVCCXX_L8_read21","MuTIR_1",93.846,65,3,1,30,94,1,64,7.82e-25,97.1,"CTGTGCGAG","+"
"96",152,"EP1_HLFTVCCXX_L8_read22","MuTIR_1",93.846,65,3,1,71,135,1,64,7.82e-25,97.1,"CTGTGCGAG","+"
"97",160,"EP1_HLFTVCCXX_L8_read51","MuTIR_2",88.288,111,13,0,39,149,1,111,5.96e-36,134,"GCTGGGAAG","+"
"98",161,"EP1_HLFTVCCXX_L8_read53","MuTIR_2",86.667,120,16,0,31,150,1,120,5.96e-36,134,"CCCCTCCCG","+"
"99",162,"EP1_HLFTVCCXX_L8_read54","MuTIR_2",93.103,87,6,0,64,150,1,87,2.77e-34,128,"TGCAATGAT","+"
"106",181,"EP1_HLFTVCCXX_L8_read104","MuTIR_3",95.05,101,5,0,50,150,1,101,9.84e-44,159,"CATGCCAGG","+"
"107",182,"EP1_HLFTVCCXX_L8_read105","MuTIR_3",95.575,113,5,0,32,144,1,113,2.1e-50,182,"AGTGTCCAT","+"
"108",183,"EP1_HLFTVCCXX_L8_read109","MuTIR_3",91.667,96,6,2,56,150,1,95,2.15e-35,132,"CCCTGCGAG","+"
"109",184,"EP1_HLFTVCCXX_L8_read111","MuTIR_3",97.143,35,1,0,107,141,1,35,1.03e-13,60.2,"CATATGTAC","+"
"110",185,"EP1_HLFTVCCXX_L8_read112","MuTIR_3",91.791,134,11,0,16,149,1,134,4.51e-52,187,"CCGTTTTTT","+"
"114",190,"EP1_HLFTVCCXX_L8_read122","MuTIR_3",91.463,82,6,1,68,149,1,81,2.79e-29,111,"GTTCTGTAC","+"
"115",191,"EP1_HLFTVCCXX_L8_read123","MuTIR_3",95.283,106,5,0,45,150,1,106,1.63e-46,169,"GTAATAGAG","+"
"119",196,"EP1_HLFTVCCXX_L8_read129","MuTIR_3",93.827,81,5,0,68,148,1,81,1.29e-32,122,"TCGGCAAGC","+"
"122",212,"EP1_HLFTVCCXX_L8_read153","MuTIR_4",94.186,86,5,0,65,150,1,86,2.15e-35,132,"CGGCCACCG","+"
"123",213,"EP1_HLFTVCCXX_L8_read154","MuTIR_4",93.333,120,8,0,18,137,1,120,7.55e-50,180,"GCAAGAGAG","+"
"124",214,"EP1_HLFTVCCXX_L8_read155","MuTIR_4",93.976,83,5,0,68,150,1,83,9.98e-34,126,"CGGCCACCG","+"
"128",218,"EP1_HLFTVCCXX_L8_read160","MuTIR_4",93.333,120,8,0,22,141,1,120,7.55e-50,180,"CTTTTATGC","-"
"131",221,"EP1_HLFTVCCXX_L8_read177","MuTIR_5",90.083,121,9,2,24,141,1,121,1.27e-42,156,"CCCGCCGCC","+"
"132",222,"EP1_HLFTVCCXX_L8_read178","MuTIR_5",91.15,113,8,1,39,149,1,113,4.58e-42,154,"GCTGCAGGA","+"
"133",223,"EP1_HLFTVCCXX_L8_read179","MuTIR_5",91.15,113,8,1,39,149,1,113,4.58e-42,154,"GCTGCAGGA","+"
"134",224,"EP1_HLFTVCCXX_L8_read180","MuTIR_5",90.083,121,9,2,24,141,1,121,1.27e-42,156,"CCCGCCGCC","+"
"135",225,"EP1_HLFTVCCXX_L8_read181","MuTIR_5",91.139,79,5,1,74,150,1,79,3.61e-28,108,"GCTGCAGGA","+"
"136",226,"EP1_HLFTVCCXX_L8_read183","MuTIR_5",90.083,121,9,2,24,141,1,121,1.27e-42,156,"CCCGCCGCC","+"
"137",227,"EP1_HLFTVCCXX_L8_read184","MuTIR_5",95.918,49,2,0,94,142,1,49,7.88e-20,80.5,"GCTGCAGGA","+"
"138",228,"EP1_HLFTVCCXX_L8_read187","MuTIR_5",89.524,105,9,1,45,147,1,105,5.96e-36,134,"GGCTACATC","+"
"148",238,"EP1_HLFTVCCXX_L8_read220","MuTIR_6",96.512,86,3,0,65,150,1,86,9.91e-39,143,"TGCACTACG","+"
"150",240,"EP1_HLFTVCCXX_L8_read225","MuTIR_6",95.098,102,4,1,44,144,1,102,9.84e-44,159,"TCCTAGGCT","+"
"153",257,"EP1_HLFTVCCXX_L8_read257","MuTIR_7",93.694,111,6,1,40,150,1,110,1.63e-46,169,"CTTAGGAAG","+"
"154",261,"EP1_HA5R1ADXX_CGATGT_read1","MuTIR_1",94.737,95,4,1,96,190,1,94,1.03e-39,147,"ACTCCAAAC","+"
"155",262,"EP1_HA5R1ADXX_CGATGT_read2","MuTIR_1",95.455,66,2,1,101,166,1,65,6.3e-27,104,"CACAAATAG","+"
"156",263,"EP1_HA5R1ADXX_CGATGT_read5","MuTIR_1",90.476,105,9,1,97,201,1,104,6.21e-37,137,"CCCTCCACC","+"
"157",264,"EP1_HA5R1ADXX_CGATGT_read6","MuTIR_1",94.915,59,2,1,97,155,1,58,4.91e-23,91.6,"CAAGGTGGG","+"
"158",265,"EP1_HA5R1ADXX_CGATGT_read7","MuTIR_1",96.429,84,2,1,118,201,1,83,6.21e-37,137,"CACAAATAG","+"
"159",266,"EP1_HA5R1ADXX_CGATGT_read9","MuTIR_1",94.737,95,4,1,42,136,1,94,1.03e-39,147,"TCCTGGGAG","+"
"161",268,"EP1_HA5R1ADXX_CGATGT_read12","MuTIR_1",92,150,9,3,12,160,1,148,4.67e-58,207,"TATTTGTGG","+"
"162",269,"EP1_HA5R1ADXX_CGATGT_read13","MuTIR_1",95.385,130,4,2,72,201,1,128,1.68e-57,206,"CACAAATAG","+"
"165",272,"EP1_HA5R1ADXX_CGATGT_read17","MuTIR_1",90.604,149,13,1,15,163,1,148,1.01e-54,196,"TTCCTGTCC","-"
"170",277,"EP1_HA5R1ADXX_CGATGT_read24","MuTIR_1",93.289,149,9,1,16,164,1,148,2.16e-61,219,"GTCCTTCCA","-"
"171",278,"EP1_HA5R1ADXX_CGATGT_read25","MuTIR_1",93.846,65,3,1,96,160,1,64,1.05e-24,97.1,"CTGTGCGAG","+"
"172",279,"EP1_HA5R1ADXX_CGATGT_read26","MuTIR_1",93.846,65,3,1,64,128,1,64,1.05e-24,97.1,"CTGTGCGAG","+"
"173",281,"EP1_HA5R1ADXX_CGATGT_read28","MuTIR_1",93.846,65,3,1,104,168,1,64,1.05e-24,97.1,"GTTGGCGTT","-"
"174",288,"EP1_HA5R1ADXX_CGATGT_read52","MuTIR_2",91.045,67,5,1,107,173,1,66,1.76e-22,89.8,"CATCTCATG","+"
"175",289,"EP1_HA5R1ADXX_CGATGT_read54","MuTIR_2",91.453,117,7,3,42,156,1,116,4.77e-43,158,"CTCCACTGA","+"
"176",290,"EP1_HA5R1ADXX_CGATGT_read55","MuTIR_2",97.101,69,2,0,64,132,1,69,8.09e-31,117,"TTCCTCGCC","+"
"182",297,"EP1_HA5R1ADXX_CGATGT_read73","MuTIR_2",91.358,81,7,0,118,198,1,81,3.77e-29,111,"CCCCGAGCC","+"
"184",305,"EP1_HA5R1ADXX_CGATGT_read96","MuTIR_3",94.737,133,7,0,60,192,1,133,4.67e-58,207,"CATGCCAGG","+"
"185",306,"EP1_HA5R1ADXX_CGATGT_read97","MuTIR_3",93.671,79,5,0,60,138,1,79,2.25e-31,119,"AAAAAATGG","+"
"187",308,"EP1_HA5R1ADXX_CGATGT_read100","MuTIR_3",94.737,133,7,0,23,155,1,133,4.67e-58,207,"AACTACGAT","-"
"191",312,"EP1_HA5R1ADXX_CGATGT_read109","MuTIR_3",91.803,122,10,0,79,200,1,122,6.12e-47,171,"GTCCGCGTG","+"
"192",313,"EP1_HA5R1ADXX_CGATGT_read113","MuTIR_3",94.667,75,4,0,65,139,1,75,8.09e-31,117,"CTCCTCATC","+"
"193",315,"EP1_HA5R1ADXX_CGATGT_read116","MuTIR_3",92.647,136,10,0,14,149,1,136,1.01e-54,196,"GAGAGTGTT","+"
"195",331,"EP1_HA5R1ADXX_CGATGT_read146","MuTIR_4",92.473,93,7,0,107,199,1,93,8.04e-36,134,"CTCGACATA","+"
"196",332,"EP1_HA5R1ADXX_CGATGT_read147","MuTIR_4",91.86,86,7,0,113,198,1,86,6.26e-32,121,"GTGACTGAG","+"
"197",333,"EP1_HA5R1ADXX_CGATGT_read150","MuTIR_4",98.276,58,1,0,141,198,1,58,2.27e-26,102,"GAGAGCGGG","+"
"201",337,"EP1_HA5R1ADXX_CGATGT_read155","MuTIR_4",95.062,81,4,0,108,188,1,81,3.74e-34,128,"AAAATAGGA","-"
"202",338,"EP1_HA5R1ADXX_CGATGT_read156","MuTIR_4",85.135,148,21,1,33,180,1,147,2.22e-41,152,"AGCGACGAG","+"
"203",341,"EP1_HA5R1ADXX_CGATGT_read174","MuTIR_4",87.943,141,17,0,34,174,1,141,2.2e-46,169,"GAATAACCA","-"
"204",348,"EP1_HA5R1ADXX_CGATGT_read186","MuTIR_5",90.654,107,8,1,46,150,1,107,1.34e-38,143,"GCTGCAGGA","+"
"206",351,"EP1_HA5R1ADXX_CGATGT_read205","MuTIR_6",96.639,119,4,0,20,138,1,119,2.81e-55,198,"TGCACTACA","+"
"208",353,"EP1_HA5R1ADXX_CGATGT_read207","MuTIR_6",96.262,107,4,0,91,197,1,107,1.32e-48,176,"TGCACTACG","+"
"209",354,"EP1_HA5R1ADXX_CGATGT_read212","MuTIR_6",97.015,67,2,0,55,121,1,67,1.05e-29,113,"TGCACTACA","+"
"210",355,"EP1_HA5R1ADXX_CGATGT_read213","MuTIR_6",96,150,6,0,10,159,1,150,3.56e-69,244,"CACTAATAC","-"
"214",359,"EP1_HA5R1ADXX_CGATGT_read219","MuTIR_6",96,150,6,0,41,190,1,150,3.56e-69,244,"CACTAATAT","-"
"218",372,"EP1_HADTMADXX_read1","MuTIR_1",93.289,149,9,1,12,160,1,148,2.16e-61,219,"CACAAATAG","+"
"219",373,"EP1_HADTMADXX_read2","MuTIR_1",94.444,54,2,1,88,141,1,53,2.95e-20,82.4,"CTCTCTACC","+"
"220",374,"EP1_HADTMADXX_read3","MuTIR_1",92.453,106,7,1,96,201,1,105,7.98e-41,150,"GAAAAGTAG","+"
"221",375,"EP1_HADTMADXX_read4","MuTIR_1",96.639,119,3,1,83,201,1,118,1.01e-54,196,"CACAAATAG","+"
"222",376,"EP1_HADTMADXX_read6","MuTIR_1",95.181,83,3,1,38,120,1,82,1.04e-34,130,"TCCTGGGAG","+"
"223",377,"EP1_HADTMADXX_read8","MuTIR_1",95.652,46,2,0,156,201,1,46,4.94e-18,75,"GTCGCCAGC","+"
"229",388,"EP1_HADTMADXX_read47","MuTIR_2",89.167,120,13,0,79,198,1,120,7.98e-41,150,"CCCTCCCAC","+"
"230",389,"EP1_HADTMADXX_read48","MuTIR_2",95.238,42,2,0,160,201,1,42,8.27e-16,67.6,"CCCTGGCGC","+"
"231",390,"EP1_HADTMADXX_read51","MuTIR_2",89.109,101,11,0,62,162,1,101,1.34e-33,126,"CCCTCCCAC","+"
"232",391,"EP1_HADTMADXX_read54","MuTIR_2",84.375,128,19,1,72,199,1,127,4.84e-33,124,"ACATGGTGG","+"
"233",392,"EP1_HADTMADXX_read56","MuTIR_2",88.281,128,15,0,50,177,1,128,6.17e-42,154,"CAGTAGTGA","-"
"237",399,"EP1_HADTMADXX_read70","MuTIR_2",84.444,135,18,1,62,193,1,135,1.04e-34,130,"CTCGTTGGA","+"
"240",404,"EP1_HADTMADXX_read75","MuTIR_2",83.594,128,21,0,55,182,1,128,6.26e-32,121,"GAGATTATT","-"
"243",409,"EP1_HADTMADXX_read87","MuTIR_3",94.737,76,4,0,70,145,1,76,2.25e-31,119,"TGAACAGGA","+"
"245",411,"EP1_HADTMADXX_read90","MuTIR_3",92.667,150,11,0,15,164,1,150,2.16e-61,219,"TTGTTGAAA","-"
"247",416,"EP1_HADTMADXX_read97","MuTIR_3",92.391,92,7,0,110,201,1,92,2.89e-35,132,"CTGGAGGAG","+"
"248",417,"EP1_HADTMADXX_read98","MuTIR_3",88.372,129,15,0,61,189,1,129,1.72e-42,156,"GGATTCAGA","-"
"249",419,"EP1_HADTMADXX_read100","MuTIR_3",92.481,133,10,0,13,145,1,133,4.7e-53,191,"CTCCTCATC","+"
"250",420,"EP1_HADTMADXX_read101","MuTIR_3",91.912,136,11,0,63,198,1,136,4.7e-53,191,"CCCGTCCCC","+"
"252",422,"EP1_HADTMADXX_read103","MuTIR_3",88.889,90,10,0,54,143,1,90,3.77e-29,111,"TGACCAAGA","+"
"253",423,"EP1_HADTMADXX_read104","MuTIR_3",94.286,70,4,0,132,201,1,70,4.87e-28,108,"TTCGTCGAC","+"
"254",425,"EP1_HADTMADXX_read107","MuTIR_3",90.476,147,14,0,16,162,1,147,3.63e-54,195,"CCCGTCCCC","+"
"255",428,"EP1_HADTMADXX_read110","MuTIR_3",92.481,133,10,0,55,187,1,133,4.7e-53,191,"AACGACGAC","-"
"256",429,"EP1_HADTMADXX_read111","MuTIR_3",91.912,136,11,0,31,166,1,136,4.7e-53,191,"CCACTCTAT","-"
"260",448,"EP1_HADTMADXX_read139","MuTIR_4",94.667,75,4,0,27,101,1,75,8.09e-31,117,"CTCGACATA","+"
"261",449,"EP1_HADTMADXX_read140","MuTIR_4",89.565,115,12,0,87,201,1,115,2.87e-40,148,"CTCTCTTGC","+"
"262",450,"EP1_HADTMADXX_read141","MuTIR_4",93.333,120,8,0,23,142,1,120,1.02e-49,180,"GCAAGAGAG","+"
"263",451,"EP1_HADTMADXX_read142","MuTIR_4",92.308,130,10,0,71,200,1,130,6.08e-52,187,"GGGAGCGGT","+"
"264",452,"EP1_HADTMADXX_read144","MuTIR_4",96.629,89,3,0,49,137,1,89,2.87e-40,148,"GAGAGCGGT","+"
"267",455,"EP1_HADTMADXX_read150","MuTIR_4",92.517,147,11,0,16,162,1,147,1e-59,213,"CTTTCCTCC","-"
"269",457,"EP1_HADTMADXX_read155","MuTIR_4",83.108,148,23,2,30,176,1,147,2.23e-36,135,"GCCTCCTCC","-"
"270",460,"EP1_HADTMADXX_read168","MuTIR_5",90.769,65,4,1,139,201,1,65,6.35e-22,87.9,"GCTGCAGGA","+"
"272",462,"EP1_HADTMADXX_read174","MuTIR_5",90.909,110,8,1,34,141,1,110,2.87e-40,148,"GCTGCAGGA","+"
"276",466,"EP1_HADTMADXX_read193","MuTIR_6",95.89,73,3,0,46,118,1,73,2.25e-31,119,"TGCACTACA","+"
"278",469,"EP1_HADTMADXX_read199","MuTIR_6",95.918,147,6,0,49,195,1,147,1.66e-67,239,"CCGTAGATC","+"
