"","X","qname","sname","percent_identity","alignment_length","mismatches","gap_opens","q_start","q_end","s_start","s_end","evalue","bit_score","tsds","strand"
"1",1,"F7_HBEN2ADXX_GCCAAT_read4","MuTIR_1",94.737,95,4,1,39,133,1,94,7.72e-40,147,"TAGACCGAC","+"
"4",16,"F7_HBEN2ADXX_GCCAAT_read54","MuTIR_2",92.5,120,9,0,31,150,1,120,1.27e-47,172,"GTTGGATCA","+"
"14",33,"F7_HBEN2ADXX_GCCAAT_read101","MuTIR_3",92.537,134,10,0,17,150,1,134,9.77e-54,193,"CCGTTTTTT","+"
"16",35,"F7_HBEN2ADXX_GCCAAT_read106","MuTIR_3",91.729,133,11,0,5,137,1,133,1.63e-51,185,"AACGACGAT","-"
"17",39,"F7_HBEN2ADXX_GCCAAT_read111","MuTIR_3",91.473,129,11,0,11,139,1,129,2.74e-49,178,"CCTACAATG","+"
"18",40,"F7_HBEN2ADXX_GCCAAT_read114","MuTIR_3",95.402,87,4,0,62,148,1,87,1.29e-37,139,"CCCACCGCC","+"
"21",43,"F7_HBEN2ADXX_GCCAAT_read124","MuTIR_3",91.429,105,9,0,47,151,1,105,2.77e-39,145,"AGTTACGCC","+"
"24",54,"F7_HBEN2ADXX_GCCAAT_read153","MuTIR_4",91.964,112,9,0,39,150,1,112,9.91e-44,159,"CGGCCACCG","+"
"25",55,"F7_HBEN2ADXX_GCCAAT_read154","MuTIR_4",92.92,113,8,0,39,151,1,113,5.92e-46,167,"CCGAAGACT","+"
"26",56,"F7_HBEN2ADXX_GCCAAT_read155","MuTIR_4",94.118,68,4,0,84,151,1,68,4.71e-27,104,"CCGAAGACT","+"
"27",57,"F7_HBEN2ADXX_GCCAAT_read156","MuTIR_4",91.781,73,6,0,79,151,1,73,1.69e-26,102,"CGGCCACCG","+"
"28",58,"F7_HBEN2ADXX_GCCAAT_read157","MuTIR_4",91.964,112,9,0,40,151,1,112,9.91e-44,159,"CGGCCACCG","+"
"29",59,"F7_HBEN2ADXX_GCCAAT_read158","MuTIR_4",91.964,112,9,0,40,151,1,112,9.91e-44,159,"CGGCCACCG","+"
"30",60,"F7_HBEN2ADXX_GCCAAT_read161","MuTIR_4",93.023,129,9,0,11,139,1,129,3.51e-53,191,"ACTGCAGAG","-"
"32",62,"F7_HBEN2ADXX_GCCAAT_read181","MuTIR_5",91.011,89,6,1,65,151,1,89,4.68e-32,121,"CGAGACGGC","+"
"34",65,"F7_HBEN2ADXX_GCCAAT_read195","MuTIR_6",95.385,65,3,0,87,151,1,65,4.71e-27,104,"TGCACTATG","+"
"36",67,"F7_HBEN2ADXX_GCCAAT_read198","MuTIR_6",96,125,5,0,27,151,1,125,4.51e-57,204,"TGCACTACG","+"
"37",68,"F7_HBEN2ADXX_GCCAAT_read199","MuTIR_6",96.25,80,3,0,72,151,1,80,2.16e-35,132,"TGCACTACG","+"
"39",70,"F7_HBEN2ADXX_GCCAAT_read205","MuTIR_6",95.946,74,3,0,78,151,1,74,4.68e-32,121,"TCCTAGGCT","+"
"40",71,"F7_HBEN2ADXX_GCCAAT_read206","MuTIR_6",97.297,111,3,0,41,151,1,111,1.26e-52,189,"TCCTAGGCT","+"
"43",75,"F7_HBEN2ADXX_GCCAAT_read226","MuTIR_7",90.58,138,12,1,14,151,1,137,1.63e-51,185,"TCGTACCGC","+"
"45",79,"F7_HL5WNCCXX_L5_read2","MuTIR_1",93.651,126,7,1,25,150,1,125,4.51e-52,187,"CCGGCTCGA","+"
"46",80,"F7_HL5WNCCXX_L5_read3","MuTIR_1",97.101,69,1,1,80,148,1,68,2.16e-30,115,"GAAAGAGAG","+"
"48",82,"F7_HL5WNCCXX_L5_read5","MuTIR_1",95.556,90,3,1,61,150,1,89,9.91e-39,143,"CCCACCTTG","+"
"49",83,"F7_HL5WNCCXX_L5_read6","MuTIR_1",93.617,94,5,1,57,150,1,93,1.28e-37,139,"GTTCGTGCA","+"
"50",84,"F7_HL5WNCCXX_L5_read7","MuTIR_1",88.421,95,4,2,41,129,1,94,3.61e-28,108,"GCTGGCGAC","+"
"52",86,"F7_HL5WNCCXX_L5_read13","MuTIR_1",100,37,0,0,114,150,1,37,1.71e-16,69.4,"CCGGCTCGA","+"
"53",87,"F7_HL5WNCCXX_L5_read14","MuTIR_1",95.536,112,4,1,39,150,1,111,2.72e-49,178,"GAGCAGAGG","+"
"54",88,"F7_HL5WNCCXX_L5_read15","MuTIR_1",92.632,95,6,1,22,116,1,94,1.66e-36,135,"TCGCACGGC","+"
"55",89,"F7_HL5WNCCXX_L5_read16","MuTIR_1",92.593,135,9,1,16,150,1,134,9.7e-54,193,"CTCTCTTTC","+"
"56",90,"F7_HL5WNCCXX_L5_read17","MuTIR_1",98.667,75,0,1,76,150,1,74,2.15e-35,132,"CCGGCTCGA","+"
"57",91,"F7_HL5WNCCXX_L5_read19","MuTIR_1",95.556,90,3,1,61,150,1,89,9.91e-39,143,"CCCACCTTG","+"
"58",92,"F7_HL5WNCCXX_L5_read21","MuTIR_1",95.789,95,3,1,46,140,1,94,1.65e-41,152,"CCTCTGCTC","+"
"59",93,"F7_HL5WNCCXX_L5_read23","MuTIR_1",94.34,53,2,1,98,150,1,52,7.88e-20,80.5,"GTCGGTCTA","+"
"60",94,"F7_HL5WNCCXX_L5_read24","MuTIR_1",95.238,42,2,0,109,150,1,42,6.14e-16,67.6,"CAAGGTGGG","+"
"61",95,"F7_HL5WNCCXX_L5_read26","MuTIR_1",94.4,125,6,1,24,148,1,124,3.49e-53,191,"ATTGAAAGG","+"
"63",97,"F7_HL5WNCCXX_L5_read29","MuTIR_1",93.684,95,5,1,48,142,1,94,3.56e-38,141,"CTCGCACAG","+"
"64",98,"F7_HL5WNCCXX_L5_read32","MuTIR_1",88.298,94,4,2,63,150,1,93,1.3e-27,106,"GCTGGCGAC","+"
"65",99,"F7_HL5WNCCXX_L5_read33","MuTIR_1",95.238,42,2,0,109,150,1,42,6.14e-16,67.6,"CAAGGTGGG","+"
"66",100,"F7_HL5WNCCXX_L5_read35","MuTIR_1",94.34,106,3,2,47,150,1,105,9.84e-44,159,"GCCGTGCGA","+"
"67",101,"F7_HL5WNCCXX_L5_read39","MuTIR_1",94.03,67,3,1,84,150,1,66,6.05e-26,100,"CAAGGTGGG","+"
"68",102,"F7_HL5WNCCXX_L5_read40","MuTIR_1",94.34,53,2,1,98,150,1,52,7.88e-20,80.5,"GTCGGTCTA","+"
"69",103,"F7_HL5WNCCXX_L5_read41","MuTIR_1",92.754,138,9,1,13,150,1,137,2.09e-55,198,"CTCTCTTTC","+"
"70",104,"F7_HL5WNCCXX_L5_read44","MuTIR_1",94.118,119,4,2,31,147,1,118,2.72e-49,178,"GCCGTGCGA","+"
"71",105,"F7_HL5WNCCXX_L5_read47","MuTIR_1",94.34,106,5,1,43,148,1,105,2.74e-44,161,"TTCGGCAGG","+"
"72",106,"F7_HL5WNCCXX_L5_read51","MuTIR_1",93.893,131,7,1,20,150,1,130,7.5e-55,196,"CCGGCTCGA","+"
"73",107,"F7_HL5WNCCXX_L5_read52","MuTIR_1",96.104,77,2,1,74,150,1,76,3.59e-33,124,"TAGACCGAC","+"
"74",108,"F7_HL5WNCCXX_L5_read55","MuTIR_1",97.015,67,1,1,84,150,1,66,2.79e-29,111,"GAAAGAGAG","+"
"75",109,"F7_HL5WNCCXX_L5_read58","MuTIR_1",93.893,131,7,1,20,150,1,130,7.5e-55,196,"CCGGCTCGA","+"
"76",110,"F7_HL5WNCCXX_L5_read59","MuTIR_1",93.284,134,8,1,17,150,1,133,7.5e-55,196,"ATTGAAAGG","+"
"77",111,"F7_HL5WNCCXX_L5_read60","MuTIR_1",92.593,135,9,1,16,150,1,134,9.7e-54,193,"CTCTCTTTC","+"
"91",125,"F7_HL5WNCCXX_L5_read90","MuTIR_1",88.421,95,4,2,21,109,1,94,3.61e-28,108,"TCTTCCTGA","-"
"98",132,"F7_HL5WNCCXX_L5_read100","MuTIR_1",95.789,95,3,1,10,104,1,94,1.65e-41,152,"TCTTCCTGA","-"
"105",142,"F7_HL5WNCCXX_L5_read120","MuTIR_1",93.846,65,3,1,49,113,1,64,7.82e-25,97.1,"CTGTGCGAG","+"
"106",143,"F7_HL5WNCCXX_L5_read121","MuTIR_1",93.59,78,4,1,73,150,1,77,2.16e-30,115,"CCCTCCCCC","+"
"107",144,"F7_HL5WNCCXX_L5_read123","MuTIR_1",93.22,59,3,1,92,150,1,58,1.69e-21,86.1,"CTGTGCGAG","+"
"108",145,"F7_HL5WNCCXX_L5_read124","MuTIR_1",93.846,65,3,1,71,135,1,64,7.82e-25,97.1,"CTGTGCGAG","+"
"109",146,"F7_HL5WNCCXX_L5_read125","MuTIR_1",95.789,95,3,1,52,146,1,94,1.65e-41,152,"CCAGCAGCC","+"
"110",147,"F7_HL5WNCCXX_L5_read126","MuTIR_1",93.846,65,3,1,28,92,1,64,7.82e-25,97.1,"CTGTGCGAG","+"
"111",149,"F7_HL5WNCCXX_L5_read128","MuTIR_1",93.846,65,3,1,71,135,1,64,7.82e-25,97.1,"CTGTGCGAG","+"
"112",150,"F7_HL5WNCCXX_L5_read129","MuTIR_1",94.737,95,4,1,52,146,1,94,7.66e-40,147,"CCAGCAGCC","+"
"115",153,"F7_HL5WNCCXX_L5_read133","MuTIR_1",93.846,65,3,1,56,120,1,64,7.82e-25,97.1,"GTTGGCGTT","-"
"118",210,"F7_HL5WNCCXX_L5_read331","MuTIR_2",90.816,98,9,0,53,150,1,98,2.15e-35,132,"TCCAACGAG","+"
"119",211,"F7_HL5WNCCXX_L5_read333","MuTIR_2",94.444,90,5,0,58,147,1,90,1.28e-37,139,"TGCCGCCGC","+"
"120",212,"F7_HL5WNCCXX_L5_read335","MuTIR_2",90.909,77,7,0,74,150,1,77,4.68e-27,104,"TCCTCAGCG","+"
"121",213,"F7_HL5WNCCXX_L5_read339","MuTIR_2",93.651,63,4,0,88,150,1,63,2.81e-24,95.3,"TGAAGTAAT","+"
"122",214,"F7_HL5WNCCXX_L5_read341","MuTIR_2",93.902,82,5,0,69,150,1,82,3.59e-33,124,"GATAGCGTG","+"
"123",215,"F7_HL5WNCCXX_L5_read344","MuTIR_2",93.976,83,5,0,68,150,1,83,9.98e-34,126,"GTCAACGAG","+"
"124",216,"F7_HL5WNCCXX_L5_read346","MuTIR_2",93.651,63,4,0,88,150,1,63,2.81e-24,95.3,"TGAAGTAAT","+"
"125",217,"F7_HL5WNCCXX_L5_read349","MuTIR_2",93.023,129,9,0,19,147,1,129,1.25e-52,189,"CGACCCGGT","+"
"126",218,"F7_HL5WNCCXX_L5_read350","MuTIR_2",91.111,90,8,0,60,149,1,90,1.29e-32,122,"GGCTCTGGG","+"
"127",219,"F7_HL5WNCCXX_L5_read352","MuTIR_2",96.104,77,3,0,73,149,1,77,9.98e-34,126,"CCCAGAGCC","+"
"128",220,"F7_HL5WNCCXX_L5_read354","MuTIR_2",91.111,90,8,0,59,148,1,90,1.29e-32,122,"AGACTAGAG","+"
"129",221,"F7_HL5WNCCXX_L5_read356","MuTIR_2",90.816,98,9,0,53,150,1,98,2.15e-35,132,"TCCAACGAG","+"
"130",222,"F7_HL5WNCCXX_L5_read357","MuTIR_2",88.696,115,13,0,36,150,1,115,3.56e-38,141,"ACCCAACTG","+"
"131",223,"F7_HL5WNCCXX_L5_read358","MuTIR_2",91.566,83,7,0,65,147,1,83,2.16e-30,115,"AGACTAGAG","+"
"132",224,"F7_HL5WNCCXX_L5_read360","MuTIR_2",94.643,56,3,0,95,150,1,56,4.71e-22,87.9,"GCGACCTCC","+"
"133",225,"F7_HL5WNCCXX_L5_read364","MuTIR_2",90.625,64,6,0,70,133,1,64,1.69e-21,86.1,"GCGACCTCC","+"
"134",226,"F7_HL5WNCCXX_L5_read365","MuTIR_2",84.615,130,13,6,16,139,1,129,1.29e-32,122,"GCGACCTCC","+"
"135",227,"F7_HL5WNCCXX_L5_read368","MuTIR_2",93.902,82,4,1,70,150,1,82,1.29e-32,122,"GATAGCGTG","+"
"137",229,"F7_HL5WNCCXX_L5_read371","MuTIR_2",89.167,120,13,0,28,147,1,120,5.92e-41,150,"GCTGGGAAG","+"
"138",230,"F7_HL5WNCCXX_L5_read372","MuTIR_2",91.111,90,8,0,59,148,1,90,1.29e-32,122,"AGACTAGAG","+"
"139",231,"F7_HL5WNCCXX_L5_read374","MuTIR_2",95,60,3,0,91,150,1,60,2.81e-24,95.3,"CCGCGGAAG","+"
"140",232,"F7_HL5WNCCXX_L5_read377","MuTIR_2",90.909,77,7,0,74,150,1,77,4.68e-27,104,"TCCTCAGCG","+"
"141",233,"F7_HL5WNCCXX_L5_read378","MuTIR_2",97.872,47,1,0,103,149,1,47,2.19e-20,82.4,"GCGACCTCC","+"
"142",234,"F7_HL5WNCCXX_L5_read380","MuTIR_2",89.167,120,13,0,28,147,1,120,5.92e-41,150,"GCTGGGAAG","+"
"143",235,"F7_HL5WNCCXX_L5_read382","MuTIR_2",93.519,108,5,2,44,150,1,107,9.84e-44,159,"TGCCGCCGC","+"
"144",236,"F7_HL5WNCCXX_L5_read385","MuTIR_2",90,110,11,0,41,150,1,110,9.91e-39,143,"AGGTGCTGG","+"
"145",237,"F7_HL5WNCCXX_L5_read388","MuTIR_2",89.844,128,13,0,1,128,1,128,2.11e-45,165,"CAGTAGTGA","-"
"149",241,"F7_HL5WNCCXX_L5_read393","MuTIR_2",90.625,128,12,0,7,134,1,128,4.55e-47,171,"CGTAGTGAA","-"
"163",255,"F7_HL5WNCCXX_L5_read418","MuTIR_2",89.844,128,13,0,1,128,1,128,2.11e-45,165,"CAGTAGTGA","-"
"172",264,"F7_HL5WNCCXX_L5_read431","MuTIR_2",93.75,64,4,0,55,118,1,64,7.82e-25,97.1,"TTATTATAA","-"
"178",270,"F7_HL5WNCCXX_L5_read447","MuTIR_2",94.118,85,5,0,55,139,1,85,7.71e-35,130,"AAGGACAAC","-"
"181",273,"F7_HL5WNCCXX_L5_read454","MuTIR_2",90.625,128,12,0,7,134,1,128,4.55e-47,171,"CGTAGTGAA","-"
"187",293,"F7_HL5WNCCXX_L5_read522","MuTIR_2",88.281,128,15,0,15,142,1,128,4.58e-42,154,"TATTGGGTT","+"
"188",294,"F7_HL5WNCCXX_L5_read524","MuTIR_2",86.614,127,15,2,25,150,1,126,1.28e-37,139,"CTCTAGTCT","+"
"189",295,"F7_HL5WNCCXX_L5_read525","MuTIR_2",89.157,83,7,2,60,141,1,82,1.68e-26,102,"GCAGGGAAN","-"
"192",304,"F7_HL5WNCCXX_L5_read580","MuTIR_3",95.146,103,5,0,48,150,1,103,7.61e-45,163,"AGTGTCCAT","+"
"193",305,"F7_HL5WNCCXX_L5_read581","MuTIR_3",95.69,116,5,0,35,150,1,116,4.51e-52,187,"AGTGTCCAT","+"
"194",306,"F7_HL5WNCCXX_L5_read582","MuTIR_3",92.969,128,9,0,23,150,1,128,4.51e-52,187,"GGCCCCCAC","+"
"195",307,"F7_HL5WNCCXX_L5_read583","MuTIR_3",93.75,48,3,0,103,150,1,48,1.32e-17,73.1,"TCCTACAGG","+"
"196",308,"F7_HL5WNCCXX_L5_read584","MuTIR_3",98,50,1,0,100,149,1,50,4.71e-22,87.9,"TGAACAGGA","+"
"197",309,"F7_HL5WNCCXX_L5_read585","MuTIR_3",93.75,96,6,0,55,150,1,96,2.76e-39,145,"TGAACAGGA","+"
"198",310,"F7_HL5WNCCXX_L5_read588","MuTIR_3",95.146,103,5,0,48,150,1,103,7.61e-45,163,"AGTGTCCAT","+"
"199",311,"F7_HL5WNCCXX_L5_read591","MuTIR_3",94.048,84,5,0,67,150,1,84,2.77e-34,128,"TCCTACAGG","+"
"201",313,"F7_HL5WNCCXX_L5_read596","MuTIR_3",91.304,92,6,2,60,150,1,91,3.59e-33,124,"CCCTGCGAG","+"
"202",314,"F7_HL5WNCCXX_L5_read599","MuTIR_3",94.872,117,6,0,31,147,1,117,5.84e-51,183,"AAAACATTC","+"
"216",328,"F7_HL5WNCCXX_L5_read629","MuTIR_3",94.737,133,7,0,1,133,1,133,3.46e-58,207,"AACGACGAT","-"
"217",342,"F7_HL5WNCCXX_L5_read645","MuTIR_3",94.366,71,4,0,79,149,1,71,1.01e-28,110,"CTCTCCTCC","+"
"218",343,"F7_HL5WNCCXX_L5_read648","MuTIR_3",91.406,128,11,0,19,146,1,128,9.77e-49,176,"GTCCGCGTG","+"
"219",344,"F7_HL5WNCCXX_L5_read649","MuTIR_3",94.643,112,6,0,39,150,1,112,3.51e-48,174,"TTAAAAAAC","+"
"220",345,"F7_HL5WNCCXX_L5_read656","MuTIR_3",92.424,66,5,0,85,150,1,66,2.81e-24,95.3,"TTAAAAAAC","+"
"221",346,"F7_HL5WNCCXX_L5_read657","MuTIR_3",94.203,69,4,0,82,150,1,69,1.3e-27,106,"CTCTCCTCC","+"
"222",347,"F7_HL5WNCCXX_L5_read659","MuTIR_3",90.351,114,11,0,37,150,1,114,5.92e-41,150,"CGTTTTTTA","+"
"223",348,"F7_HL5WNCCXX_L5_read660","MuTIR_3",94.203,69,4,0,79,147,1,69,1.3e-27,106,"GTTCTGTAC","+"
"224",349,"F7_HL5WNCCXX_L5_read661","MuTIR_3",94.444,90,5,0,61,150,1,90,1.28e-37,139,"ACTGACGGG","+"
"225",350,"F7_HL5WNCCXX_L5_read662","MuTIR_3",95.146,103,5,0,48,150,1,103,7.61e-45,163,"ACTGACGGG","+"
"238",370,"F7_HL5WNCCXX_L5_read699","MuTIR_3",93.333,60,4,0,91,150,1,60,1.31e-22,89.8,"CCTGTGGAA","+"
"239",371,"F7_HL5WNCCXX_L5_read700","MuTIR_3",92.647,136,10,0,13,148,1,136,7.5e-55,196,"TCGGCAAGC","+"
"240",372,"F7_HL5WNCCXX_L5_read701","MuTIR_3",94.286,70,4,0,80,149,1,70,3.61e-28,108,"CACGGGGAC","+"
"241",373,"F7_HL5WNCCXX_L5_read702","MuTIR_3",93.939,99,6,0,52,150,1,99,5.92e-41,150,"TTCCACAGG","+"
"242",374,"F7_HL5WNCCXX_L5_read704","MuTIR_3",93.651,63,4,0,88,150,1,63,2.81e-24,95.3,"GACGCCGAC","+"
"244",377,"F7_HL5WNCCXX_L5_read709","MuTIR_3",94.03,67,4,0,84,150,1,67,1.68e-26,102,"TCGGCAAGC","+"
"245",378,"F7_HL5WNCCXX_L5_read711","MuTIR_3",93.827,81,5,0,69,149,1,81,1.29e-32,122,"TCGGCAAGC","+"
"246",379,"F7_HL5WNCCXX_L5_read712","MuTIR_3",93.407,91,6,0,60,150,1,91,1.66e-36,135,"TTCCACAGG","+"
"248",381,"F7_HL5WNCCXX_L5_read715","MuTIR_3",90.476,126,12,0,25,150,1,126,5.88e-46,167,"AGTTACGCC","+"
"249",382,"F7_HL5WNCCXX_L5_read717","MuTIR_3",91.589,107,9,0,44,150,1,107,2.13e-40,148,"GCCTGCCTG","+"
"250",383,"F7_HL5WNCCXX_L5_read718","MuTIR_3",93.137,102,7,0,49,150,1,102,5.92e-41,150,"TCGGCAAGC","+"
"251",384,"F7_HL5WNCCXX_L5_read725","MuTIR_3",91.262,103,9,0,48,150,1,103,3.56e-38,141,"GCCTGCCTG","+"
"265",460,"F7_HL5WNCCXX_L5_read910","MuTIR_4",94.318,88,5,0,63,150,1,88,1.66e-36,135,"CGGCCACCG","+"
"266",461,"F7_HL5WNCCXX_L5_read916","MuTIR_4",90,130,13,0,18,147,1,130,4.55e-47,171,"CGGCCCGTG","+"
"267",462,"F7_HL5WNCCXX_L5_read918","MuTIR_4",91.346,104,9,0,45,148,1,104,9.91e-39,143,"CACGAGCTG","+"
"268",463,"F7_HL5WNCCXX_L5_read920","MuTIR_4",91.15,113,10,0,38,150,1,113,1.27e-42,156,"CACGAGCTG","+"
"269",464,"F7_HL5WNCCXX_L5_read929","MuTIR_4",96.552,58,2,0,93,150,1,58,7.82e-25,97.1,"CACGAGCTG","+"
"270",465,"F7_HL5WNCCXX_L5_read934","MuTIR_4",93.023,129,9,0,22,150,1,129,3.49e-53,191,"CCGAAGACT","+"
"271",466,"F7_HL5WNCCXX_L5_read938","MuTIR_4",94.318,88,5,0,63,150,1,88,1.66e-36,135,"CGGCCACCG","+"
"272",467,"F7_HL5WNCCXX_L5_read940","MuTIR_4",97.727,44,1,0,107,150,1,44,1.02e-18,76.8,"CCGAAGACT","+"
"273",468,"F7_HL5WNCCXX_L5_read946","MuTIR_4",90.826,109,10,0,42,150,1,109,2.13e-40,148,"CACGAGCTG","+"
"275",470,"F7_HL5WNCCXX_L5_read956","MuTIR_4",90.833,120,11,0,20,139,1,120,7.61e-45,163,"CTTTTATGC","-"
"288",492,"F7_HL5WNCCXX_L5_read1044","MuTIR_4",89.011,91,10,0,60,150,1,91,7.77e-30,113,"GTGTGTGGG","+"
"289",493,"F7_HL5WNCCXX_L5_read1047","MuTIR_4",86.555,119,16,0,32,150,1,119,5.96e-36,134,"GTGTGTGGG","+"
"290",494,"F7_HL5WNCCXX_L5_read1048","MuTIR_4",89.011,91,10,0,60,150,1,91,7.77e-30,113,"GTGTGTGGG","+"
"293",507,"F7_HL5WNCCXX_L5_read1079","MuTIR_5",89.873,79,6,1,71,147,1,79,1.68e-26,102,"TAAACCACC","+"
"294",508,"F7_HL5WNCCXX_L5_read1080","MuTIR_5",91.398,93,6,1,60,150,1,93,2.77e-34,128,"CGAGACGGC","+"
"295",509,"F7_HL5WNCCXX_L5_read1082","MuTIR_5",91.892,74,4,1,78,149,1,74,4.68e-27,104,"GCTGCAGGA","+"
"296",510,"F7_HL5WNCCXX_L5_read1083","MuTIR_5",89.764,127,11,1,19,143,1,127,7.61e-45,163,"CGAGACGGC","+"
"297",511,"F7_HL5WNCCXX_L5_read1084","MuTIR_5",93.333,60,2,1,91,148,1,60,4.71e-22,87.9,"CGAGACGGC","+"
"298",512,"F7_HL5WNCCXX_L5_read1085","MuTIR_5",94.872,39,2,0,112,150,1,39,2.85e-14,62.1,"TTGGGAATC","+"
"299",513,"F7_HL5WNCCXX_L5_read1086","MuTIR_5",95.918,49,2,0,101,149,1,49,7.88e-20,80.5,"TTGGGAATC","+"
"300",514,"F7_HL5WNCCXX_L5_read1088","MuTIR_5",88.636,132,13,1,19,148,1,132,2.74e-44,161,"TTGGGAATC","+"
"301",515,"F7_HL5WNCCXX_L5_read1090","MuTIR_5",90.909,121,9,1,28,146,1,121,7.61e-45,163,"GCTGCAGGA","+"
"302",516,"F7_HL5WNCCXX_L5_read1091","MuTIR_5",89.231,65,5,1,88,150,1,65,2.19e-20,82.4,"TAAACCACC","+"
"303",517,"F7_HL5WNCCXX_L5_read1092","MuTIR_5",88.43,121,11,2,13,130,1,121,2.76e-39,145,"TCCCATTAG","-"
"312",526,"F7_HL5WNCCXX_L5_read1108","MuTIR_5",95.918,49,2,0,92,140,1,49,7.88e-20,80.5,"AGGCATAGG","-"
"314",529,"F7_HL5WNCCXX_L5_read1176","MuTIR_6",96.667,90,3,0,61,150,1,90,5.92e-41,150,"TGCACTACG","+"
"315",530,"F7_HL5WNCCXX_L5_read1177","MuTIR_6",96,75,3,0,76,150,1,75,1.29e-32,122,"TGCACTACG","+"
"316",531,"F7_HL5WNCCXX_L5_read1178","MuTIR_6",100,42,0,0,109,150,1,42,2.83e-19,78.7,"TGCACTACG","+"
"317",532,"F7_HL5WNCCXX_L5_read1179","MuTIR_6",96.552,87,3,0,64,150,1,87,2.76e-39,145,"TGCACTACG","+"
"318",533,"F7_HL5WNCCXX_L5_read1184","MuTIR_6",100,42,0,0,109,150,1,42,2.83e-19,78.7,"TGCACTACG","+"
"319",534,"F7_HL5WNCCXX_L5_read1186","MuTIR_6",96.591,88,3,0,63,150,1,88,7.66e-40,147,"TGCACTACG","+"
"320",535,"F7_HL5WNCCXX_L5_read1188","MuTIR_6",96.639,119,4,0,31,149,1,119,2.09e-55,198,"TGCACTACG","+"
"321",536,"F7_HL5WNCCXX_L5_read1192","MuTIR_6",96,75,3,0,76,150,1,75,1.29e-32,122,"TGCACTACG","+"
"323",538,"F7_HL5WNCCXX_L5_read1197","MuTIR_6",95.122,123,6,0,28,150,1,123,2.7e-54,195,"TGCATTACA","+"
"324",539,"F7_HL5WNCCXX_L5_read1198","MuTIR_6",98.276,58,1,0,92,149,1,58,1.68e-26,102,"TGCACTACG","+"
"331",547,"F7_HL5WNCCXX_L5_read1221","MuTIR_6",94.574,129,7,0,22,150,1,129,5.8e-56,200,"AGGAGAGGG","+"
"332",548,"F7_HL5WNCCXX_L5_read1222","MuTIR_6",94.697,132,7,0,19,150,1,132,1.25e-57,206,"AGGAGAGGG","+"
"333",549,"F7_HL5WNCCXX_L5_read1223","MuTIR_6",94.531,128,7,0,23,150,1,128,2.09e-55,198,"AGGAGAGGG","+"
"334",550,"F7_HL5WNCCXX_L5_read1225","MuTIR_6",92.929,99,6,1,53,150,1,99,9.91e-39,143,"ATGCAGATG","+"
"335",551,"F7_HL5WNCCXX_L5_read1226","MuTIR_6",93.75,128,8,0,22,149,1,128,9.7e-54,193,"AGGAGAGGG","+"
"336",552,"F7_HL5WNCCXX_L5_read1227","MuTIR_6",95.588,68,3,0,83,150,1,68,1.01e-28,110,"TCCTAGGCT","+"
"337",554,"F7_HL5WNCCXX_L5_read1230","MuTIR_6",94.574,129,7,0,22,150,1,129,5.8e-56,200,"AGGAGAGGG","+"
"348",568,"F7_HL5WNCCXX_L5_read1262","MuTIR_6",90.351,114,10,1,27,139,1,114,2.13e-40,148,"GACGTGAAC","+"
"350",593,"F7_HL5WNCCXX_L5_read1375","MuTIR_7",91.753,97,7,1,54,149,1,97,4.61e-37,137,"TACCTAGTT","+"
"353",596,"F7_HL5WNCCXX_L5_read1378","MuTIR_7",89.474,57,6,0,85,141,1,57,1.02e-18,76.8,"TAATACCGC","+"
"354",609,"F7_HFFGKADXX_GCCAAT_read1","MuTIR_1",93.333,135,6,3,16,149,1,133,7.55e-55,196,"GAATACAAC","+"
"356",611,"F7_HFFGKADXX_GCCAAT_read8","MuTIR_1",98.551,69,0,1,83,151,1,68,4.68e-32,121,"CCGGCTCGA","+"
"357",612,"F7_HFFGKADXX_GCCAAT_read11","MuTIR_1",91.045,134,10,2,17,150,1,132,7.61e-50,180,"GTTCGTGCA","+"
"360",615,"F7_HFFGKADXX_GCCAAT_read20","MuTIR_1",93.684,95,5,1,41,135,1,94,3.59e-38,141,"TCTTTCTGA","-"
"364",624,"F7_HFFGKADXX_GCCAAT_read58","MuTIR_2",96.774,62,2,0,90,151,1,62,4.71e-27,104,"GCGCTAGGG","+"
"365",625,"F7_HFFGKADXX_GCCAAT_read59","MuTIR_2",88.983,118,13,0,34,151,1,118,7.72e-40,147,"GCTGGGAAG","+"
"366",626,"F7_HFFGKADXX_GCCAAT_read62","MuTIR_2",90.361,83,8,0,66,148,1,83,1.01e-28,110,"GCCAGGGGA","+"
"368",628,"F7_HFFGKADXX_GCCAAT_read65","MuTIR_2",84,125,13,4,33,151,1,124,7.83e-30,113,"GCGACCTCC","+"
"376",637,"F7_HFFGKADXX_GCCAAT_read95","MuTIR_3",91.398,93,6,2,57,148,1,92,1.01e-33,126,"CATATGTAC","+"
"382",644,"F7_HFFGKADXX_GCCAAT_read103","MuTIR_3",91.463,82,6,1,69,150,1,81,2.81e-29,111,"GTTCTGTAC","+"
"385",648,"F7_HFFGKADXX_GCCAAT_read111","MuTIR_3",91.176,136,12,0,13,148,1,136,1.63e-51,185,"TTCTCCGAT","+"
"386",649,"F7_HFFGKADXX_GCCAAT_read113","MuTIR_3",91.954,87,7,0,65,151,1,87,1.3e-32,122,"CTCCTCATC","+"
"387",650,"F7_HFFGKADXX_GCCAAT_read115","MuTIR_3",94.393,107,6,0,45,151,1,107,2.13e-45,165,"CCTGTGGAA","+"
"388",651,"F7_HFFGKADXX_GCCAAT_read116","MuTIR_3",91.011,89,8,0,61,149,1,89,4.68e-32,121,"AGTTACGCC","+"
"395",671,"F7_HFFGKADXX_GCCAAT_read168","MuTIR_5",95.918,49,2,0,101,149,1,49,7.94e-20,80.5,"TAAACCACC","+"
"396",672,"F7_HFFGKADXX_GCCAAT_read169","MuTIR_5",88.462,78,7,1,76,151,1,78,2.83e-24,95.3,"ATTGAGCCC","+"
"400",676,"F7_HFFGKADXX_GCCAAT_read180","MuTIR_6",98.276,58,1,0,68,125,1,58,1.69e-26,102,"TGCATTACA","+"
"402",678,"F7_HFFGKADXX_GCCAAT_read182","MuTIR_6",96.429,140,5,0,12,151,1,140,2.07e-65,231,"TGCACTACG","+"
"404",680,"F7_HFFGKADXX_GCCAAT_read185","MuTIR_6",97.222,36,1,0,116,151,1,36,2.87e-14,62.1,"ATGCAGATG","+"
