"","X","qname","sname","percent_identity","alignment_length","mismatches","gap_opens","q_start","q_end","s_start","s_end","evalue","bit_score","tsds","strand"
"1",1,"H95_HLCY2CCXX_L6_read3","MuTIR_1",96.296,108,3,1,43,150,1,107,9.77e-49,176,"GAATACAAC","+"
"2",2,"H95_HLCY2CCXX_L6_read4","MuTIR_1",95.192,104,4,1,47,150,1,103,7.61e-45,163,"ATTTTCCTG","+"
"4",4,"H95_HLCY2CCXX_L6_read6","MuTIR_1",95.349,43,2,0,108,150,1,43,1.71e-16,69.4,"ATTTTCCTG","+"
"5",5,"H95_HLCY2CCXX_L6_read7","MuTIR_1",98.387,62,0,1,89,150,1,61,3.61e-28,108,"GAGGCTCTC","+"
"6",6,"H95_HLCY2CCXX_L6_read9","MuTIR_1",96.46,113,3,1,36,148,1,112,1.62e-51,185,"GAGAGCCTC","+"
"7",7,"H95_HLCY2CCXX_L6_read10","MuTIR_1",95.946,74,2,1,77,150,1,73,1.67e-31,119,"GCTGGCGAC","+"
"8",8,"H95_HLCY2CCXX_L6_read11","MuTIR_1",98.701,77,0,1,74,150,1,76,1.66e-36,135,"CATCCAAAC","+"
"9",9,"H95_HLCY2CCXX_L6_read17","MuTIR_1",96.262,107,3,1,44,150,1,106,3.51e-48,174,"CTCCCAGTG","+"
"10",10,"H95_HLCY2CCXX_L6_read18","MuTIR_1",98.438,64,0,1,87,150,1,63,2.79e-29,111,"GAGAGCCTC","+"
"11",11,"H95_HLCY2CCXX_L6_read19","MuTIR_1",94.444,54,2,1,97,150,1,53,2.19e-20,82.4,"CAAGGTGGG","+"
"12",12,"H95_HLCY2CCXX_L6_read20","MuTIR_1",96.25,80,2,1,71,150,1,79,7.71e-35,130,"GTCGCCAGC","+"
"13",13,"H95_HLCY2CCXX_L6_read24","MuTIR_1",95.789,95,3,1,38,132,1,94,1.65e-41,152,"CAAGGTGGG","+"
"14",14,"H95_HLCY2CCXX_L6_read25","MuTIR_1",95.833,120,4,1,22,141,1,119,9.7e-54,193,"CATCAAAAC","+"
"15",15,"H95_HLCY2CCXX_L6_read27","MuTIR_1",93.966,116,6,1,35,150,1,115,3.51e-48,174,"TTCGGCAGG","+"
"16",16,"H95_HLCY2CCXX_L6_read28","MuTIR_1",98.438,64,0,1,87,150,1,63,2.79e-29,111,"GAGGCTCTC","+"
"17",17,"H95_HLCY2CCXX_L6_read31","MuTIR_1",94.656,131,6,1,17,147,1,130,1.61e-56,202,"GTTCAGAAA","+"
"18",18,"H95_HLCY2CCXX_L6_read32","MuTIR_1",94.161,137,7,1,14,150,1,136,3.46e-58,207,"CCGCACTCC","+"
"19",19,"H95_HLCY2CCXX_L6_read34","MuTIR_1",93.182,44,3,0,107,150,1,44,2.21e-15,65.8,"GTCGGTCTA","+"
"20",20,"H95_HLCY2CCXX_L6_read35","MuTIR_1",96.154,52,1,1,96,147,1,51,6.09e-21,84.2,"ATTGAAAGG","+"
"21",21,"H95_HLCY2CCXX_L6_read36","MuTIR_1",92.857,126,7,2,19,144,1,124,2.1e-50,182,"ATTTTCCTG","+"
"22",22,"H95_HLCY2CCXX_L6_read38","MuTIR_1",94.074,135,7,1,16,150,1,134,4.48e-57,204,"GAAAGAGAG","+"
"23",23,"H95_HLCY2CCXX_L6_read39","MuTIR_1",95.455,110,4,1,32,141,1,109,3.51e-48,174,"GAGGCTCTC","+"
"24",24,"H95_HLCY2CCXX_L6_read41","MuTIR_1",98.438,64,0,1,87,150,1,63,2.79e-29,111,"GAGGCTCTC","+"
"25",25,"H95_HLCY2CCXX_L6_read42","MuTIR_1",95.161,62,2,1,89,150,1,61,7.82e-25,97.1,"GAGGCTCTC","+"
"26",26,"H95_HLCY2CCXX_L6_read43","MuTIR_1",93.269,104,6,1,47,150,1,103,1.65e-41,152,"ATTGAAAGG","+"
"27",27,"H95_HLCY2CCXX_L6_read44","MuTIR_1",95.652,46,2,0,105,150,1,46,3.67e-18,75,"GTCGGTCTA","+"
"28",28,"H95_HLCY2CCXX_L6_read46","MuTIR_1",93.75,48,3,0,102,149,1,48,1.32e-17,73.1,"TAGACCGAC","+"
"29",29,"H95_HLCY2CCXX_L6_read47","MuTIR_1",98.438,64,0,1,87,150,1,63,2.79e-29,111,"GAGGCTCTC","+"
"30",30,"H95_HLCY2CCXX_L6_read50","MuTIR_1",92.079,101,7,1,48,148,1,100,3.56e-38,141,"CTCTCTTTC","+"
"31",31,"H95_HLCY2CCXX_L6_read51","MuTIR_1",94.118,119,6,1,30,148,1,118,7.55e-50,180,"CCCACCTTG","+"
"32",32,"H95_HLCY2CCXX_L6_read53","MuTIR_1",95.588,68,2,1,83,150,1,67,3.61e-28,108,"TAGACCGAC","+"
"33",33,"H95_HLCY2CCXX_L6_read54","MuTIR_1",94.737,57,2,1,94,150,1,56,4.71e-22,87.9,"TAGACCGAC","+"
"34",34,"H95_HLCY2CCXX_L6_read57","MuTIR_1",97.917,48,1,0,102,149,1,48,6.09e-21,84.2,"CCGCACTCC","+"
"35",35,"H95_HLCY2CCXX_L6_read58","MuTIR_1",98.611,72,0,1,79,150,1,71,9.98e-34,126,"CATCCAAAC","+"
"36",36,"H95_HLCY2CCXX_L6_read60","MuTIR_1",94.017,117,6,1,34,150,1,116,9.77e-49,176,"GAAAGAGAG","+"
"37",37,"H95_HLCY2CCXX_L6_read61","MuTIR_1",97.872,47,1,0,102,148,1,47,2.19e-20,82.4,"ATTGAAAGG","+"
"38",38,"H95_HLCY2CCXX_L6_read63","MuTIR_1",100,32,0,0,115,146,1,32,1.03e-13,60.2,"GTCGGTCTA","+"
"39",39,"H95_HLCY2CCXX_L6_read64","MuTIR_1",88.333,120,13,1,16,135,1,119,9.91e-39,143,"CTCGCACAG","+"
"40",40,"H95_HLCY2CCXX_L6_read67","MuTIR_1",96.053,76,2,1,74,149,1,75,1.29e-32,122,"GCTGGCGAC","+"
"41",41,"H95_HLCY2CCXX_L6_read68","MuTIR_1",95,60,2,1,91,150,1,59,1.01e-23,93.5,"GAATACAAC","+"
"42",42,"H95_HLCY2CCXX_L6_read69","MuTIR_1",92.308,52,3,1,99,150,1,51,1.32e-17,73.1,"GTCGGTCTA","+"
"44",44,"H95_HLCY2CCXX_L6_read71","MuTIR_1",95.455,110,4,1,41,150,1,109,3.51e-48,174,"GAGGCTCTC","+"
"45",45,"H95_HLCY2CCXX_L6_read72","MuTIR_1",98.361,61,0,1,90,150,1,60,1.3e-27,106,"CTCCCAGTG","+"
"46",46,"H95_HLCY2CCXX_L6_read73","MuTIR_1",94.872,39,2,0,112,150,1,39,2.85e-14,62.1,"GTCGGTCTA","+"
"47",47,"H95_HLCY2CCXX_L6_read77","MuTIR_1",94.34,106,5,1,43,148,1,105,2.74e-44,161,"TTTTTTGTG","+"
"49",49,"H95_HLCY2CCXX_L6_read82","MuTIR_1",96.296,108,3,1,43,150,1,107,9.77e-49,176,"GAATACAAC","+"
"50",50,"H95_HLCY2CCXX_L6_read83","MuTIR_1",94.231,52,2,1,99,150,1,51,2.83e-19,78.7,"GTCGCCAGC","+"
"52",52,"H95_HLCY2CCXX_L6_read85","MuTIR_1",95.455,110,4,1,32,141,1,109,3.51e-48,174,"GAGGCTCTC","+"
"53",53,"H95_HLCY2CCXX_L6_read86","MuTIR_1",95.385,130,5,1,21,150,1,129,1.25e-57,206,"TTTCTGAAC","+"
"54",54,"H95_HLCY2CCXX_L6_read87","MuTIR_1",100,32,0,0,115,146,1,32,1.03e-13,60.2,"GTCGGTCTA","+"
"55",55,"H95_HLCY2CCXX_L6_read88","MuTIR_1",94.34,106,5,1,43,148,1,105,2.74e-44,161,"TTTTTTGTG","+"
"56",56,"H95_HLCY2CCXX_L6_read90","MuTIR_1",94.891,137,6,1,14,150,1,136,7.45e-60,213,"GAAAGAGAG","+"
"57",57,"H95_HLCY2CCXX_L6_read92","MuTIR_1",95.652,115,4,1,30,144,1,114,5.84e-51,183,"GTCGGTCTA","+"
"58",58,"H95_HLCY2CCXX_L6_read93","MuTIR_1",95.833,96,3,1,55,150,1,95,4.58e-42,154,"GAATACAAC","+"
"59",59,"H95_HLCY2CCXX_L6_read94","MuTIR_1",94.737,95,4,1,32,126,1,94,7.66e-40,147,"TAGACCGAC","+"
"65",65,"H95_HLCY2CCXX_L6_read106","MuTIR_1",94.737,95,4,1,11,105,1,94,7.66e-40,147,"TCTTCCTGA","-"
"83",83,"H95_HLCY2CCXX_L6_read136","MuTIR_1",95.455,110,4,1,29,138,1,109,3.51e-48,174,"CGTGAGACA","-"
"85",85,"H95_HLCY2CCXX_L6_read138","MuTIR_1",93.684,95,5,1,40,134,1,94,3.56e-38,141,"TCTTTCTGA","-"
"87",87,"H95_HLCY2CCXX_L6_read141","MuTIR_1",94.737,95,4,1,44,138,1,94,7.66e-40,147,"TTTTCCTAA","-"
"88",88,"H95_HLCY2CCXX_L6_read142","MuTIR_1",95.455,110,4,1,29,138,1,109,3.51e-48,174,"CGTGAGACA","-"
"91",91,"H95_HLCY2CCXX_L6_read146","MuTIR_1",94.737,95,4,1,2,96,1,94,7.66e-40,147,"TTTTCCTAA","-"
"98",98,"H95_HLCY2CCXX_L6_read161","MuTIR_1",94.737,95,4,1,32,126,1,94,7.66e-40,147,"TCTTCCTGA","-"
"109",109,"H95_HLCY2CCXX_L6_read178","MuTIR_1",92.537,134,7,3,7,139,1,132,1.25e-52,189,"ACAATTCTC","-"
"119",127,"H95_HLCY2CCXX_L6_read204","MuTIR_1",93.846,130,6,2,21,150,1,128,2.7e-54,195,"CCCTCCCCA","+"
"122",130,"H95_HLCY2CCXX_L6_read207","MuTIR_1",93.548,93,5,1,58,150,1,92,4.61e-37,137,"CTTTGGATG","+"
"124",132,"H95_HLCY2CCXX_L6_read209","MuTIR_1",97.619,42,1,0,107,148,1,42,1.32e-17,73.1,"CCCTCCCCA","+"
"125",133,"H95_HLCY2CCXX_L6_read213","MuTIR_1",95.745,47,2,0,104,150,1,47,1.02e-18,76.8,"CTGTGCGAG","+"
"126",134,"H95_HLCY2CCXX_L6_read215","MuTIR_1",95.726,117,4,1,30,146,1,116,4.51e-52,187,"CTGTGCGAG","+"
"127",135,"H95_HLCY2CCXX_L6_read216","MuTIR_1",95.745,47,2,0,104,150,1,47,1.02e-18,76.8,"CTGTGCGAG","+"
"128",136,"H95_HLCY2CCXX_L6_read217","MuTIR_1",95.385,65,2,1,86,150,1,64,1.68e-26,102,"CTGTGCGAG","+"
"129",137,"H95_HLCY2CCXX_L6_read218","MuTIR_1",95.745,47,2,0,104,150,1,47,1.02e-18,76.8,"CTGTGCGAG","+"
"130",138,"H95_HLCY2CCXX_L6_read220","MuTIR_1",95.312,64,2,1,87,150,1,63,6.05e-26,100,"CTGTGCGAG","+"
"144",159,"H95_HLCY2CCXX_L6_read258","MuTIR_1",87.097,93,5,4,63,150,1,91,2.18e-25,99,"GTCTGATCT","+"
"145",230,"H95_HLCY2CCXX_L6_read446","MuTIR_2",88.034,117,14,0,34,150,1,117,1.28e-37,139,"GCTGGGAAG","+"
"146",231,"H95_HLCY2CCXX_L6_read447","MuTIR_2",98.113,53,1,0,98,150,1,53,1.01e-23,93.5,"TTCCTCGCC","+"
"147",232,"H95_HLCY2CCXX_L6_read448","MuTIR_2",92.683,82,6,0,69,150,1,82,1.67e-31,119,"ACCGGTGTG","+"
"148",233,"H95_HLCY2CCXX_L6_read449","MuTIR_2",92.079,101,8,0,45,145,1,101,9.91e-39,143,"GTGTTTCCT","+"
"149",234,"H95_HLCY2CCXX_L6_read451","MuTIR_2",88.034,117,14,0,34,150,1,117,1.28e-37,139,"GCTGGGAAG","+"
"150",235,"H95_HLCY2CCXX_L6_read453","MuTIR_2",90.566,106,10,0,45,150,1,106,3.56e-38,141,"TCCAACGAG","+"
"151",236,"H95_HLCY2CCXX_L6_read455","MuTIR_2",88.034,117,14,0,34,150,1,117,1.28e-37,139,"GCTGGGAAG","+"
"152",237,"H95_HLCY2CCXX_L6_read457","MuTIR_2",95.588,68,3,0,82,149,1,68,1.01e-28,110,"TGCAATGAT","+"
"153",238,"H95_HLCY2CCXX_L6_read461","MuTIR_2",83.471,121,20,0,28,148,1,121,7.77e-30,113,"CTCGTGTCT","+"
"154",239,"H95_HLCY2CCXX_L6_read465","MuTIR_2",94.118,85,5,0,63,147,1,85,7.71e-35,130,"GTCAACGAG","+"
"155",240,"H95_HLCY2CCXX_L6_read466","MuTIR_2",93.333,90,6,0,61,150,1,90,5.96e-36,134,"CACAGCATC","+"
"156",241,"H95_HLCY2CCXX_L6_read467","MuTIR_2",91.489,94,8,0,57,150,1,94,7.71e-35,130,"TGAAGTAAT","+"
"157",242,"H95_HLCY2CCXX_L6_read468","MuTIR_2",85.714,140,20,0,11,150,1,140,2.13e-40,148,"CTACTCGGT","+"
"158",243,"H95_HLCY2CCXX_L6_read469","MuTIR_2",84.615,130,13,6,23,146,1,129,1.29e-32,122,"GCGACCTCC","+"
"159",244,"H95_HLCY2CCXX_L6_read471","MuTIR_2",91.667,72,6,0,71,142,1,72,6.05e-26,100,"ACATGGTGG","+"
"160",245,"H95_HLCY2CCXX_L6_read485","MuTIR_2",97.436,39,1,0,112,150,1,39,6.14e-16,67.6,"CCCAGAGCC","+"
"161",246,"H95_HLCY2CCXX_L6_read487","MuTIR_2",92.5,120,9,0,30,149,1,120,1.26e-47,172,"ACAGACTCC","+"
"162",247,"H95_HLCY2CCXX_L6_read489","MuTIR_2",92.683,82,6,0,69,150,1,82,1.67e-31,119,"ACCGGTGTG","+"
"163",248,"H95_HLCY2CCXX_L6_read493","MuTIR_2",90,90,9,0,58,147,1,90,6.01e-31,117,"ACCCAACTG","+"
"164",249,"H95_HLCY2CCXX_L6_read494","MuTIR_2",87.097,93,12,0,56,148,1,93,1.3e-27,106,"CTCGTGTCT","+"
"165",250,"H95_HLCY2CCXX_L6_read496","MuTIR_2",91.489,94,8,0,57,150,1,94,7.71e-35,130,"TGAAGTAAT","+"
"166",251,"H95_HLCY2CCXX_L6_read498","MuTIR_2",94.118,119,7,0,30,148,1,119,2.1e-50,182,"CCCAGAGCC","+"
"167",252,"H95_HLCY2CCXX_L6_read501","MuTIR_2",88.034,117,14,0,34,150,1,117,1.28e-37,139,"GCTGGGAAG","+"
"168",253,"H95_HLCY2CCXX_L6_read505","MuTIR_2",91.453,117,10,0,34,150,1,117,2.74e-44,161,"TGCAATGAT","+"
"169",254,"H95_HLCY2CCXX_L6_read508","MuTIR_2",92.5,120,9,0,30,149,1,120,1.26e-47,172,"ACAGACTCC","+"
"170",255,"H95_HLCY2CCXX_L6_read512","MuTIR_2",90,90,9,0,56,145,1,90,6.01e-31,117,"ACCCAACTG","+"
"171",256,"H95_HLCY2CCXX_L6_read514","MuTIR_2",98.113,53,1,0,98,150,1,53,1.01e-23,93.5,"TTCCTCGCC","+"
"172",257,"H95_HLCY2CCXX_L6_read517","MuTIR_2",93.671,79,5,0,72,150,1,79,1.67e-31,119,"TGCAATGAT","+"
"174",259,"H95_HLCY2CCXX_L6_read520","MuTIR_2",97.059,68,2,0,31,98,1,68,2.16e-30,115,"TGAAAGGGA","-"
"179",264,"H95_HLCY2CCXX_L6_read526","MuTIR_2",93.75,64,4,0,72,135,1,64,7.82e-25,97.1,"TTATTATAA","-"
"187",272,"H95_HLCY2CCXX_L6_read544","MuTIR_2",93.798,129,8,0,3,131,1,129,2.7e-54,195,"CGGATAGAA","-"
"190",275,"H95_HLCY2CCXX_L6_read550","MuTIR_2",93.798,129,8,0,3,131,1,129,2.7e-54,195,"CGGATAGAA","-"
"194",279,"H95_HLCY2CCXX_L6_read559","MuTIR_2",89.062,128,14,0,11,138,1,128,9.84e-44,159,"CAGTAGTGA","-"
"199",284,"H95_HLCY2CCXX_L6_read566","MuTIR_2",97.059,68,2,0,31,98,1,68,2.16e-30,115,"TGAAAGGGA","-"
"206",291,"H95_HLCY2CCXX_L6_read585","MuTIR_2",89.062,128,14,0,11,138,1,128,9.84e-44,159,"CAGTAGTGA","-"
"215",306,"H95_HLCY2CCXX_L6_read625","MuTIR_2",91.525,59,5,0,84,142,1,59,2.19e-20,82.4,"TGAAGTAAT","+"
"217",320,"H95_HLCY2CCXX_L6_read655","MuTIR_2",88.136,59,4,1,95,150,1,59,6.14e-16,67.6,"CTCGTTGGA","+"
"219",325,"H95_HLCY2CCXX_L6_read679","MuTIR_2",88.393,112,13,0,39,150,1,112,1.66e-36,135,"TATTGGGTT","+"
"220",326,"H95_HLCY2CCXX_L6_read681","MuTIR_2",90.244,82,8,0,62,143,1,82,3.61e-28,108,"TATTGGGTT","+"
"221",327,"H95_HLCY2CCXX_L6_read682","MuTIR_2",88.785,107,12,0,41,147,1,107,2.15e-35,132,"TATTGGGTT","+"
"225",340,"H95_HLCY2CCXX_L6_read740","MuTIR_3",93.75,80,5,0,70,149,1,80,4.64e-32,121,"AAAAAATGG","+"
"226",341,"H95_HLCY2CCXX_L6_read742","MuTIR_3",90.909,99,9,0,52,150,1,99,5.96e-36,134,"TCTAGGTTC","+"
"227",342,"H95_HLCY2CCXX_L6_read745","MuTIR_3",93.75,80,5,0,70,149,1,80,4.64e-32,121,"AAAAAATGG","+"
"229",344,"H95_HLCY2CCXX_L6_read748","MuTIR_3",97.826,46,1,0,105,150,1,46,7.88e-20,80.5,"CCGTTTTTT","+"
"230",345,"H95_HLCY2CCXX_L6_read751","MuTIR_3",92.623,122,9,0,27,148,1,122,9.77e-49,176,"GTTTCCCAA","+"
"231",346,"H95_HLCY2CCXX_L6_read754","MuTIR_3",92.969,128,9,0,23,150,1,128,4.51e-52,187,"GGCCCCCAC","+"
"232",347,"H95_HLCY2CCXX_L6_read757","MuTIR_3",97.872,47,1,0,103,149,1,47,2.19e-20,82.4,"TCTAGGTTC","+"
"233",348,"H95_HLCY2CCXX_L6_read758","MuTIR_3",97.436,39,1,0,103,141,1,39,6.14e-16,67.6,"CATATGTAC","+"
"234",349,"H95_HLCY2CCXX_L6_read759","MuTIR_3",90.84,131,10,2,13,142,1,130,3.51e-48,174,"CCCTGCGAG","+"
"235",350,"H95_HLCY2CCXX_L6_read761","MuTIR_3",92.174,115,9,0,36,150,1,115,7.61e-45,163,"TCTAGGTTC","+"
"236",351,"H95_HLCY2CCXX_L6_read762","MuTIR_3",93.617,94,6,0,57,150,1,94,3.56e-38,141,"GAACCTAGA","+"
"237",352,"H95_HLCY2CCXX_L6_read763","MuTIR_3",95.522,67,3,0,84,150,1,67,3.61e-28,108,"TCCTACAGG","+"
"238",353,"H95_HLCY2CCXX_L6_read764","MuTIR_3",93.103,87,6,0,64,150,1,87,2.77e-34,128,"AAAAAATGG","+"
"239",354,"H95_HLCY2CCXX_L6_read768","MuTIR_3",93.805,113,7,0,38,150,1,113,4.55e-47,171,"CCGTTTTTT","+"
"240",355,"H95_HLCY2CCXX_L6_read769","MuTIR_3",91.791,134,11,0,14,147,1,134,4.51e-52,187,"GTTTCCCAA","+"
"241",356,"H95_HLCY2CCXX_L6_read772","MuTIR_3",93.478,46,3,0,105,150,1,46,1.71e-16,69.4,"TCCTACAGG","+"
"242",357,"H95_HLCY2CCXX_L6_read779","MuTIR_3",97.436,39,1,0,103,141,1,39,6.14e-16,67.6,"CATATGTAC","+"
"243",358,"H95_HLCY2CCXX_L6_read783","MuTIR_3",92.857,84,6,0,67,150,1,84,1.29e-32,122,"AAAAAATGG","+"
"257",372,"H95_HLCY2CCXX_L6_read809","MuTIR_3",94.615,130,7,0,11,140,1,130,1.61e-56,202,"AGTAACGAC","-"
"269",393,"H95_HLCY2CCXX_L6_read846","MuTIR_3",89.888,89,9,0,62,150,1,89,2.16e-30,115,"GGAATAGGT","+"
"270",394,"H95_HLCY2CCXX_L6_read849","MuTIR_3",90.909,121,11,0,26,146,1,121,7.61e-45,163,"CCGCCCACA","+"
"271",396,"H95_HLCY2CCXX_L6_read852","MuTIR_3",90.909,110,10,0,41,150,1,110,2.13e-40,148,"CCGCCCACA","+"
"272",397,"H95_HLCY2CCXX_L6_read855","MuTIR_3",92.771,83,6,0,68,150,1,83,4.64e-32,121,"TTCTAGACG","+"
"273",398,"H95_HLCY2CCXX_L6_read857","MuTIR_3",90.265,113,11,0,32,144,1,113,2.13e-40,148,"CCTCTAGAG","+"
"274",399,"H95_HLCY2CCXX_L6_read858","MuTIR_3",92,100,8,0,51,150,1,100,3.56e-38,141,"GGAATAGGT","+"
"275",400,"H95_HLCY2CCXX_L6_read860","MuTIR_3",93.056,72,5,0,79,150,1,72,1.3e-27,106,"TTAAAAAAC","+"
"276",401,"H95_HLCY2CCXX_L6_read861","MuTIR_3",94.737,133,7,0,12,144,1,133,3.46e-58,207,"TTAAAAAAC","+"
"279",404,"H95_HLCY2CCXX_L6_read869","MuTIR_3",89.922,129,13,0,13,141,1,129,5.88e-46,167,"GGATTCAGA","-"
"282",408,"H95_HLCY2CCXX_L6_read876","MuTIR_3",92.308,117,9,0,25,141,1,117,5.88e-46,167,"TATTCTATT","-"
"287",413,"H95_HLCY2CCXX_L6_read886","MuTIR_3",92.308,117,9,0,25,141,1,117,5.88e-46,167,"TATTCTATT","-"
"288",417,"H95_HLCY2CCXX_L6_read898","MuTIR_3",93.548,93,6,0,58,150,1,93,1.28e-37,139,"GACCTCAAA","+"
"289",418,"H95_HLCY2CCXX_L6_read902","MuTIR_3",93.023,129,9,0,22,150,1,129,1.25e-52,189,"GACCTCAAA","+"
"291",420,"H95_HLCY2CCXX_L6_read905","MuTIR_3",93.407,91,6,0,60,150,1,91,1.66e-36,135,"GACCTCAAA","+"
"292",421,"H95_HLCY2CCXX_L6_read907","MuTIR_3",93.694,111,7,0,39,149,1,111,5.88e-46,167,"GTTGTGGTC","+"
"293",423,"H95_HLCY2CCXX_L6_read910","MuTIR_3",88.889,90,10,0,61,150,1,90,2.79e-29,111,"CCCGTCCCC","+"
"294",424,"H95_HLCY2CCXX_L6_read911","MuTIR_3",94.667,75,4,0,74,148,1,75,6.01e-31,117,"CTCCTCATC","+"
"295",425,"H95_HLCY2CCXX_L6_read913","MuTIR_3",94.915,118,6,0,33,150,1,118,1.62e-51,185,"GACCCTTTG","+"
"296",427,"H95_HLCY2CCXX_L6_read915","MuTIR_3",89.333,75,8,0,76,150,1,75,2.81e-24,95.3,"TGACCAAGA","+"
"297",428,"H95_HLCY2CCXX_L6_read916","MuTIR_3",88.889,90,10,0,61,150,1,90,2.79e-29,111,"CCCGTCCCC","+"
"298",429,"H95_HLCY2CCXX_L6_read917","MuTIR_3",93.694,111,7,0,39,149,1,111,5.88e-46,167,"GTTGTGGTC","+"
"299",430,"H95_HLCY2CCXX_L6_read919","MuTIR_3",93.023,86,6,0,65,150,1,86,9.98e-34,126,"CCGCGGAGA","+"
"300",432,"H95_HLCY2CCXX_L6_read923","MuTIR_3",90.164,122,12,0,28,149,1,122,9.84e-44,159,"TGACCAAGA","+"
"301",433,"H95_HLCY2CCXX_L6_read924","MuTIR_3",92.105,76,4,2,75,150,1,74,1.3e-27,106,"CTATCCTGG","+"
"302",434,"H95_HLCY2CCXX_L6_read926","MuTIR_3",93.694,111,7,0,39,149,1,111,5.88e-46,167,"GTTGTGGTC","+"
"303",435,"H95_HLCY2CCXX_L6_read927","MuTIR_3",92.929,99,7,0,52,150,1,99,2.76e-39,145,"GTTGTGGTC","+"
"324",554,"H95_HLCY2CCXX_L6_read1135","MuTIR_4",89.655,87,8,1,61,147,1,86,1.01e-28,110,"GTGACTGAG","+"
"325",555,"H95_HLCY2CCXX_L6_read1136","MuTIR_4",89.147,129,14,0,15,143,1,129,7.61e-45,163,"CTCTCTTGC","+"
"326",556,"H95_HLCY2CCXX_L6_read1137","MuTIR_4",89.147,129,14,0,15,143,1,129,7.61e-45,163,"CTCTCTTGC","+"
"327",557,"H95_HLCY2CCXX_L6_read1138","MuTIR_4",88.372,129,15,0,19,147,1,129,3.54e-43,158,"GCCATTAAG","+"
"328",558,"H95_HLCY2CCXX_L6_read1142","MuTIR_4",89.691,97,10,0,54,150,1,97,3.59e-33,124,"GCCATTAAG","+"
"329",559,"H95_HLCY2CCXX_L6_read1143","MuTIR_4",91.964,112,9,0,35,146,1,112,9.84e-44,159,"CGGCCACCG","+"
"330",560,"H95_HLCY2CCXX_L6_read1145","MuTIR_4",92.593,54,4,0,97,150,1,54,2.83e-19,78.7,"CGGCCACCG","+"
"331",561,"H95_HLCY2CCXX_L6_read1147","MuTIR_4",89.147,129,14,0,20,148,1,129,7.61e-45,163,"CTCTCTTGC","+"
"332",562,"H95_HLCY2CCXX_L6_read1149","MuTIR_4",95.402,87,4,0,64,150,1,87,1.28e-37,139,"CGGCCCGTG","+"
"333",563,"H95_HLCY2CCXX_L6_read1150","MuTIR_4",91.964,112,9,0,35,146,1,112,9.84e-44,159,"CGGCCACCG","+"
"334",564,"H95_HLCY2CCXX_L6_read1156","MuTIR_4",94.253,87,5,0,64,150,1,87,5.96e-36,134,"GCAAGAGAG","+"
"335",565,"H95_HLCY2CCXX_L6_read1158","MuTIR_4",93.103,58,4,0,91,148,1,58,1.69e-21,86.1,"CGGCCACCG","+"
"342",572,"H95_HLCY2CCXX_L6_read1174","MuTIR_4",92.5,120,9,0,9,128,1,120,3.51e-48,174,"CTTTTATGC","-"
"350",580,"H95_HLCY2CCXX_L6_read1191","MuTIR_4",93.684,95,4,2,40,134,1,93,3.56e-38,141,"AACCAATGA","-"
"359",591,"H95_HLCY2CCXX_L6_read1248","MuTIR_4",88.489,139,15,1,10,147,1,139,1.63e-46,169,"GACTTTAGC","+"
"360",592,"H95_HLCY2CCXX_L6_read1249","MuTIR_4",89.333,75,8,0,70,144,1,75,2.81e-24,95.3,"GTCGACAGC","+"
"361",593,"H95_HLCY2CCXX_L6_read1258","MuTIR_4",88.496,113,13,0,36,148,1,113,1.28e-37,139,"GTCGACAGC","+"
"365",601,"H95_HLCY2CCXX_L6_read1289","MuTIR_4",88.571,70,8,0,77,146,1,70,1.69e-21,86.1,"GCCTTGTAC","+"
"366",602,"H95_HLCY2CCXX_L6_read1292","MuTIR_4",85.938,64,9,0,85,148,1,64,1.71e-16,69.4,"GTGTGTGGG","+"
"367",604,"H95_HLCY2CCXX_L6_read1294","MuTIR_4",87.179,78,10,0,73,150,1,78,1.31e-22,89.8,"GTGTGTGGG","+"
"368",605,"H95_HLCY2CCXX_L6_read1297","MuTIR_4",86.239,109,15,0,42,150,1,109,4.64e-32,121,"GTGTGTGGG","+"
"370",638,"H95_HLCY2CCXX_L6_read1361","MuTIR_5",91.667,96,6,1,53,146,1,96,5.96e-36,134,"CGAGACGGC","+"
"371",639,"H95_HLCY2CCXX_L6_read1362","MuTIR_5",90.654,107,8,1,46,150,1,107,9.91e-39,143,"CGAGACGGC","+"
"372",640,"H95_HLCY2CCXX_L6_read1364","MuTIR_5",91.667,60,3,1,91,148,1,60,2.19e-20,82.4,"ACCTATTCC","+"
"374",642,"H95_HLCY2CCXX_L6_read1367","MuTIR_5",90.426,94,7,1,59,150,1,94,3.59e-33,124,"ATTGAGCCC","+"
"375",643,"H95_HLCY2CCXX_L6_read1368","MuTIR_5",95.349,43,2,0,108,150,1,43,1.71e-16,69.4,"ATTGAGCCC","+"
"376",644,"H95_HLCY2CCXX_L6_read1370","MuTIR_5",90.625,96,7,1,55,148,1,96,2.77e-34,128,"ACCTATTCC","+"
"377",645,"H95_HLCY2CCXX_L6_read1373","MuTIR_5",100,30,0,0,30,59,1,30,1.33e-12,56.5,"ACCTTGACA","+"
"378",646,"H95_HLCY2CCXX_L6_read1375","MuTIR_5",90.833,120,9,1,32,149,1,120,2.74e-44,161,"CGAGACGGC","+"
"386",657,"H95_HLCY2CCXX_L6_read1424","MuTIR_6",96.032,126,5,0,25,150,1,126,1.25e-57,206,"TGCACTACG","+"
"387",658,"H95_HLCY2CCXX_L6_read1425","MuTIR_6",96.552,87,3,0,64,150,1,87,2.76e-39,145,"TGCACTACG","+"
"388",659,"H95_HLCY2CCXX_L6_read1426","MuTIR_6",96.25,80,3,0,71,150,1,80,2.15e-35,132,"TGCACTACG","+"
"389",660,"H95_HLCY2CCXX_L6_read1428","MuTIR_6",96.491,114,4,0,37,150,1,114,1.25e-52,189,"TGCACTACG","+"
"390",661,"H95_HLCY2CCXX_L6_read1431","MuTIR_6",96.032,126,5,0,25,150,1,126,1.25e-57,206,"TGCACTACG","+"
"391",662,"H95_HLCY2CCXX_L6_read1434","MuTIR_6",96.032,126,5,0,25,150,1,126,1.25e-57,206,"TGCACTACG","+"
"392",663,"H95_HLCY2CCXX_L6_read1436","MuTIR_6",96.703,91,3,0,60,150,1,91,1.65e-41,152,"TGTACTACG","+"
"393",664,"H95_HLCY2CCXX_L6_read1438","MuTIR_6",90.598,117,10,1,26,141,1,117,4.58e-42,154,"GGGAGGGAG","+"
"395",666,"H95_HLCY2CCXX_L6_read1442","MuTIR_6",90.598,117,10,1,26,141,1,117,4.58e-42,154,"GGGAGGGAG","+"
"396",667,"H95_HLCY2CCXX_L6_read1443","MuTIR_6",96.241,133,5,0,18,150,1,133,1.6e-61,219,"TGCACTACG","+"
"398",669,"H95_HLCY2CCXX_L6_read1447","MuTIR_6",90.598,117,10,1,16,131,1,117,4.58e-42,154,"AATCGATAT","-"
"402",673,"H95_HLCY2CCXX_L6_read1466","MuTIR_6",96.396,111,4,0,40,150,1,111,5.84e-51,183,"AGGAGAGGG","+"
"403",674,"H95_HLCY2CCXX_L6_read1467","MuTIR_6",95.763,118,5,0,33,150,1,118,3.49e-53,191,"AGGAGAGGG","+"
"404",675,"H95_HLCY2CCXX_L6_read1468","MuTIR_6",95.238,126,6,0,23,148,1,126,5.8e-56,200,"AGGAGAGGG","+"
"405",676,"H95_HLCY2CCXX_L6_read1469","MuTIR_6",95.522,134,6,0,17,150,1,134,2.07e-60,215,"AGGAGAGGG","+"
"406",677,"H95_HLCY2CCXX_L6_read1470","MuTIR_6",95.588,136,6,0,15,150,1,136,1.6e-61,219,"AGGAGAGGG","+"
"407",678,"H95_HLCY2CCXX_L6_read1471","MuTIR_6",93.939,66,4,0,85,150,1,66,6.05e-26,100,"TCCTAGGCT","+"
"408",679,"H95_HLCY2CCXX_L6_read1472","MuTIR_6",95.455,88,4,0,63,150,1,88,3.56e-38,141,"CCGTAGATC","+"
"414",686,"H95_HLCY2CCXX_L6_read1505","MuTIR_6",93,100,7,0,51,150,1,100,7.66e-40,147,"AACGCAGAA","+"
"417",698,"H95_HLCY2CCXX_L6_read1597","MuTIR_7",88.06,67,8,0,83,149,1,67,6.09e-21,84.2,"TCGTACCGC","+"
"418",699,"H95_HLCY2CCXX_L6_read1602","MuTIR_7",89.189,111,11,1,40,150,1,110,3.56e-38,141,"TCGTACCGC","+"
"423",728,"H95_H57TJBGXX_CTTGTA_read1","MuTIR_1",95.946,74,2,1,78,151,1,73,1.68e-31,119,"GTCGCCAGC","+"
"424",729,"H95_H57TJBGXX_CTTGTA_read2","MuTIR_1",94.872,39,2,0,99,137,1,39,2.87e-14,62.1,"ATTTTCCTG","+"
"425",730,"H95_H57TJBGXX_CTTGTA_read8","MuTIR_1",96.053,76,2,1,56,131,1,75,1.3e-32,122,"ATTGAAAGG","+"
"426",731,"H95_H57TJBGXX_CTTGTA_read10","MuTIR_1",95.37,108,4,1,44,151,1,107,4.58e-47,171,"ATTTTCCTG","+"
"427",732,"H95_H57TJBGXX_CTTGTA_read11","MuTIR_1",93.478,92,5,1,60,151,1,91,1.67e-36,135,"GCTGGCGAC","+"
"428",733,"H95_H57TJBGXX_CTTGTA_read12","MuTIR_1",96.46,113,3,1,36,148,1,112,1.63e-51,185,"GAGAGCCTC","+"
"429",734,"H95_H57TJBGXX_CTTGTA_read14","MuTIR_1",95.745,47,2,0,105,151,1,47,1.03e-18,76.8,"TAGACCGAC","+"
"430",735,"H95_H57TJBGXX_CTTGTA_read15","MuTIR_1",95.294,85,3,1,55,139,1,84,6.01e-36,134,"TTCGGCAGG","+"
"431",736,"H95_H57TJBGXX_CTTGTA_read18","MuTIR_1",93,100,6,1,52,151,1,99,2.77e-39,145,"CTCTCTTTC","+"
"432",737,"H95_H57TJBGXX_CTTGTA_read19","MuTIR_1",95.652,115,4,1,24,138,1,114,5.88e-51,183,"GTCGCCAGC","+"
"434",739,"H95_H57TJBGXX_CTTGTA_read26","MuTIR_1",92.857,56,3,1,96,151,1,55,7.94e-20,80.5,"ATTGAAAGG","+"
"435",740,"H95_H57TJBGXX_CTTGTA_read27","MuTIR_1",94.286,70,3,1,82,151,1,69,1.31e-27,106,"ATTTTCCTG","+"
"436",741,"H95_H57TJBGXX_CTTGTA_read28","MuTIR_1",95.833,96,3,1,21,116,1,95,4.61e-42,154,"GAGAGCCTC","+"
"437",742,"H95_H57TJBGXX_CTTGTA_read29","MuTIR_1",91.549,142,9,3,11,151,1,140,9.77e-54,193,"GTCGGTCTA","+"
"438",743,"H95_H57TJBGXX_CTTGTA_read30","MuTIR_1",95.455,44,2,0,85,128,1,44,4.78e-17,71.3,"GTCGGTCTA","+"
"439",744,"H95_H57TJBGXX_CTTGTA_read31","MuTIR_1",93.651,126,6,2,22,147,1,124,4.55e-52,187,"GTCGCCAGC","+"
"440",745,"H95_H57TJBGXX_CTTGTA_read34","MuTIR_1",93.651,126,6,2,20,145,1,124,4.55e-52,187,"ATTTTCCTG","+"
"441",746,"H95_H57TJBGXX_CTTGTA_read35","MuTIR_1",94.915,59,2,1,63,121,1,58,3.67e-23,91.6,"ATTGAAAGG","+"
"442",747,"H95_H57TJBGXX_CTTGTA_read37","MuTIR_1",95.714,70,2,1,43,112,1,69,2.81e-29,111,"GTCGCCAGC","+"
"443",748,"H95_H57TJBGXX_CTTGTA_read40","MuTIR_1",94.958,119,5,1,30,148,1,118,1.63e-51,185,"GTCGGTCTA","+"
"444",749,"H95_H57TJBGXX_CTTGTA_read41","MuTIR_1",95.89,73,2,1,79,151,1,72,6.05e-31,117,"GAATACAAC","+"
"451",756,"H95_H57TJBGXX_CTTGTA_read53","MuTIR_1",93.684,95,5,1,1,95,1,94,3.59e-38,141,"TCTTCCTGA","-"
"464",769,"H95_H57TJBGXX_CTTGTA_read74","MuTIR_1",95.455,44,2,0,81,124,1,44,4.78e-17,71.3,"GGTGTGAAC","-"
"476",783,"H95_H57TJBGXX_CTTGTA_read94","MuTIR_1",95.536,112,4,1,40,151,1,111,2.74e-49,178,"CTGTGCGAG","+"
"477",784,"H95_H57TJBGXX_CTTGTA_read96","MuTIR_1",96.512,86,2,1,64,149,1,85,3.59e-38,141,"CTGTGCGAG","+"
"478",785,"H95_H57TJBGXX_CTTGTA_read97","MuTIR_1",96.04,101,3,1,51,151,1,100,7.66e-45,163,"CTGTGCGAG","+"
"479",786,"H95_H57TJBGXX_CTTGTA_read98","MuTIR_1",94.167,120,6,1,32,151,1,119,2.11e-50,182,"CTTTGGATG","+"
"481",788,"H95_H57TJBGXX_CTTGTA_read110","MuTIR_1",89.899,99,9,1,53,151,1,98,1.01e-33,126,"CTACCAGAG","+"
"482",793,"H95_H57TJBGXX_CTTGTA_read116","MuTIR_1",87.603,121,6,5,29,143,1,118,2.16e-35,132,"GTCTGATCT","+"
"484",836,"H95_H57TJBGXX_CTTGTA_read205","MuTIR_2",94.737,57,3,0,68,124,1,57,1.32e-22,89.8,"CACACTCAC","+"
"485",837,"H95_H57TJBGXX_CTTGTA_read206","MuTIR_2",91.579,95,8,0,57,151,1,95,2.16e-35,132,"GCTGCTTTG","+"
"486",838,"H95_H57TJBGXX_CTTGTA_read208","MuTIR_2",90.551,127,12,0,25,151,1,127,1.65e-46,169,"ACCGGTGTG","+"
"487",839,"H95_H57TJBGXX_CTTGTA_read210","MuTIR_2",88,100,12,0,43,142,1,100,1.68e-31,119,"CACGGGTGG","+"
"488",840,"H95_H57TJBGXX_CTTGTA_read211","MuTIR_2",88.288,111,13,0,36,146,1,111,6.01e-36,134,"CACGGGTGG","+"
"489",841,"H95_H57TJBGXX_CTTGTA_read212","MuTIR_2",89.565,115,12,0,37,151,1,115,7.72e-40,147,"CACAGCATC","+"
"490",842,"H95_H57TJBGXX_CTTGTA_read213","MuTIR_2",86.486,111,15,0,41,151,1,111,1.3e-32,122,"GTGTTTCCT","+"
"491",843,"H95_H57TJBGXX_CTTGTA_read215","MuTIR_2",91.473,129,10,1,20,147,1,129,9.84e-49,176,"GTGAGTGTG","+"
"492",844,"H95_H57TJBGXX_CTTGTA_read217","MuTIR_2",91.045,67,5,1,86,151,1,67,1.32e-22,89.8,"TCTTGGTCA","+"
"493",845,"H95_H57TJBGXX_CTTGTA_read219","MuTIR_2",93.701,127,8,0,25,151,1,127,3.51e-53,191,"CCCAGAGCC","+"
"495",847,"H95_H57TJBGXX_CTTGTA_read223","MuTIR_2",90.09,111,11,0,37,147,1,111,2.77e-39,145,"CACGGGTGG","+"
"496",848,"H95_H57TJBGXX_CTTGTA_read224","MuTIR_2",96.053,76,3,0,72,147,1,76,3.61e-33,124,"TGCCGCCGC","+"
"497",849,"H95_H57TJBGXX_CTTGTA_read225","MuTIR_2",89.13,92,10,0,57,148,1,92,2.18e-30,115,"TGGATCAAG","+"
"498",850,"H95_H57TJBGXX_CTTGTA_read226","MuTIR_2",89.13,92,10,0,59,150,1,92,2.18e-30,115,"TGGATCAAG","+"
"500",852,"H95_H57TJBGXX_CTTGTA_read229","MuTIR_2",89.72,107,11,0,45,151,1,107,4.64e-37,137,"TCCAACGAG","+"
"501",853,"H95_H57TJBGXX_CTTGTA_read230","MuTIR_2",92,75,6,0,77,151,1,75,1.31e-27,106,"AGTTTTAGG","+"
"503",855,"H95_H57TJBGXX_CTTGTA_read239","MuTIR_2",90.625,128,12,0,15,142,1,128,4.58e-47,171,"CAGTAGTGA","-"
"508",860,"H95_H57TJBGXX_CTTGTA_read246","MuTIR_2",90.698,129,11,1,1,128,1,129,4.58e-47,171,"CGGATAGAA","-"
"519",871,"H95_H57TJBGXX_CTTGTA_read268","MuTIR_2",89.844,128,13,0,13,140,1,128,2.13e-45,165,"CAGTAGTGA","-"
"524",895,"H95_H57TJBGXX_CTTGTA_read325","MuTIR_2",89.024,82,9,0,65,146,1,82,1.69e-26,102,"TATTGGGTT","+"
"525",898,"H95_H57TJBGXX_CTTGTA_read332","MuTIR_2",87.218,133,15,1,21,151,1,133,5.96e-41,150,"ATTCGTGTG","+"
"527",904,"H95_H57TJBGXX_CTTGTA_read349","MuTIR_3",93.939,132,8,0,20,151,1,132,5.84e-56,200,"AAAACATTC","+"
"528",905,"H95_H57TJBGXX_CTTGTA_read352","MuTIR_3",90.845,142,13,0,10,151,1,142,3.51e-53,191,"GTTTCCCAA","+"
"529",906,"H95_H57TJBGXX_CTTGTA_read354","MuTIR_3",97.222,36,1,0,116,151,1,36,2.87e-14,62.1,"TCTAGGTTC","+"
"530",907,"H95_H57TJBGXX_CTTGTA_read357","MuTIR_3",93.75,112,5,2,41,151,1,111,5.92e-46,167,"CATATGTAC","+"
"538",918,"H95_H57TJBGXX_CTTGTA_read374","MuTIR_3",94.253,87,5,0,63,149,1,87,6.01e-36,134,"ACTGACGGG","+"
"539",919,"H95_H57TJBGXX_CTTGTA_read376","MuTIR_3",94.737,76,4,0,76,151,1,76,1.68e-31,119,"ACTGACGGG","+"
"540",920,"H95_H57TJBGXX_CTTGTA_read378","MuTIR_3",89.147,129,14,0,19,147,1,129,2.76e-44,161,"CCTCTTGAG","+"
"541",921,"H95_H57TJBGXX_CTTGTA_read379","MuTIR_3",90.698,129,12,0,15,143,1,129,1.27e-47,172,"GTCGTCAGC","+"
"542",922,"H95_H57TJBGXX_CTTGTA_read380","MuTIR_3",91.045,134,12,0,16,149,1,134,2.11e-50,182,"GGAATAGGT","+"
"543",923,"H95_H57TJBGXX_CTTGTA_read382","MuTIR_3",95.283,106,5,0,46,151,1,106,1.65e-46,169,"ACTGACGGG","+"
"544",924,"H95_H57TJBGXX_CTTGTA_read383","MuTIR_3",92.079,101,8,0,48,148,1,101,9.98e-39,143,"GGAATAGGT","+"
"545",925,"H95_H57TJBGXX_CTTGTA_read384","MuTIR_3",90.698,129,12,0,16,144,1,129,1.27e-47,172,"CCTACAATG","+"
"546",926,"H95_H57TJBGXX_CTTGTA_read385","MuTIR_3",93.023,86,6,0,66,151,1,86,1.01e-33,126,"TTAAAAGAC","+"
"547",927,"H95_H57TJBGXX_CTTGTA_read386","MuTIR_3",91.964,112,9,0,40,151,1,112,3.56e-43,158,"GTCGTCAGC","+"
"548",928,"H95_H57TJBGXX_CTTGTA_read387","MuTIR_3",94.175,103,6,0,49,151,1,103,3.56e-43,158,"TTAAAAAAC","+"
"550",930,"H95_H57TJBGXX_CTTGTA_read389","MuTIR_3",93.985,133,8,0,4,136,1,133,1.62e-56,202,"AACGACGAT","-"
"558",939,"H95_H57TJBGXX_CTTGTA_read404","MuTIR_3",90.226,133,11,2,19,151,1,131,1.27e-47,172,"CTATCCTGG","+"
"559",941,"H95_H57TJBGXX_CTTGTA_read407","MuTIR_3",93.651,126,8,0,26,151,1,126,1.26e-52,189,"GACCCTTTG","+"
"560",942,"H95_H57TJBGXX_CTTGTA_read411","MuTIR_3",91.818,110,9,0,42,151,1,110,4.61e-42,154,"AGTTACGCC","+"
"561",943,"H95_H57TJBGXX_CTTGTA_read412","MuTIR_3",92.405,79,4,2,70,148,1,77,2.81e-29,111,"CTATCCTGG","+"
"562",944,"H95_H57TJBGXX_CTTGTA_read413","MuTIR_3",91.667,108,9,0,38,145,1,108,5.96e-41,150,"AGTTACGCC","+"
"563",945,"H95_H57TJBGXX_CTTGTA_read415","MuTIR_3",94.262,122,7,0,30,151,1,122,4.55e-52,187,"GACCCTTTG","+"
"564",948,"H95_H57TJBGXX_CTTGTA_read418","MuTIR_3",94.118,85,5,0,67,151,1,85,7.77e-35,130,"TCTGCGCGG","+"
"565",949,"H95_H57TJBGXX_CTTGTA_read419","MuTIR_3",89.147,129,14,0,22,150,1,129,2.76e-44,161,"TGACCAAGA","+"
"566",950,"H95_H57TJBGXX_CTTGTA_read420","MuTIR_3",93.976,83,5,0,67,149,1,83,1.01e-33,126,"GACCTCAAA","+"
"567",951,"H95_H57TJBGXX_CTTGTA_read422","MuTIR_3",90.741,108,10,0,44,151,1,108,2.77e-39,145,"CCCGTCCCC","+"
"577",1013,"H95_H57TJBGXX_CTTGTA_read523","MuTIR_4",92.523,107,8,0,45,151,1,107,1.28e-42,156,"GCAAGAGAG","+"
"578",1014,"H95_H57TJBGXX_CTTGTA_read524","MuTIR_4",89.189,111,12,0,41,151,1,111,3.59e-38,141,"GCTGGCGAC","+"
"579",1015,"H95_H57TJBGXX_CTTGTA_read526","MuTIR_4",94.667,75,4,0,70,144,1,75,6.05e-31,117,"CGGCCCGTG","+"
"580",1016,"H95_H57TJBGXX_CTTGTA_read529","MuTIR_4",93.671,79,5,0,73,151,1,79,1.68e-31,119,"GCTGTCGAC","+"
"581",1017,"H95_H57TJBGXX_CTTGTA_read534","MuTIR_4",90,120,12,0,14,133,1,120,3.56e-43,158,"GCTGTCGAC","+"
"582",1018,"H95_H57TJBGXX_CTTGTA_read537","MuTIR_4",85.246,122,17,1,30,151,1,121,1.01e-33,126,"GTGACTGAG","+"
"583",1019,"H95_H57TJBGXX_CTTGTA_read540","MuTIR_4",92.391,92,7,0,60,151,1,92,2.16e-35,132,"CATGAGCTG","+"
"584",1020,"H95_H57TJBGXX_CTTGTA_read543","MuTIR_4",92.982,57,4,0,95,151,1,57,6.14e-21,84.2,"CGGCCACCG","+"
"585",1021,"H95_H57TJBGXX_CTTGTA_read544","MuTIR_4",90.816,98,9,0,46,143,1,98,2.16e-35,132,"GCCATTAAG","+"
"586",1022,"H95_H57TJBGXX_CTTGTA_read546","MuTIR_4",90.698,129,12,0,20,148,1,129,3.54e-48,174,"CATGAGCTG","+"
"587",1023,"H95_H57TJBGXX_CTTGTA_read547","MuTIR_4",93.333,120,8,0,22,141,1,120,7.61e-50,180,"CTTTTATGC","-"
"588",1024,"H95_H57TJBGXX_CTTGTA_read551","MuTIR_4",85.496,131,18,1,12,142,1,130,4.64e-37,137,"ATGCAGATA","-"
"594",1031,"H95_H57TJBGXX_CTTGTA_read582","MuTIR_4",89,100,11,0,52,151,1,100,3.61e-33,124,"GTCGACAGC","+"
"595",1032,"H95_H57TJBGXX_CTTGTA_read583","MuTIR_4",87.05,139,18,0,10,148,1,139,9.91e-44,159,"GTCGACAGC","+"
"596",1034,"H95_H57TJBGXX_CTTGTA_read586","MuTIR_4",87.05,139,18,0,10,148,1,139,9.91e-44,159,"GTCGACAGC","+"
"597",1035,"H95_H57TJBGXX_CTTGTA_read588","MuTIR_4",88.235,119,14,0,32,150,1,119,2.77e-39,145,"GACTTTAGC","+"
"600",1041,"H95_H57TJBGXX_CTTGTA_read602","MuTIR_4",84.466,103,12,4,43,143,1,101,2.19e-25,99,"GTAGCGAGC","+"
"601",1052,"H95_H57TJBGXX_CTTGTA_read633","MuTIR_5",88.55,131,13,1,23,151,1,131,9.91e-44,159,"ATTGAGCCC","+"
"603",1054,"H95_H57TJBGXX_CTTGTA_read638","MuTIR_5",95.745,47,2,0,105,151,1,47,1.03e-18,76.8,"CGAGACGGC","+"
"604",1055,"H95_H57TJBGXX_CTTGTA_read639","MuTIR_5",89.051,137,13,1,12,146,1,137,4.58e-47,171,"ATTGAGCCC","+"
"605",1056,"H95_H57TJBGXX_CTTGTA_read641","MuTIR_5",100,30,0,0,48,77,1,30,1.34e-12,56.5,"ACCTTGACA","+"
"606",1057,"H95_H57TJBGXX_CTTGTA_read642","MuTIR_5",100,30,0,0,53,82,1,30,1.34e-12,56.5,"ACCTTGACA","+"
"609",1060,"H95_H57TJBGXX_CTTGTA_read649","MuTIR_5",100,30,0,0,50,79,1,30,1.34e-12,56.5,"ACTGGCGAG","-"
"611",1063,"H95_H57TJBGXX_CTTGTA_read670","MuTIR_6",97.872,47,1,0,105,151,1,47,2.21e-20,82.4,"TGCACTACG","+"
"612",1064,"H95_H57TJBGXX_CTTGTA_read672","MuTIR_6",91.667,108,9,0,44,151,1,108,5.96e-41,150,"GGGAGGGAG","+"
"613",1065,"H95_H57TJBGXX_CTTGTA_read673","MuTIR_6",95.489,133,6,0,19,151,1,133,7.5e-60,213,"TGCACTACA","+"
"614",1066,"H95_H57TJBGXX_CTTGTA_read676","MuTIR_6",93.548,124,8,0,22,145,1,124,1.63e-51,185,"TGCACTACG","+"
"615",1067,"H95_H57TJBGXX_CTTGTA_read677","MuTIR_6",95.833,72,3,0,80,151,1,72,6.05e-31,117,"TGCACTACG","+"
"616",1068,"H95_H57TJBGXX_CTTGTA_read678","MuTIR_6",100,31,0,0,121,151,1,31,3.72e-13,58.4,"TGCACTACA","+"
"617",1069,"H95_H57TJBGXX_CTTGTA_read679","MuTIR_6",95.69,116,5,0,36,151,1,116,4.55e-52,187,"TGCACTACA","+"
"619",1071,"H95_H57TJBGXX_CTTGTA_read681","MuTIR_6",91.15,113,10,0,36,148,1,113,4.61e-42,154,"GGGAGGGAG","+"
"624",1077,"H95_H57TJBGXX_CTTGTA_read703","MuTIR_6",94.853,136,7,0,16,151,1,136,7.5e-60,213,"TCCTAGGCT","+"
"625",1078,"H95_H57TJBGXX_CTTGTA_read704","MuTIR_6",94.643,56,3,0,96,151,1,56,4.74e-22,87.9,"CCGTAGATC","+"
"626",1079,"H95_H57TJBGXX_CTTGTA_read706","MuTIR_6",95.238,126,6,0,26,151,1,126,5.84e-56,200,"CCGTAGATC","+"
"631",1084,"H95_H57TJBGXX_CTTGTA_read716","MuTIR_6",93.333,90,6,0,61,150,1,90,6.01e-36,134,"AACGCAGAA","+"
