"","X","qname","sname","percent_identity","alignment_length","mismatches","gap_opens","q_start","q_end","s_start","s_end","evalue","bit_score","tsds","strand"
"1",1,"H99_HB1JCADXX_GTGAAA_read5","MuTIR_1",95.455,66,2,1,86,151,1,65,4.71e-27,104,"CTCTCTTTC","+"
"8",15,"H99_HB1JCADXX_GTGAAA_read40","MuTIR_2",89.552,67,7,0,84,150,1,67,1.71e-21,86.1,"GGCTCTGGG","+"
"9",16,"H99_HB1JCADXX_GTGAAA_read45","MuTIR_2",91.406,128,11,0,12,139,1,128,9.84e-49,176,"TTCTGCCTC","+"
"14",21,"H99_HB1JCADXX_GTGAAA_read62","MuTIR_2",89.062,128,14,0,1,128,1,128,9.91e-44,159,"CAGTAGTGA","-"
"16",24,"H99_HB1JCADXX_GTGAAA_read72","MuTIR_2",83.333,108,15,1,47,151,1,108,7.88e-25,97.1,"CTCGTTGGA","+"
"19",28,"H99_HB1JCADXX_GTGAAA_read91","MuTIR_3",91.304,138,12,0,14,151,1,138,1.26e-52,189,"GTTTCCCAA","+"
"21",30,"H99_HB1JCADXX_GTGAAA_read93","MuTIR_3",92.188,64,5,0,68,131,1,64,3.67e-23,91.6,"ACTTCCGTG","+"
"22",31,"H99_HB1JCADXX_GTGAAA_read97","MuTIR_3",90.977,133,12,0,5,137,1,133,7.61e-50,180,"AACGACGCT","-"
"23",32,"H99_HB1JCADXX_GTGAAA_read99","MuTIR_3",92.523,107,8,0,45,151,1,107,4.61e-42,154,"GTTCTGTAC","+"
"24",33,"H99_HB1JCADXX_GTGAAA_read100","MuTIR_3",89.922,129,13,0,22,150,1,129,5.92e-46,167,"CCTCTAGAG","+"
"25",34,"H99_HB1JCADXX_GTGAAA_read101","MuTIR_3",93.421,76,5,0,76,151,1,76,7.83e-30,113,"CTTGTAGGA","+"
"26",35,"H99_HB1JCADXX_GTGAAA_read102","MuTIR_3",93.333,75,5,0,77,151,1,75,2.81e-29,111,"CTTGTAGGA","+"
"27",36,"H99_HB1JCADXX_GTGAAA_read103","MuTIR_3",95.192,104,5,0,48,151,1,104,2.13e-45,165,"CCTTGCATT","+"
"29",39,"H99_HB1JCADXX_GTGAAA_read109","MuTIR_3",92.647,68,5,0,84,151,1,68,2.19e-25,99,"TCGGCAAGC","+"
"33",50,"H99_HB1JCADXX_GTGAAA_read136","MuTIR_4",95.652,46,2,0,103,148,1,46,3.69e-18,75,"CGGCCACCG","+"
"34",51,"H99_HB1JCADXX_GTGAAA_read137","MuTIR_4",95.652,46,2,0,102,147,1,46,3.69e-18,75,"CGGCCACCG","+"
"36",53,"H99_HB1JCADXX_GTGAAA_read140","MuTIR_4",86.735,98,13,0,18,115,1,98,1.01e-28,110,"AGGTTTCGT","-"
"38",55,"H99_HB1JCADXX_GTGAAA_read145","MuTIR_4",89.855,69,7,0,69,137,1,69,1.32e-22,89.8,"CTCGACATA","+"
"39",62,"H99_HB1JCADXX_GTGAAA_read161","MuTIR_5",89.744,117,10,1,34,148,1,117,5.96e-41,150,"ACTGAGCCC","+"
"40",63,"H99_HB1JCADXX_GTGAAA_read164","MuTIR_5",89.286,112,10,1,42,151,1,112,3.59e-38,141,"TCCTACAGG","+"
"44",68,"H99_HB1JCADXX_GTGAAA_read180","MuTIR_6",98.039,51,1,0,101,151,1,51,1.32e-22,89.8,"TGCACTACG","+"
"49",73,"H99_HB1JCADXX_GTGAAA_read187","MuTIR_6",96.33,109,4,0,43,151,1,109,7.61e-50,180,"AGGAGAGGG","+"
"50",74,"H99_HB1JCADXX_GTGAAA_read188","MuTIR_6",94.03,67,4,0,85,151,1,67,1.69e-26,102,"AGGAGAGGG","+"
"51",75,"H99_HB1JCADXX_GTGAAA_read190","MuTIR_6",95.652,69,3,0,83,151,1,69,2.81e-29,111,"CTTTTAGAG","+"
"55",86,"H99_HBEN2ADXX_GTGAAA_read1","MuTIR_1",96.04,101,3,1,51,151,1,100,7.66e-45,163,"CCCACCTTG","+"
"56",87,"H99_HBEN2ADXX_GTGAAA_read8","MuTIR_1",92.537,134,8,2,13,146,1,132,3.51e-53,191,"GCCGTGCGA","+"
"57",88,"H99_HBEN2ADXX_GTGAAA_read11","MuTIR_1",100,32,0,0,114,145,1,32,1.03e-13,60.2,"CCCACCTTG","+"
"58",89,"H99_HBEN2ADXX_GTGAAA_read12","MuTIR_1",93.182,132,8,1,18,149,1,131,9.77e-54,193,"GAGGCTCTC","+"
"66",98,"H99_HBEN2ADXX_GTGAAA_read26","MuTIR_1",93.519,108,6,1,44,151,1,107,9.91e-44,159,"CTTTGGATG","+"
"69",117,"H99_HBEN2ADXX_GTGAAA_read59","MuTIR_2",95.161,62,3,0,90,151,1,62,2.19e-25,99,"ACTGATAGA","+"
"70",118,"H99_HBEN2ADXX_GTGAAA_read60","MuTIR_2",96.591,88,3,0,55,142,1,88,7.72e-40,147,"TTCCTCGCC","+"
"71",119,"H99_HBEN2ADXX_GTGAAA_read62","MuTIR_2",91.667,120,10,0,32,151,1,120,5.92e-46,167,"TGAAGTAAT","+"
"72",120,"H99_HBEN2ADXX_GTGAAA_read64","MuTIR_2",91.089,101,9,0,49,149,1,101,4.64e-37,137,"GTCAACGAG","+"
"73",121,"H99_HBEN2ADXX_GTGAAA_read65","MuTIR_2",92.661,109,6,2,44,151,1,108,1.28e-42,156,"ACTGATAGA","+"
"76",124,"H99_HBEN2ADXX_GTGAAA_read72","MuTIR_2",94.393,107,6,0,45,151,1,107,2.13e-45,165,"CCCAGAGCC","+"
"77",125,"H99_HBEN2ADXX_GTGAAA_read74","MuTIR_2",91.463,82,7,0,66,147,1,82,7.83e-30,113,"TCCAACGAG","+"
"82",130,"H99_HBEN2ADXX_GTGAAA_read85","MuTIR_2",89.062,128,14,0,1,128,1,128,9.91e-44,159,"CAGTAGTGA","-"
"83",131,"H99_HBEN2ADXX_GTGAAA_read91","MuTIR_2",90.698,129,12,0,2,130,1,129,1.27e-47,172,"CGGATCGAA","-"
"85",139,"H99_HBEN2ADXX_GTGAAA_read115","MuTIR_3",93.617,94,6,0,58,151,1,94,3.59e-38,141,"GAACCTAGA","+"
"86",140,"H99_HBEN2ADXX_GTGAAA_read116","MuTIR_3",94.118,102,6,0,50,151,1,102,1.28e-42,156,"AAAACATTC","+"
"90",144,"H99_HBEN2ADXX_GTGAAA_read122","MuTIR_3",91.176,102,9,0,50,151,1,102,1.29e-37,139,"CCTACAATG","+"
"92",147,"H99_HBEN2ADXX_GTGAAA_read126","MuTIR_3",94.203,69,4,0,83,151,1,69,1.31e-27,106,"TCTGCGCGG","+"
"93",149,"H99_HBEN2ADXX_GTGAAA_read129","MuTIR_3",94.286,70,4,0,80,149,1,70,3.64e-28,108,"CTCGTGGAG","+"
"98",176,"H99_HBEN2ADXX_GTGAAA_read171","MuTIR_4",95.652,46,2,0,105,150,1,46,3.69e-18,75,"CGGCCACCG","+"
"99",177,"H99_HBEN2ADXX_GTGAAA_read175","MuTIR_4",96.552,58,2,0,92,149,1,58,7.88e-25,97.1,"CCGAAGACT","+"
"100",178,"H99_HBEN2ADXX_GTGAAA_read179","MuTIR_4",94,100,6,0,46,145,1,100,1.66e-41,152,"CCGAAGACT","+"
"104",182,"H99_HBEN2ADXX_GTGAAA_read186","MuTIR_4",93.878,49,3,0,5,53,1,49,3.69e-18,75,"GAGTTGATA","-"
"105",185,"H99_HBEN2ADXX_GTGAAA_read196","MuTIR_4",90.476,84,8,0,68,151,1,84,2.81e-29,111,"CTCTAAAAG","+"
"108",194,"H99_HBEN2ADXX_GTGAAA_read213","MuTIR_5",91.463,82,5,1,56,135,1,82,7.83e-30,113,"TCCTACAGG","+"
"110",196,"H99_HBEN2ADXX_GTGAAA_read221","MuTIR_6",96,100,4,0,52,151,1,100,7.66e-45,163,"TGCACTACG","+"
"111",197,"H99_HBEN2ADXX_GTGAAA_read223","MuTIR_6",95,100,5,0,52,151,1,100,3.56e-43,158,"AGGAGAGGG","+"
"112",198,"H99_HBEN2ADXX_GTGAAA_read224","MuTIR_6",95.385,65,3,0,84,148,1,65,4.71e-27,104,"AGGAGAGGG","+"
"113",199,"H99_HBEN2ADXX_GTGAAA_read225","MuTIR_6",95.763,118,5,0,30,147,1,118,3.51e-53,191,"AGGAGAGGG","+"
"118",209,"H99_HLCY2CCXX_L8_read1","MuTIR_1",94.444,108,5,1,43,150,1,107,2.11e-45,165,"CCCACCTTG","+"
"119",210,"H99_HLCY2CCXX_L8_read2","MuTIR_1",95,40,2,0,111,150,1,40,7.94e-15,63.9,"TAGACCGAC","+"
"120",211,"H99_HLCY2CCXX_L8_read3","MuTIR_1",100,34,0,0,117,150,1,34,7.94e-15,63.9,"GAGAGCCTC","+"
"121",212,"H99_HLCY2CCXX_L8_read4","MuTIR_1",100,32,0,0,118,149,1,32,1.03e-13,60.2,"CCCACCTTG","+"
"122",213,"H99_HLCY2CCXX_L8_read5","MuTIR_1",95,40,2,0,111,150,1,40,7.94e-15,63.9,"TAGACCGAC","+"
"123",214,"H99_HLCY2CCXX_L8_read9","MuTIR_1",93.284,134,7,2,12,145,1,132,7.5e-55,196,"CCCACCTTG","+"
"124",215,"H99_HLCY2CCXX_L8_read10","MuTIR_1",95,40,2,0,111,150,1,40,7.94e-15,63.9,"TAGACCGAC","+"
"125",216,"H99_HLCY2CCXX_L8_read15","MuTIR_1",100,32,0,0,118,149,1,32,1.03e-13,60.2,"CCCACCTTG","+"
"126",217,"H99_HLCY2CCXX_L8_read16","MuTIR_1",95.37,108,4,1,43,150,1,107,4.55e-47,171,"CCCACCTTG","+"
"127",218,"H99_HLCY2CCXX_L8_read17","MuTIR_1",98.507,67,0,1,84,150,1,66,6.01e-31,117,"CTCCCAGTG","+"
"128",219,"H99_HLCY2CCXX_L8_read18","MuTIR_1",96.262,107,3,1,42,148,1,106,3.51e-48,174,"GTCGGTCTA","+"
"129",220,"H99_HLCY2CCXX_L8_read23","MuTIR_1",95.05,101,4,1,49,149,1,100,3.54e-43,158,"GAAAGAGAG","+"
"130",221,"H99_HLCY2CCXX_L8_read25","MuTIR_1",94.853,136,6,1,15,150,1,135,2.68e-59,211,"GAAAGAGAG","+"
"131",222,"H99_HLCY2CCXX_L8_read26","MuTIR_1",100,34,0,0,117,150,1,34,7.94e-15,63.9,"GAGAGCCTC","+"
"132",223,"H99_HLCY2CCXX_L8_read27","MuTIR_1",96.8,125,3,1,26,150,1,124,3.46e-58,207,"CTCCCAGTG","+"
"133",224,"H99_HLCY2CCXX_L8_read30","MuTIR_1",94.964,139,6,1,12,150,1,138,5.76e-61,217,"GAAAGAGAG","+"
"134",225,"H99_HLCY2CCXX_L8_read32","MuTIR_1",100,33,0,0,118,150,1,33,2.85e-14,62.1,"CATCCAAAC","+"
"135",226,"H99_HLCY2CCXX_L8_read33","MuTIR_1",96.154,78,2,1,73,150,1,77,9.98e-34,126,"ATTGAAAGG","+"
"136",227,"H99_HLCY2CCXX_L8_read35","MuTIR_1",97.368,38,1,0,113,150,1,38,2.21e-15,65.8,"GTTCAGAAA","+"
"137",228,"H99_HLCY2CCXX_L8_read39","MuTIR_1",93.684,95,5,1,28,122,1,94,3.56e-38,141,"CTCTCTACC","+"
"138",229,"H99_HLCY2CCXX_L8_read40","MuTIR_1",98.63,73,0,1,78,150,1,72,2.77e-34,128,"CACTGGGAG","+"
"139",230,"H99_HLCY2CCXX_L8_read41","MuTIR_1",95.902,122,4,1,27,148,1,121,7.5e-55,196,"GGGAGGGAG","+"
"140",231,"H99_HLCY2CCXX_L8_read44","MuTIR_1",96.842,95,2,1,56,150,1,94,3.54e-43,158,"GGGAGGGAG","+"
"141",232,"H99_HLCY2CCXX_L8_read46","MuTIR_1",96.04,101,3,1,50,150,1,100,7.61e-45,163,"CCCACCTTG","+"
"142",233,"H99_HLCY2CCXX_L8_read49","MuTIR_1",96.8,125,3,1,26,150,1,124,3.46e-58,207,"CTCCCAGTG","+"
"171",268,"H99_HLCY2CCXX_L8_read118","MuTIR_1",95.789,95,3,1,34,128,1,94,1.65e-41,152,"CCAGCAGCC","+"
"172",269,"H99_HLCY2CCXX_L8_read120","MuTIR_1",95.789,95,3,1,34,128,1,94,1.65e-41,152,"CCAGCAGCC","+"
"179",312,"H99_HLCY2CCXX_L8_read256","MuTIR_2",95.833,72,3,0,79,150,1,72,6.01e-31,117,"TGCCGCCGC","+"
"180",313,"H99_HLCY2CCXX_L8_read259","MuTIR_2",91.045,67,6,0,84,150,1,67,3.64e-23,91.6,"GGCTCTGGG","+"
"181",314,"H99_HLCY2CCXX_L8_read260","MuTIR_2",94.059,101,6,0,50,150,1,101,4.58e-42,154,"TTCCTCGCC","+"
"183",316,"H99_HLCY2CCXX_L8_read269","MuTIR_2",97.561,41,1,0,110,150,1,41,4.74e-17,71.3,"GCGACCTCC","+"
"185",318,"H99_HLCY2CCXX_L8_read277","MuTIR_2",93.333,120,8,0,30,149,1,120,2.72e-49,178,"CCGTCTGCG","+"
"186",319,"H99_HLCY2CCXX_L8_read278","MuTIR_2",91.892,111,9,0,40,150,1,111,1.27e-42,156,"GAGACGAGG","+"
"187",320,"H99_HLCY2CCXX_L8_read280","MuTIR_2",90.09,111,11,0,40,150,1,111,2.76e-39,145,"TCCAACGAG","+"
"188",321,"H99_HLCY2CCXX_L8_read281","MuTIR_2",90.278,72,7,0,78,149,1,72,2.81e-24,95.3,"GGAGAAGTG","+"
"189",322,"H99_HLCY2CCXX_L8_read282","MuTIR_2",94.059,101,6,0,50,150,1,101,4.58e-42,154,"TTCCTCGCC","+"
"190",323,"H99_HLCY2CCXX_L8_read283","MuTIR_2",95.082,61,3,0,90,150,1,61,7.82e-25,97.1,"CCGTCTGCG","+"
"191",324,"H99_HLCY2CCXX_L8_read287","MuTIR_2",97.222,36,1,0,115,150,1,36,2.85e-14,62.1,"CCCAGAGCC","+"
"192",325,"H99_HLCY2CCXX_L8_read288","MuTIR_2",90.179,112,11,0,39,150,1,112,7.66e-40,147,"TCCAACGAG","+"
"193",326,"H99_HLCY2CCXX_L8_read292","MuTIR_2",89.062,128,14,0,14,141,1,128,9.84e-44,159,"GTCAACGAG","+"
"194",327,"H99_HLCY2CCXX_L8_read294","MuTIR_2",94.118,119,7,0,32,150,1,119,2.1e-50,182,"CCCAGAGCC","+"
"195",328,"H99_HLCY2CCXX_L8_read299","MuTIR_2",95.312,64,3,0,87,150,1,64,1.68e-26,102,"TGCCGCCGC","+"
"196",329,"H99_HLCY2CCXX_L8_read302","MuTIR_2",97.561,41,1,0,110,150,1,41,4.74e-17,71.3,"GCGACCTCC","+"
"197",330,"H99_HLCY2CCXX_L8_read303","MuTIR_2",93.671,79,5,0,72,150,1,79,1.67e-31,119,"GTCAACGAG","+"
"198",331,"H99_HLCY2CCXX_L8_read305","MuTIR_2",94.059,101,6,0,50,150,1,101,4.58e-42,154,"TTCCTCGCC","+"
"218",351,"H99_HLCY2CCXX_L8_read344","MuTIR_2",85.981,107,15,0,33,139,1,107,2.16e-30,115,"CGAACAAGA","-"
"235",380,"H99_HLCY2CCXX_L8_read437","MuTIR_2",87.719,114,10,4,39,150,1,112,7.71e-35,130,"CTGGCTGGA","+"
"236",381,"H99_HLCY2CCXX_L8_read438","MuTIR_2",87.719,114,10,4,39,150,1,112,7.71e-35,130,"CTGGCTGGA","+"
"237",383,"H99_HLCY2CCXX_L8_read440","MuTIR_2",87.5,120,11,4,33,150,1,118,1.66e-36,135,"CTGGCTGGA","+"
"243",404,"H99_HLCY2CCXX_L8_read501","MuTIR_3",94.872,117,6,0,34,150,1,117,5.84e-51,183,"ACTTCCGTG","+"
"244",405,"H99_HLCY2CCXX_L8_read502","MuTIR_3",97.436,39,1,0,112,150,1,39,6.14e-16,67.6,"TCTAGGTTC","+"
"245",406,"H99_HLCY2CCXX_L8_read505","MuTIR_3",91.729,133,11,0,15,147,1,133,1.62e-51,185,"AAAACATTC","+"
"246",407,"H99_HLCY2CCXX_L8_read508","MuTIR_3",94.059,101,6,0,50,150,1,101,4.58e-42,154,"ACTTCCGTG","+"
"248",409,"H99_HLCY2CCXX_L8_read511","MuTIR_3",94.545,110,6,0,41,150,1,110,4.55e-47,171,"AAAAAATGG","+"
"249",410,"H99_HLCY2CCXX_L8_read512","MuTIR_3",91.736,121,10,0,30,150,1,121,1.63e-46,169,"GGCCCCCAC","+"
"250",411,"H99_HLCY2CCXX_L8_read513","MuTIR_3",94.872,117,6,0,34,150,1,117,5.84e-51,183,"ACTTCCGTG","+"
"252",413,"H99_HLCY2CCXX_L8_read515","MuTIR_3",97.674,43,1,0,108,150,1,43,3.67e-18,75,"AAAAAATGG","+"
"254",415,"H99_HLCY2CCXX_L8_read517","MuTIR_3",97.674,43,1,0,108,150,1,43,3.67e-18,75,"AAAAAATGG","+"
"255",416,"H99_HLCY2CCXX_L8_read518","MuTIR_3",94.872,117,6,0,34,150,1,117,5.84e-51,183,"ACTTCCGTG","+"
"257",418,"H99_HLCY2CCXX_L8_read520","MuTIR_3",97.436,39,1,0,112,150,1,39,6.14e-16,67.6,"TCTAGGTTC","+"
"258",419,"H99_HLCY2CCXX_L8_read522","MuTIR_3",91.736,121,10,0,30,150,1,121,1.63e-46,169,"GGCCCCCAC","+"
"259",420,"H99_HLCY2CCXX_L8_read524","MuTIR_3",90.909,110,10,0,41,150,1,110,2.13e-40,148,"TCTAGGTTC","+"
"260",421,"H99_HLCY2CCXX_L8_read526","MuTIR_3",96.226,53,2,0,50,102,1,53,4.71e-22,87.9,"AAAAAATGG","+"
"261",422,"H99_HLCY2CCXX_L8_read527","MuTIR_3",97.436,39,1,0,112,150,1,39,6.14e-16,67.6,"TCTAGGTTC","+"
"262",423,"H99_HLCY2CCXX_L8_read529","MuTIR_3",96.226,53,2,0,50,102,1,53,4.71e-22,87.9,"AAAAAATGG","+"
"263",424,"H99_HLCY2CCXX_L8_read530","MuTIR_3",96.226,53,2,0,50,102,1,53,4.71e-22,87.9,"AAAAAATGG","+"
"264",425,"H99_HLCY2CCXX_L8_read531","MuTIR_3",96.226,53,2,0,50,102,1,53,4.71e-22,87.9,"AAAAAATGG","+"
"265",426,"H99_HLCY2CCXX_L8_read532","MuTIR_3",94.34,53,3,0,98,150,1,53,2.19e-20,82.4,"TCCTACAGG","+"
"266",427,"H99_HLCY2CCXX_L8_read534","MuTIR_3",96.226,53,2,0,50,102,1,53,4.71e-22,87.9,"AAAAAATGG","+"
"267",428,"H99_HLCY2CCXX_L8_read535","MuTIR_3",97.436,39,1,0,112,150,1,39,6.14e-16,67.6,"TCTAGGTTC","+"
"269",430,"H99_HLCY2CCXX_L8_read540","MuTIR_3",94.872,117,6,0,34,150,1,117,5.84e-51,183,"ACTTCCGTG","+"
"276",437,"H99_HLCY2CCXX_L8_read551","MuTIR_3",96.226,53,2,0,14,66,1,53,4.71e-22,87.9,"CTAGGAGTG","-"
"278",439,"H99_HLCY2CCXX_L8_read554","MuTIR_3",96.226,53,2,0,14,66,1,53,4.71e-22,87.9,"CTAGGAGTG","-"
"279",440,"H99_HLCY2CCXX_L8_read555","MuTIR_3",96.226,53,2,0,14,66,1,53,4.71e-22,87.9,"CTAGGAGTG","-"
"280",441,"H99_HLCY2CCXX_L8_read556","MuTIR_3",96.226,53,2,0,14,66,1,53,4.71e-22,87.9,"CTAGGAGTG","-"
"281",442,"H99_HLCY2CCXX_L8_read557","MuTIR_3",90.977,133,12,0,4,136,1,133,7.55e-50,180,"AACGACGCT","-"
"282",443,"H99_HLCY2CCXX_L8_read560","MuTIR_3",96.226,53,2,0,14,66,1,53,4.71e-22,87.9,"CTAGGAGTG","-"
"286",456,"H99_HLCY2CCXX_L8_read578","MuTIR_3",93.421,76,5,0,75,150,1,76,7.77e-30,113,"CTTGTAGGA","+"
"288",458,"H99_HLCY2CCXX_L8_read585","MuTIR_3",94.03,67,4,0,84,150,1,67,1.68e-26,102,"CTTGTAGGA","+"
"290",460,"H99_HLCY2CCXX_L8_read589","MuTIR_3",92.683,82,5,1,68,149,1,81,6.01e-31,117,"CTTGTAGGA","+"
"291",461,"H99_HLCY2CCXX_L8_read591","MuTIR_3",88.506,87,10,0,64,150,1,87,1.3e-27,106,"CCTCTAGAG","+"
"302",474,"H99_HLCY2CCXX_L8_read624","MuTIR_3",92.623,122,9,0,26,147,1,122,9.77e-49,176,"CTCCTCATC","+"
"303",476,"H99_HLCY2CCXX_L8_read626","MuTIR_3",93.103,116,8,0,35,150,1,116,4.55e-47,171,"TTTTTACAG","+"
"305",478,"H99_HLCY2CCXX_L8_read628","MuTIR_3",93.827,81,5,0,68,148,1,81,1.29e-32,122,"TCGGCAAGC","+"
"306",480,"H99_HLCY2CCXX_L8_read630","MuTIR_3",94.521,73,4,0,78,150,1,73,7.77e-30,113,"GACCCTTTG","+"
"307",482,"H99_HLCY2CCXX_L8_read634","MuTIR_3",94.231,104,6,0,47,150,1,104,9.84e-44,159,"GACCTCAAA","+"
"308",483,"H99_HLCY2CCXX_L8_read635","MuTIR_3",90.909,99,9,0,51,149,1,99,5.96e-36,134,"AGTTACGCC","+"
"311",486,"H99_HLCY2CCXX_L8_read639","MuTIR_3",92.941,85,6,0,66,150,1,85,3.59e-33,124,"GAGAGAGAG","+"
"312",487,"H99_HLCY2CCXX_L8_read640","MuTIR_3",91.892,111,9,0,38,148,1,111,1.27e-42,156,"AGTTACGCC","+"
"313",488,"H99_HLCY2CCXX_L8_read641","MuTIR_3",92.941,85,6,0,66,150,1,85,3.59e-33,124,"GAGAGAGAG","+"
"314",489,"H99_HLCY2CCXX_L8_read642","MuTIR_3",90.909,99,9,0,51,149,1,99,5.96e-36,134,"AGTTACGCC","+"
"315",490,"H99_HLCY2CCXX_L8_read643","MuTIR_3",92.941,85,6,0,66,150,1,85,3.59e-33,124,"GAGAGAGAG","+"
"316",491,"H99_HLCY2CCXX_L8_read644","MuTIR_3",92,100,8,0,51,150,1,100,3.56e-38,141,"CCCGTCCCC","+"
"317",492,"H99_HLCY2CCXX_L8_read645","MuTIR_3",94.286,70,4,0,72,141,1,70,3.61e-28,108,"CTCGTGGAG","+"
"318",493,"H99_HLCY2CCXX_L8_read646","MuTIR_3",92.623,122,9,0,29,150,1,122,9.77e-49,176,"GAGAGAGAG","+"
"319",494,"H99_HLCY2CCXX_L8_read647","MuTIR_3",90.909,99,9,0,52,150,1,99,5.96e-36,134,"AGTTACGCC","+"
"320",496,"H99_HLCY2CCXX_L8_read649","MuTIR_3",90.909,99,9,0,51,149,1,99,5.96e-36,134,"AGTTACGCC","+"
"321",497,"H99_HLCY2CCXX_L8_read650","MuTIR_3",93.333,105,7,0,46,150,1,105,1.27e-42,156,"TCGGCAAGC","+"
"322",498,"H99_HLCY2CCXX_L8_read651","MuTIR_3",92.941,85,6,0,66,150,1,85,3.59e-33,124,"GAGAGAGAG","+"
"323",499,"H99_HLCY2CCXX_L8_read652","MuTIR_3",90.909,99,9,0,51,149,1,99,5.96e-36,134,"AGTTACGCC","+"
"324",501,"H99_HLCY2CCXX_L8_read654","MuTIR_3",90.909,99,9,0,51,149,1,99,5.96e-36,134,"AGTTACGCC","+"
"325",502,"H99_HLCY2CCXX_L8_read655","MuTIR_3",93.827,81,5,0,68,148,1,81,1.29e-32,122,"TCGGCAAGC","+"
"326",503,"H99_HLCY2CCXX_L8_read656","MuTIR_3",93.548,62,4,0,89,150,1,62,1.01e-23,93.5,"GAGAGAGAG","+"
"328",505,"H99_HLCY2CCXX_L8_read660","MuTIR_3",92.941,85,6,0,66,150,1,85,3.59e-33,124,"GAGAGAGAG","+"
"352",531,"H99_HLCY2CCXX_L8_read699","MuTIR_3",89.313,131,14,0,8,138,1,131,2.11e-45,165,"ATAACGACG","-"
"356",536,"H99_HLCY2CCXX_L8_read704","MuTIR_3",89.313,131,14,0,8,138,1,131,2.11e-45,165,"ATAACGACG","-"
"361",555,"H99_HLCY2CCXX_L8_read739","MuTIR_3",84.615,104,14,2,45,147,1,103,1.68e-26,102,"GCAGGCTAG","+"
"362",590,"H99_HLCY2CCXX_L8_read839","MuTIR_4",100,32,0,0,94,125,1,32,1.03e-13,60.2,"ATCGACATA","+"
"363",591,"H99_HLCY2CCXX_L8_read840","MuTIR_4",93.878,49,3,0,100,148,1,49,3.67e-18,75,"CCCGCGAGC","+"
"364",592,"H99_HLCY2CCXX_L8_read842","MuTIR_4",100,32,0,0,94,125,1,32,1.03e-13,60.2,"ATCGACATA","+"
"366",594,"H99_HLCY2CCXX_L8_read848","MuTIR_4",86.735,98,13,0,28,125,1,98,1.01e-28,110,"GCTTGCCTT","+"
"368",596,"H99_HLCY2CCXX_L8_read855","MuTIR_4",100,32,0,0,117,148,1,32,1.03e-13,60.2,"CCCGCGAGC","+"
"369",597,"H99_HLCY2CCXX_L8_read856","MuTIR_4",90.323,93,9,0,58,150,1,93,1.29e-32,122,"GCCATTAAG","+"
"370",598,"H99_HLCY2CCXX_L8_read858","MuTIR_4",90.323,93,9,0,58,150,1,93,1.29e-32,122,"GCCATTAAG","+"
"372",600,"H99_HLCY2CCXX_L8_read863","MuTIR_4",100,32,0,0,94,125,1,32,1.03e-13,60.2,"ATCGACATA","+"
"373",601,"H99_HLCY2CCXX_L8_read864","MuTIR_4",91.176,68,6,0,83,150,1,68,1.01e-23,93.5,"GCCATTAAG","+"
"374",602,"H99_HLCY2CCXX_L8_read869","MuTIR_4",95.122,41,2,0,110,150,1,41,2.21e-15,65.8,"CGGCCACCG","+"
"375",603,"H99_HLCY2CCXX_L8_read870","MuTIR_4",100,32,0,0,52,83,1,32,1.03e-13,60.2,"ATTCCCCAC","-"
"377",605,"H99_HLCY2CCXX_L8_read876","MuTIR_4",100,32,0,0,52,83,1,32,1.03e-13,60.2,"ATTCCCCAC","-"
"385",613,"H99_HLCY2CCXX_L8_read902","MuTIR_4",100,32,0,0,52,83,1,32,1.03e-13,60.2,"ATTCCCCAC","-"
"386",614,"H99_HLCY2CCXX_L8_read905","MuTIR_4",89.796,98,10,0,34,131,1,98,9.98e-34,126,"TGTTTCGTC","-"
"388",627,"H99_HLCY2CCXX_L8_read938","MuTIR_4",89.189,111,12,0,38,148,1,111,3.56e-38,141,"CTCTAAAAG","+"
"390",634,"H99_HLCY2CCXX_L8_read962","MuTIR_4",87.912,91,11,0,60,150,1,91,3.61e-28,108,"GTGTGTGGG","+"
"391",635,"H99_HLCY2CCXX_L8_read963","MuTIR_4",87.059,85,11,0,63,147,1,85,7.82e-25,97.1,"GTGTGTGGG","+"
"392",636,"H99_HLCY2CCXX_L8_read964","MuTIR_4",87.912,91,11,0,60,150,1,91,3.61e-28,108,"GTGTGTGGG","+"
"393",637,"H99_HLCY2CCXX_L8_read967","MuTIR_4",88.235,85,10,0,63,147,1,85,1.68e-26,102,"GTGTGTGGG","+"
"398",645,"H99_HLCY2CCXX_L8_read1003","MuTIR_5",94.872,39,2,0,112,150,1,39,2.85e-14,62.1,"GACGCTCGC","+"
"399",646,"H99_HLCY2CCXX_L8_read1004","MuTIR_5",95.349,43,2,0,108,150,1,43,1.71e-16,69.4,"ATTGAGCCC","+"
"400",647,"H99_HLCY2CCXX_L8_read1008","MuTIR_5",95.349,43,2,0,108,150,1,43,1.71e-16,69.4,"ATTGAGCCC","+"
"401",648,"H99_HLCY2CCXX_L8_read1010","MuTIR_5",95.918,49,2,0,91,139,1,49,7.88e-20,80.5,"ATTGAGCCC","+"
"403",650,"H99_HLCY2CCXX_L8_read1012","MuTIR_5",92.632,95,5,1,58,150,1,95,4.61e-37,137,"GCTGCAGGA","+"
"404",651,"H99_HLCY2CCXX_L8_read1013","MuTIR_5",89.209,139,13,1,10,146,1,139,3.51e-48,174,"GCTGCAGGA","+"
"405",652,"H99_HLCY2CCXX_L8_read1014","MuTIR_5",86.466,133,16,1,19,149,1,133,2.76e-39,145,"GACGCTCGC","+"
"406",653,"H99_HLCY2CCXX_L8_read1015","MuTIR_5",95.349,43,2,0,108,150,1,43,1.71e-16,69.4,"ATTGAGCCC","+"
"407",654,"H99_HLCY2CCXX_L8_read1017","MuTIR_5",89.437,142,13,1,10,149,1,142,7.55e-50,180,"GCTGCAGGA","+"
"408",655,"H99_HLCY2CCXX_L8_read1019","MuTIR_5",88.571,105,10,1,47,149,1,105,2.77e-34,128,"ACCTTGACA","+"
"412",665,"H99_HLCY2CCXX_L8_read1070","MuTIR_6",95.652,138,6,0,13,150,1,138,1.24e-62,222,"TGCACTACG","+"
"414",667,"H99_HLCY2CCXX_L8_read1073","MuTIR_6",95.604,91,4,0,60,150,1,91,7.66e-40,147,"TGCACTATG","+"
"416",669,"H99_HLCY2CCXX_L8_read1077","MuTIR_6",96.262,107,4,0,44,150,1,107,9.77e-49,176,"TGCACTACG","+"
"418",671,"H99_HLCY2CCXX_L8_read1081","MuTIR_6",96.491,114,4,0,37,150,1,114,1.25e-52,189,"TGCACTACG","+"
"419",672,"H99_HLCY2CCXX_L8_read1083","MuTIR_6",95.968,124,5,0,27,150,1,124,1.61e-56,202,"TGCACTACG","+"
"421",674,"H99_HLCY2CCXX_L8_read1086","MuTIR_6",95.652,138,6,0,13,150,1,138,1.24e-62,222,"TGCACTACG","+"
"422",675,"H99_HLCY2CCXX_L8_read1087","MuTIR_6",98.276,58,1,0,93,150,1,58,1.68e-26,102,"TGCACTACG","+"
"427",685,"H99_HLCY2CCXX_L8_read1107","MuTIR_6",95.604,91,4,0,60,150,1,91,7.66e-40,147,"AGGAGAGGG","+"
"428",686,"H99_HLCY2CCXX_L8_read1108","MuTIR_6",95.833,72,3,0,79,150,1,72,6.01e-31,117,"AGGAGAGGG","+"
"429",687,"H99_HLCY2CCXX_L8_read1110","MuTIR_6",95.833,72,3,0,79,150,1,72,6.01e-31,117,"AGGAGAGGG","+"
"439",697,"H99_HLCY2CCXX_L8_read1126","MuTIR_3",86.066,122,15,2,30,150,1,121,7.71e-35,130,"GCAGGCTAG","+"
