"","X","qname","sname","percent_identity","alignment_length","mismatches","gap_opens","q_start","q_end","s_start","s_end","evalue","bit_score","tsds","strand"
"1",1,"Hi27Goodman-Buckler_HA5R1ADXX_ATTCCT_read5","MuTIR_1",95,40,2,0,162,201,1,40,1.07e-14,63.9,"GCTGGCGAC","+"
"2",2,"Hi27Goodman-Buckler_HA5R1ADXX_ATTCCT_read6","MuTIR_1",98.305,59,0,1,115,173,1,58,2.27e-26,102,"GAGGCTCTC","+"
"4",4,"Hi27Goodman-Buckler_HA5R1ADXX_ATTCCT_read8","MuTIR_1",94.483,145,7,1,37,181,1,144,1.67e-62,222,"AGATGTAGC","+"
"5",5,"Hi27Goodman-Buckler_HA5R1ADXX_ATTCCT_read9","MuTIR_1",98.551,69,0,1,65,133,1,68,6.26e-32,121,"GAGAGCCTC","+"
"6",6,"Hi27Goodman-Buckler_HA5R1ADXX_ATTCCT_read10","MuTIR_1",96.154,104,3,1,98,201,1,103,2.2e-46,169,"GTCGGTCTA","+"
"11",11,"Hi27Goodman-Buckler_HA5R1ADXX_ATTCCT_read18","MuTIR_1",94.737,95,4,1,48,142,1,94,1.03e-39,147,"TATTCCTGA","-"
"16",23,"Hi27Goodman-Buckler_HA5R1ADXX_ATTCCT_read47","MuTIR_2",95.522,67,3,0,135,201,1,67,4.87e-28,108,"GCTGCTGTG","+"
"17",24,"Hi27Goodman-Buckler_HA5R1ADXX_ATTCCT_read48","MuTIR_2",92.593,81,6,0,87,167,1,81,8.09e-31,117,"CTCGTCAGC","+"
"18",25,"Hi27Goodman-Buckler_HA5R1ADXX_ATTCCT_read52","MuTIR_2",89.024,82,9,0,115,196,1,82,2.27e-26,102,"GCTGGGAAG","+"
"19",26,"Hi27Goodman-Buckler_HA5R1ADXX_ATTCCT_read53","MuTIR_2",92,100,8,0,102,201,1,100,4.8e-38,141,"CTCGTCAGC","+"
"20",27,"Hi27Goodman-Buckler_HA5R1ADXX_ATTCCT_read54","MuTIR_2",86.957,92,11,1,52,143,1,91,2.27e-26,102,"GCTGGGAAG","+"
"29",44,"Hi27Goodman-Buckler_HA5R1ADXX_ATTCCT_read87","MuTIR_2",86.667,120,14,2,71,189,1,119,2.89e-35,132,"AATGACGAT","+"
"30",46,"Hi27Goodman-Buckler_HA5R1ADXX_ATTCCT_read92","MuTIR_2",85.437,103,13,1,101,201,1,103,1.75e-27,106,"ATTCGTGTG","+"
"32",52,"Hi27Goodman-Buckler_HA5R1ADXX_ATTCCT_read106","MuTIR_3",96.154,52,2,0,43,94,1,52,2.28e-21,86.1,"CATATGTAC","+"
"33",53,"Hi27Goodman-Buckler_HA5R1ADXX_ATTCCT_read107","MuTIR_3",90.58,138,13,0,25,162,1,138,7.87e-51,183,"GAATGTTTG","+"
"34",54,"Hi27Goodman-Buckler_HA5R1ADXX_ATTCCT_read108","MuTIR_3",93.75,80,5,0,105,184,1,80,6.26e-32,121,"AAAAAATGG","+"
"35",55,"Hi27Goodman-Buckler_HA5R1ADXX_ATTCCT_read109","MuTIR_3",96.471,85,3,0,117,201,1,85,4.8e-38,141,"CTTGTGCGC","+"
"40",60,"Hi27Goodman-Buckler_HA5R1ADXX_ATTCCT_read118","MuTIR_3",92.045,88,7,0,114,201,1,88,4.84e-33,124,"CACGGGGAC","+"
"41",61,"Hi27Goodman-Buckler_HA5R1ADXX_ATTCCT_read119","MuTIR_3",90.476,147,14,0,35,181,1,147,3.63e-54,195,"CCCGTCCCC","+"
"42",62,"Hi27Goodman-Buckler_HA5R1ADXX_ATTCCT_read120","MuTIR_3",89.13,138,12,3,15,151,1,136,2.2e-46,169,"CTATCCTGG","+"
"43",63,"Hi27Goodman-Buckler_HA5R1ADXX_ATTCCT_read121","MuTIR_3",93.182,132,9,0,11,142,1,132,3.63e-54,195,"TCTAAAAGA","+"
"44",64,"Hi27Goodman-Buckler_HA5R1ADXX_ATTCCT_read122","MuTIR_3",91.791,134,11,0,68,201,1,134,6.08e-52,187,"TCGGCAAGC","+"
"46",66,"Hi27Goodman-Buckler_HA5R1ADXX_ATTCCT_read125","MuTIR_3",90.476,147,14,0,33,179,1,147,3.63e-54,195,"ACCTGGTTC","-"
"49",84,"Hi27Goodman-Buckler_HA5R1ADXX_ATTCCT_read153","MuTIR_4",91,100,9,0,43,142,1,100,2.23e-36,135,"CTCGACATA","+"
"51",86,"Hi27Goodman-Buckler_HA5R1ADXX_ATTCCT_read156","MuTIR_4",93.846,130,8,0,71,200,1,130,2.81e-55,198,"GAGAGCGGT","+"
"52",87,"Hi27Goodman-Buckler_HA5R1ADXX_ATTCCT_read161","MuTIR_4",94.681,94,5,0,30,123,1,94,1.03e-39,147,"CCGTAGACG","+"
"53",88,"Hi27Goodman-Buckler_HA5R1ADXX_ATTCCT_read162","MuTIR_4",95.455,66,3,0,41,106,1,66,1.75e-27,106,"CCGAAGACT","+"
"54",89,"Hi27Goodman-Buckler_HA5R1ADXX_ATTCCT_read165","MuTIR_4",88.356,146,17,0,13,158,1,146,3.66e-49,178,"CTCTCTTGC","+"
"55",90,"Hi27Goodman-Buckler_HA5R1ADXX_ATTCCT_read166","MuTIR_4",93.243,74,4,1,62,134,1,74,4.87e-28,108,"CTCGACATA","+"
"56",91,"Hi27Goodman-Buckler_HA5R1ADXX_ATTCCT_read167","MuTIR_4",92.661,109,8,0,93,201,1,109,1.33e-43,159,"GCAAGAGAG","+"
"57",92,"Hi27Goodman-Buckler_HA5R1ADXX_ATTCCT_read169","MuTIR_4",87.755,98,12,0,44,141,1,98,2.91e-30,115,"GCTTGCCTT","+"
"65",102,"Hi27Goodman-Buckler_HA5R1ADXX_ATTCCT_read191","MuTIR_5",87.755,147,16,1,55,199,1,147,1.7e-47,172,"ATTGAGCCC","+"
"66",103,"Hi27Goodman-Buckler_HA5R1ADXX_ATTCCT_read193","MuTIR_5",86.184,152,19,1,32,181,1,152,2.85e-45,165,"GGCTACATC","+"
"67",104,"Hi27Goodman-Buckler_HA5R1ADXX_ATTCCT_read197","MuTIR_5",87.5,152,17,1,22,171,1,152,1.32e-48,176,"GCTTGAGCT","-"
"71",112,"Hi27Goodman-Buckler_HA5R1ADXX_ATTCCT_read214","MuTIR_6",100,41,0,0,96,136,1,41,1.37e-18,76.8,"TGCACTACA","+"
"73",115,"Hi27Goodman-Buckler_HA5R1ADXX_ATTCCT_read218","MuTIR_6",96.809,94,3,0,77,170,1,94,4.77e-43,158,"TCCTAGGCT","+"
"74",116,"Hi27Goodman-Buckler_HA5R1ADXX_ATTCCT_read219","MuTIR_6",94.118,68,4,0,67,134,1,68,6.3e-27,104,"GCCACCATA","+"
"77",125,"Hi27Goodman-Buckler_HLC27CCXX_L1_read2","MuTIR_1",95.556,45,2,0,106,150,1,45,1.32e-17,73.1,"GCTGGCGAC","+"
"78",126,"Hi27Goodman-Buckler_HLC27CCXX_L1_read3","MuTIR_1",92.079,101,4,2,44,141,1,100,1.28e-37,139,"CTAACCTAA","+"
"79",127,"Hi27Goodman-Buckler_HLC27CCXX_L1_read4","MuTIR_1",94.186,86,4,1,63,148,1,85,7.71e-35,130,"GCTACATCT","+"
"80",128,"Hi27Goodman-Buckler_HLC27CCXX_L1_read5","MuTIR_1",94.737,95,4,1,17,111,1,94,7.66e-40,147,"TAGACCGAC","+"
"81",129,"Hi27Goodman-Buckler_HLC27CCXX_L1_read6","MuTIR_1",95.455,110,4,1,40,149,1,109,3.51e-48,174,"GAGGCTCTC","+"
"82",130,"Hi27Goodman-Buckler_HLC27CCXX_L1_read12","MuTIR_1",96.226,53,1,1,98,150,1,52,1.69e-21,86.1,"AGATGTAGC","+"
"84",132,"Hi27Goodman-Buckler_HLC27CCXX_L1_read15","MuTIR_1",92.188,128,9,1,23,150,1,127,7.55e-50,180,"GTAATACGG","+"
"85",133,"Hi27Goodman-Buckler_HLC27CCXX_L1_read16","MuTIR_1",96.296,81,2,1,70,150,1,80,2.15e-35,132,"GTTCAGAAA","+"
"87",135,"Hi27Goodman-Buckler_HLC27CCXX_L1_read19","MuTIR_1",92.079,101,4,2,44,141,1,100,1.28e-37,139,"CTAACCTAA","+"
"88",136,"Hi27Goodman-Buckler_HLC27CCXX_L1_read21","MuTIR_1",94.545,110,5,1,41,150,1,109,1.63e-46,169,"CTCCCAGGA","+"
"90",138,"Hi27Goodman-Buckler_HLC27CCXX_L1_read24","MuTIR_1",92.437,119,8,1,32,150,1,118,1.63e-46,169,"GTAATACGG","+"
"91",139,"Hi27Goodman-Buckler_HLC27CCXX_L1_read25","MuTIR_1",90.984,122,10,1,29,150,1,121,7.61e-45,163,"CGTATTACC","+"
"92",140,"Hi27Goodman-Buckler_HLC27CCXX_L1_read27","MuTIR_1",93.617,47,3,0,104,150,1,47,4.74e-17,71.3,"CTCCCAGGA","+"
"95",143,"Hi27Goodman-Buckler_HLC27CCXX_L1_read30","MuTIR_1",96.262,107,3,1,43,149,1,106,3.51e-48,174,"GTCGCCAGC","+"
"96",144,"Hi27Goodman-Buckler_HLC27CCXX_L1_read35","MuTIR_1",92.035,113,8,1,38,150,1,112,3.54e-43,158,"GTAATACGG","+"
"97",145,"Hi27Goodman-Buckler_HLC27CCXX_L1_read36","MuTIR_1",92.908,141,9,1,10,150,1,140,4.48e-57,204,"GAGGCTCTC","+"
"98",146,"Hi27Goodman-Buckler_HLC27CCXX_L1_read40","MuTIR_1",94.737,95,4,1,18,112,1,94,7.66e-40,147,"GCTGGCGAC","+"
"99",147,"Hi27Goodman-Buckler_HLC27CCXX_L1_read42","MuTIR_1",96.512,86,2,1,62,147,1,85,3.56e-38,141,"TAGACCGAC","+"
"100",148,"Hi27Goodman-Buckler_HLC27CCXX_L1_read43","MuTIR_1",94.737,95,4,1,15,109,1,94,7.66e-40,147,"TCCTGGGAG","+"
"101",149,"Hi27Goodman-Buckler_HLC27CCXX_L1_read44","MuTIR_1",94.958,119,5,1,32,150,1,118,1.62e-51,185,"CACCTAGAG","+"
"105",153,"Hi27Goodman-Buckler_HLC27CCXX_L1_read51","MuTIR_1",94.737,95,4,1,24,118,1,94,7.66e-40,147,"TTTTCCTAA","-"
"113",161,"Hi27Goodman-Buckler_HLC27CCXX_L1_read72","MuTIR_1",94.737,95,4,1,42,136,1,94,7.66e-40,147,"TATTCCTGA","-"
"118",166,"Hi27Goodman-Buckler_HLC27CCXX_L1_read80","MuTIR_1",94.737,95,4,1,39,133,1,94,7.66e-40,147,"TATTCCTGA","-"
"119",167,"Hi27Goodman-Buckler_HLC27CCXX_L1_read81","MuTIR_1",95.789,95,3,1,24,118,1,94,1.65e-41,152,"TCTTCCTGA","-"
"124",172,"Hi27Goodman-Buckler_HLC27CCXX_L1_read88","MuTIR_1",94.737,95,4,1,18,112,1,94,7.66e-40,147,"TATTCCTGA","-"
"125",182,"Hi27Goodman-Buckler_HLC27CCXX_L1_read106","MuTIR_1",92.553,94,4,3,56,147,1,93,2.15e-35,132,"TCGTACCGG","+"
"126",184,"Hi27Goodman-Buckler_HLC27CCXX_L1_read114","MuTIR_1",86.207,87,5,4,68,149,1,85,4.71e-22,87.9,"GTCTGATCT","+"
"127",185,"Hi27Goodman-Buckler_HLC27CCXX_L1_read115","MuTIR_1",86.364,132,9,6,12,138,1,128,1.66e-36,135,"GTCTGATCT","+"
"129",225,"Hi27Goodman-Buckler_HLC27CCXX_L1_read225","MuTIR_2",90.265,113,11,0,38,150,1,113,2.13e-40,148,"CTATAATAC","+"
"130",226,"Hi27Goodman-Buckler_HLC27CCXX_L1_read231","MuTIR_2",90.909,121,8,3,27,145,1,120,9.84e-44,159,"CTCCACTGA","+"
"131",227,"Hi27Goodman-Buckler_HLC27CCXX_L1_read234","MuTIR_2",94.845,97,5,0,54,150,1,97,1.65e-41,152,"GCTGCTGTG","+"
"132",228,"Hi27Goodman-Buckler_HLC27CCXX_L1_read236","MuTIR_2",91.25,80,7,0,71,150,1,80,1.01e-28,110,"GTGTTTCCT","+"
"133",229,"Hi27Goodman-Buckler_HLC27CCXX_L1_read237","MuTIR_2",91.667,108,9,0,43,150,1,108,5.92e-41,150,"CTCGTCAGC","+"
"134",230,"Hi27Goodman-Buckler_HLC27CCXX_L1_read239","MuTIR_2",90.769,65,6,0,86,150,1,65,4.71e-22,87.9,"CTCCGTTAT","+"
"135",231,"Hi27Goodman-Buckler_HLC27CCXX_L1_read240","MuTIR_2",90.741,108,10,0,43,150,1,108,2.76e-39,145,"CTCGTCAGC","+"
"136",232,"Hi27Goodman-Buckler_HLC27CCXX_L1_read243","MuTIR_2",91.667,84,7,0,67,150,1,84,6.01e-31,117,"CTCGTCAGC","+"
"137",233,"Hi27Goodman-Buckler_HLC27CCXX_L1_read245","MuTIR_2",96.667,90,3,0,54,143,1,90,5.92e-41,150,"CCGTCTGCG","+"
"138",234,"Hi27Goodman-Buckler_HLC27CCXX_L1_read246","MuTIR_2",91.228,57,5,0,94,150,1,57,2.83e-19,78.7,"TCCAACGAG","+"
"139",235,"Hi27Goodman-Buckler_HLC27CCXX_L1_read249","MuTIR_2",93.519,108,7,0,43,150,1,108,2.74e-44,161,"GCTGCTGTG","+"
"140",236,"Hi27Goodman-Buckler_HLC27CCXX_L1_read250","MuTIR_2",90.769,65,6,0,86,150,1,65,4.71e-22,87.9,"CTCCGTTAT","+"
"141",237,"Hi27Goodman-Buckler_HLC27CCXX_L1_read252","MuTIR_2",91.406,128,11,0,14,141,1,128,9.77e-49,176,"TGAAGTAAT","+"
"142",238,"Hi27Goodman-Buckler_HLC27CCXX_L1_read254","MuTIR_2",90.698,129,12,0,16,144,1,129,1.26e-47,172,"CACAGCATC","+"
"143",239,"Hi27Goodman-Buckler_HLC27CCXX_L1_read257","MuTIR_2",91.589,107,6,3,46,150,1,106,2.76e-39,145,"CTCCACTGA","+"
"144",240,"Hi27Goodman-Buckler_HLC27CCXX_L1_read259","MuTIR_2",93.421,76,5,0,75,150,1,76,7.77e-30,113,"CACAGCATC","+"
"145",241,"Hi27Goodman-Buckler_HLC27CCXX_L1_read262","MuTIR_2",92.683,82,6,0,61,142,1,82,1.67e-31,119,"CTACTCGGT","+"
"146",242,"Hi27Goodman-Buckler_HLC27CCXX_L1_read263","MuTIR_2",92.683,82,6,0,61,142,1,82,1.67e-31,119,"CTACTCGGT","+"
"147",243,"Hi27Goodman-Buckler_HLC27CCXX_L1_read265","MuTIR_2",92.063,63,5,0,88,150,1,63,1.31e-22,89.8,"TCCAACGAG","+"
"151",247,"Hi27Goodman-Buckler_HLC27CCXX_L1_read278","MuTIR_2",92.248,129,10,0,3,131,1,129,5.84e-51,183,"CGGATCGAA","-"
"162",258,"Hi27Goodman-Buckler_HLC27CCXX_L1_read295","MuTIR_2",89.844,128,13,0,6,133,1,128,2.11e-45,165,"CAGTAGTGA","-"
"165",261,"Hi27Goodman-Buckler_HLC27CCXX_L1_read307","MuTIR_2",89.844,128,13,0,2,129,1,128,2.11e-45,165,"CAGTAGTGA","-"
"170",276,"Hi27Goodman-Buckler_HLC27CCXX_L1_read358","MuTIR_2",87.255,102,11,2,47,147,1,101,2.16e-30,115,"AATGACGAT","+"
"173",288,"Hi27Goodman-Buckler_HLC27CCXX_L1_read406","MuTIR_3",91.429,70,4,2,82,150,1,69,2.81e-24,95.3,"CATATGTAC","+"
"174",289,"Hi27Goodman-Buckler_HLC27CCXX_L1_read407","MuTIR_3",92.857,70,3,2,82,150,1,69,6.05e-26,100,"CATATGTAC","+"
"175",290,"Hi27Goodman-Buckler_HLC27CCXX_L1_read408","MuTIR_3",96.104,77,3,0,72,148,1,77,9.98e-34,126,"AGTGTCCAT","+"
"176",291,"Hi27Goodman-Buckler_HLC27CCXX_L1_read411","MuTIR_3",96.842,95,3,0,56,150,1,95,9.84e-44,159,"CTTGTGCGC","+"
"177",292,"Hi27Goodman-Buckler_HLC27CCXX_L1_read413","MuTIR_3",95.238,42,2,0,109,150,1,42,6.14e-16,67.6,"CTTGTGCGC","+"
"188",309,"Hi27Goodman-Buckler_HLC27CCXX_L1_read444","MuTIR_3",95.775,71,3,0,80,150,1,71,2.16e-30,115,"CCTTGCATT","+"
"189",311,"Hi27Goodman-Buckler_HLC27CCXX_L1_read447","MuTIR_3",94.697,132,7,0,19,150,1,132,1.25e-57,206,"GGCGGTGGG","+"
"190",312,"Hi27Goodman-Buckler_HLC27CCXX_L1_read448","MuTIR_3",95.37,108,5,0,43,150,1,108,1.26e-47,172,"CCTTGCATT","+"
"191",313,"Hi27Goodman-Buckler_HLC27CCXX_L1_read449","MuTIR_3",92.233,103,8,0,48,150,1,103,7.66e-40,147,"ACTGCAGTA","+"
"192",315,"Hi27Goodman-Buckler_HLC27CCXX_L1_read451","MuTIR_3",94.697,132,7,0,19,150,1,132,1.25e-57,206,"GGCGGTGGG","+"
"193",316,"Hi27Goodman-Buckler_HLC27CCXX_L1_read452","MuTIR_3",92.982,114,8,0,37,150,1,114,5.88e-46,167,"GTTCTGTAC","+"
"194",317,"Hi27Goodman-Buckler_HLC27CCXX_L1_read454","MuTIR_3",92.593,108,8,0,43,150,1,108,1.27e-42,156,"GTTCTGTAC","+"
"195",318,"Hi27Goodman-Buckler_HLC27CCXX_L1_read455","MuTIR_3",91.111,90,8,0,58,147,1,90,1.29e-32,122,"GTTCTGTAC","+"
"196",319,"Hi27Goodman-Buckler_HLC27CCXX_L1_read458","MuTIR_3",95.714,70,3,0,81,150,1,70,7.77e-30,113,"CCTTGCATT","+"
"201",328,"Hi27Goodman-Buckler_HLC27CCXX_L1_read472","MuTIR_3",87.597,129,16,0,10,138,1,129,5.92e-41,150,"GGATTCAGA","-"
"208",341,"Hi27Goodman-Buckler_HLC27CCXX_L1_read493","MuTIR_3",91.667,96,8,0,55,150,1,96,5.96e-36,134,"CCCGTCCCC","+"
"209",342,"Hi27Goodman-Buckler_HLC27CCXX_L1_read494","MuTIR_3",94.203,69,4,0,82,150,1,69,1.3e-27,106,"GACCTCAAA","+"
"210",343,"Hi27Goodman-Buckler_HLC27CCXX_L1_read495","MuTIR_3",93.548,62,4,0,89,150,1,62,1.01e-23,93.5,"TCTAAAAGA","+"
"211",344,"Hi27Goodman-Buckler_HLC27CCXX_L1_read496","MuTIR_3",94.203,69,4,0,82,150,1,69,1.3e-27,106,"GACCTCAAA","+"
"212",345,"Hi27Goodman-Buckler_HLC27CCXX_L1_read498","MuTIR_3",91.525,118,10,0,24,141,1,118,7.61e-45,163,"CTCGTGGAG","+"
"214",349,"Hi27Goodman-Buckler_HLC27CCXX_L1_read505","MuTIR_3",91.667,108,9,0,43,150,1,108,5.92e-41,150,"CACGGGGAC","+"
"215",350,"Hi27Goodman-Buckler_HLC27CCXX_L1_read509","MuTIR_3",92.157,102,8,0,49,150,1,102,2.76e-39,145,"TCGGCAAGC","+"
"222",365,"Hi27Goodman-Buckler_HLC27CCXX_L1_read529","MuTIR_3",92.308,65,5,0,86,150,1,65,1.01e-23,93.5,"CTCCAGGAT","+"
"225",398,"Hi27Goodman-Buckler_HLC27CCXX_L1_read608","MuTIR_4",94.318,88,5,0,60,147,1,88,1.66e-36,135,"CATGAGCTG","+"
"226",399,"Hi27Goodman-Buckler_HLC27CCXX_L1_read610","MuTIR_4",92.537,134,10,0,17,150,1,134,2.7e-54,195,"GGGAGCGGT","+"
"227",400,"Hi27Goodman-Buckler_HLC27CCXX_L1_read613","MuTIR_4",85.841,113,16,0,38,150,1,113,1.29e-32,122,"GTGACTGAG","+"
"228",401,"Hi27Goodman-Buckler_HLC27CCXX_L1_read614","MuTIR_4",86.923,130,17,0,12,141,1,130,2.13e-40,148,"GTGACTGAG","+"
"229",402,"Hi27Goodman-Buckler_HLC27CCXX_L1_read616","MuTIR_4",91.86,86,7,0,52,137,1,86,4.64e-32,121,"GTGACTGAG","+"
"230",403,"Hi27Goodman-Buckler_HLC27CCXX_L1_read621","MuTIR_4",91,100,9,0,48,147,1,100,1.66e-36,135,"CTCGACATA","+"
"231",404,"Hi27Goodman-Buckler_HLC27CCXX_L1_read622","MuTIR_4",91.86,86,7,0,52,137,1,86,4.64e-32,121,"GTGACTGAG","+"
"233",406,"Hi27Goodman-Buckler_HLC27CCXX_L1_read625","MuTIR_4",94.318,88,5,0,60,147,1,88,1.66e-36,135,"CATGAGCTG","+"
"235",408,"Hi27Goodman-Buckler_HLC27CCXX_L1_read631","MuTIR_4",95.062,81,4,0,70,150,1,81,2.77e-34,128,"CTCGACATA","+"
"236",409,"Hi27Goodman-Buckler_HLC27CCXX_L1_read634","MuTIR_4",89.076,119,13,0,27,145,1,119,5.92e-41,150,"CGGCCACCG","+"
"237",410,"Hi27Goodman-Buckler_HLC27CCXX_L1_read636","MuTIR_4",85.586,111,16,0,21,131,1,111,1.67e-31,119,"GTTAAAAAG","+"
"238",411,"Hi27Goodman-Buckler_HLC27CCXX_L1_read638","MuTIR_4",100,36,0,0,115,150,1,36,6.14e-16,67.6,"CTCGACATA","+"
"239",412,"Hi27Goodman-Buckler_HLC27CCXX_L1_read639","MuTIR_4",90.698,86,8,0,62,147,1,86,2.16e-30,115,"GTGACTGAG","+"
"240",413,"Hi27Goodman-Buckler_HLC27CCXX_L1_read640","MuTIR_4",98.214,56,1,0,91,146,1,56,2.18e-25,99,"CTCGACATA","+"
"246",419,"Hi27Goodman-Buckler_HLC27CCXX_L1_read652","MuTIR_4",86.923,130,17,0,12,141,1,130,2.13e-40,148,"CTGCAGATN","-"
"249",422,"Hi27Goodman-Buckler_HLC27CCXX_L1_read660","MuTIR_4",86.923,130,17,0,12,141,1,130,2.13e-40,148,"CTGCAGATA","-"
"255",428,"Hi27Goodman-Buckler_HLC27CCXX_L1_read671","MuTIR_4",90.698,86,8,0,49,134,1,86,2.16e-30,115,"CGGACGTGG","-"
"263",456,"Hi27Goodman-Buckler_HLC27CCXX_L1_read724","MuTIR_4",89.157,83,9,0,68,150,1,83,4.68e-27,104,"GTGTGTGGG","+"
"266",462,"Hi27Goodman-Buckler_HLC27CCXX_L1_read731","MuTIR_4",89.535,86,9,0,54,139,1,86,1.01e-28,110,"CGGACGTGG","-"
"267",470,"Hi27Goodman-Buckler_HLC27CCXX_L1_read745","MuTIR_5",90.426,94,7,1,48,139,1,94,3.59e-33,124,"AGCTGCGGC","+"
"268",471,"Hi27Goodman-Buckler_HLC27CCXX_L1_read746","MuTIR_5",89.474,95,8,1,53,145,1,95,4.64e-32,121,"CTCAGAAAG","+"
"269",472,"Hi27Goodman-Buckler_HLC27CCXX_L1_read747","MuTIR_5",88.571,105,10,1,44,146,1,105,2.77e-34,128,"ACCTTGACA","+"
"270",473,"Hi27Goodman-Buckler_HLC27CCXX_L1_read750","MuTIR_5",91.304,92,6,1,61,150,1,92,9.98e-34,126,"CGAGACGGC","+"
"271",474,"Hi27Goodman-Buckler_HLC27CCXX_L1_read751","MuTIR_5",90,90,7,1,63,150,1,90,6.01e-31,117,"ATTGAGCCC","+"
"272",475,"Hi27Goodman-Buckler_HLC27CCXX_L1_read755","MuTIR_5",89.744,117,10,1,30,144,1,117,5.92e-41,150,"ATTGAGCCC","+"
"273",476,"Hi27Goodman-Buckler_HLC27CCXX_L1_read756","MuTIR_5",88.571,105,10,1,48,150,1,105,2.77e-34,128,"AGCTGCGGC","+"
"274",477,"Hi27Goodman-Buckler_HLC27CCXX_L1_read757","MuTIR_5",89.286,112,10,1,33,142,1,112,3.56e-38,141,"GGCTACATC","+"
"275",478,"Hi27Goodman-Buckler_HLC27CCXX_L1_read758","MuTIR_5",88.571,105,10,1,44,146,1,105,2.77e-34,128,"ACCTTGACA","+"
"276",479,"Hi27Goodman-Buckler_HLC27CCXX_L1_read760","MuTIR_5",95.918,49,2,0,87,135,1,49,7.88e-20,80.5,"ATTGAGCCC","+"
"277",480,"Hi27Goodman-Buckler_HLC27CCXX_L1_read761","MuTIR_5",87.736,106,11,1,47,150,1,106,3.59e-33,124,"CTCAGAAAG","+"
"280",483,"Hi27Goodman-Buckler_HLC27CCXX_L1_read766","MuTIR_5",88.571,105,10,1,18,120,1,105,2.77e-34,128,"GAATTGATT","-"
"284",487,"Hi27Goodman-Buckler_HLC27CCXX_L1_read772","MuTIR_5",88.43,121,11,2,23,140,1,121,2.76e-39,145,"CCCCATTAG","-"
"286",489,"Hi27Goodman-Buckler_HLC27CCXX_L1_read774","MuTIR_5",88.571,105,10,1,18,120,1,105,2.77e-34,128,"GAATTGATT","-"
"289",500,"Hi27Goodman-Buckler_HLC27CCXX_L1_read815","MuTIR_6",96.923,65,2,0,86,150,1,65,1.01e-28,110,"TGCACTACG","+"
"290",501,"Hi27Goodman-Buckler_HLC27CCXX_L1_read816","MuTIR_6",96.491,114,4,0,37,150,1,114,1.25e-52,189,"TGTACTACG","+"
"291",502,"Hi27Goodman-Buckler_HLC27CCXX_L1_read818","MuTIR_6",94.949,99,5,0,52,150,1,99,1.27e-42,156,"TGCACTATG","+"
"298",509,"Hi27Goodman-Buckler_HLC27CCXX_L1_read830","MuTIR_6",96.154,104,4,0,47,150,1,104,4.55e-47,171,"CCGTAGATC","+"
"299",510,"Hi27Goodman-Buckler_HLC27CCXX_L1_read831","MuTIR_6",95.745,47,2,0,104,150,1,47,1.02e-18,76.8,"ATGCAGATG","+"
"300",512,"Hi27Goodman-Buckler_HLC27CCXX_L1_read836","MuTIR_6",96.429,56,2,0,95,150,1,56,1.01e-23,93.5,"CCGTAGATC","+"
"301",513,"Hi27Goodman-Buckler_HLC27CCXX_L1_read838","MuTIR_6",98.214,56,1,0,95,150,1,56,2.18e-25,99,"ATGCAGATG","+"
"305",528,"Hi27Goodman-Buckler_HLC27CCXX_L1_read915","MuTIR_7",94.4,125,6,1,26,150,1,124,2.7e-54,195,"CTTAGGAAG","+"
"306",529,"Hi27Goodman-Buckler_HLC27CCXX_L1_read916","MuTIR_7",90.667,75,7,0,76,150,1,75,4.68e-27,104,"TCGTACCGC","+"
"310",534,"Hi27Goodman-Buckler_HLC27CCXX_L1_read924","MuTIR_7",89.61,77,7,1,75,150,1,77,6.05e-26,100,"TACCTAGTT","+"
"311",535,"Hi27Goodman-Buckler_HLC27CCXX_L1_read925","MuTIR_7",89.61,77,7,1,75,150,1,77,6.05e-26,100,"TACCTAGTT","+"
"312",536,"Hi27Goodman-Buckler_HLC27CCXX_L1_read926","MuTIR_7",89.61,77,7,1,75,150,1,77,6.05e-26,100,"TACCTAGTT","+"
"313",537,"Hi27Goodman-Buckler_HLC27CCXX_L1_read927","MuTIR_7",92.174,115,7,2,37,150,1,114,2.11e-45,165,"TACCTAGTT","+"
"314",538,"Hi27Goodman-Buckler_HLC27CCXX_L1_read928","MuTIR_7",89.706,68,6,1,83,149,1,68,1.31e-22,89.8,"TACCTAGTT","+"
"320",558,"Hi27Goodman-Buckler_HADTMADXX_read1","MuTIR_1",93.289,149,9,1,30,178,1,148,2.16e-61,219,"TTTTTTGTG","+"
"321",559,"Hi27Goodman-Buckler_HADTMADXX_read2","MuTIR_1",94.928,138,6,1,42,179,1,137,2.79e-60,215,"AGATGTAGC","+"
"322",560,"Hi27Goodman-Buckler_HADTMADXX_read4","MuTIR_1",94.737,95,4,1,23,117,1,94,1.03e-39,147,"CATCCATTT","+"
"323",561,"Hi27Goodman-Buckler_HADTMADXX_read7","MuTIR_1",95.775,71,2,1,46,116,1,70,1.05e-29,113,"GCTGGCGAC","+"
"324",562,"Hi27Goodman-Buckler_HADTMADXX_read8","MuTIR_1",94.737,95,4,1,93,187,1,94,1.03e-39,147,"GCTGGCGAC","+"
"325",563,"Hi27Goodman-Buckler_HADTMADXX_read9","MuTIR_1",93.289,149,9,1,19,167,1,148,2.16e-61,219,"TTCCTGTCC","-"
"328",566,"Hi27Goodman-Buckler_HADTMADXX_read18","MuTIR_1",94.737,95,4,1,63,157,1,94,1.03e-39,147,"TCTTCCTGA","-"
"329",578,"Hi27Goodman-Buckler_HADTMADXX_read36","MuTIR_1",86.26,131,10,5,54,179,1,128,2.23e-36,135,"GTCTGATCT","+"
"331",585,"Hi27Goodman-Buckler_HADTMADXX_read70","MuTIR_2",91.86,86,7,0,115,200,1,86,6.26e-32,121,"CTATAATAC","+"
"332",586,"Hi27Goodman-Buckler_HADTMADXX_read74","MuTIR_2",90.625,128,12,0,28,155,1,128,6.12e-47,171,"CTATAATAC","+"
"336",590,"Hi27Goodman-Buckler_HADTMADXX_read86","MuTIR_2",88,150,18,0,30,179,1,150,3.66e-49,178,"TCATTGATA","-"
"337",592,"Hi27Goodman-Buckler_HADTMADXX_read91","MuTIR_2",87.591,137,15,1,21,155,1,137,4.77e-43,158,"ATTCGTGTG","+"
"339",594,"Hi27Goodman-Buckler_HADTMADXX_read93","MuTIR_2",88.596,114,13,0,76,189,1,114,1.73e-37,139,"TCCTTGGAC","+"
"341",598,"Hi27Goodman-Buckler_HADTMADXX_read99","MuTIR_3",93.86,114,5,2,40,152,1,113,6.12e-47,171,"CATATGTAC","+"
"342",599,"Hi27Goodman-Buckler_HADTMADXX_read101","MuTIR_3",95.522,67,3,0,135,201,1,67,4.87e-28,108,"TTGACAGGT","+"
"343",600,"Hi27Goodman-Buckler_HADTMADXX_read103","MuTIR_3",93.985,133,8,0,17,149,1,133,2.17e-56,202,"AAAAAATGG","+"
"344",601,"Hi27Goodman-Buckler_HADTMADXX_read104","MuTIR_3",97.872,47,1,0,152,198,1,47,2.95e-20,82.4,"CCCTGCGAG","+"
"348",608,"Hi27Goodman-Buckler_HADTMADXX_read113","MuTIR_3",92.045,88,7,0,114,201,1,88,4.84e-33,124,"ACTGCAGTA","+"
"349",609,"Hi27Goodman-Buckler_HADTMADXX_read114","MuTIR_3",93.75,64,4,0,138,201,1,64,1.05e-24,97.1,"ACTGCAGTA","+"
"350",610,"Hi27Goodman-Buckler_HADTMADXX_read115","MuTIR_3",92.222,90,7,0,59,148,1,90,3.74e-34,128,"TCCTCGAAC","+"
"352",613,"Hi27Goodman-Buckler_HADTMADXX_read118","MuTIR_3",90.769,130,12,0,4,133,1,130,4.73e-48,174,"AGTAACGAC","-"
"354",615,"Hi27Goodman-Buckler_HADTMADXX_read120","MuTIR_3",83.168,101,15,2,102,201,1,100,4.91e-23,91.6,"CCCAGGGGG","+"
"358",629,"Hi27Goodman-Buckler_HADTMADXX_read154","MuTIR_4",94.382,89,5,0,106,194,1,89,6.21e-37,137,"CGGCCACCG","+"
"359",630,"Hi27Goodman-Buckler_HADTMADXX_read155","MuTIR_4",85.981,107,15,0,22,128,1,107,8.09e-31,117,"GTGACTGAG","+"
"360",631,"Hi27Goodman-Buckler_HADTMADXX_read156","MuTIR_4",94,100,6,0,101,200,1,100,2.22e-41,152,"CCGTAGACG","+"
"361",632,"Hi27Goodman-Buckler_HADTMADXX_read157","MuTIR_4",93.333,120,8,0,57,176,1,120,1.02e-49,180,"GCAAGAGAG","+"
"362",633,"Hi27Goodman-Buckler_HADTMADXX_read158","MuTIR_4",95.238,63,3,0,137,199,1,63,8.15e-26,100,"CATGAGCTG","+"
"364",635,"Hi27Goodman-Buckler_HADTMADXX_read160","MuTIR_4",100,39,0,0,163,201,1,39,1.78e-17,73.1,"GAGGGCGGT","+"
"365",636,"Hi27Goodman-Buckler_HADTMADXX_read161","MuTIR_4",93.197,147,10,0,45,191,1,147,2.16e-61,219,"GAGAGCGGT","+"
"366",637,"Hi27Goodman-Buckler_HADTMADXX_read164","MuTIR_4",91.071,112,10,0,90,201,1,112,6.17e-42,154,"CGGCCACCG","+"
"371",642,"Hi27Goodman-Buckler_HADTMADXX_read170","MuTIR_4",92.517,147,11,0,8,154,1,147,1e-59,213,"CCTTCCTCT","-"
"376",647,"Hi27Goodman-Buckler_HADTMADXX_read175","MuTIR_4",93.197,147,10,0,32,178,1,147,2.16e-61,219,"CTTTGCTCC","-"
"377",650,"Hi27Goodman-Buckler_HADTMADXX_read182","MuTIR_4",87.248,149,19,0,26,174,1,149,1.7e-47,172,"TCCAGTTCA","+"
"378",651,"Hi27Goodman-Buckler_HADTMADXX_read183","MuTIR_4",87.248,149,18,1,39,186,1,149,6.12e-47,171,"CGCCGAAGC","+"
"379",652,"Hi27Goodman-Buckler_HADTMADXX_read185","MuTIR_4",88.571,140,16,0,45,184,1,140,1.7e-47,172,"GACTTTAGC","+"
"380",653,"Hi27Goodman-Buckler_HADTMADXX_read186","MuTIR_4",87.248,149,18,1,43,190,1,149,6.12e-47,171,"ATCCTCCGT","-"
"383",660,"Hi27Goodman-Buckler_HADTMADXX_read199","MuTIR_4",89.394,66,7,0,103,168,1,66,8.21e-21,84.2,"GCCATTAAG","+"
"385",666,"Hi27Goodman-Buckler_HADTMADXX_read205","MuTIR_5",89.262,149,14,1,49,195,1,149,6.08e-52,187,"GCTGCAGGA","+"
"386",667,"Hi27Goodman-Buckler_HADTMADXX_read207","MuTIR_5",82.895,152,19,2,45,189,1,152,2.89e-35,132,"ACCTTGACA","+"
"387",668,"Hi27Goodman-Buckler_HADTMADXX_read208","MuTIR_5",86.667,120,14,1,30,147,1,120,8.04e-36,134,"CTCAGAAAG","+"
"388",669,"Hi27Goodman-Buckler_HADTMADXX_read210","MuTIR_5",87.5,120,13,1,33,150,1,120,1.73e-37,139,"CCGTTACAT","-"
"391",672,"Hi27Goodman-Buckler_HADTMADXX_read225","MuTIR_6",97.015,67,2,0,94,160,1,67,1.05e-29,113,"TGTACTACG","+"
"392",673,"Hi27Goodman-Buckler_HADTMADXX_read228","MuTIR_6",96,150,6,0,27,176,1,150,3.56e-69,244,"TGCACTACG","+"
"394",675,"Hi27Goodman-Buckler_HADTMADXX_read233","MuTIR_6",96,150,6,0,24,173,1,150,3.56e-69,244,"CCGTAGATC","+"
"395",676,"Hi27Goodman-Buckler_HADTMADXX_read234","MuTIR_6",93.846,65,4,0,76,140,1,65,2.93e-25,99,"AGGAGAGGG","+"
"396",677,"Hi27Goodman-Buckler_HADTMADXX_read235","MuTIR_6",96,75,3,0,127,201,1,75,1.74e-32,122,"CCGTAGATC","+"
"397",678,"Hi27Goodman-Buckler_HADTMADXX_read237","MuTIR_6",96,150,6,0,26,175,1,150,3.56e-69,244,"CAATGATAC","-"
"401",682,"Hi27Goodman-Buckler_HADTMADXX_read241","MuTIR_3",85.606,132,17,2,16,146,1,131,6.21e-37,137,"GCAGGCTAG","+"
