"","X","qname","sname","percent_identity","alignment_length","mismatches","gap_opens","q_start","q_end","s_start","s_end","evalue","bit_score","tsds","strand"
"1",1,"I29_HADTMADXX_read2","MuTIR_1",96.296,54,1,1,148,201,1,53,6.35e-22,87.9,"CTTCCAACC","+"
"2",2,"I29_HADTMADXX_read3","MuTIR_1",94.631,149,7,1,28,176,1,148,9.96e-65,230,"GAGAGCCTC","+"
"3",3,"I29_HADTMADXX_read4","MuTIR_1",94.495,109,5,1,93,201,1,108,7.92e-46,167,"CTTCCAACC","+"
"4",4,"I29_HADTMADXX_read5","MuTIR_1",94.737,95,4,1,20,114,1,94,1.03e-39,147,"CATCCATTT","+"
"6",6,"I29_HADTMADXX_read9","MuTIR_1",93.913,115,6,1,86,200,1,114,1.7e-47,172,"GTCGCCAGC","+"
"7",7,"I29_HADTMADXX_read10","MuTIR_1",95,80,3,1,122,201,1,79,4.84e-33,124,"CTTCCAACC","+"
"8",8,"I29_HADTMADXX_read11","MuTIR_1",94.805,77,3,1,125,201,1,76,2.25e-31,119,"CATCCATTT","+"
"9",9,"I29_HADTMADXX_read13","MuTIR_1",98.113,53,0,1,100,152,1,52,4.91e-23,91.6,"AGAGACACG","+"
"10",10,"I29_HADTMADXX_read15","MuTIR_1",93.798,129,7,1,13,141,1,128,1.31e-53,193,"GTCGGCTGG","+"
"11",11,"I29_HADTMADXX_read16","MuTIR_1",93.96,149,8,1,27,175,1,148,4.64e-63,224,"GGTTGGAAG","+"
"12",12,"I29_HADTMADXX_read17","MuTIR_1",94.928,138,6,1,64,201,1,137,2.79e-60,215,"TTTCTGGAC","+"
"15",15,"I29_HADTMADXX_read21","MuTIR_1",94.631,149,7,1,36,184,1,148,9.96e-65,230,"ATCCTGTCA","-"
"16",16,"I29_HADTMADXX_read22","MuTIR_1",94.737,95,4,1,5,99,1,94,1.03e-39,147,"TCTTCCTGA","-"
"21",21,"I29_HADTMADXX_read31","MuTIR_1",94.483,145,7,1,39,183,1,144,1.67e-62,222,"CAATGTCCT","-"
"22",24,"I29_HADTMADXX_read45","MuTIR_1",90.164,61,3,3,130,190,1,58,1.37e-18,76.8,"GTCTGATCT","+"
"24",34,"I29_HADTMADXX_read85","MuTIR_2",91.15,113,10,0,68,180,1,113,6.17e-42,154,"TCCAACGAG","+"
"25",35,"I29_HADTMADXX_read87","MuTIR_2",85.156,128,18,1,12,139,1,127,1.04e-34,130,"ACATGGTGG","+"
"26",36,"I29_HADTMADXX_read89","MuTIR_2",86.577,149,20,0,36,184,1,149,2.85e-45,165,"GGCTCTCTG","+"
"27",37,"I29_HADTMADXX_read91","MuTIR_2",90.833,120,11,0,63,182,1,120,3.69e-44,161,"TGCGTGGAC","+"
"28",38,"I29_HADTMADXX_read92","MuTIR_2",90.541,148,14,0,54,201,1,148,1.01e-54,196,"GGTGCTGGG","+"
"29",39,"I29_HADTMADXX_read95","MuTIR_2",93.798,129,8,0,12,140,1,129,3.63e-54,195,"CCCAGAGCC","+"
"30",40,"I29_HADTMADXX_read96","MuTIR_2",89.796,98,10,0,99,196,1,98,1.34e-33,126,"CTACTCGGT","+"
"31",41,"I29_HADTMADXX_read98","MuTIR_2",93.258,89,6,0,113,201,1,89,2.89e-35,132,"TGCAATGAT","+"
"32",42,"I29_HADTMADXX_read102","MuTIR_2",88.194,144,17,0,58,201,1,144,1.7e-47,172,"GGCTCTGGG","+"
"33",43,"I29_HADTMADXX_read103","MuTIR_2",92.667,150,9,2,33,181,1,149,2.79e-60,215,"TGCCGCCGC","+"
"34",44,"I29_HADTMADXX_read104","MuTIR_2",90.833,120,11,0,67,186,1,120,3.69e-44,161,"TGCGTGGAC","+"
"35",45,"I29_HADTMADXX_read105","MuTIR_2",91.262,103,9,0,99,201,1,103,4.8e-38,141,"TCCAACGAG","+"
"36",46,"I29_HADTMADXX_read106","MuTIR_2",90.833,120,11,0,19,138,1,120,3.69e-44,161,"TGCGTGGAC","+"
"37",47,"I29_HADTMADXX_read108","MuTIR_2",89.706,136,14,0,60,195,1,136,4.73e-48,174,"GCTGGGAAG","+"
"38",48,"I29_HADTMADXX_read110","MuTIR_2",88.889,135,14,1,14,147,1,135,2.85e-45,165,"TGCAATGAT","+"
"43",53,"I29_HADTMADXX_read121","MuTIR_2",86.577,149,20,0,14,162,1,149,2.85e-45,165,"CCAGTGATA","-"
"44",54,"I29_HADTMADXX_read123","MuTIR_2",90.833,120,11,0,57,176,1,120,3.69e-44,161,"GCAATCACC","-"
"46",56,"I29_HADTMADXX_read125","MuTIR_2",90.604,149,14,0,13,161,1,149,2.81e-55,198,"CCAGTGATA","-"
"53",63,"I29_HADTMADXX_read136","MuTIR_2",90.833,120,11,0,22,141,1,120,3.69e-44,161,"GCAATCACC","-"
"56",66,"I29_HADTMADXX_read140","MuTIR_2",89.333,150,16,0,5,154,1,150,1.69e-52,189,"CCATTGATA","-"
"62",77,"I29_HADTMADXX_read162","MuTIR_2",85.039,127,16,1,78,201,1,127,1.34e-33,126,"CTCGTTGGA","+"
"65",85,"I29_HADTMADXX_read186","MuTIR_3",92.373,118,7,2,76,192,1,117,7.92e-46,167,"TAAACCATT","-"
"66",86,"I29_HADTMADXX_read189","MuTIR_3",92.667,150,11,0,13,162,1,150,2.16e-61,219,"TCGTTGACA","-"
"67",88,"I29_HADTMADXX_read191","MuTIR_3",93.284,134,9,0,66,199,1,134,2.81e-55,198,"GCCCTTCCC","+"
"68",89,"I29_HADTMADXX_read192","MuTIR_3",93.182,132,9,0,51,182,1,132,3.63e-54,195,"GCCCTTCCC","+"
"69",90,"I29_HADTMADXX_read193","MuTIR_3",92.958,71,5,0,130,200,1,71,6.3e-27,104,"AGGGGTCGC","+"
"70",91,"I29_HADTMADXX_read196","MuTIR_3",93.519,108,7,0,92,199,1,108,3.69e-44,161,"CCAGTGCAG","+"
"71",92,"I29_HADTMADXX_read197","MuTIR_3",90.977,133,12,0,55,187,1,133,1.02e-49,180,"AGGGGTCGC","+"
"74",95,"I29_HADTMADXX_read200","MuTIR_3",90.977,133,12,0,18,150,1,133,1.02e-49,180,"AACGACGAT","-"
"76",97,"I29_HADTMADXX_read202","MuTIR_3",88.667,150,17,0,27,176,1,150,2.19e-51,185,"TCGTTGAAA","-"
"77",98,"I29_HADTMADXX_read203","MuTIR_3",93.22,59,4,0,87,145,1,59,6.35e-22,87.9,"CCTGTGGAA","+"
"78",99,"I29_HADTMADXX_read204","MuTIR_3",92.481,133,10,0,19,151,1,133,4.7e-53,191,"TTCCACAGG","+"
"79",101,"I29_HADTMADXX_read207","MuTIR_3",90,90,9,0,109,198,1,90,8.09e-31,117,"GGTGTGGTG","+"
"80",102,"I29_HADTMADXX_read209","MuTIR_3",91.566,83,7,0,113,195,1,83,2.91e-30,115,"GGTGTGGTG","+"
"81",103,"I29_HADTMADXX_read211","MuTIR_3",91.892,111,9,0,88,198,1,111,1.72e-42,156,"CCCTGTATT","+"
"82",104,"I29_HADTMADXX_read213","MuTIR_3",94.118,68,4,0,134,201,1,68,6.3e-27,104,"CCCTGTATT","+"
"84",106,"I29_HADTMADXX_read216","MuTIR_3",92.481,133,10,0,58,190,1,133,4.7e-53,191,"AACGACGAC","-"
"89",116,"I29_HADTMADXX_read232","MuTIR_3",89.474,114,11,1,86,198,1,114,1.34e-38,143,"CTCTCTGCT","+"
"91",119,"I29_HADTMADXX_read236","MuTIR_3",88.372,129,14,1,60,187,1,129,6.17e-42,154,"GGATTCAGA","-"
"92",129,"I29_HADTMADXX_read262","MuTIR_4",95.455,66,3,0,136,201,1,66,1.75e-27,106,"CCGTAGACG","+"
"93",130,"I29_HADTMADXX_read268","MuTIR_4",91.919,99,8,0,76,174,1,99,1.73e-37,139,"CGGCCACCG","+"
"97",134,"I29_HADTMADXX_read294","MuTIR_4",87.255,102,12,1,99,200,1,101,2.91e-30,115,"TCCAGTTCA","+"
"98",135,"I29_HADTMADXX_read295","MuTIR_4",89.552,67,6,1,119,185,1,66,8.21e-21,84.2,"GACTTTAGC","+"
"101",144,"I29_HADTMADXX_read315","MuTIR_5",91.667,72,4,1,132,201,1,72,8.15e-26,100,"CCGCTAGCT","+"
"102",145,"I29_HADTMADXX_read320","MuTIR_5",90.756,119,9,1,85,201,1,119,1.33e-43,159,"CGAGACGGC","+"
"104",147,"I29_HADTMADXX_read322","MuTIR_5",86.667,120,13,2,39,155,1,120,1.04e-34,130,"GCGGCATTG","+"
"105",148,"I29_HADTMADXX_read323","MuTIR_5",91.489,94,6,1,101,192,1,94,1.04e-34,130,"ACGAAGCGC","-"
"106",149,"I29_HADTMADXX_read326","MuTIR_5",86.577,149,18,1,29,175,1,149,2.85e-45,165,"TCTGCCGCC","-"
"108",151,"I29_HADTMADXX_read341","MuTIR_6",89.076,119,10,2,37,154,1,117,3.71e-39,145,"GGGAGGGAG","+"
"109",152,"I29_HADTMADXX_read342","MuTIR_6",96.104,77,3,0,125,201,1,77,1.34e-33,126,"TGCACTACG","+"
"110",153,"I29_HADTMADXX_read344","MuTIR_6",96,125,5,0,77,201,1,125,6.04e-57,204,"TGTACTACG","+"
"111",154,"I29_HADTMADXX_read347","MuTIR_6",96,150,6,0,29,178,1,150,3.56e-69,244,"CACTAATTG","-"
"112",155,"I29_HADTMADXX_read352","MuTIR_6",96.552,87,3,0,89,175,1,87,3.71e-39,145,"TCCTAGGCT","+"
"113",156,"I29_HADTMADXX_read353","MuTIR_6",96.61,118,4,0,84,201,1,118,1.01e-54,196,"AGGAGAGGG","+"
"116",159,"I29_HADTMADXX_read357","MuTIR_6",94.667,150,8,0,31,180,1,150,7.7e-66,233,"CACTGATAC","-"
"117",160,"I29_HADTMADXX_read358","MuTIR_3",85.821,134,17,2,30,162,1,133,4.8e-38,141,"GCAGGCTAG","+"
"118",161,"I29_HADTMADXX_read360","MuTIR_3",85.821,134,17,2,6,138,1,133,4.8e-38,141,"AACGTCGAT","-"
"119",167,"I29_HA5R1ADXX_GGCTAC_read1","MuTIR_1",92.908,141,9,1,28,168,1,140,6.04e-57,204,"AGAGACACG","+"
"120",168,"I29_HA5R1ADXX_GGCTAC_read2","MuTIR_1",98.551,69,0,1,133,201,1,68,6.26e-32,121,"GAGAGCCTC","+"
"121",169,"I29_HA5R1ADXX_GGCTAC_read3","MuTIR_1",93.617,141,8,1,20,160,1,140,1.3e-58,209,"GTCGGCTGG","+"
"122",170,"I29_HA5R1ADXX_GGCTAC_read4","MuTIR_1",95.833,96,3,1,75,170,1,95,6.17e-42,154,"GAGAGCCTC","+"
"123",171,"I29_HA5R1ADXX_GGCTAC_read5","MuTIR_1",93.684,95,5,1,103,197,1,94,4.8e-38,141,"CAAGGGGGG","+"
"124",172,"I29_HA5R1ADXX_GGCTAC_read6","MuTIR_1",93.284,134,7,2,63,196,1,132,1.01e-54,196,"CCCACCTTG","+"
"125",173,"I29_HA5R1ADXX_GGCTAC_read8","MuTIR_1",92.617,149,10,1,16,164,1,148,1e-59,213,"GAGGCTCTC","+"
"126",174,"I29_HA5R1ADXX_GGCTAC_read9","MuTIR_1",95.789,95,3,1,24,118,1,94,2.22e-41,152,"CAAGGTGGG","+"
"127",175,"I29_HA5R1ADXX_GGCTAC_read10","MuTIR_1",95.789,95,3,1,18,112,1,94,2.22e-41,152,"CAAGGTGGG","+"
"128",176,"I29_HA5R1ADXX_GGCTAC_read11","MuTIR_1",96.512,86,2,1,34,119,1,85,4.8e-38,141,"GTCGCCAGC","+"
"129",177,"I29_HA5R1ADXX_GGCTAC_read13","MuTIR_1",96.512,86,2,1,113,198,1,85,4.8e-38,141,"GTCGGTCTA","+"
"130",178,"I29_HA5R1ADXX_GGCTAC_read14","MuTIR_1",98.837,86,0,1,113,198,1,85,2.22e-41,152,"CATCCAAAC","+"
"135",183,"I29_HA5R1ADXX_GGCTAC_read20","MuTIR_1",95.789,95,3,1,82,176,1,94,2.22e-41,152,"TCTTTCTGA","-"
"137",185,"I29_HA5R1ADXX_GGCTAC_read22","MuTIR_1",95.789,95,3,1,5,99,1,94,2.22e-41,152,"TCTTTCTGA","-"
"141",190,"I29_HA5R1ADXX_GGCTAC_read31","MuTIR_1",87.023,131,9,5,53,178,1,128,4.8e-38,141,"TGTATCAGT","-"
"143",194,"I29_HA5R1ADXX_GGCTAC_read58","MuTIR_2",88.591,149,17,0,21,169,1,149,2.83e-50,182,"GGCTCTGGG","+"
"144",195,"I29_HA5R1ADXX_GGCTAC_read60","MuTIR_2",93.798,129,8,0,32,160,1,129,3.63e-54,195,"CCCAGAGCC","+"
"145",196,"I29_HA5R1ADXX_GGCTAC_read64","MuTIR_2",90.411,146,14,0,54,199,1,146,1.31e-53,193,"GGGGTTTGT","+"
"147",198,"I29_HA5R1ADXX_GGCTAC_read71","MuTIR_2",95.455,88,4,0,37,124,1,88,4.8e-38,141,"TTCCTCGCC","+"
"148",199,"I29_HA5R1ADXX_GGCTAC_read73","MuTIR_2",94.118,68,4,0,96,163,1,68,6.3e-27,104,"TTGTCGAGA","+"
"149",200,"I29_HA5R1ADXX_GGCTAC_read74","MuTIR_2",85.906,149,21,0,11,159,1,149,1.33e-43,159,"CAGAGAGCC","+"
"150",201,"I29_HA5R1ADXX_GGCTAC_read78","MuTIR_2",91.406,128,11,0,28,155,1,128,1.32e-48,176,"CAGTAGTGA","-"
"151",202,"I29_HA5R1ADXX_GGCTAC_read82","MuTIR_2",88.591,149,17,0,30,178,1,149,2.83e-50,182,"CCAGTGATA","-"
"152",203,"I29_HA5R1ADXX_GGCTAC_read84","MuTIR_2",93.798,129,8,0,34,162,1,129,3.63e-54,195,"CGGATAGAA","-"
"155",206,"I29_HA5R1ADXX_GGCTAC_read94","MuTIR_2",95.455,88,4,0,105,192,1,88,4.8e-38,141,"AACAACCCA","-"
"157",208,"I29_HA5R1ADXX_GGCTAC_read97","MuTIR_2",85.906,149,21,0,38,186,1,149,1.33e-43,159,"CCAGTGATA","-"
"158",210,"I29_HA5R1ADXX_GGCTAC_read105","MuTIR_2",83.824,136,22,0,64,199,1,136,1.04e-34,130,"GGCTCTCTG","+"
"160",213,"I29_HA5R1ADXX_GGCTAC_read122","MuTIR_3",94.444,108,6,0,71,178,1,108,7.92e-46,167,"CCGAGCGCA","+"
"161",214,"I29_HA5R1ADXX_GGCTAC_read123","MuTIR_3",91.892,111,9,0,40,150,1,111,1.72e-42,156,"CCGTTTTTT","+"
"164",217,"I29_HA5R1ADXX_GGCTAC_read128","MuTIR_3",92.079,101,8,0,101,201,1,101,1.34e-38,143,"CTGGAGGAG","+"
"165",218,"I29_HA5R1ADXX_GGCTAC_read129","MuTIR_3",88.667,150,17,0,49,198,1,150,2.19e-51,185,"CCGCCCGCG","+"
"166",219,"I29_HA5R1ADXX_GGCTAC_read131","MuTIR_3",88.696,115,13,0,85,199,1,115,4.8e-38,141,"CCGCCCGCG","+"
"167",220,"I29_HA5R1ADXX_GGCTAC_read132","MuTIR_3",90.769,130,12,0,68,197,1,130,4.73e-48,174,"AGAGAGAGA","+"
"169",222,"I29_HA5R1ADXX_GGCTAC_read137","MuTIR_3",90.769,130,12,0,46,175,1,130,4.73e-48,174,"AGTAACGAC","-"
"171",224,"I29_HA5R1ADXX_GGCTAC_read141","MuTIR_3",91.026,78,7,0,124,201,1,78,1.75e-27,106,"GGTGTGGTG","+"
"172",226,"I29_HA5R1ADXX_GGCTAC_read143","MuTIR_3",93.443,122,8,0,59,180,1,122,2.83e-50,182,"CCTGTGGAA","+"
"173",227,"I29_HA5R1ADXX_GGCTAC_read145","MuTIR_3",91.729,133,11,0,16,148,1,133,2.19e-51,185,"CCTGTTTGA","+"
"174",228,"I29_HA5R1ADXX_GGCTAC_read146","MuTIR_3",94.286,70,4,0,41,110,1,70,4.87e-28,108,"CCCTGTATT","+"
"175",229,"I29_HA5R1ADXX_GGCTAC_read147","MuTIR_3",91.525,118,10,0,59,176,1,118,1.02e-44,163,"CTTCCACTG","+"
"176",230,"I29_HA5R1ADXX_GGCTAC_read148","MuTIR_3",92.481,133,10,0,27,159,1,133,4.7e-53,191,"AACGACGAC","-"
"178",232,"I29_HA5R1ADXX_GGCTAC_read150","MuTIR_3",91.729,133,11,0,53,185,1,133,2.19e-51,185,"AACGACGAC","-"
"181",235,"I29_HA5R1ADXX_GGCTAC_read154","MuTIR_3",91.729,133,11,0,53,185,1,133,2.19e-51,185,"AACGACGAC","-"
"182",243,"I29_HA5R1ADXX_GGCTAC_read178","MuTIR_4",91.86,86,7,0,107,192,1,86,6.26e-32,121,"GTGACTGAG","+"
"183",244,"I29_HA5R1ADXX_GGCTAC_read180","MuTIR_4",85.034,147,22,0,54,200,1,147,2.22e-41,152,"GTGACTGAG","+"
"185",246,"I29_HA5R1ADXX_GGCTAC_read187","MuTIR_4",84.459,148,22,1,21,168,1,147,1.03e-39,147,"AGCGACGAG","+"
"186",247,"I29_HA5R1ADXX_GGCTAC_read189","MuTIR_4",86.861,137,16,2,54,189,1,136,6.17e-42,154,"TCGGCGGTC","+"
"188",251,"I29_HA5R1ADXX_GGCTAC_read196","MuTIR_4",87.77,139,17,0,23,161,1,139,2.85e-45,165,"GTCGACAGC","+"
"191",255,"I29_HA5R1ADXX_GGCTAC_read209","MuTIR_4",85.906,149,21,0,35,183,1,149,3.69e-44,161,"ATCCACCGG","+"
"192",257,"I29_HA5R1ADXX_GGCTAC_read211","MuTIR_4",85.906,149,21,0,15,163,1,149,3.69e-44,161,"ATCCTTTGT","-"
"193",258,"I29_HA5R1ADXX_GGCTAC_read212","MuTIR_4",85.906,149,21,0,17,165,1,149,3.69e-44,161,"ATCCTTTGT","-"
"194",262,"I29_HA5R1ADXX_GGCTAC_read219","MuTIR_5",88.889,117,11,1,37,151,1,117,3.71e-39,145,"GGCTACATC","+"
"196",264,"I29_HA5R1ADXX_GGCTAC_read231","MuTIR_6",94.845,97,5,0,48,144,1,97,2.22e-41,152,"TGCACTATG","+"
"197",265,"I29_HA5R1ADXX_GGCTAC_read232","MuTIR_6",94.667,150,8,0,23,172,1,150,7.7e-66,233,"TGCACTATG","+"
"199",267,"I29_HA5R1ADXX_GGCTAC_read241","MuTIR_6",93.13,131,8,1,71,201,1,130,4.7e-53,191,"GATCGAACC","+"
"200",274,"I29_HLC27CCXX_L1_read1","MuTIR_1",98.438,64,0,1,87,150,1,63,2.79e-29,111,"GAGGCTCTC","+"
"201",275,"I29_HLC27CCXX_L1_read3","MuTIR_1",96.262,107,3,1,33,139,1,106,3.51e-48,174,"GTCGCCAGC","+"
"202",276,"I29_HLC27CCXX_L1_read4","MuTIR_1",97.849,93,1,1,58,150,1,92,9.84e-44,159,"CATCCAAAC","+"
"203",277,"I29_HLC27CCXX_L1_read5","MuTIR_1",92.481,133,8,2,18,150,1,131,1.25e-52,189,"GCCGTGCGA","+"
"204",278,"I29_HLC27CCXX_L1_read6","MuTIR_1",100,48,0,0,34,81,1,48,1.31e-22,89.8,"CATCCAAAC","+"
"205",279,"I29_HLC27CCXX_L1_read9","MuTIR_1",95.946,74,2,1,77,150,1,73,1.67e-31,119,"TAGACCGAC","+"
"206",280,"I29_HLC27CCXX_L1_read11","MuTIR_1",97.059,68,1,1,83,150,1,67,7.77e-30,113,"CTTCCAACC","+"
"207",281,"I29_HLC27CCXX_L1_read12","MuTIR_1",94.624,93,4,1,58,150,1,92,9.91e-39,143,"GTCGCCAGC","+"
"208",282,"I29_HLC27CCXX_L1_read14","MuTIR_1",97.222,72,1,1,79,150,1,71,4.64e-32,121,"GTTCAGAAA","+"
"209",283,"I29_HLC27CCXX_L1_read15","MuTIR_1",94.737,95,4,1,25,119,1,94,7.66e-40,147,"CATCCATTT","+"
"210",284,"I29_HLC27CCXX_L1_read17","MuTIR_1",94.444,90,4,1,61,150,1,89,4.61e-37,137,"GTCGGCTGG","+"
"211",285,"I29_HLC27CCXX_L1_read18","MuTIR_1",95.238,63,2,1,88,150,1,62,2.18e-25,99,"TAGACCGAC","+"
"212",286,"I29_HLC27CCXX_L1_read19","MuTIR_1",96.262,107,3,1,33,139,1,106,3.51e-48,174,"GTCGCCAGC","+"
"213",287,"I29_HLC27CCXX_L1_read20","MuTIR_1",95.833,48,2,0,102,149,1,48,2.83e-19,78.7,"GTTCAGAAA","+"
"214",288,"I29_HLC27CCXX_L1_read21","MuTIR_1",90.909,110,9,1,41,150,1,109,7.66e-40,147,"CTCTCTTTC","+"
"215",289,"I29_HLC27CCXX_L1_read23","MuTIR_1",95.181,83,3,1,68,150,1,82,7.71e-35,130,"CATCCATTT","+"
"216",290,"I29_HLC27CCXX_L1_read25","MuTIR_1",95.349,86,3,1,64,149,1,85,1.66e-36,135,"GAGGCTCTC","+"
"217",291,"I29_HLC27CCXX_L1_read27","MuTIR_1",94.595,111,5,1,40,150,1,110,4.55e-47,171,"GAAAGAGAG","+"
"219",293,"I29_HLC27CCXX_L1_read30","MuTIR_1",97.872,94,1,1,57,150,1,93,2.74e-44,161,"CATCCAAAC","+"
"220",294,"I29_HLC27CCXX_L1_read34","MuTIR_1",92.537,134,7,3,18,150,1,132,1.25e-52,189,"GTCGGTCTA","+"
"221",295,"I29_HLC27CCXX_L1_read35","MuTIR_1",94.737,95,4,1,27,121,1,94,7.66e-40,147,"GCTGGCGAC","+"
"222",296,"I29_HLC27CCXX_L1_read36","MuTIR_1",93.284,134,7,2,16,149,1,132,7.5e-55,196,"CCCACCTTG","+"
"223",297,"I29_HLC27CCXX_L1_read37","MuTIR_1",95.652,46,2,0,105,150,1,46,3.67e-18,75,"TAGACCGAC","+"
"224",298,"I29_HLC27CCXX_L1_read38","MuTIR_1",100,48,0,0,34,81,1,48,1.31e-22,89.8,"CATCCAAAC","+"
"225",299,"I29_HLC27CCXX_L1_read39","MuTIR_1",95.42,131,5,1,17,147,1,130,3.46e-58,207,"TTTCTGAAC","+"
"226",300,"I29_HLC27CCXX_L1_read40","MuTIR_1",92.632,95,6,1,40,134,1,94,1.66e-36,135,"TCGCACGGC","+"
"227",301,"I29_HLC27CCXX_L1_read41","MuTIR_1",94.737,95,4,1,30,124,1,94,7.66e-40,147,"CAAGGTGGG","+"
"228",302,"I29_HLC27CCXX_L1_read44","MuTIR_1",96.226,106,3,1,45,150,1,105,1.26e-47,172,"GAATACAAC","+"
"229",303,"I29_HLC27CCXX_L1_read46","MuTIR_1",97.872,94,1,1,56,149,1,93,2.74e-44,161,"CATCCAAAC","+"
"230",304,"I29_HLC27CCXX_L1_read49","MuTIR_1",95,120,5,1,29,148,1,119,4.51e-52,187,"GTTCAGAAA","+"
"256",330,"I29_HLC27CCXX_L1_read94","MuTIR_1",92.632,95,6,1,38,132,1,94,1.66e-36,135,"TATTCCTGG","-"
"259",333,"I29_HLC27CCXX_L1_read97","MuTIR_1",94.737,95,4,1,22,116,1,94,7.66e-40,147,"TTTTCCTAA","-"
"261",335,"I29_HLC27CCXX_L1_read100","MuTIR_1",92.632,95,6,1,38,132,1,94,1.66e-36,135,"TATTCCTGG","-"
"264",339,"I29_HLC27CCXX_L1_read111","MuTIR_1",93.684,95,5,1,51,145,1,94,3.56e-38,141,"GCTGGCGAC","+"
"267",384,"I29_HLC27CCXX_L1_read257","MuTIR_2",94.643,56,3,0,95,150,1,56,4.71e-22,87.9,"GCGACCTCC","+"
"268",385,"I29_HLC27CCXX_L1_read265","MuTIR_2",91.262,103,9,0,48,150,1,103,3.56e-38,141,"TGCAATGAT","+"
"269",386,"I29_HLC27CCXX_L1_read266","MuTIR_2",85.437,103,14,1,48,150,1,102,1.3e-27,106,"ACATGGTGG","+"
"270",387,"I29_HLC27CCXX_L1_read268","MuTIR_2",93.333,90,6,0,53,142,1,90,5.96e-36,134,"TTGTCGAGA","+"
"271",388,"I29_HLC27CCXX_L1_read271","MuTIR_2",92.683,82,6,0,63,144,1,82,1.67e-31,119,"TCCAACGAG","+"
"272",389,"I29_HLC27CCXX_L1_read272","MuTIR_2",92.188,64,5,0,87,150,1,64,3.64e-23,91.6,"GGCTCTGGG","+"
"273",390,"I29_HLC27CCXX_L1_read275","MuTIR_2",90.217,92,9,0,59,150,1,92,4.64e-32,121,"GAGGCAGAA","+"
"274",391,"I29_HLC27CCXX_L1_read277","MuTIR_2",85.437,103,14,1,48,150,1,102,1.3e-27,106,"ACATGGTGG","+"
"275",392,"I29_HLC27CCXX_L1_read279","MuTIR_2",88.679,106,12,0,45,150,1,106,7.71e-35,130,"GGCTCTGGG","+"
"276",393,"I29_HLC27CCXX_L1_read280","MuTIR_2",91.566,83,7,0,68,150,1,83,2.16e-30,115,"GGTGCTGGG","+"
"277",394,"I29_HLC27CCXX_L1_read281","MuTIR_2",90.217,92,9,0,59,150,1,92,4.64e-32,121,"GGCTCTCTG","+"
"278",395,"I29_HLC27CCXX_L1_read282","MuTIR_2",91.489,94,8,0,57,150,1,94,7.71e-35,130,"TGAAGTAAT","+"
"279",396,"I29_HLC27CCXX_L1_read286","MuTIR_2",91.089,101,9,0,48,148,1,101,4.61e-37,137,"GTTGGAAGA","+"
"280",397,"I29_HLC27CCXX_L1_read287","MuTIR_2",94.915,59,3,0,92,150,1,59,1.01e-23,93.5,"GTTGGAAGA","+"
"281",398,"I29_HLC27CCXX_L1_read290","MuTIR_2",91.406,128,11,0,12,139,1,128,9.77e-49,176,"CTCGTCAGC","+"
"282",399,"I29_HLC27CCXX_L1_read292","MuTIR_2",93.86,114,7,0,37,150,1,114,1.26e-47,172,"CCCAGAGCC","+"
"283",400,"I29_HLC27CCXX_L1_read295","MuTIR_2",95.522,67,3,0,84,150,1,67,3.61e-28,108,"GTTGGAAGA","+"
"284",401,"I29_HLC27CCXX_L1_read299","MuTIR_2",91.089,101,9,0,50,150,1,101,4.61e-37,137,"GTTGGAAGA","+"
"286",403,"I29_HLC27CCXX_L1_read303","MuTIR_2",92.857,126,7,2,26,150,1,125,2.1e-50,182,"TGCCGCCGC","+"
"287",404,"I29_HLC27CCXX_L1_read306","MuTIR_2",93.023,129,9,0,11,139,1,129,1.25e-52,189,"TTCTGCTAG","+"
"288",405,"I29_HLC27CCXX_L1_read307","MuTIR_2",87.5,128,16,0,23,150,1,128,2.13e-40,148,"GGCTCTCTG","+"
"289",406,"I29_HLC27CCXX_L1_read308","MuTIR_2",96.104,77,3,0,73,149,1,77,9.98e-34,126,"TTCCTCGCC","+"
"290",407,"I29_HLC27CCXX_L1_read309","MuTIR_2",90.789,76,7,0,65,140,1,76,1.68e-26,102,"ACATGGTGG","+"
"291",408,"I29_HLC27CCXX_L1_read311","MuTIR_2",93.043,115,8,0,36,150,1,115,1.63e-46,169,"TTCCTCGCC","+"
"292",409,"I29_HLC27CCXX_L1_read315","MuTIR_2",91.589,107,9,0,41,147,1,107,2.13e-40,148,"TCCAACGAG","+"
"293",410,"I29_HLC27CCXX_L1_read316","MuTIR_2",88.496,113,13,0,38,150,1,113,4.61e-37,137,"GGCTCTGGG","+"
"294",411,"I29_HLC27CCXX_L1_read317","MuTIR_2",93.939,66,4,0,85,150,1,66,6.05e-26,100,"GGTGCTGGG","+"
"299",416,"I29_HLC27CCXX_L1_read328","MuTIR_2",84.615,130,13,6,1,124,1,129,1.29e-32,122,"CGGATAGAA","-"
"303",420,"I29_HLC27CCXX_L1_read337","MuTIR_2",88.172,93,11,0,49,141,1,93,2.79e-29,111,"GTCACTCGC","-"
"314",431,"I29_HLC27CCXX_L1_read366","MuTIR_2",93.75,64,4,0,45,108,1,64,7.82e-25,97.1,"TTATTATAA","-"
"315",432,"I29_HLC27CCXX_L1_read369","MuTIR_2",93.798,129,8,0,5,133,1,129,2.7e-54,195,"CGGATAGAA","-"
"318",435,"I29_HLC27CCXX_L1_read375","MuTIR_2",91.406,128,11,0,8,135,1,128,9.77e-49,176,"CAGTAGTGA","-"
"321",438,"I29_HLC27CCXX_L1_read384","MuTIR_2",90.789,76,7,0,59,134,1,76,1.68e-26,102,"AAAAAAAAT","-"
"327",446,"I29_HLC27CCXX_L1_read405","MuTIR_2",88.71,124,14,0,27,150,1,124,1.65e-41,152,"CCCCGAGCC","+"
"329",453,"I29_HLC27CCXX_L1_read422","MuTIR_2",91.597,119,9,1,33,150,1,119,7.61e-45,163,"GATAGCGTG","+"
"332",466,"I29_HLC27CCXX_L1_read454","MuTIR_2",86.029,136,16,1,16,148,1,136,9.91e-39,143,"CTCGTTGGA","+"
"333",467,"I29_HLC27CCXX_L1_read455","MuTIR_2",87.952,83,7,1,56,135,1,83,2.81e-24,95.3,"CTCGTTGGA","+"
"336",486,"I29_HLC27CCXX_L1_read504","MuTIR_2",88.393,112,13,0,39,150,1,112,1.66e-36,135,"CTCGACAAG","+"
"337",488,"I29_HLC27CCXX_L1_read507","MuTIR_2",88.235,102,12,0,49,150,1,102,1.29e-32,122,"CTCGACAAG","+"
"343",518,"I29_HLC27CCXX_L1_read571","MuTIR_3",94.656,131,7,0,20,150,1,131,4.48e-57,204,"AAAACATTC","+"
"344",519,"I29_HLC27CCXX_L1_read572","MuTIR_3",95.455,44,2,0,107,150,1,44,4.74e-17,71.3,"TGCGCTCGG","+"
"345",520,"I29_HLC27CCXX_L1_read574","MuTIR_3",96.226,53,2,0,95,147,1,53,4.71e-22,87.9,"CCGTTTTTT","+"
"346",521,"I29_HLC27CCXX_L1_read575","MuTIR_3",94.595,111,6,0,40,150,1,111,1.26e-47,172,"AAAAAATGG","+"
"348",523,"I29_HLC27CCXX_L1_read579","MuTIR_3",94.231,104,6,0,47,150,1,104,9.84e-44,159,"AAAACATTC","+"
"350",525,"I29_HLC27CCXX_L1_read582","MuTIR_3",94.656,131,7,0,20,150,1,131,4.48e-57,204,"AAAACATTC","+"
"358",534,"I29_HLC27CCXX_L1_read607","MuTIR_3",93.077,130,9,0,21,150,1,130,3.49e-53,191,"CTGGAGGAG","+"
"359",535,"I29_HLC27CCXX_L1_read608","MuTIR_3",90.722,97,9,0,54,150,1,97,7.71e-35,130,"AGAGAGAGA","+"
"360",536,"I29_HLC27CCXX_L1_read609","MuTIR_3",93.182,88,6,0,63,150,1,88,7.71e-35,130,"CTGGAGGAG","+"
"361",537,"I29_HLC27CCXX_L1_read610","MuTIR_3",94.444,108,6,0,43,150,1,108,5.88e-46,167,"CCTTGCATT","+"
"362",538,"I29_HLC27CCXX_L1_read611","MuTIR_3",93.878,49,3,0,102,150,1,49,3.67e-18,75,"ACTGACGGG","+"
"363",539,"I29_HLC27CCXX_L1_read612","MuTIR_3",94.444,108,6,0,43,150,1,108,5.88e-46,167,"CCTTGCATT","+"
"364",540,"I29_HLC27CCXX_L1_read613","MuTIR_3",91.176,68,6,0,83,150,1,68,1.01e-23,93.5,"CCGCCCGCG","+"
"366",543,"I29_HLC27CCXX_L1_read616","MuTIR_3",94.366,71,4,0,80,150,1,71,1.01e-28,110,"GCCCTTCCC","+"
"367",544,"I29_HLC27CCXX_L1_read617","MuTIR_3",91.304,115,10,0,36,150,1,115,3.54e-43,158,"AGGGGTCGC","+"
"368",545,"I29_HLC27CCXX_L1_read618","MuTIR_3",91.429,70,6,0,81,150,1,70,7.82e-25,97.1,"CCGCCCGCG","+"
"369",546,"I29_HLC27CCXX_L1_read619","MuTIR_3",91.304,115,10,0,34,148,1,115,3.54e-43,158,"AGGGGTCGC","+"
"372",549,"I29_HLC27CCXX_L1_read625","MuTIR_3",92.647,68,5,0,83,150,1,68,2.18e-25,99,"CCAGTGCAG","+"
"373",550,"I29_HLC27CCXX_L1_read626","MuTIR_3",94.444,108,6,0,43,150,1,108,5.88e-46,167,"CCTTGCATT","+"
"374",551,"I29_HLC27CCXX_L1_read627","MuTIR_3",91.463,82,6,1,67,148,1,81,2.79e-29,111,"AGGGGTCGC","+"
"375",552,"I29_HLC27CCXX_L1_read630","MuTIR_3",91.429,70,6,0,81,150,1,70,7.82e-25,97.1,"CCGCCCGCG","+"
"376",553,"I29_HLC27CCXX_L1_read631","MuTIR_3",94.531,128,7,0,23,150,1,128,2.09e-55,198,"TTAAAAAAC","+"
"377",554,"I29_HLC27CCXX_L1_read632","MuTIR_3",94.495,109,6,0,34,142,1,109,1.63e-46,169,"GCCCTTCCC","+"
"378",555,"I29_HLC27CCXX_L1_read635","MuTIR_3",90.123,81,7,1,70,150,1,80,4.68e-27,104,"CCTACAATG","+"
"379",556,"I29_HLC27CCXX_L1_read636","MuTIR_3",94.656,131,7,0,20,150,1,131,4.48e-57,204,"TTAAAAAAC","+"
"391",573,"I29_HLC27CCXX_L1_read661","MuTIR_3",93.985,133,8,0,5,137,1,133,1.61e-56,202,"AACGACGAT","-"
"399",588,"I29_HLC27CCXX_L1_read694","MuTIR_3",91.489,94,8,0,57,150,1,94,7.71e-35,130,"CTTCCACTG","+"
"401",591,"I29_HLC27CCXX_L1_read699","MuTIR_3",94.521,73,4,0,78,150,1,73,7.77e-30,113,"AGCAGAGAG","+"
"402",592,"I29_HLC27CCXX_L1_read701","MuTIR_3",93.548,93,6,0,58,150,1,93,1.28e-37,139,"CCTGTGGAA","+"
"403",593,"I29_HLC27CCXX_L1_read703","MuTIR_3",90.654,107,10,0,44,150,1,107,9.91e-39,143,"AGTTACGCC","+"
"404",594,"I29_HLC27CCXX_L1_read704","MuTIR_3",93.694,111,7,0,37,147,1,111,5.88e-46,167,"GACCTCAAA","+"
"405",595,"I29_HLC27CCXX_L1_read705","MuTIR_3",93.75,96,6,0,55,150,1,96,2.76e-39,145,"GACCTCAAA","+"
"406",597,"I29_HLC27CCXX_L1_read708","MuTIR_3",94.444,108,6,0,39,146,1,108,5.88e-46,167,"AGCAGAGAG","+"
"407",598,"I29_HLC27CCXX_L1_read710","MuTIR_3",90.426,94,9,0,57,150,1,94,3.59e-33,124,"CTTCCACTG","+"
"408",599,"I29_HLC27CCXX_L1_read711","MuTIR_3",93.548,93,6,0,58,150,1,93,1.28e-37,139,"CCTGTGGAA","+"
"409",600,"I29_HLC27CCXX_L1_read712","MuTIR_3",94.262,122,7,0,26,147,1,122,4.51e-52,187,"GACCCTTTG","+"
"410",601,"I29_HLC27CCXX_L1_read713","MuTIR_3",91.86,86,7,0,65,150,1,86,4.64e-32,121,"CTTCCACTG","+"
"428",628,"I29_HLC27CCXX_L1_read745","MuTIR_3",90.678,118,11,0,22,139,1,118,3.54e-43,158,"CTTCCACTG","+"
"429",632,"I29_HLC27CCXX_L1_read751","MuTIR_3",91.509,106,9,0,45,150,1,106,7.66e-40,147,"TTTCGACAG","+"
"430",643,"I29_HLC27CCXX_L1_read764","MuTIR_3",84.615,104,14,2,46,148,1,103,1.68e-26,102,"GCAGGCTAG","+"
"431",695,"I29_HLC27CCXX_L1_read873","MuTIR_4",82.456,114,20,0,36,149,1,114,1.68e-26,102,"GCTGTCGAC","+"
"432",696,"I29_HLC27CCXX_L1_read876","MuTIR_4",96.226,53,2,0,98,150,1,53,4.71e-22,87.9,"CCGAAGACT","+"
"433",697,"I29_HLC27CCXX_L1_read879","MuTIR_4",90.816,98,9,0,46,143,1,98,2.15e-35,132,"GCCATTAAG","+"
"434",698,"I29_HLC27CCXX_L1_read880","MuTIR_4",94.03,134,8,0,17,150,1,134,1.25e-57,206,"CCGTAGACG","+"
"435",699,"I29_HLC27CCXX_L1_read884","MuTIR_4",95.652,92,4,0,59,150,1,92,2.13e-40,148,"CCGAAGACT","+"
"436",700,"I29_HLC27CCXX_L1_read885","MuTIR_4",86.923,130,17,0,19,148,1,130,2.13e-40,148,"GTGACTGAG","+"
"437",701,"I29_HLC27CCXX_L1_read886","MuTIR_4",87.805,123,14,1,29,150,1,123,2.76e-39,145,"CCTCCACCG","+"
"438",702,"I29_HLC27CCXX_L1_read888","MuTIR_4",92.248,129,10,0,10,138,1,129,1.62e-51,185,"CCGAAGACT","+"
"439",703,"I29_HLC27CCXX_L1_read890","MuTIR_4",96.491,57,2,0,94,150,1,57,2.81e-24,95.3,"CCGTAGACG","+"
"442",706,"I29_HLC27CCXX_L1_read894","MuTIR_4",97.826,46,1,0,104,149,1,46,7.88e-20,80.5,"CCGAAGACT","+"
"443",707,"I29_HLC27CCXX_L1_read900","MuTIR_4",96.552,87,3,0,61,147,1,87,2.76e-39,145,"CCGAAGACT","+"
"446",710,"I29_HLC27CCXX_L1_read908","MuTIR_4",92.248,129,10,0,19,147,1,129,1.62e-51,185,"CCGAAGACT","+"
"447",711,"I29_HLC27CCXX_L1_read909","MuTIR_4",87.805,123,14,1,29,150,1,123,2.76e-39,145,"CCTCCACCG","+"
"458",722,"I29_HLC27CCXX_L1_read943","MuTIR_4",86.923,130,17,0,9,138,1,130,2.13e-40,148,"CTGCAGATA","-"
"459",725,"I29_HLC27CCXX_L1_read956","MuTIR_4",86.154,130,17,1,17,146,1,129,3.56e-38,141,"AGCGACGAG","+"
"461",728,"I29_HLC27CCXX_L1_read973","MuTIR_4",93.333,90,6,0,44,133,1,90,5.96e-36,134,"GGGCGAAGA","-"
"462",730,"I29_HLC27CCXX_L1_read987","MuTIR_4",90.789,76,7,0,70,145,1,76,1.68e-26,102,"GACTTTAGC","+"
"470",746,"I29_HLC27CCXX_L1_read1045","MuTIR_4",90.909,44,4,0,107,150,1,44,1.03e-13,60.2,"GCCATTAAG","+"
"471",749,"I29_HLC27CCXX_L1_read1050","MuTIR_4",90.566,53,5,0,98,150,1,53,4.74e-17,71.3,"GCCATTAAG","+"
"472",758,"I29_HLC27CCXX_L1_read1066","MuTIR_5",92.941,85,4,1,66,148,1,85,3.59e-33,124,"CGAGACGGC","+"
"474",760,"I29_HLC27CCXX_L1_read1069","MuTIR_5",86.667,120,13,2,23,139,1,120,7.71e-35,130,"GCGGCATTG","+"
"475",761,"I29_HLC27CCXX_L1_read1070","MuTIR_5",89.051,137,13,1,12,146,1,137,4.55e-47,171,"ATTGAGCCC","+"
"476",762,"I29_HLC27CCXX_L1_read1073","MuTIR_5",88.971,136,13,1,17,150,1,136,1.63e-46,169,"ATTGAGCCC","+"
"477",763,"I29_HLC27CCXX_L1_read1074","MuTIR_5",89.051,137,13,1,12,146,1,137,4.55e-47,171,"ATTGAGCCC","+"
"478",764,"I29_HLC27CCXX_L1_read1079","MuTIR_5",88.889,117,11,1,36,150,1,117,2.76e-39,145,"GGCTACATC","+"
"479",765,"I29_HLC27CCXX_L1_read1081","MuTIR_5",90.541,74,5,1,79,150,1,74,7.82e-25,97.1,"GCGGCATTG","+"
"480",766,"I29_HLC27CCXX_L1_read1085","MuTIR_5",89.051,137,13,1,12,146,1,137,4.55e-47,171,"ATTGAGCCC","+"
"481",767,"I29_HLC27CCXX_L1_read1087","MuTIR_5",89.764,127,11,1,8,132,1,127,7.61e-45,163,"CGTTGTTAT","-"
"486",777,"I29_HLC27CCXX_L1_read1149","MuTIR_6",95.122,82,4,0,69,150,1,82,7.71e-35,130,"TGCACTATA","+"
"487",778,"I29_HLC27CCXX_L1_read1150","MuTIR_6",96.774,93,3,0,58,150,1,93,1.27e-42,156,"TGCACTACG","+"
"489",780,"I29_HLC27CCXX_L1_read1157","MuTIR_6",95.035,141,7,0,10,150,1,141,1.24e-62,222,"TGCACTATG","+"
"490",781,"I29_HLC27CCXX_L1_read1159","MuTIR_6",97.015,67,2,0,81,147,1,67,7.77e-30,113,"TGTACTACG","+"
"491",782,"I29_HLC27CCXX_L1_read1160","MuTIR_6",98.113,53,1,0,98,150,1,53,1.01e-23,93.5,"TGTACTACG","+"
"492",783,"I29_HLC27CCXX_L1_read1168","MuTIR_6",94.737,76,4,0,75,150,1,76,1.67e-31,119,"TGCACTATG","+"
"493",784,"I29_HLC27CCXX_L1_read1171","MuTIR_6",100,32,0,0,119,150,1,32,1.03e-13,60.2,"TGCACTACG","+"
"504",796,"I29_HLC27CCXX_L1_read1196","MuTIR_6",92.473,93,6,1,58,150,1,92,2.15e-35,132,"GATCGAACC","+"
"505",797,"I29_HLC27CCXX_L1_read1197","MuTIR_6",93.077,130,8,1,21,150,1,129,1.25e-52,189,"GATCGAACC","+"
"506",798,"I29_HLC27CCXX_L1_read1198","MuTIR_6",95.489,133,6,0,18,150,1,133,7.45e-60,213,"AGGAGAGGG","+"
"507",799,"I29_HLC27CCXX_L1_read1199","MuTIR_6",94.783,115,5,1,37,150,1,115,2.72e-49,178,"ATGCAGATG","+"
"508",800,"I29_HLC27CCXX_L1_read1200","MuTIR_6",93.277,119,7,1,32,150,1,118,3.51e-48,174,"GATCGAACC","+"
"509",801,"I29_HLC27CCXX_L1_read1203","MuTIR_6",95.775,71,3,0,80,150,1,71,2.16e-30,115,"ATGCAGATG","+"
"510",802,"I29_HLC27CCXX_L1_read1204","MuTIR_6",95.385,65,3,0,86,150,1,65,4.68e-27,104,"TCCTAGGCT","+"
"511",803,"I29_HLC27CCXX_L1_read1205","MuTIR_6",92.208,77,5,1,74,150,1,76,3.61e-28,108,"GATCGAACC","+"
"512",804,"I29_HLC27CCXX_L1_read1206","MuTIR_6",95.489,133,6,0,18,150,1,133,7.45e-60,213,"AGGAGAGGG","+"
"513",805,"I29_HLC27CCXX_L1_read1207","MuTIR_6",96.296,81,3,0,64,144,1,81,5.96e-36,134,"TCCTAGGCT","+"
"514",806,"I29_HLC27CCXX_L1_read1208","MuTIR_6",92.523,107,7,1,44,150,1,106,1.65e-41,152,"GATCGAACC","+"
