"","X","qname","sname","percent_identity","alignment_length","mismatches","gap_opens","q_start","q_end","s_start","s_end","evalue","bit_score","tsds","strand"
"1",1,"Ia5125_HLCY2CCXX_L6_read8","MuTIR_1",94.4,125,6,1,17,141,1,124,3.49e-53,191,"GACTCACTC","+"
"2",2,"Ia5125_HLCY2CCXX_L6_read9","MuTIR_1",95.181,83,3,1,63,145,1,82,7.71e-35,130,"GGAGTGCGG","+"
"3",3,"Ia5125_HLCY2CCXX_L6_read10","MuTIR_1",93.548,93,5,1,58,150,1,92,4.61e-37,137,"TTCTTGTTC","+"
"4",4,"Ia5125_HLCY2CCXX_L6_read15","MuTIR_1",94.118,136,7,1,13,148,1,135,1.25e-57,206,"GAGTGAGTC","+"
"5",5,"Ia5125_HLCY2CCXX_L6_read16","MuTIR_1",95.035,141,6,1,10,150,1,140,4.45e-62,220,"CCGCACTCC","+"
"6",6,"Ia5125_HLCY2CCXX_L6_read17","MuTIR_1",93.548,93,5,1,58,150,1,92,4.61e-37,137,"CTTTCTGCC","+"
"7",7,"Ia5125_HLCY2CCXX_L6_read20","MuTIR_1",94.845,97,4,1,54,150,1,96,5.92e-41,150,"GCCGTGCGA","+"
"8",8,"Ia5125_HLCY2CCXX_L6_read21","MuTIR_1",95.402,87,3,1,61,147,1,86,4.61e-37,137,"GCCGTGCGA","+"
"9",9,"Ia5125_HLCY2CCXX_L6_read23","MuTIR_1",96.471,85,2,1,60,144,1,84,1.28e-37,139,"GCGTCTCGC","+"
"10",10,"Ia5125_HLCY2CCXX_L6_read25","MuTIR_1",96.053,76,2,1,75,150,1,75,1.29e-32,122,"GTCGCCAGC","+"
"11",11,"Ia5125_HLCY2CCXX_L6_read26","MuTIR_1",94.915,118,5,1,33,150,1,117,5.84e-51,183,"CCCACCTTG","+"
"12",12,"Ia5125_HLCY2CCXX_L6_read27","MuTIR_1",95.455,110,4,1,40,149,1,109,3.51e-48,174,"GAGGCTCTC","+"
"13",13,"Ia5125_HLCY2CCXX_L6_read29","MuTIR_1",93.651,63,3,1,88,150,1,62,1.01e-23,93.5,"ATTTTCCTG","+"
"14",14,"Ia5125_HLCY2CCXX_L6_read30","MuTIR_1",95.455,66,2,1,85,150,1,65,4.68e-27,104,"GAACAAGAA","+"
"15",15,"Ia5125_HLCY2CCXX_L6_read31","MuTIR_1",92.126,127,9,1,24,150,1,126,2.72e-49,178,"CTCTCTTTC","+"
"17",17,"Ia5125_HLCY2CCXX_L6_read36","MuTIR_1",95.122,123,5,1,28,150,1,122,9.7e-54,193,"CCGCACTCC","+"
"18",18,"Ia5125_HLCY2CCXX_L6_read37","MuTIR_1",89.72,107,10,1,40,146,1,106,1.66e-36,135,"CTATGAAAG","+"
"19",19,"Ia5125_HLCY2CCXX_L6_read39","MuTIR_1",100,34,0,0,117,150,1,34,7.94e-15,63.9,"TTCTTGTTC","+"
"20",20,"Ia5125_HLCY2CCXX_L6_read40","MuTIR_1",94.231,104,5,1,47,150,1,103,3.54e-43,158,"TTCTTGTTC","+"
"21",21,"Ia5125_HLCY2CCXX_L6_read41","MuTIR_1",92.381,105,7,1,46,150,1,104,2.13e-40,148,"CTCTCTTTC","+"
"23",23,"Ia5125_HLCY2CCXX_L6_read43","MuTIR_1",97,100,2,1,46,145,1,99,5.88e-46,167,"CATCCAAAC","+"
"24",24,"Ia5125_HLCY2CCXX_L6_read44","MuTIR_1",97.015,67,1,1,84,150,1,66,2.79e-29,111,"GGAAGAAAG","+"
"25",25,"Ia5125_HLCY2CCXX_L6_read45","MuTIR_1",94.828,58,2,1,93,150,1,57,1.31e-22,89.8,"CTCTCTTTC","+"
"26",26,"Ia5125_HLCY2CCXX_L6_read46","MuTIR_1",97.101,69,1,1,80,148,1,68,2.16e-30,115,"GAGTGAGTC","+"
"27",27,"Ia5125_HLCY2CCXX_L6_read50","MuTIR_1",95.238,42,2,0,109,150,1,42,6.14e-16,67.6,"CAGGAAAAT","+"
"28",28,"Ia5125_HLCY2CCXX_L6_read51","MuTIR_1",94.34,106,5,1,44,149,1,105,2.74e-44,161,"TTCGGCAGG","+"
"29",29,"Ia5125_HLCY2CCXX_L6_read52","MuTIR_1",96.97,66,1,1,85,150,1,65,1.01e-28,110,"TTCTTGTTC","+"
"30",30,"Ia5125_HLCY2CCXX_L6_read54","MuTIR_1",94,100,5,1,37,136,1,99,5.92e-41,150,"ACTCCAAAC","+"
"31",31,"Ia5125_HLCY2CCXX_L6_read55","MuTIR_1",95.238,63,2,1,87,149,1,62,2.18e-25,99,"CAAGGTGGG","+"
"32",32,"Ia5125_HLCY2CCXX_L6_read57","MuTIR_1",96.923,65,1,1,86,150,1,64,3.61e-28,108,"GGAAGAAAG","+"
"33",33,"Ia5125_HLCY2CCXX_L6_read59","MuTIR_1",100,31,0,0,118,148,1,31,3.69e-13,58.4,"ATTTTCCTG","+"
"34",34,"Ia5125_HLCY2CCXX_L6_read61","MuTIR_1",95.455,66,2,1,85,150,1,65,4.68e-27,104,"GAACAAGAA","+"
"35",35,"Ia5125_HLCY2CCXX_L6_read63","MuTIR_1",93.684,95,5,1,23,117,1,94,3.56e-38,141,"TCGCACGGC","+"
"36",36,"Ia5125_HLCY2CCXX_L6_read64","MuTIR_1",95.604,91,3,1,60,150,1,90,2.76e-39,145,"CCTAGGCCC","+"
"37",37,"Ia5125_HLCY2CCXX_L6_read65","MuTIR_1",94.964,139,6,1,12,150,1,138,5.76e-61,217,"CTTTCTGCC","+"
"38",38,"Ia5125_HLCY2CCXX_L6_read66","MuTIR_1",95.89,73,2,1,78,150,1,72,6.01e-31,117,"CCCGCAGAC","+"
"39",39,"Ia5125_HLCY2CCXX_L6_read67","MuTIR_1",95,140,6,1,11,150,1,139,1.6e-61,219,"GAGAGCCTC","+"
"40",40,"Ia5125_HLCY2CCXX_L6_read68","MuTIR_1",95.035,141,6,1,10,150,1,140,4.45e-62,220,"CCGCACTCC","+"
"41",41,"Ia5125_HLCY2CCXX_L6_read70","MuTIR_1",100,41,0,0,110,150,1,41,1.02e-18,76.8,"GAGTGAGTC","+"
"42",42,"Ia5125_HLCY2CCXX_L6_read71","MuTIR_1",89.381,113,11,1,37,149,1,112,3.56e-38,141,"CTATGAAAG","+"
"43",43,"Ia5125_HLCY2CCXX_L6_read72","MuTIR_1",95.652,115,4,1,35,149,1,114,5.84e-51,183,"GTCGCCAGC","+"
"44",44,"Ia5125_HLCY2CCXX_L6_read73","MuTIR_1",89.381,113,11,1,37,149,1,112,3.56e-38,141,"CTATGAAAG","+"
"45",45,"Ia5125_HLCY2CCXX_L6_read74","MuTIR_1",94.737,95,4,1,27,121,1,94,7.66e-40,147,"TAGACCGAC","+"
"46",46,"Ia5125_HLCY2CCXX_L6_read75","MuTIR_1",89.72,107,10,1,40,146,1,106,1.66e-36,135,"CTATGAAAG","+"
"47",47,"Ia5125_HLCY2CCXX_L6_read77","MuTIR_1",93.478,92,5,1,43,134,1,91,1.66e-36,135,"CAAGGTGGG","+"
"49",49,"Ia5125_HLCY2CCXX_L6_read79","MuTIR_1",93.684,95,5,1,32,126,1,94,3.56e-38,141,"TCGCACGGC","+"
"55",55,"Ia5125_HLCY2CCXX_L6_read89","MuTIR_1",94.737,95,4,1,42,136,1,94,7.66e-40,147,"TCTTCCTGA","-"
"93",93,"Ia5125_HLCY2CCXX_L6_read152","MuTIR_1",95.789,95,3,1,42,136,1,94,1.65e-41,152,"TCTTCCTGA","-"
"106",106,"Ia5125_HLCY2CCXX_L6_read180","MuTIR_1",93.966,116,6,1,35,150,1,115,3.51e-48,174,"GGGCCTAGG","+"
"107",107,"Ia5125_HLCY2CCXX_L6_read181","MuTIR_1",94.4,125,6,1,24,148,1,124,3.49e-53,191,"CTTTGGATG","+"
"111",112,"Ia5125_HLCY2CCXX_L6_read196","MuTIR_1",92.063,126,8,2,10,135,1,124,9.77e-49,176,"AGGTTGCAC","-"
"112",160,"Ia5125_HLCY2CCXX_L6_read387","MuTIR_2",92.5,120,9,0,31,150,1,120,1.26e-47,172,"GAGACGAGG","+"
"113",161,"Ia5125_HLCY2CCXX_L6_read389","MuTIR_2",88.333,120,14,0,26,145,1,120,2.76e-39,145,"ACCCAACTG","+"
"114",162,"Ia5125_HLCY2CCXX_L6_read390","MuTIR_2",94.286,105,6,0,46,150,1,105,2.74e-44,161,"CTTACAAAG","+"
"115",163,"Ia5125_HLCY2CCXX_L6_read392","MuTIR_2",90.217,92,9,0,59,150,1,92,4.64e-32,121,"TTCGCGCCC","+"
"116",164,"Ia5125_HLCY2CCXX_L6_read393","MuTIR_2",95.455,88,4,0,61,148,1,88,3.56e-38,141,"CCCAGAGCC","+"
"117",165,"Ia5125_HLCY2CCXX_L6_read394","MuTIR_2",97.015,67,2,0,82,148,1,67,7.77e-30,113,"CCCAGAGCC","+"
"119",167,"Ia5125_HLCY2CCXX_L6_read398","MuTIR_2",97.059,68,2,0,80,147,1,68,2.16e-30,115,"CTTACAAAG","+"
"120",168,"Ia5125_HLCY2CCXX_L6_read399","MuTIR_2",92.647,68,5,0,77,144,1,68,2.18e-25,99,"CTCGTCAGC","+"
"121",169,"Ia5125_HLCY2CCXX_L6_read400","MuTIR_2",93.407,91,6,0,60,150,1,91,1.66e-36,135,"GTTGGCTAG","+"
"122",170,"Ia5125_HLCY2CCXX_L6_read403","MuTIR_2",96.104,77,3,0,72,148,1,77,9.98e-34,126,"CCCTGGCGC","+"
"123",171,"Ia5125_HLCY2CCXX_L6_read405","MuTIR_2",95.506,89,4,0,62,150,1,89,9.91e-39,143,"CTTACAAAG","+"
"124",172,"Ia5125_HLCY2CCXX_L6_read406","MuTIR_2",94.444,108,6,0,40,147,1,108,5.88e-46,167,"CCCTGGCGC","+"
"126",174,"Ia5125_HLCY2CCXX_L6_read408","MuTIR_2",89.796,98,10,0,51,148,1,98,9.98e-34,126,"CTACTCGGT","+"
"127",175,"Ia5125_HLCY2CCXX_L6_read409","MuTIR_2",92.683,82,6,0,67,148,1,82,1.67e-31,119,"CTACTCGGT","+"
"128",176,"Ia5125_HLCY2CCXX_L6_read413","MuTIR_2",97.059,68,2,0,80,147,1,68,2.16e-30,115,"CTTACAAAG","+"
"129",177,"Ia5125_HLCY2CCXX_L6_read414","MuTIR_2",90.625,64,5,1,88,150,1,64,6.09e-21,84.2,"CTCCTGCGG","+"
"130",178,"Ia5125_HLCY2CCXX_L6_read415","MuTIR_2",95.775,71,3,0,80,150,1,71,2.16e-30,115,"CCCAGAGCC","+"
"131",179,"Ia5125_HLCY2CCXX_L6_read416","MuTIR_2",97.101,69,2,0,82,150,1,69,6.01e-31,117,"TTCCTCGCC","+"
"132",180,"Ia5125_HLCY2CCXX_L6_read418","MuTIR_2",95.506,89,4,0,62,150,1,89,9.91e-39,143,"CTTACAAAG","+"
"133",181,"Ia5125_HLCY2CCXX_L6_read420","MuTIR_2",96.053,76,3,0,73,148,1,76,3.59e-33,124,"TGCCGCCGC","+"
"134",182,"Ia5125_HLCY2CCXX_L6_read424","MuTIR_2",96.97,66,2,0,85,150,1,66,2.79e-29,111,"CTTACAAAG","+"
"135",183,"Ia5125_HLCY2CCXX_L6_read430","MuTIR_2",86.275,102,14,0,49,150,1,102,2.79e-29,111,"GCTGGGAAG","+"
"136",184,"Ia5125_HLCY2CCXX_L6_read433","MuTIR_2",85.039,127,19,0,24,150,1,127,7.71e-35,130,"CTGTCAGAG","+"
"137",185,"Ia5125_HLCY2CCXX_L6_read434","MuTIR_2",95.161,62,3,0,89,150,1,62,2.18e-25,99,"TGCCGCCGC","+"
"138",186,"Ia5125_HLCY2CCXX_L6_read435","MuTIR_2",97.015,67,2,0,82,148,1,67,7.77e-30,113,"CCCAGAGCC","+"
"139",187,"Ia5125_HLCY2CCXX_L6_read436","MuTIR_2",97.368,38,1,0,113,150,1,38,2.21e-15,65.8,"CCCAGAGCC","+"
"140",188,"Ia5125_HLCY2CCXX_L6_read438","MuTIR_2",89.024,82,9,0,67,148,1,82,1.68e-26,102,"CTCCTGCGG","+"
"141",189,"Ia5125_HLCY2CCXX_L6_read440","MuTIR_2",98,50,1,0,101,150,1,50,4.71e-22,87.9,"GCGCCAGGG","+"
"142",190,"Ia5125_HLCY2CCXX_L6_read444","MuTIR_2",90.625,64,5,1,88,150,1,64,6.09e-21,84.2,"CTCCTGCGG","+"
"143",191,"Ia5125_HLCY2CCXX_L6_read447","MuTIR_2",92.248,129,10,0,10,138,1,129,5.84e-51,183,"CGGATCGAA","-"
"145",193,"Ia5125_HLCY2CCXX_L6_read451","MuTIR_2",89.844,128,13,0,13,140,1,128,2.11e-45,165,"CAGTAGTGA","-"
"154",202,"Ia5125_HLCY2CCXX_L6_read473","MuTIR_2",93.798,129,8,0,8,136,1,129,2.7e-54,195,"CGGATAGAA","-"
"165",213,"Ia5125_HLCY2CCXX_L6_read496","MuTIR_2",90,120,12,0,15,134,1,120,1.27e-42,156,"GCAATCACC","-"
"175",247,"Ia5125_HLCY2CCXX_L6_read617","MuTIR_3",92.405,79,6,0,72,150,1,79,7.77e-30,113,"CCGTTTTTT","+"
"176",248,"Ia5125_HLCY2CCXX_L6_read620","MuTIR_3",91.919,99,6,2,53,150,1,98,4.61e-37,137,"CCCTGCGAG","+"
"178",250,"Ia5125_HLCY2CCXX_L6_read632","MuTIR_3",93.396,106,7,0,45,150,1,106,3.54e-43,158,"AGTGTCCAT","+"
"179",251,"Ia5125_HLCY2CCXX_L6_read633","MuTIR_3",91.538,130,9,2,22,150,1,129,2.72e-49,178,"CCCTGCGAG","+"
"180",252,"Ia5125_HLCY2CCXX_L6_read641","MuTIR_3",96.226,53,2,0,97,149,1,53,4.71e-22,87.9,"AAAAAATGG","+"
"181",253,"Ia5125_HLCY2CCXX_L6_read645","MuTIR_3",93.103,116,8,0,33,148,1,116,4.55e-47,171,"GTTTCCCAA","+"
"184",256,"Ia5125_HLCY2CCXX_L6_read659","MuTIR_3",94.656,131,7,0,9,139,1,131,4.48e-57,204,"ATTCAAAGC","-"
"199",274,"Ia5125_HLCY2CCXX_L6_read695","MuTIR_3",95.294,85,4,0,66,150,1,85,1.66e-36,135,"CCCACCGCC","+"
"200",275,"Ia5125_HLCY2CCXX_L6_read696","MuTIR_3",90.698,129,12,0,22,150,1,129,1.26e-47,172,"TCAGAGAGA","+"
"202",277,"Ia5125_HLCY2CCXX_L6_read698","MuTIR_3",91.473,129,11,0,16,144,1,129,2.72e-49,178,"CCTACAATG","+"
"203",278,"Ia5125_HLCY2CCXX_L6_read699","MuTIR_3",94.34,106,6,0,45,150,1,106,7.61e-45,163,"GTTAAAAAC","+"
"205",281,"Ia5125_HLCY2CCXX_L6_read707","MuTIR_3",95.506,89,4,0,62,150,1,89,9.91e-39,143,"GGCGGTGGG","+"
"206",282,"Ia5125_HLCY2CCXX_L6_read708","MuTIR_3",95.062,81,4,0,70,150,1,81,2.77e-34,128,"GGCGGTGGG","+"
"207",283,"Ia5125_HLCY2CCXX_L6_read709","MuTIR_3",90.625,128,12,0,23,150,1,128,4.55e-47,171,"TCAGAGAGA","+"
"208",284,"Ia5125_HLCY2CCXX_L6_read710","MuTIR_3",92.5,80,5,1,71,150,1,79,7.77e-30,113,"GTCGTCAGC","+"
"209",285,"Ia5125_HLCY2CCXX_L6_read712","MuTIR_3",94.34,106,6,0,45,150,1,106,7.61e-45,163,"GTTAAAAAC","+"
"211",287,"Ia5125_HLCY2CCXX_L6_read715","MuTIR_3",95.455,66,3,0,85,150,1,66,1.3e-27,106,"GGCGGTGGG","+"
"212",288,"Ia5125_HLCY2CCXX_L6_read716","MuTIR_3",90.164,122,12,0,29,150,1,122,9.84e-44,159,"CCTCTAGAG","+"
"213",289,"Ia5125_HLCY2CCXX_L6_read718","MuTIR_3",90.826,109,10,0,42,150,1,109,7.66e-40,147,"TCAGAGAGA","+"
"214",290,"Ia5125_HLCY2CCXX_L6_read719","MuTIR_3",91.818,110,9,0,41,150,1,110,4.58e-42,154,"ACTGCAAAG","+"
"215",291,"Ia5125_HLCY2CCXX_L6_read720","MuTIR_3",92.105,114,9,0,31,144,1,114,2.74e-44,161,"GTCGTCAGC","+"
"216",292,"Ia5125_HLCY2CCXX_L6_read721","MuTIR_3",91.304,115,10,0,33,147,1,115,3.54e-43,158,"AGGGGTCGC","+"
"218",294,"Ia5125_HLCY2CCXX_L6_read723","MuTIR_3",90.826,109,10,0,42,150,1,109,7.66e-40,147,"TCAGAGAGA","+"
"220",296,"Ia5125_HLCY2CCXX_L6_read728","MuTIR_3",94.545,110,6,0,41,150,1,110,4.55e-47,171,"CCCACCGCC","+"
"221",297,"Ia5125_HLCY2CCXX_L6_read729","MuTIR_3",94.017,117,7,0,28,144,1,117,2.72e-49,178,"GGGTTCTGG","+"
"222",299,"Ia5125_HLCY2CCXX_L6_read732","MuTIR_3",94.017,117,7,0,28,144,1,117,2.72e-49,178,"GGGTTCTGG","+"
"223",300,"Ia5125_HLCY2CCXX_L6_read733","MuTIR_3",95.455,66,3,0,85,150,1,66,1.3e-27,106,"GGCGGTGGG","+"
"224",301,"Ia5125_HLCY2CCXX_L6_read734","MuTIR_3",92.473,93,7,0,58,150,1,93,5.96e-36,134,"CTGGAGGAG","+"
"232",310,"Ia5125_HLCY2CCXX_L6_read750","MuTIR_3",93.985,133,8,0,8,140,1,133,1.61e-56,202,"CCATAGAAG","-"
"252",337,"Ia5125_HLCY2CCXX_L6_read798","MuTIR_3",91.667,132,11,0,19,150,1,132,5.84e-51,183,"CCCGTCCCC","+"
"253",338,"Ia5125_HLCY2CCXX_L6_read799","MuTIR_3",91.429,140,12,0,11,150,1,140,9.7e-54,193,"GTTTTTGTG","+"
"254",339,"Ia5125_HLCY2CCXX_L6_read800","MuTIR_3",93.617,94,6,0,57,150,1,94,3.56e-38,141,"GACCTCAAA","+"
"255",340,"Ia5125_HLCY2CCXX_L6_read801","MuTIR_3",91.346,104,9,0,47,150,1,104,9.91e-39,143,"CCCGTCCCC","+"
"256",341,"Ia5125_HLCY2CCXX_L6_read804","MuTIR_3",94.318,88,5,0,57,144,1,88,1.66e-36,135,"TCTGCGCGG","+"
"257",343,"Ia5125_HLCY2CCXX_L6_read810","MuTIR_3",90.164,122,12,0,26,147,1,122,9.84e-44,159,"GGGACGGGG","+"
"258",344,"Ia5125_HLCY2CCXX_L6_read811","MuTIR_3",93.407,91,6,0,60,150,1,91,1.66e-36,135,"GACCTCAAA","+"
"259",345,"Ia5125_HLCY2CCXX_L6_read812","MuTIR_3",93.407,91,6,0,60,150,1,91,1.66e-36,135,"GACCCTTTG","+"
"262",348,"Ia5125_HLCY2CCXX_L6_read816","MuTIR_3",91.429,140,12,0,11,150,1,140,9.7e-54,193,"GTTTTTGTG","+"
"263",349,"Ia5125_HLCY2CCXX_L6_read817","MuTIR_3",91.667,132,11,0,19,150,1,132,5.84e-51,183,"CCCGTCCCC","+"
"264",350,"Ia5125_HLCY2CCXX_L6_read819","MuTIR_3",91.765,85,7,0,66,150,1,85,1.67e-31,119,"AAAATCAAG","+"
"265",351,"Ia5125_HLCY2CCXX_L6_read820","MuTIR_3",91.765,85,7,0,66,150,1,85,1.67e-31,119,"AAAATCAAG","+"
"266",354,"Ia5125_HLCY2CCXX_L6_read825","MuTIR_3",93.846,130,8,0,21,150,1,130,7.5e-55,196,"GACCCTTTG","+"
"267",355,"Ia5125_HLCY2CCXX_L6_read829","MuTIR_3",92.969,128,9,0,23,150,1,128,4.51e-52,187,"GACCCTTTG","+"
"268",356,"Ia5125_HLCY2CCXX_L6_read830","MuTIR_3",91.525,118,10,0,31,148,1,118,7.61e-45,163,"AAAATCAAG","+"
"270",358,"Ia5125_HLCY2CCXX_L6_read833","MuTIR_3",91.525,118,10,0,31,148,1,118,7.61e-45,163,"AAAATCAAG","+"
"291",383,"Ia5125_HLCY2CCXX_L6_read871","MuTIR_3",92.373,118,9,0,31,148,1,118,1.63e-46,169,"TCTGCGCGG","+"
"292",384,"Ia5125_HLCY2CCXX_L6_read872","MuTIR_3",90.476,105,10,0,46,150,1,105,1.28e-37,139,"CACGGGGAC","+"
"294",406,"Ia5125_HLCY2CCXX_L6_read903","MuTIR_3",89.744,117,12,0,34,150,1,117,5.92e-41,150,"TAGCACGCC","+"
"298",456,"Ia5125_HLCY2CCXX_L6_read1027","MuTIR_4",90,120,12,0,18,137,1,120,3.54e-43,158,"GCTGTCGAC","+"
"299",457,"Ia5125_HLCY2CCXX_L6_read1033","MuTIR_4",91.86,86,7,0,49,134,1,86,4.64e-32,121,"GTGACTGAG","+"
"300",458,"Ia5125_HLCY2CCXX_L6_read1034","MuTIR_4",91.86,86,7,0,49,134,1,86,4.64e-32,121,"GTGACTGAG","+"
"301",459,"Ia5125_HLCY2CCXX_L6_read1036","MuTIR_4",85.217,115,17,0,36,150,1,115,4.64e-32,121,"GTGACTGAG","+"
"302",460,"Ia5125_HLCY2CCXX_L6_read1042","MuTIR_4",89.381,113,12,0,38,150,1,113,2.76e-39,145,"GCTGTCGAC","+"
"303",461,"Ia5125_HLCY2CCXX_L6_read1048","MuTIR_4",82.301,113,20,0,36,148,1,113,6.05e-26,100,"GTGACTGAG","+"
"305",463,"Ia5125_HLCY2CCXX_L6_read1050","MuTIR_4",97.826,46,1,0,104,149,1,46,7.88e-20,80.5,"CCGAAGACT","+"
"306",464,"Ia5125_HLCY2CCXX_L6_read1056","MuTIR_4",91.86,86,7,0,58,143,1,86,4.64e-32,121,"GTGACTGAG","+"
"307",465,"Ia5125_HLCY2CCXX_L6_read1058","MuTIR_4",90.833,120,11,0,30,149,1,120,7.61e-45,163,"CGGCCACCG","+"
"308",466,"Ia5125_HLCY2CCXX_L6_read1059","MuTIR_4",90,120,12,0,18,137,1,120,3.54e-43,158,"GCTGTCGAC","+"
"309",467,"Ia5125_HLCY2CCXX_L6_read1060","MuTIR_4",92.647,68,5,0,83,150,1,68,2.18e-25,99,"CGGCCACCG","+"
"310",468,"Ia5125_HLCY2CCXX_L6_read1063","MuTIR_4",91.964,112,9,0,29,140,1,112,9.84e-44,159,"CGGCCACCG","+"
"311",469,"Ia5125_HLCY2CCXX_L6_read1066","MuTIR_4",91.86,86,7,0,49,134,1,86,4.64e-32,121,"GTGACTGAG","+"
"312",470,"Ia5125_HLCY2CCXX_L6_read1067","MuTIR_4",90.714,140,13,0,11,150,1,140,1.25e-52,189,"TCCCGGGAG","+"
"327",485,"Ia5125_HLCY2CCXX_L6_read1117","MuTIR_4",90,120,12,0,3,122,1,120,3.54e-43,158,"CTTTTATGC","-"
"328",486,"Ia5125_HLCY2CCXX_L6_read1118","MuTIR_4",86.923,130,17,0,9,138,1,130,2.13e-40,148,"CTGCAGATA","-"
"331",489,"Ia5125_HLCY2CCXX_L6_read1124","MuTIR_4",87.597,129,15,1,2,130,1,128,5.92e-41,150,"GCAGAGCCG","-"
"334",495,"Ia5125_HLCY2CCXX_L6_read1162","MuTIR_4",87.963,108,13,0,43,150,1,108,7.71e-35,130,"GTCGACAGC","+"
"338",503,"Ia5125_HLCY2CCXX_L6_read1181","MuTIR_4",86.139,101,14,0,47,147,1,101,1.01e-28,110,"GTGTGTGGG","+"
"339",504,"Ia5125_HLCY2CCXX_L6_read1182","MuTIR_4",85.714,119,17,0,31,149,1,119,2.77e-34,128,"GTGTGTGGG","+"
"340",505,"Ia5125_HLCY2CCXX_L6_read1184","MuTIR_4",86.139,101,14,0,47,147,1,101,1.01e-28,110,"GTGTGTGGG","+"
"342",518,"Ia5125_HLCY2CCXX_L6_read1207","MuTIR_5",90,100,8,1,53,150,1,100,7.71e-35,130,"ATTGAGCCC","+"
"343",519,"Ia5125_HLCY2CCXX_L6_read1209","MuTIR_5",87.023,131,15,1,22,150,1,131,7.66e-40,147,"GACGCTCGC","+"
"344",520,"Ia5125_HLCY2CCXX_L6_read1210","MuTIR_5",91.25,80,5,1,73,150,1,80,1.01e-28,110,"ACCTATTCC","+"
"345",521,"Ia5125_HLCY2CCXX_L6_read1211","MuTIR_5",88.889,90,8,1,63,150,1,90,2.79e-29,111,"GGCTACATC","+"
"346",522,"Ia5125_HLCY2CCXX_L6_read1212","MuTIR_5",92.063,63,3,1,90,150,1,63,1.31e-22,89.8,"CGAGACGGC","+"
"347",523,"Ia5125_HLCY2CCXX_L6_read1213","MuTIR_5",88.889,90,8,1,63,150,1,90,2.79e-29,111,"GGCTACATC","+"
"348",524,"Ia5125_HLCY2CCXX_L6_read1214","MuTIR_5",86.719,128,15,1,25,150,1,128,3.56e-38,141,"GACGCTCGC","+"
"353",529,"Ia5125_HLCY2CCXX_L6_read1220","MuTIR_5",90.083,121,9,2,19,136,1,121,1.27e-42,156,"CCCCATTAG","-"
"363",542,"Ia5125_HLCY2CCXX_L6_read1272","MuTIR_6",97.015,67,2,0,81,147,1,67,7.77e-30,113,"TGCACTACG","+"
"365",544,"Ia5125_HLCY2CCXX_L6_read1280","MuTIR_6",94.231,104,6,0,47,150,1,104,9.84e-44,159,"TGCACTATG","+"
"366",545,"Ia5125_HLCY2CCXX_L6_read1284","MuTIR_6",94.891,137,7,0,14,150,1,137,2.07e-60,215,"TGCACTATG","+"
"370",550,"Ia5125_HLCY2CCXX_L6_read1313","MuTIR_6",95.294,85,4,0,66,150,1,85,1.66e-36,135,"AGGAGAGGG","+"
"375",564,"Ia5125_HLCY2CCXX_L6_read1411","MuTIR_7",93.478,138,7,2,14,150,1,137,3.46e-58,207,"TACCTAATT","+"
"376",565,"Ia5125_HLCY2CCXX_L6_read1412","MuTIR_7",91.304,46,4,0,105,150,1,46,6.14e-16,67.6,"TACCTAATT","+"
"377",566,"Ia5125_HLCY2CCXX_L6_read1414","MuTIR_7",93.478,138,7,2,14,150,1,137,3.46e-58,207,"TACCTAATT","+"
"379",572,"Ia5125_H57TJBGXX_AGTTCC_read1","MuTIR_1",93.684,95,5,1,57,151,1,94,3.59e-38,141,"TAGACCGAC","+"
"380",573,"Ia5125_H57TJBGXX_AGTTCC_read4","MuTIR_1",92.784,97,6,1,55,151,1,96,1.29e-37,139,"GCGTCTCGC","+"
"381",574,"Ia5125_H57TJBGXX_AGTTCC_read5","MuTIR_1",92.523,107,7,1,45,151,1,106,1.66e-41,152,"GTCTCTGTG","+"
"382",575,"Ia5125_H57TJBGXX_AGTTCC_read6","MuTIR_1",92.063,126,8,2,10,135,1,124,9.84e-49,176,"GTCGCCAGC","+"
"383",576,"Ia5125_H57TJBGXX_AGTTCC_read7","MuTIR_1",93.976,83,4,1,65,147,1,82,3.61e-33,124,"CTCTCTTTC","+"
"384",577,"Ia5125_H57TJBGXX_AGTTCC_read8","MuTIR_1",96.396,111,3,1,41,151,1,110,2.11e-50,182,"CTTTCTGCC","+"
"385",578,"Ia5125_H57TJBGXX_AGTTCC_read10","MuTIR_1",96.262,107,3,1,45,151,1,106,3.54e-48,174,"CTTTCTGCC","+"
"386",579,"Ia5125_H57TJBGXX_AGTTCC_read18","MuTIR_1",93.396,106,6,1,46,151,1,105,1.28e-42,156,"GGAGTGCGG","+"
"387",580,"Ia5125_H57TJBGXX_AGTTCC_read19","MuTIR_1",94.167,120,6,1,25,144,1,119,2.11e-50,182,"GCGTCTCGC","+"
"388",581,"Ia5125_H57TJBGXX_AGTTCC_read20","MuTIR_1",93.407,91,5,1,61,151,1,90,6.01e-36,134,"TTCTTGTTC","+"
"389",582,"Ia5125_H57TJBGXX_AGTTCC_read21","MuTIR_1",95.522,67,2,1,85,151,1,66,1.31e-27,106,"GAACAAGAA","+"
"390",583,"Ia5125_H57TJBGXX_AGTTCC_read22","MuTIR_1",94.828,58,2,1,94,151,1,57,1.32e-22,89.8,"CAAGGTGGG","+"
"391",584,"Ia5125_H57TJBGXX_AGTTCC_read24","MuTIR_1",95.946,74,2,1,78,151,1,73,1.68e-31,119,"CTTTCTGCC","+"
"401",594,"Ia5125_H57TJBGXX_AGTTCC_read38","MuTIR_1",95.789,95,3,1,41,135,1,94,1.66e-41,152,"TCTTTCTGA","-"
"413",635,"Ia5125_H57TJBGXX_AGTTCC_read153","MuTIR_2",86.719,128,17,0,21,148,1,128,9.98e-39,143,"TTCGCGCCC","+"
"414",636,"Ia5125_H57TJBGXX_AGTTCC_read154","MuTIR_2",94.231,104,6,0,40,143,1,104,9.91e-44,159,"TTCCTCGCC","+"
"415",637,"Ia5125_H57TJBGXX_AGTTCC_read158","MuTIR_2",92.126,127,10,0,25,151,1,127,7.61e-50,180,"GTTGGCTAG","+"
"416",638,"Ia5125_H57TJBGXX_AGTTCC_read159","MuTIR_2",87.85,107,13,0,36,142,1,107,1.01e-33,126,"TTCGCGCCC","+"
"417",639,"Ia5125_H57TJBGXX_AGTTCC_read162","MuTIR_2",94.203,69,4,0,83,151,1,69,1.31e-27,106,"CCCTGGCGC","+"
"418",640,"Ia5125_H57TJBGXX_AGTTCC_read164","MuTIR_2",90.588,85,8,0,66,150,1,85,7.83e-30,113,"GGCTCTGGG","+"
"419",641,"Ia5125_H57TJBGXX_AGTTCC_read166","MuTIR_2",93.798,129,8,0,13,141,1,129,2.72e-54,195,"CCAAGAGCC","+"
"420",642,"Ia5125_H57TJBGXX_AGTTCC_read170","MuTIR_2",91.538,130,9,2,15,143,1,129,2.74e-49,178,"TGCCGCCGC","+"
"421",643,"Ia5125_H57TJBGXX_AGTTCC_read172","MuTIR_2",91.358,81,7,0,58,138,1,81,2.81e-29,111,"CTGTCAGAG","+"
"431",653,"Ia5125_H57TJBGXX_AGTTCC_read204","MuTIR_2",90,120,12,0,7,126,1,120,1.28e-42,156,"GCAATCACC","-"
"435",664,"Ia5125_H57TJBGXX_AGTTCC_read229","MuTIR_2",88.889,63,5,2,80,141,1,62,1.03e-18,76.8,"CCCCCTCCC","+"
"438",670,"Ia5125_H57TJBGXX_AGTTCC_read250","MuTIR_3",92.982,114,8,0,38,151,1,114,5.92e-46,167,"AAAAAATGG","+"
"439",671,"Ia5125_H57TJBGXX_AGTTCC_read252","MuTIR_3",93.519,108,7,0,41,148,1,108,2.76e-44,161,"TGGTTCGCC","+"
"440",672,"Ia5125_H57TJBGXX_AGTTCC_read255","MuTIR_3",95.42,131,6,0,17,147,1,131,9.7e-59,209,"AGTGTCCAT","+"
"441",673,"Ia5125_H57TJBGXX_AGTTCC_read258","MuTIR_3",94.068,118,5,2,29,145,1,117,2.74e-49,178,"CATATGTAC","+"
"450",682,"Ia5125_H57TJBGXX_AGTTCC_read282","MuTIR_3",95.385,65,3,0,87,151,1,65,4.71e-27,104,"GGCGGTGGG","+"
"451",683,"Ia5125_H57TJBGXX_AGTTCC_read283","MuTIR_3",88.298,94,11,0,57,150,1,94,7.83e-30,113,"CCTCTAGAG","+"
"452",684,"Ia5125_H57TJBGXX_AGTTCC_read284","MuTIR_3",94.949,99,5,0,53,151,1,99,1.28e-42,156,"CCCACCGCC","+"
"453",685,"Ia5125_H57TJBGXX_AGTTCC_read285","MuTIR_3",94.792,96,5,0,29,124,1,96,5.96e-41,150,"ACTGACGGG","+"
"454",688,"Ia5125_H57TJBGXX_AGTTCC_read292","MuTIR_3",94.382,89,5,0,63,151,1,89,4.64e-37,137,"ACTGACGGG","+"
"460",701,"Ia5125_H57TJBGXX_AGTTCC_read311","MuTIR_3",90.244,82,8,0,70,151,1,82,3.64e-28,108,"GTTTTTGTG","+"
"461",703,"Ia5125_H57TJBGXX_AGTTCC_read313","MuTIR_3",91.837,98,8,0,54,151,1,98,4.64e-37,137,"GGGACGGGG","+"
"462",704,"Ia5125_H57TJBGXX_AGTTCC_read314","MuTIR_3",93.878,98,6,0,54,151,1,98,2.15e-40,148,"GCAAACCAA","+"
"463",705,"Ia5125_H57TJBGXX_AGTTCC_read316","MuTIR_3",92.754,69,5,0,68,136,1,69,6.09e-26,100,"GTTTTTGTG","+"
"464",706,"Ia5125_H57TJBGXX_AGTTCC_read317","MuTIR_3",92.208,77,6,0,74,150,1,77,1.01e-28,110,"GTTTTTGTG","+"
"465",707,"Ia5125_H57TJBGXX_AGTTCC_read318","MuTIR_3",95.098,102,5,0,50,151,1,102,2.76e-44,161,"TCTGCGCGG","+"
"466",708,"Ia5125_H57TJBGXX_AGTTCC_read320","MuTIR_3",93.333,75,5,0,75,149,1,75,2.81e-29,111,"CTCCTCATC","+"
"478",739,"Ia5125_H57TJBGXX_AGTTCC_read384","MuTIR_4",91.86,86,7,0,49,134,1,86,4.68e-32,121,"GTGACTGAG","+"
"480",741,"Ia5125_H57TJBGXX_AGTTCC_read388","MuTIR_4",100,32,0,0,114,145,1,32,1.03e-13,60.2,"CGGCCACCG","+"
"481",742,"Ia5125_H57TJBGXX_AGTTCC_read393","MuTIR_4",93.023,129,9,0,20,148,1,129,3.51e-53,191,"CCGAAGACT","+"
"482",743,"Ia5125_H57TJBGXX_AGTTCC_read395","MuTIR_4",87.069,116,15,0,36,151,1,116,6.01e-36,134,"GTGACTGAG","+"
"483",744,"Ia5125_H57TJBGXX_AGTTCC_read399","MuTIR_4",88.983,118,13,0,16,133,1,118,2.15e-40,148,"GCCATTAAG","+"
"488",749,"Ia5125_H57TJBGXX_AGTTCC_read412","MuTIR_4",86.923,130,17,0,12,141,1,130,2.15e-40,148,"CTGCAGATA","-"
"490",756,"Ia5125_H57TJBGXX_AGTTCC_read443","MuTIR_4",85.714,119,17,0,33,151,1,119,2.79e-34,128,"GTGTGTGGG","+"
"491",762,"Ia5125_H57TJBGXX_AGTTCC_read459","MuTIR_5",89.051,137,13,1,10,144,1,137,4.58e-47,171,"ATTGAGCCC","+"
"492",763,"Ia5125_H57TJBGXX_AGTTCC_read462","MuTIR_5",87.786,131,13,2,24,151,1,131,1.66e-41,152,"GGCTACATC","+"
"494",769,"Ia5125_H57TJBGXX_AGTTCC_read484","MuTIR_6",94.595,111,6,0,41,151,1,111,1.27e-47,172,"TGCACTATG","+"
"495",770,"Ia5125_H57TJBGXX_AGTTCC_read488","MuTIR_6",96.923,65,2,0,83,147,1,65,1.01e-28,110,"TGCACTATG","+"
"496",771,"Ia5125_H57TJBGXX_AGTTCC_read491","MuTIR_6",96.429,140,5,0,11,150,1,140,2.07e-65,231,"TGCACTACG","+"
