"","X","qname","sname","percent_identity","alignment_length","mismatches","gap_opens","q_start","q_end","s_start","s_end","evalue","bit_score","tsds","strand"
"1",1,"IDS28_HB1JEADXX_GCCAAT_read2","MuTIR_1",93.458,107,6,1,45,151,1,106,3.56e-43,158,"ATTGAAAGG","+"
"2",2,"IDS28_HB1JEADXX_GCCAAT_read4","MuTIR_1",95.556,90,3,1,60,149,1,89,9.98e-39,143,"TAGACCGAC","+"
"3",3,"IDS28_HB1JEADXX_GCCAAT_read5","MuTIR_1",94.231,52,2,1,100,151,1,51,2.85e-19,78.7,"GCCGTGCGA","+"
"4",4,"IDS28_HB1JEADXX_GCCAAT_read11","MuTIR_1",95.161,62,2,1,90,151,1,61,7.88e-25,97.1,"GAAAGAGAG","+"
"11",12,"IDS28_HB1JEADXX_GCCAAT_read31","MuTIR_1",95.833,72,2,1,80,151,1,71,2.18e-30,115,"CTCCTGGAC","+"
"13",15,"IDS28_HB1JEADXX_GCCAAT_read36","MuTIR_1",87.023,131,9,5,2,127,1,128,3.59e-38,141,"TGTATCAGT","-"
"14",25,"IDS28_HB1JEADXX_GCCAAT_read65","MuTIR_2",89.247,93,10,0,59,151,1,93,6.05e-31,117,"CTGTCAGAG","+"
"15",26,"IDS28_HB1JEADXX_GCCAAT_read67","MuTIR_2",88.696,115,13,0,37,151,1,115,3.59e-38,141,"CGAACAGGA","+"
"16",27,"IDS28_HB1JEADXX_GCCAAT_read69","MuTIR_2",94.03,67,4,0,85,151,1,67,1.69e-26,102,"TTAAGGAGG","+"
"17",28,"IDS28_HB1JEADXX_GCCAAT_read70","MuTIR_2",89.247,93,10,0,58,150,1,93,6.05e-31,117,"CTGTCAGAG","+"
"18",29,"IDS28_HB1JEADXX_GCCAAT_read73","MuTIR_2",90.244,82,8,0,66,147,1,82,3.64e-28,108,"GAAAGTAAC","+"
"26",37,"IDS28_HB1JEADXX_GCCAAT_read90","MuTIR_2",85.938,128,18,0,18,145,1,128,4.64e-37,137,"TCCGGTCAC","+"
"31",57,"IDS28_HB1JEADXX_GCCAAT_read133","MuTIR_3",95.37,108,5,0,44,151,1,108,1.27e-47,172,"ACTGACGGG","+"
"32",58,"IDS28_HB1JEADXX_GCCAAT_read135","MuTIR_3",91.473,129,11,0,12,140,1,129,2.74e-49,178,"CCTACAATG","+"
"33",59,"IDS28_HB1JEADXX_GCCAAT_read136","MuTIR_3",93.75,48,3,0,104,151,1,48,1.33e-17,73.1,"ACTGACGGG","+"
"34",60,"IDS28_HB1JEADXX_GCCAAT_read137","MuTIR_3",94.048,84,5,0,68,151,1,84,2.79e-34,128,"TTAAAAAAC","+"
"35",61,"IDS28_HB1JEADXX_GCCAAT_read138","MuTIR_3",93.421,76,5,0,75,150,1,76,7.83e-30,113,"ACTGCAGTA","+"
"36",62,"IDS28_HB1JEADXX_GCCAAT_read140","MuTIR_3",94.231,104,6,0,48,151,1,104,9.91e-44,159,"TTAAAAAAC","+"
"37",63,"IDS28_HB1JEADXX_GCCAAT_read141","MuTIR_3",92.683,82,5,1,68,149,1,81,6.05e-31,117,"ACTGCAGTA","+"
"44",85,"IDS28_HB1JEADXX_GCCAAT_read182","MuTIR_4",87.069,116,15,0,36,151,1,116,6.01e-36,134,"GTGACTGAG","+"
"45",86,"IDS28_HB1JEADXX_GCCAAT_read183","MuTIR_4",88.889,135,15,0,17,151,1,135,1.65e-46,169,"CGGCCCGTG","+"
"48",89,"IDS28_HB1JEADXX_GCCAAT_read195","MuTIR_4",85.211,142,20,1,10,151,1,141,7.72e-40,147,"AGCGACGAG","+"
"50",91,"IDS28_HB1JEADXX_GCCAAT_read203","MuTIR_4",89.062,64,7,0,88,151,1,64,7.94e-20,80.5,"GTCGACAGC","+"
"55",98,"IDS28_HB1JEADXX_GCCAAT_read239","MuTIR_6",95.798,119,5,0,32,150,1,119,9.77e-54,193,"TGCACTACA","+"
"56",100,"IDS28_HB1JEADXX_GCCAAT_read246","MuTIR_6",97.248,109,3,0,43,151,1,109,1.63e-51,185,"AGGAGAGGG","+"
"58",108,"IDS28_HLCY2CCXX_L2_read1","MuTIR_1",100,39,0,0,112,150,1,39,1.32e-17,73.1,"GAGAGCCTC","+"
"59",109,"IDS28_HLCY2CCXX_L2_read4","MuTIR_1",93.277,119,7,1,27,145,1,118,3.51e-48,174,"GTTCGTGCA","+"
"62",112,"IDS28_HLCY2CCXX_L2_read8","MuTIR_1",95.89,73,2,1,75,147,1,72,6.01e-31,117,"ATTGAAAGG","+"
"63",113,"IDS28_HLCY2CCXX_L2_read9","MuTIR_1",95.798,119,4,1,27,145,1,118,3.49e-53,191,"CCCACCTTG","+"
"64",114,"IDS28_HLCY2CCXX_L2_read10","MuTIR_1",94.737,57,2,1,94,150,1,56,4.71e-22,87.9,"GAATACAAC","+"
"65",115,"IDS28_HLCY2CCXX_L2_read11","MuTIR_1",96.154,104,3,1,47,150,1,103,1.63e-46,169,"GAGAGCCTC","+"
"66",116,"IDS28_HLCY2CCXX_L2_read13","MuTIR_1",94.059,101,5,1,50,150,1,100,1.65e-41,152,"GCCTCCCGG","+"
"67",117,"IDS28_HLCY2CCXX_L2_read21","MuTIR_1",95.833,72,2,1,79,150,1,71,2.16e-30,115,"GAATACAAC","+"
"69",119,"IDS28_HLCY2CCXX_L2_read26","MuTIR_1",94.737,95,4,1,48,142,1,94,7.66e-40,147,"TAGACCGAC","+"
"70",120,"IDS28_HLCY2CCXX_L2_read27","MuTIR_1",94.737,95,4,1,16,110,1,94,7.66e-40,147,"TAGACCGAC","+"
"71",121,"IDS28_HLCY2CCXX_L2_read31","MuTIR_1",97.674,43,1,0,108,150,1,43,3.67e-18,75,"CTCTCTTTC","+"
"72",122,"IDS28_HLCY2CCXX_L2_read33","MuTIR_1",96.154,104,3,1,47,150,1,103,1.63e-46,169,"GAGAGCCTC","+"
"85",137,"IDS28_HLCY2CCXX_L2_read73","MuTIR_1",94.828,58,2,1,93,150,1,57,1.31e-22,89.8,"CTCCTGGAC","+"
"86",138,"IDS28_HLCY2CCXX_L2_read75","MuTIR_1",95.455,66,2,1,85,150,1,65,4.68e-27,104,"CCCTCCCCA","+"
"87",139,"IDS28_HLCY2CCXX_L2_read76","MuTIR_1",95.349,86,3,1,63,148,1,85,1.66e-36,135,"CTCCTGGAC","+"
"88",140,"IDS28_HLCY2CCXX_L2_read77","MuTIR_1",94.828,58,2,1,93,150,1,57,1.31e-22,89.8,"CTCCTGGAC","+"
"89",141,"IDS28_HLCY2CCXX_L2_read78","MuTIR_1",94.828,58,2,1,93,150,1,57,1.31e-22,89.8,"CTCCTGGAC","+"
"90",142,"IDS28_HLCY2CCXX_L2_read79","MuTIR_1",95.745,94,3,1,57,150,1,93,5.92e-41,150,"CCCTCCCCA","+"
"91",143,"IDS28_HLCY2CCXX_L2_read80","MuTIR_1",96,75,2,1,76,150,1,74,4.64e-32,121,"CTCCTGGAC","+"
"92",144,"IDS28_HLCY2CCXX_L2_read81","MuTIR_1",95.745,47,2,0,104,150,1,47,1.02e-18,76.8,"CCCTCCCCA","+"
"96",174,"IDS28_HLCY2CCXX_L2_read174","MuTIR_2",94.737,57,3,0,93,149,1,57,1.31e-22,89.8,"GCGACCTCC","+"
"97",175,"IDS28_HLCY2CCXX_L2_read176","MuTIR_2",93.043,115,6,2,37,150,1,114,5.88e-46,167,"ACTGATAGA","+"
"98",176,"IDS28_HLCY2CCXX_L2_read178","MuTIR_2",89.394,66,7,0,85,150,1,66,6.09e-21,84.2,"CTTGCATAC","+"
"99",177,"IDS28_HLCY2CCXX_L2_read181","MuTIR_2",87.838,74,9,0,77,150,1,74,4.71e-22,87.9,"CTTGCATAC","+"
"100",178,"IDS28_HLCY2CCXX_L2_read182","MuTIR_2",93.902,82,5,0,62,143,1,82,3.59e-33,124,"CTCTGCGAC","+"
"101",179,"IDS28_HLCY2CCXX_L2_read183","MuTIR_2",89.928,139,14,0,12,150,1,139,7.55e-50,180,"TTAAGGAGG","+"
"102",180,"IDS28_HLCY2CCXX_L2_read186","MuTIR_2",93.069,101,5,2,50,149,1,100,7.66e-40,147,"ACTGATAGA","+"
"103",181,"IDS28_HLCY2CCXX_L2_read189","MuTIR_2",95.161,62,3,0,89,150,1,62,2.18e-25,99,"TTCTGCCTC","+"
"104",182,"IDS28_HLCY2CCXX_L2_read191","MuTIR_2",92.105,76,6,0,75,150,1,76,3.61e-28,108,"TTAAGGAGG","+"
"105",183,"IDS28_HLCY2CCXX_L2_read195","MuTIR_2",91.2,125,11,0,26,150,1,125,4.55e-47,171,"TTCTGCCTC","+"
"106",184,"IDS28_HLCY2CCXX_L2_read196","MuTIR_2",91.667,60,5,0,89,148,1,60,6.09e-21,84.2,"CTCCGTTAT","+"
"107",185,"IDS28_HLCY2CCXX_L2_read201","MuTIR_2",88.8,125,14,0,10,134,1,125,4.58e-42,154,"NAGGCAGAA","+"
"108",186,"IDS28_HLCY2CCXX_L2_read203","MuTIR_2",96.552,87,3,0,64,150,1,87,2.76e-39,145,"TTCCTCGCC","+"
"118",196,"IDS28_HLCY2CCXX_L2_read226","MuTIR_2",88.372,129,14,1,12,139,1,129,4.58e-42,154,"CGGATCGAA","-"
"122",202,"IDS28_HLCY2CCXX_L2_read246","MuTIR_2",93,100,7,0,51,150,1,100,7.66e-40,147,"CCCAGAGCC","+"
"123",214,"IDS28_HLCY2CCXX_L2_read313","MuTIR_3",94.4,125,7,0,26,150,1,125,9.7e-54,193,"AAAACATTC","+"
"124",215,"IDS28_HLCY2CCXX_L2_read315","MuTIR_3",93.077,130,9,0,12,141,1,130,3.49e-53,191,"CAACTCAGG","+"
"125",216,"IDS28_HLCY2CCXX_L2_read317","MuTIR_3",97.826,46,1,0,105,150,1,46,7.88e-20,80.5,"CCGTTTTTT","+"
"126",217,"IDS28_HLCY2CCXX_L2_read318","MuTIR_3",95.082,122,6,0,27,148,1,122,9.7e-54,193,"AGTGTCCAT","+"
"128",219,"IDS28_HLCY2CCXX_L2_read321","MuTIR_3",92.958,71,5,0,70,140,1,71,4.68e-27,104,"CCGTTTTTT","+"
"129",220,"IDS28_HLCY2CCXX_L2_read323","MuTIR_3",92.958,71,5,0,70,140,1,71,4.68e-27,104,"CCGTTTTTT","+"
"130",221,"IDS28_HLCY2CCXX_L2_read324","MuTIR_3",91.912,136,7,4,16,149,1,134,4.51e-52,187,"CATATGTAC","+"
"131",222,"IDS28_HLCY2CCXX_L2_read325","MuTIR_3",94.737,133,7,0,14,146,1,133,3.46e-58,207,"AAAACATTC","+"
"132",223,"IDS28_HLCY2CCXX_L2_read326","MuTIR_3",97.826,46,1,0,105,150,1,46,7.88e-20,80.5,"CCGTTTTTT","+"
"133",224,"IDS28_HLCY2CCXX_L2_read327","MuTIR_3",91.837,98,8,0,53,150,1,98,4.61e-37,137,"CCGTTTTTT","+"
"138",229,"IDS28_HLCY2CCXX_L2_read337","MuTIR_3",96.226,53,2,0,88,140,1,53,4.71e-22,87.9,"CTAGGAGAG","-"
"139",231,"IDS28_HLCY2CCXX_L2_read344","MuTIR_3",89.773,88,9,0,63,150,1,88,7.77e-30,113,"GGAATAGGT","+"
"141",233,"IDS28_HLCY2CCXX_L2_read348","MuTIR_3",90,110,11,0,41,150,1,110,9.91e-39,143,"CCGCCCGCG","+"
"143",235,"IDS28_HLCY2CCXX_L2_read353","MuTIR_3",92.105,76,6,0,74,149,1,76,3.61e-28,108,"AGGGGTCGC","+"
"144",236,"IDS28_HLCY2CCXX_L2_read355","MuTIR_3",89.423,104,11,0,42,145,1,104,2.15e-35,132,"CCTCTAGAG","+"
"148",240,"IDS28_HLCY2CCXX_L2_read364","MuTIR_3",91.549,71,6,0,66,136,1,71,2.18e-25,99,"ACTATAGAA","-"
"150",245,"IDS28_HLCY2CCXX_L2_read376","MuTIR_3",94.444,108,6,0,39,146,1,108,5.88e-46,167,"AGCAGAGAG","+"
"151",246,"IDS28_HLCY2CCXX_L2_read379","MuTIR_3",93.162,117,8,0,34,150,1,117,1.26e-47,172,"AGAAGAGAG","+"
"152",247,"IDS28_HLCY2CCXX_L2_read380","MuTIR_3",95.455,110,5,0,41,150,1,110,9.77e-49,176,"GACCCTTTG","+"
"153",248,"IDS28_HLCY2CCXX_L2_read381","MuTIR_3",95.455,110,5,0,41,150,1,110,9.77e-49,176,"GACCCTTTG","+"
"154",249,"IDS28_HLCY2CCXX_L2_read382","MuTIR_3",93.103,116,8,0,35,150,1,116,4.55e-47,171,"CTCCTCATC","+"
"155",250,"IDS28_HLCY2CCXX_L2_read383","MuTIR_3",92.553,94,7,0,57,150,1,94,1.66e-36,135,"CTCCTCATC","+"
"156",251,"IDS28_HLCY2CCXX_L2_read384","MuTIR_3",95,80,4,0,71,150,1,80,9.98e-34,126,"GACCCTTTG","+"
"163",278,"IDS28_HLCY2CCXX_L2_read425","MuTIR_3",83.465,127,20,1,3,128,1,127,6.01e-31,117,"CCGGATTCT","-"
"165",311,"IDS28_HLCY2CCXX_L2_read490","MuTIR_4",93.846,65,4,0,84,148,1,65,2.18e-25,99,"CTCTCTTGC","+"
"166",312,"IDS28_HLCY2CCXX_L2_read494","MuTIR_4",91.429,70,6,0,81,150,1,70,7.82e-25,97.1,"GCCATTAAG","+"
"167",313,"IDS28_HLCY2CCXX_L2_read495","MuTIR_4",87.234,94,12,0,57,150,1,94,3.61e-28,108,"GCTTGCCTT","+"
"168",314,"IDS28_HLCY2CCXX_L2_read496","MuTIR_4",91,100,9,0,48,147,1,100,1.66e-36,135,"CTCGACATA","+"
"169",315,"IDS28_HLCY2CCXX_L2_read498","MuTIR_4",91.429,70,6,0,81,150,1,70,7.82e-25,97.1,"GCCATTAAG","+"
"170",316,"IDS28_HLCY2CCXX_L2_read500","MuTIR_4",92.632,95,5,2,42,136,1,93,1.66e-36,135,"CGGCCCGTG","+"
"171",317,"IDS28_HLCY2CCXX_L2_read503","MuTIR_4",91.964,112,9,0,36,147,1,112,9.84e-44,159,"CGGCCACCG","+"
"173",319,"IDS28_HLCY2CCXX_L2_read507","MuTIR_4",90,120,12,0,14,133,1,120,3.54e-43,158,"GCTGTCGAC","+"
"174",320,"IDS28_HLCY2CCXX_L2_read509","MuTIR_4",94,100,6,0,48,147,1,100,1.65e-41,152,"CCGAAGACT","+"
"182",328,"IDS28_HLCY2CCXX_L2_read527","MuTIR_4",90,120,12,0,8,127,1,120,3.54e-43,158,"CTTTTATGC","-"
"185",331,"IDS28_HLCY2CCXX_L2_read531","MuTIR_4",90,120,12,0,8,127,1,120,3.54e-43,158,"CTTTTATGC","-"
"190",337,"IDS28_HLCY2CCXX_L2_read559","MuTIR_4",89.011,91,10,0,60,150,1,91,7.77e-30,113,"GTCGACAGC","+"
"191",338,"IDS28_HLCY2CCXX_L2_read560","MuTIR_4",88.496,113,13,0,36,148,1,113,1.28e-37,139,"GTCGACAGC","+"
"194",355,"IDS28_HLCY2CCXX_L2_read627","MuTIR_5",88.889,117,11,1,32,146,1,117,2.76e-39,145,"ATTGAGCCC","+"
"198",359,"IDS28_HLCY2CCXX_L2_read638","MuTIR_5",88.43,121,11,2,12,129,1,121,2.76e-39,145,"TCCCATTAG","-"
"199",361,"IDS28_HLCY2CCXX_L2_read656","MuTIR_6",95.276,127,6,0,24,150,1,127,1.61e-56,202,"TGCACTACA","+"
"200",362,"IDS28_HLCY2CCXX_L2_read660","MuTIR_6",97.015,67,2,0,81,147,1,67,7.77e-30,113,"TGCACTACG","+"
"201",363,"IDS28_HLCY2CCXX_L2_read661","MuTIR_6",90.741,108,10,0,41,148,1,108,2.76e-39,145,"CATGAAAGG","+"
"202",364,"IDS28_HLCY2CCXX_L2_read664","MuTIR_6",95.238,126,6,0,25,150,1,126,5.8e-56,200,"TGCACTACA","+"
"205",369,"IDS28_HLCY2CCXX_L2_read675","MuTIR_6",96.667,90,3,0,61,150,1,90,5.92e-41,150,"AGGAGAGGG","+"
"206",370,"IDS28_HLCY2CCXX_L2_read676","MuTIR_6",89.286,112,10,2,36,146,1,111,1.28e-37,139,"AGGAGAGGG","+"
"215",379,"IDS28_HLCY2CCXX_L2_read691","MuTIR_3",85.47,117,15,2,35,150,1,116,4.64e-32,121,"GCAGGCTAG","+"
"216",380,"IDS28_HLCY2CCXX_L2_read692","MuTIR_6",93.103,87,6,0,61,147,1,87,2.77e-34,128,"AGGAGAGGG","+"
"217",381,"IDS28_HLCY2CCXX_L2_read693","MuTIR_6",93.333,90,6,0,61,150,1,90,5.96e-36,134,"AGGAGAGGG","+"
"218",383,"IDS28_HLCY2CCXX_L2_read699","MuTIR_6",91.045,134,12,0,17,150,1,134,2.1e-50,182,"AACGCAGAA","+"
"219",384,"IDS28_HLCY2CCXX_L2_read700","MuTIR_6",90,110,10,1,42,150,1,110,3.56e-38,141,"GACGTGAAC","+"
"225",396,"IDS28_HB1LCADXX_GCCAAT_read1","MuTIR_1",96.203,79,1,2,74,151,1,78,2.79e-34,128,"CCGGGAGGC","+"
"226",397,"IDS28_HB1LCADXX_GCCAAT_read2","MuTIR_1",95.062,81,3,1,71,151,1,80,1.01e-33,126,"GCCGTGCGA","+"
"227",398,"IDS28_HB1LCADXX_GCCAAT_read3","MuTIR_1",93.382,136,7,2,17,151,1,135,5.84e-56,200,"CCGGGAGGC","+"
"228",399,"IDS28_HB1LCADXX_GCCAAT_read6","MuTIR_1",100,32,0,0,118,149,1,32,1.03e-13,60.2,"TAGACCGAC","+"
"229",400,"IDS28_HB1LCADXX_GCCAAT_read7","MuTIR_1",96.46,113,3,1,36,148,1,112,1.63e-51,185,"GAGAGCCTC","+"
"233",404,"IDS28_HB1LCADXX_GCCAAT_read15","MuTIR_1",96.25,80,2,1,72,151,1,79,7.77e-35,130,"CCCTCCCCA","+"
"235",406,"IDS28_HB1LCADXX_GCCAAT_read17","MuTIR_1",95.652,92,3,1,49,140,1,91,7.72e-40,147,"AACTATTCC","-"
"237",411,"IDS28_HB1LCADXX_GCCAAT_read33","MuTIR_2",89.552,67,7,0,81,147,1,67,1.71e-21,86.1,"CTTGCATAC","+"
"238",412,"IDS28_HB1LCADXX_GCCAAT_read35","MuTIR_2",97.959,49,1,0,103,151,1,49,1.71e-21,86.1,"TTCCTCGCC","+"
"242",422,"IDS28_HB1LCADXX_GCCAAT_read60","MuTIR_3",93.75,80,5,0,70,149,1,80,4.68e-32,121,"AAAAAATGG","+"
"243",423,"IDS28_HB1LCADXX_GCCAAT_read62","MuTIR_3",93.182,88,6,0,63,150,1,88,7.77e-35,130,"CAACTCAGG","+"
"246",427,"IDS28_HB1LCADXX_GCCAAT_read69","MuTIR_3",94.253,87,5,0,65,151,1,87,6.01e-36,134,"ACTGACGGG","+"
"252",438,"IDS28_HB1LCADXX_GCCAAT_read85","MuTIR_4",95.652,46,2,0,104,149,1,46,3.69e-18,75,"CGGCCACCG","+"
"254",440,"IDS28_HB1LCADXX_GCCAAT_read89","MuTIR_4",89.474,114,12,0,38,151,1,114,7.72e-40,147,"GCCATTAAG","+"
"257",449,"IDS28_HB1LCADXX_GCCAAT_read126","MuTIR_6",89.474,114,11,1,27,139,1,114,9.98e-39,143,"GACGTGAAC","+"
