"","X","qname","sname","percent_identity","alignment_length","mismatches","gap_opens","q_start","q_end","s_start","s_end","evalue","bit_score","tsds","strand"
"1",1,"Il101_HB1LCADXX_AGTCAA_read6","MuTIR_1",95.238,84,3,1,68,151,1,83,2.16e-35,132,"GCCGTGCGA","+"
"2",2,"Il101_HB1LCADXX_AGTCAA_read13","MuTIR_1",95.833,48,2,0,103,150,1,48,2.85e-19,78.7,"GTCGGTCTA","+"
"3",3,"Il101_HB1LCADXX_AGTCAA_read15","MuTIR_1",93.684,95,5,1,23,117,1,94,3.59e-38,141,"TCTTCCTGA","-"
"6",10,"Il101_HB1LCADXX_AGTCAA_read63","MuTIR_2",93.827,81,4,1,72,151,1,81,4.68e-32,121,"TTCTGCTAG","+"
"7",11,"Il101_HB1LCADXX_AGTCAA_read64","MuTIR_2",91.935,62,5,0,90,151,1,62,4.74e-22,87.9,"CTCGTCAGC","+"
"9",13,"Il101_HB1LCADXX_AGTCAA_read66","MuTIR_2",92.683,82,6,0,63,144,1,82,1.68e-31,119,"CCCCTCCTG","+"
"10",14,"Il101_HB1LCADXX_AGTCAA_read67","MuTIR_2",97.917,48,1,0,104,151,1,48,6.14e-21,84.2,"TTCCCTGCC","+"
"11",15,"Il101_HB1LCADXX_AGTCAA_read68","MuTIR_2",95.238,42,2,0,110,151,1,42,6.18e-16,67.6,"AGCAGGGAA","+"
"19",35,"Il101_HB1LCADXX_AGTCAA_read112","MuTIR_3",95.522,67,3,0,85,151,1,67,3.64e-28,108,"TGGTTCGCC","+"
"20",36,"Il101_HB1LCADXX_AGTCAA_read114","MuTIR_3",94.615,130,7,0,22,151,1,130,1.62e-56,202,"AAAACATTC","+"
"24",43,"Il101_HB1LCADXX_AGTCAA_read126","MuTIR_3",91.176,102,9,0,50,151,1,102,1.29e-37,139,"CCTACAATG","+"
"25",44,"Il101_HB1LCADXX_AGTCAA_read130","MuTIR_3",91.473,129,11,0,8,136,1,129,2.74e-49,178,"GGATTCAGA","-"
"26",45,"Il101_HB1LCADXX_AGTCAA_read134","MuTIR_3",93.827,81,5,0,71,151,1,81,1.3e-32,122,"TCTGCGCGG","+"
"27",46,"Il101_HB1LCADXX_AGTCAA_read135","MuTIR_3",92.593,108,8,0,44,151,1,108,1.28e-42,156,"CCCGTCCCC","+"
"32",68,"Il101_HB1LCADXX_AGTCAA_read164","MuTIR_4",92.308,65,5,0,87,151,1,65,1.02e-23,93.5,"CGGCCACCG","+"
"33",69,"Il101_HB1LCADXX_AGTCAA_read165","MuTIR_4",87.597,129,15,1,15,143,1,128,5.96e-41,150,"GTTTTTACA","+"
"34",70,"Il101_HB1LCADXX_AGTCAA_read166","MuTIR_4",86.923,130,17,0,10,139,1,130,2.15e-40,148,"GTGACTGAG","+"
"35",71,"Il101_HB1LCADXX_AGTCAA_read167","MuTIR_4",90.833,120,11,0,4,123,1,120,7.66e-45,163,"CTTTTATGC","-"
"37",73,"Il101_HB1LCADXX_AGTCAA_read174","MuTIR_4",89.72,107,11,0,45,151,1,107,1.29e-37,139,"CAAATGGAT","+"
"39",75,"Il101_HB1LCADXX_AGTCAA_read177","MuTIR_4",89.109,101,11,0,46,146,1,101,1.01e-33,126,"GTCGACAGC","+"
"41",78,"Il101_HB1LCADXX_AGTCAA_read180","MuTIR_4",100,28,0,0,122,149,1,28,1.73e-11,52.8,"GCCATTAAG","+"
"42",79,"Il101_HB1LCADXX_AGTCAA_read183","MuTIR_4",86.957,92,12,0,60,151,1,92,4.71e-27,104,"GTGTGTGGG","+"
"45",86,"Il101_HB1LCADXX_AGTCAA_read196","MuTIR_5",90.385,104,8,1,50,151,1,104,4.64e-37,137,"CGAGACGGC","+"
"49",90,"Il101_HB1LCADXX_AGTCAA_read200","MuTIR_5",95.918,49,2,0,92,140,1,49,7.94e-20,80.5,"AGGCCTAGG","-"
"51",92,"Il101_HB1LCADXX_AGTCAA_read206","MuTIR_6",98,50,1,0,102,151,1,50,4.74e-22,87.9,"TGCACTACG","+"
"53",94,"Il101_HB1LCADXX_AGTCAA_read212","MuTIR_6",95.181,83,4,0,69,151,1,83,2.16e-35,132,"AGGAGAGGG","+"
"54",95,"Il101_HB1LCADXX_AGTCAA_read213","MuTIR_6",94.574,129,7,0,23,151,1,129,5.84e-56,200,"AGGAGAGGG","+"
"57",103,"Il101_HLC27CCXX_L8_read2","MuTIR_1",95.789,95,3,1,52,146,1,94,1.65e-41,152,"CCTAGGCCC","+"
"58",104,"Il101_HLC27CCXX_L8_read4","MuTIR_1",95.833,48,2,0,101,148,1,48,2.83e-19,78.7,"TAGACCGAC","+"
"59",105,"Il101_HLC27CCXX_L8_read6","MuTIR_1",96.262,107,3,1,44,150,1,106,3.51e-48,174,"GAGCAGAGG","+"
"60",106,"Il101_HLC27CCXX_L8_read7","MuTIR_1",91.791,134,8,3,13,145,1,132,5.84e-51,183,"GTCGGTCTA","+"
"61",107,"Il101_HLC27CCXX_L8_read9","MuTIR_1",95.238,84,3,1,67,150,1,83,2.15e-35,132,"CATGCTCGG","+"
"62",108,"Il101_HLC27CCXX_L8_read10","MuTIR_1",96.386,83,2,1,68,150,1,82,1.66e-36,135,"CCCACCTTG","+"
"63",109,"Il101_HLC27CCXX_L8_read12","MuTIR_1",93.103,116,7,1,35,150,1,115,1.63e-46,169,"TTTTTTGTG","+"
"64",110,"Il101_HLC27CCXX_L8_read14","MuTIR_1",94.215,121,6,1,30,150,1,120,5.84e-51,183,"GAAAGAGAG","+"
"65",111,"Il101_HLC27CCXX_L8_read16","MuTIR_1",90.476,84,7,1,67,150,1,83,1.01e-28,110,"GAGGCTCTC","+"
"66",112,"Il101_HLC27CCXX_L8_read18","MuTIR_1",93.525,139,8,1,12,150,1,138,1.25e-57,206,"CCCACCGAG","+"
"67",113,"Il101_HLC27CCXX_L8_read19","MuTIR_1",95.789,95,3,1,37,131,1,94,1.65e-41,152,"CCTAGGCCC","+"
"68",114,"Il101_HLC27CCXX_L8_read20","MuTIR_1",100,43,0,0,108,150,1,43,7.88e-20,80.5,"GAGAGCCTC","+"
"69",115,"Il101_HLC27CCXX_L8_read27","MuTIR_1",94.34,53,2,1,98,150,1,52,7.88e-20,80.5,"GAGCAGAGG","+"
"70",116,"Il101_HLC27CCXX_L8_read29","MuTIR_1",93.684,95,5,1,25,119,1,94,3.56e-38,141,"CTCTCTACC","+"
"71",117,"Il101_HLC27CCXX_L8_read31","MuTIR_1",98.077,52,0,1,91,142,1,51,1.31e-22,89.8,"CATCCAAAC","+"
"72",118,"Il101_HLC27CCXX_L8_read35","MuTIR_1",94.34,53,2,1,98,150,1,52,7.88e-20,80.5,"GTCGGTCTA","+"
"73",119,"Il101_HLC27CCXX_L8_read36","MuTIR_1",95.098,102,4,1,49,150,1,101,9.84e-44,159,"CATGCTCGG","+"
"81",127,"Il101_HLC27CCXX_L8_read47","MuTIR_1",93.684,95,5,1,42,136,1,94,3.56e-38,141,"TCTTTCTGA","-"
"90",136,"Il101_HLC27CCXX_L8_read64","MuTIR_1",95.789,95,3,1,40,134,1,94,1.65e-41,152,"TCTTCCTGA","-"
"93",143,"Il101_HLC27CCXX_L8_read77","MuTIR_1",93.846,65,3,1,23,87,1,64,7.82e-25,97.1,"CTGTGCGAG","+"
"94",144,"Il101_HLC27CCXX_L8_read78","MuTIR_1",95.789,95,3,1,29,123,1,94,1.65e-41,152,"CCAGCAGCC","+"
"96",146,"Il101_HLC27CCXX_L8_read82","MuTIR_1",92.5,80,5,1,71,150,1,79,7.77e-30,113,"CTTTGGATG","+"
"97",147,"Il101_HLC27CCXX_L8_read83","MuTIR_1",93.805,113,6,1,38,150,1,112,1.63e-46,169,"CTTTGGATG","+"
"98",148,"Il101_HLC27CCXX_L8_read84","MuTIR_1",93.846,65,3,1,63,127,1,64,7.82e-25,97.1,"CTGTGCGAG","+"
"99",149,"Il101_HLC27CCXX_L8_read85","MuTIR_1",95.789,95,3,1,31,125,1,94,1.65e-41,152,"TCTTCCTAA","-"
"105",155,"Il101_HLC27CCXX_L8_read93","MuTIR_1",93.846,65,3,1,45,109,1,64,7.82e-25,97.1,"GTTGGCGTT","-"
"106",198,"Il101_HLC27CCXX_L8_read211","MuTIR_2",96.053,76,3,0,75,150,1,76,3.59e-33,124,"TGCCGCCGC","+"
"107",199,"Il101_HLC27CCXX_L8_read213","MuTIR_2",94.118,68,4,0,80,147,1,68,4.68e-27,104,"ACCGGTGTG","+"
"108",200,"Il101_HLC27CCXX_L8_read215","MuTIR_2",94.118,102,6,0,49,150,1,102,1.27e-42,156,"CCCTGGCGC","+"
"109",201,"Il101_HLC27CCXX_L8_read216","MuTIR_2",95.89,73,3,0,77,149,1,73,1.67e-31,119,"TGCCGCCGC","+"
"110",202,"Il101_HLC27CCXX_L8_read217","MuTIR_2",94.393,107,6,0,44,150,1,107,2.11e-45,165,"CCCTGGCGC","+"
"111",203,"Il101_HLC27CCXX_L8_read219","MuTIR_2",95.588,68,3,0,45,112,1,68,1.01e-28,110,"GGCCGGGCG","+"
"112",204,"Il101_HLC27CCXX_L8_read225","MuTIR_2",91.406,128,11,0,22,149,1,128,9.77e-49,176,"TTCTGCCTC","+"
"113",205,"Il101_HLC27CCXX_L8_read226","MuTIR_2",90.625,128,12,0,21,148,1,128,4.55e-47,171,"GTTGCAGGC","+"
"114",206,"Il101_HLC27CCXX_L8_read229","MuTIR_2",92.857,84,6,0,67,150,1,84,1.29e-32,122,"GAGACGAGG","+"
"116",208,"Il101_HLC27CCXX_L8_read232","MuTIR_2",97.436,39,1,0,112,150,1,39,6.14e-16,67.6,"TTCCTCGCC","+"
"117",209,"Il101_HLC27CCXX_L8_read233","MuTIR_2",97.436,39,1,0,112,150,1,39,6.14e-16,67.6,"TTCCTCGCC","+"
"118",210,"Il101_HLC27CCXX_L8_read234","MuTIR_2",94.69,113,6,0,37,149,1,113,9.77e-49,176,"GCGCCAGGG","+"
"119",211,"Il101_HLC27CCXX_L8_read237","MuTIR_2",90.909,77,7,0,74,150,1,77,4.68e-27,104,"CTCGTCAGC","+"
"129",221,"Il101_HLC27CCXX_L8_read259","MuTIR_2",91.473,129,11,0,9,137,1,129,2.72e-49,178,"CGGATCGAA","-"
"138",233,"Il101_HLC27CCXX_L8_read283","MuTIR_2",90.123,81,8,0,57,137,1,81,1.3e-27,106,"TGCAGGGAA","-"
"140",246,"Il101_HLC27CCXX_L8_read323","MuTIR_2",88.462,104,8,4,46,147,1,102,1.29e-32,122,"CTGGCTGGA","+"
"141",247,"Il101_HLC27CCXX_L8_read326","MuTIR_2",89.286,84,5,4,61,142,1,82,1.68e-26,102,"CTGGCTGGA","+"
"142",248,"Il101_HLC27CCXX_L8_read327","MuTIR_2",89.286,84,5,4,61,142,1,82,1.68e-26,102,"CTGGCTGGA","+"
"147",262,"Il101_HLC27CCXX_L8_read380","MuTIR_3",94.393,107,6,0,44,150,1,107,2.11e-45,165,"CAAAATTAG","+"
"148",263,"Il101_HLC27CCXX_L8_read381","MuTIR_3",96.296,54,2,0,96,149,1,54,1.31e-22,89.8,"CCCAGCGAC","+"
"149",264,"Il101_HLC27CCXX_L8_read382","MuTIR_3",91.912,136,7,4,17,150,1,134,4.51e-52,187,"CATATGTAC","+"
"150",265,"Il101_HLC27CCXX_L8_read383","MuTIR_3",95.745,47,2,0,103,149,1,47,1.02e-18,76.8,"CCCTGCGAG","+"
"151",266,"Il101_HLC27CCXX_L8_read388","MuTIR_3",94.231,104,6,0,47,150,1,104,9.84e-44,159,"CAAAATTAG","+"
"152",267,"Il101_HLC27CCXX_L8_read389","MuTIR_3",91.667,132,9,2,20,150,1,131,2.1e-50,182,"CCCTGCGAG","+"
"153",268,"Il101_HLC27CCXX_L8_read392","MuTIR_3",95.556,90,4,0,59,148,1,90,2.76e-39,145,"CCCAGCGAC","+"
"154",269,"Il101_HLC27CCXX_L8_read393","MuTIR_3",96.226,53,2,0,91,143,1,53,4.71e-22,87.9,"AAAAAATGG","+"
"155",270,"Il101_HLC27CCXX_L8_read396","MuTIR_3",93.846,65,4,0,86,150,1,65,2.18e-25,99,"GTCGCTGGG","+"
"156",271,"Il101_HLC27CCXX_L8_read397","MuTIR_3",91.473,129,11,0,22,150,1,129,2.72e-49,178,"CCGTTTTTT","+"
"157",272,"Il101_HLC27CCXX_L8_read398","MuTIR_3",93.939,132,8,0,19,150,1,132,5.8e-56,200,"GGCCCCCTC","+"
"158",273,"Il101_HLC27CCXX_L8_read399","MuTIR_3",93.976,83,5,0,66,148,1,83,9.98e-34,126,"TGGCGAACC","+"
"159",274,"Il101_HLC27CCXX_L8_read402","MuTIR_3",94.231,104,6,0,47,150,1,104,9.84e-44,159,"CAAAATTAG","+"
"167",282,"Il101_HLC27CCXX_L8_read419","MuTIR_3",93.233,133,9,0,1,133,1,133,7.5e-55,196,"AACTACGAT","-"
"175",292,"Il101_HLC27CCXX_L8_read440","MuTIR_3",89.844,128,13,0,23,150,1,128,2.11e-45,165,"CCTCTAGAG","+"
"176",293,"Il101_HLC27CCXX_L8_read441","MuTIR_3",94.393,107,6,0,44,150,1,107,2.11e-45,165,"ACTGACGGG","+"
"177",295,"Il101_HLC27CCXX_L8_read446","MuTIR_3",94.737,95,5,0,56,150,1,95,2.13e-40,148,"ACTGACGGG","+"
"178",296,"Il101_HLC27CCXX_L8_read447","MuTIR_3",91.473,129,11,0,10,138,1,129,2.72e-49,178,"CCAGTGCAG","+"
"179",297,"Il101_HLC27CCXX_L8_read449","MuTIR_3",95,100,5,0,51,150,1,100,3.54e-43,158,"ACTGACGGG","+"
"180",299,"Il101_HLC27CCXX_L8_read458","MuTIR_3",94.017,117,7,0,30,146,1,117,2.72e-49,178,"GTGGTTTAG","+"
"190",312,"Il101_HLC27CCXX_L8_read485","MuTIR_3",91.111,90,8,0,60,149,1,90,1.29e-32,122,"GGGACGGGG","+"
"191",313,"Il101_HLC27CCXX_L8_read488","MuTIR_3",94.805,77,4,0,74,150,1,77,4.64e-32,121,"TCAAACAGG","+"
"192",314,"Il101_HLC27CCXX_L8_read489","MuTIR_3",94.915,118,6,0,30,147,1,118,1.62e-51,185,"GACCCTTTG","+"
"193",316,"Il101_HLC27CCXX_L8_read491","MuTIR_3",94.915,118,6,0,31,148,1,118,1.62e-51,185,"TCAAACAGG","+"
"194",317,"Il101_HLC27CCXX_L8_read492","MuTIR_3",90.076,131,13,0,17,147,1,131,4.55e-47,171,"GGGACGGGG","+"
"195",318,"Il101_HLC27CCXX_L8_read493","MuTIR_3",91.589,107,9,0,44,150,1,107,2.13e-40,148,"AGTTACGCC","+"
"196",319,"Il101_HLC27CCXX_L8_read495","MuTIR_3",94.118,68,4,0,83,150,1,68,4.68e-27,104,"TCTAAAAGA","+"
"197",320,"Il101_HLC27CCXX_L8_read496","MuTIR_3",92.857,70,5,0,77,146,1,70,1.68e-26,102,"AGTTACGCC","+"
"198",321,"Il101_HLC27CCXX_L8_read498","MuTIR_3",94.118,68,4,0,83,150,1,68,4.68e-27,104,"TTCGCCCGC","+"
"199",322,"Il101_HLC27CCXX_L8_read499","MuTIR_3",89.381,113,10,2,36,148,1,111,3.56e-38,141,"CTATACTGG","+"
"200",324,"Il101_HLC27CCXX_L8_read502","MuTIR_3",94.118,68,4,0,83,150,1,68,4.68e-27,104,"TTCGCCCGC","+"
"202",326,"Il101_HLC27CCXX_L8_read505","MuTIR_3",91.398,93,8,0,58,150,1,93,2.77e-34,128,"GCCTCCAGA","+"
"203",327,"Il101_HLC27CCXX_L8_read508","MuTIR_3",90.769,130,12,0,21,150,1,130,3.51e-48,174,"TTCGCCCGC","+"
"218",344,"Il101_HLC27CCXX_L8_read528","MuTIR_3",90.441,136,13,0,5,140,1,136,7.55e-50,180,"CGACTCTAT","-"
"227",356,"Il101_HLC27CCXX_L8_read543","MuTIR_3",91.781,73,6,0,78,150,1,73,1.68e-26,102,"GACCCTTTG","+"
"228",357,"Il101_HLC27CCXX_L8_read546","MuTIR_3",92.857,70,5,0,81,150,1,70,1.68e-26,102,"CTCCAGGAT","+"
"229",399,"Il101_HLC27CCXX_L8_read633","MuTIR_4",88.372,129,15,0,20,148,1,129,3.54e-43,158,"GCCATTAAG","+"
"230",400,"Il101_HLC27CCXX_L8_read637","MuTIR_4",100,32,0,0,116,147,1,32,1.03e-13,60.2,"CGGCCACCG","+"
"231",401,"Il101_HLC27CCXX_L8_read639","MuTIR_4",98.276,58,1,0,91,148,1,58,1.68e-26,102,"ATCAATTTG","+"
"233",403,"Il101_HLC27CCXX_L8_read642","MuTIR_4",95.588,68,3,0,83,150,1,68,1.01e-28,110,"ATCAATTTG","+"
"235",405,"Il101_HLC27CCXX_L8_read647","MuTIR_4",92.105,114,9,0,37,150,1,114,7.61e-45,163,"CCGAAGACT","+"
"236",406,"Il101_HLC27CCXX_L8_read655","MuTIR_4",91.489,94,8,0,53,146,1,94,7.71e-35,130,"CGGCCACCG","+"
"248",419,"Il101_HLC27CCXX_L8_read709","MuTIR_4",87.218,133,17,0,18,150,1,133,4.58e-42,154,"GTCGACAGC","+"
"249",420,"Il101_HLC27CCXX_L8_read710","MuTIR_4",87.218,133,17,0,18,150,1,133,4.58e-42,154,"GTCGACAGC","+"
"250",433,"Il101_HLC27CCXX_L8_read764","MuTIR_5",89.744,78,6,1,75,150,1,78,6.05e-26,100,"TAAACCACC","+"
"252",435,"Il101_HLC27CCXX_L8_read770","MuTIR_5",89.744,117,10,1,30,144,1,117,5.92e-41,150,"ATTGAGCCC","+"
"253",436,"Il101_HLC27CCXX_L8_read771","MuTIR_5",88.43,121,11,2,12,129,1,121,2.76e-39,145,"TAAACCACC","+"
"254",437,"Il101_HLC27CCXX_L8_read776","MuTIR_5",89.744,117,10,1,30,144,1,117,5.92e-41,150,"ATTGAGCCC","+"
"255",438,"Il101_HLC27CCXX_L8_read777","MuTIR_5",87.879,132,14,1,21,150,1,132,1.27e-42,156,"GGCTACATC","+"
"257",440,"Il101_HLC27CCXX_L8_read783","MuTIR_5",89.764,127,11,1,5,129,1,127,7.61e-45,163,"CGTTGTTAT","-"
"261",449,"Il101_HLC27CCXX_L8_read817","MuTIR_6",97.03,101,3,0,50,150,1,101,4.55e-47,171,"AGGAGAGGT","+"
"263",451,"Il101_HLC27CCXX_L8_read819","MuTIR_6",96.154,78,3,0,73,150,1,78,2.77e-34,128,"AGGAGAGGG","+"
"264",452,"Il101_HLC27CCXX_L8_read820","MuTIR_6",96.154,78,3,0,73,150,1,78,2.77e-34,128,"AGGAGAGGG","+"
"265",453,"Il101_HLC27CCXX_L8_read821","MuTIR_6",94.4,125,7,0,26,150,1,125,9.7e-54,193,"AGGAGAGGG","+"
"266",454,"Il101_HLC27CCXX_L8_read822","MuTIR_6",94.309,123,6,1,29,150,1,123,4.51e-52,187,"ATGCAGATG","+"
"275",469,"Il101_HB1JEADXX_AGTCAA_read1","MuTIR_1",95.312,64,2,1,88,151,1,63,6.09e-26,100,"CTCTCTTTC","+"
"276",470,"Il101_HB1JEADXX_AGTCAA_read4","MuTIR_1",95.652,92,3,1,47,138,1,91,7.72e-40,147,"GAGGCTCTC","+"
"277",471,"Il101_HB1JEADXX_AGTCAA_read5","MuTIR_1",95.238,42,2,0,110,151,1,42,6.18e-16,67.6,"CAAGGTGGG","+"
"278",472,"Il101_HB1JEADXX_AGTCAA_read6","MuTIR_1",93.684,95,5,1,16,110,1,94,3.59e-38,141,"CTCTCTACC","+"
"280",474,"Il101_HB1JEADXX_AGTCAA_read9","MuTIR_1",94.545,55,2,1,97,151,1,54,6.14e-21,84.2,"TAGACCGAC","+"
"281",475,"Il101_HB1JEADXX_AGTCAA_read11","MuTIR_1",92.308,130,9,1,22,151,1,129,5.88e-51,183,"CTCTCTTTC","+"
"282",476,"Il101_HB1JEADXX_AGTCAA_read12","MuTIR_1",94.737,95,4,1,32,126,1,94,7.72e-40,147,"CATCCATTT","+"
"283",478,"Il101_HB1JEADXX_AGTCAA_read15","MuTIR_1",100,48,0,0,104,151,1,48,1.32e-22,89.8,"GAGGCTCTC","+"
"284",479,"Il101_HB1JEADXX_AGTCAA_read17","MuTIR_1",94.792,96,4,1,56,151,1,95,2.15e-40,148,"GAAAGAGAG","+"
"285",480,"Il101_HB1JEADXX_AGTCAA_read19","MuTIR_1",95.455,110,4,1,42,151,1,109,3.54e-48,174,"CCCACCTTG","+"
"290",485,"Il101_HB1JEADXX_AGTCAA_read30","MuTIR_1",94.737,95,4,1,41,135,1,94,7.72e-40,147,"TTTTCCTAA","-"
"293",488,"Il101_HB1JEADXX_AGTCAA_read36","MuTIR_1",94.737,95,4,1,41,135,1,94,7.72e-40,147,"TCTTCCTGA","-"
"298",493,"Il101_HB1JEADXX_AGTCAA_read45","MuTIR_1",93.694,111,6,1,41,151,1,110,2.13e-45,165,"CTTTGGATG","+"
"299",494,"Il101_HB1JEADXX_AGTCAA_read46","MuTIR_1",97.619,42,1,0,110,151,1,42,1.33e-17,73.1,"CCAGCAGCC","+"
"302",512,"Il101_HB1JEADXX_AGTCAA_read106","MuTIR_2",91.525,118,10,0,34,151,1,118,7.66e-45,163,"GAGACGAGG","+"
"303",513,"Il101_HB1JEADXX_AGTCAA_read111","MuTIR_2",93.023,129,9,0,13,141,1,129,1.26e-52,189,"GCGCCAGGG","+"
"305",515,"Il101_HB1JEADXX_AGTCAA_read113","MuTIR_2",95.062,81,3,1,72,151,1,81,1.01e-33,126,"CCCTGGCGC","+"
"306",516,"Il101_HB1JEADXX_AGTCAA_read114","MuTIR_2",86.719,128,17,0,24,151,1,128,9.98e-39,143,"CCCCTCCTG","+"
"307",517,"Il101_HB1JEADXX_AGTCAA_read116","MuTIR_2",96.491,57,2,0,78,134,1,57,2.83e-24,95.3,"AGCAGGGGG","+"
"308",518,"Il101_HB1JEADXX_AGTCAA_read117","MuTIR_2",97.561,41,1,0,111,151,1,41,4.78e-17,71.3,"TTCCCTGCC","+"
"309",519,"Il101_HB1JEADXX_AGTCAA_read118","MuTIR_2",93.333,105,7,0,47,151,1,105,1.28e-42,156,"TTCTGCTAG","+"
"310",520,"Il101_HB1JEADXX_AGTCAA_read119","MuTIR_2",97.403,77,2,0,69,145,1,77,2.16e-35,132,"TTCCTCGCC","+"
"311",521,"Il101_HB1JEADXX_AGTCAA_read120","MuTIR_2",91.463,82,7,0,65,146,1,82,7.83e-30,113,"GAGGCAGAA","+"
"312",522,"Il101_HB1JEADXX_AGTCAA_read122","MuTIR_2",88.785,107,12,0,39,145,1,107,2.16e-35,132,"CTACTCGGT","+"
"313",523,"Il101_HB1JEADXX_AGTCAA_read125","MuTIR_2",85.981,107,15,0,42,148,1,107,2.18e-30,115,"CTCGTGTCT","+"
"314",524,"Il101_HB1JEADXX_AGTCAA_read126","MuTIR_2",95.652,69,3,0,83,151,1,69,2.81e-29,111,"TGCCGCCGC","+"
"315",525,"Il101_HB1JEADXX_AGTCAA_read127","MuTIR_2",90,90,9,0,60,149,1,90,6.05e-31,117,"CTCGTCAGC","+"
"316",526,"Il101_HB1JEADXX_AGTCAA_read128","MuTIR_2",92.913,127,7,2,26,151,1,126,5.88e-51,183,"TGCCGCCGC","+"
"317",527,"Il101_HB1JEADXX_AGTCAA_read129","MuTIR_2",91.379,58,5,0,94,151,1,58,7.94e-20,80.5,"CTCGTCAGC","+"
"318",528,"Il101_HB1JEADXX_AGTCAA_read130","MuTIR_2",92.647,68,5,0,78,145,1,68,2.19e-25,99,"CTCGTCAGC","+"
"319",529,"Il101_HB1JEADXX_AGTCAA_read132","MuTIR_2",91.473,129,11,0,3,131,1,129,2.74e-49,178,"CGGATCGAA","-"
"336",561,"Il101_HB1JEADXX_AGTCAA_read190","MuTIR_3",91.971,137,7,4,17,151,1,135,1.26e-52,189,"CATATGTAC","+"
"337",562,"Il101_HB1JEADXX_AGTCAA_read191","MuTIR_3",92.771,83,6,0,62,144,1,83,4.68e-32,121,"AGAGGGGGG","+"
"338",563,"Il101_HB1JEADXX_AGTCAA_read195","MuTIR_3",93.506,77,5,0,73,149,1,77,2.18e-30,115,"AGAGGGGGG","+"
"340",565,"Il101_HB1JEADXX_AGTCAA_read197","MuTIR_3",95.652,46,2,0,106,151,1,46,3.69e-18,75,"CCCAGCGAC","+"
"341",566,"Il101_HB1JEADXX_AGTCAA_read199","MuTIR_3",94.059,101,6,0,51,151,1,101,4.61e-42,154,"AAAAAATGG","+"
"342",567,"Il101_HB1JEADXX_AGTCAA_read200","MuTIR_3",97.872,47,1,0,104,150,1,47,2.21e-20,82.4,"AAAAAATGG","+"
"350",577,"Il101_HB1JEADXX_AGTCAA_read216","MuTIR_3",94.737,57,3,0,95,151,1,57,1.32e-22,89.8,"ACTGACGGG","+"
"351",578,"Il101_HB1JEADXX_AGTCAA_read218","MuTIR_3",92.683,82,5,1,64,145,1,81,6.05e-31,117,"CTCTGCCGC","+"
"352",582,"Il101_HB1JEADXX_AGTCAA_read222","MuTIR_3",90.351,114,11,0,38,151,1,114,5.96e-41,150,"CCTCTAGAG","+"
"356",587,"Il101_HB1JEADXX_AGTCAA_read236","MuTIR_3",91.892,111,9,0,15,125,1,111,1.28e-42,156,"AGTTACGCC","+"
"357",589,"Il101_HB1JEADXX_AGTCAA_read238","MuTIR_3",89.855,138,11,3,13,149,1,136,3.54e-48,174,"CTATCCTGG","+"
"358",590,"Il101_HB1JEADXX_AGTCAA_read239","MuTIR_3",91.803,61,5,0,91,151,1,61,1.71e-21,86.1,"CCTGTTTGA","+"
"364",626,"Il101_HB1JEADXX_AGTCAA_read296","MuTIR_4",86.777,121,16,0,30,150,1,121,4.64e-37,137,"GTGACTGAG","+"
"365",627,"Il101_HB1JEADXX_AGTCAA_read297","MuTIR_4",89.286,112,12,0,40,151,1,112,9.98e-39,143,"GCTGTCGAC","+"
"366",628,"Il101_HB1JEADXX_AGTCAA_read298","MuTIR_4",94.253,87,5,0,65,151,1,87,6.01e-36,134,"CGGCCACCG","+"
"367",629,"Il101_HB1JEADXX_AGTCAA_read301","MuTIR_4",95.062,81,4,0,71,151,1,81,2.79e-34,128,"CGGCCCGTG","+"
"369",631,"Il101_HB1JEADXX_AGTCAA_read304","MuTIR_4",97.222,72,2,0,80,151,1,72,1.3e-32,122,"ATCAATTTG","+"
"370",632,"Il101_HB1JEADXX_AGTCAA_read305","MuTIR_4",86.4,125,17,0,27,151,1,125,1.29e-37,139,"GTGACTGAG","+"
"372",634,"Il101_HB1JEADXX_AGTCAA_read307","MuTIR_4",94.118,68,3,1,63,129,1,68,1.69e-26,102,"TGAAAGGGA","-"
"374",636,"Il101_HB1JEADXX_AGTCAA_read310","MuTIR_4",90,120,12,0,11,130,1,120,3.56e-43,158,"CTTTTATGC","-"
"376",638,"Il101_HB1JEADXX_AGTCAA_read315","MuTIR_4",93.684,95,4,2,43,137,1,93,3.59e-38,141,"AACCAATGA","-"
"385",649,"Il101_HB1JEADXX_AGTCAA_read349","MuTIR_4",89.13,92,10,0,54,145,1,92,2.18e-30,115,"GTGTGTGGG","+"
"387",652,"Il101_HB1JEADXX_AGTCAA_read354","MuTIR_4",91.071,56,5,0,96,151,1,56,1.03e-18,76.8,"GCCATTAAG","+"
"388",656,"Il101_HB1JEADXX_AGTCAA_read361","MuTIR_5",95.918,49,2,0,93,141,1,49,7.94e-20,80.5,"ATTGAGCCC","+"
"389",657,"Il101_HB1JEADXX_AGTCAA_read362","MuTIR_5",87.786,131,14,1,23,151,1,131,4.61e-42,154,"GGCTACATC","+"
"390",658,"Il101_HB1JEADXX_AGTCAA_read364","MuTIR_5",90.833,120,9,1,34,151,1,120,2.76e-44,161,"CGAGACGGC","+"
"394",665,"Il101_HB1JEADXX_AGTCAA_read384","MuTIR_6",94.891,137,7,0,15,151,1,137,2.09e-60,215,"TGCACTATG","+"
"396",667,"Il101_HB1JEADXX_AGTCAA_read388","MuTIR_6",92.188,64,5,0,88,151,1,64,3.67e-23,91.6,"AGGAGAGGG","+"
"397",668,"Il101_HB1JEADXX_AGTCAA_read389","MuTIR_6",92.308,65,5,0,87,151,1,65,1.02e-23,93.5,"AGGAGAGGG","+"
