"","X","qname","sname","percent_identity","alignment_length","mismatches","gap_opens","q_start","q_end","s_start","s_end","evalue","bit_score","tsds","strand"
"1",1,"K55_HB1JEADXX_ATCACG_read4","MuTIR_1",93.258,89,5,1,63,151,1,88,7.77e-35,130,"GTCGGCTGG","+"
"2",2,"K55_HB1JEADXX_ATCACG_read5","MuTIR_1",94.737,95,4,1,35,129,1,94,7.72e-40,147,"ACTCCAAAC","+"
"3",3,"K55_HB1JEADXX_ATCACG_read7","MuTIR_1",93.75,80,4,1,72,151,1,79,1.68e-31,119,"CTCGCACAG","+"
"4",4,"K55_HB1JEADXX_ATCACG_read8","MuTIR_1",93.966,116,6,1,36,151,1,115,3.54e-48,174,"GTTCAGAAA","+"
"6",6,"K55_HB1JEADXX_ATCACG_read10","MuTIR_1",94.737,95,4,1,25,119,1,94,7.72e-40,147,"ACTCCAAAC","+"
"7",7,"K55_HB1JEADXX_ATCACG_read13","MuTIR_1",97.674,43,1,0,109,151,1,43,3.69e-18,75,"CTCTCTTTC","+"
"13",13,"K55_HB1JEADXX_ATCACG_read21","MuTIR_1",93.684,95,5,1,22,116,1,94,3.59e-38,141,"TCTTCCTGA","-"
"25",47,"K55_HB1JEADXX_ATCACG_read101","MuTIR_2",90.244,82,8,0,70,151,1,82,3.64e-28,108,"CCGTGACCC","+"
"26",51,"K55_HB1JEADXX_ATCACG_read109","MuTIR_2",90.244,82,8,0,65,146,1,82,3.64e-28,108,"CTACTCGGT","+"
"29",56,"K55_HB1JEADXX_ATCACG_read119","MuTIR_2",87.368,95,8,4,59,151,1,93,1.31e-27,106,"CTGGCTGGA","+"
"31",59,"K55_HB1JEADXX_ATCACG_read124","MuTIR_2",88.462,130,11,4,2,129,1,128,4.61e-42,154,"CAATAGCGA","-"
"33",61,"K55_HB1JEADXX_ATCACG_read126","MuTIR_2",86.822,129,15,2,7,134,1,128,9.98e-39,143,"CAGTAGTGA","-"
"34",64,"K55_HB1JEADXX_ATCACG_read131","MuTIR_2",89.706,68,7,0,78,145,1,68,4.74e-22,87.9,"CCCACCACG","+"
"35",65,"K55_HB1JEADXX_ATCACG_read137","MuTIR_3",93.137,102,7,0,50,151,1,102,5.96e-41,150,"AAAACATTC","+"
"38",71,"K55_HB1JEADXX_ATCACG_read145","MuTIR_3",98.387,62,1,0,90,151,1,62,1.01e-28,110,"GGCGGTGGG","+"
"39",72,"K55_HB1JEADXX_ATCACG_read146","MuTIR_3",97,100,3,0,52,151,1,100,1.65e-46,169,"GGCGGTGGG","+"
"40",73,"K55_HB1JEADXX_ATCACG_read147","MuTIR_3",92.857,42,3,0,110,151,1,42,2.87e-14,62.1,"ACTGACGGG","+"
"43",77,"K55_HB1JEADXX_ATCACG_read155","MuTIR_3",91.398,93,8,0,59,151,1,93,2.79e-34,128,"GACCACAAC","+"
"44",79,"K55_HB1JEADXX_ATCACG_read157","MuTIR_3",92.135,89,7,0,63,151,1,89,1.01e-33,126,"GTTGTGGTC","+"
"45",80,"K55_HB1JEADXX_ATCACG_read158","MuTIR_3",92.481,133,10,0,12,144,1,133,3.51e-53,191,"CTCCTCATC","+"
"48",105,"K55_HB1JEADXX_ATCACG_read205","MuTIR_4",85.714,126,18,0,26,151,1,126,1.67e-36,135,"GTGTGTGGG","+"
"49",106,"K55_HB1JEADXX_ATCACG_read206","MuTIR_4",88.764,89,10,0,63,151,1,89,1.01e-28,110,"GTGTGAGGG","+"
"51",112,"K55_HB1JEADXX_ATCACG_read216","MuTIR_5",89.091,110,10,1,44,151,1,110,4.64e-37,137,"GGCTACATC","+"
"53",118,"K55_HB1JEADXX_ATCACG_read233","MuTIR_6",96.429,84,3,0,68,151,1,84,1.29e-37,139,"TGCACTACA","+"
"54",119,"K55_HB1JEADXX_ATCACG_read235","MuTIR_6",96.104,77,3,0,75,151,1,77,1.01e-33,126,"TGCACTACG","+"
"57",122,"K55_HB1JEADXX_ATCACG_read240","MuTIR_6",96.226,106,4,0,46,151,1,106,3.54e-48,174,"TCCTAGGCT","+"
"58",124,"K55_HB1JEADXX_ATCACG_read242","MuTIR_6",96.396,111,4,0,41,151,1,111,5.88e-51,183,"CCGTAGATC","+"
"60",129,"K55_HLC27CCXX_L8_read2","MuTIR_1",93.396,106,6,1,45,150,1,105,1.27e-42,156,"GTCGGCTGG","+"
"61",130,"K55_HLC27CCXX_L8_read3","MuTIR_1",93.684,95,5,1,54,148,1,94,3.56e-38,141,"CTCGCACAG","+"
"62",131,"K55_HLC27CCXX_L8_read4","MuTIR_1",94.928,138,6,1,12,149,1,137,2.07e-60,215,"TTTCTGAAC","+"
"63",132,"K55_HLC27CCXX_L8_read8","MuTIR_1",89.247,93,5,2,63,150,1,93,2.79e-29,111,"GTTTGCAGT","+"
"64",133,"K55_HLC27CCXX_L8_read12","MuTIR_1",96.552,58,1,1,93,150,1,57,2.81e-24,95.3,"GTTCAGAAA","+"
"65",134,"K55_HLC27CCXX_L8_read13","MuTIR_1",92.632,95,6,1,22,116,1,94,1.66e-36,135,"TCGCACGGC","+"
"66",135,"K55_HLC27CCXX_L8_read17","MuTIR_1",96.875,64,1,1,87,150,1,63,1.3e-27,106,"GTTCAGAAA","+"
"67",136,"K55_HLC27CCXX_L8_read18","MuTIR_1",93.684,95,5,1,43,137,1,94,3.56e-38,141,"CTCTCTACC","+"
"68",137,"K55_HLC27CCXX_L8_read21","MuTIR_1",96.104,77,2,1,74,150,1,76,3.59e-33,124,"AGATTTGAT","+"
"69",138,"K55_HLC27CCXX_L8_read28","MuTIR_1",98.824,85,0,1,58,142,1,84,5.92e-41,150,"GTTGACCGG","+"
"70",139,"K55_HLC27CCXX_L8_read29","MuTIR_1",96.552,116,3,1,35,150,1,115,3.49e-53,191,"GTTGACCGG","+"
"71",140,"K55_HLC27CCXX_L8_read32","MuTIR_1",100,42,0,0,107,148,1,42,2.83e-19,78.7,"GGCTGGCGG","+"
"72",141,"K55_HLC27CCXX_L8_read36","MuTIR_1",97.647,85,1,1,66,150,1,84,2.76e-39,145,"CACAAATAG","+"
"73",142,"K55_HLC27CCXX_L8_read37","MuTIR_1",95.833,48,2,0,102,149,1,48,2.83e-19,78.7,"GCCGTGCGA","+"
"74",143,"K55_HLC27CCXX_L8_read38","MuTIR_1",96.429,56,1,1,87,142,1,55,3.64e-23,91.6,"CACAAATAG","+"
"75",144,"K55_HLC27CCXX_L8_read39","MuTIR_1",88.333,120,13,1,3,122,1,119,9.91e-39,143,"AGATTTGGC","-"
"82",151,"K55_HLC27CCXX_L8_read54","MuTIR_1",93.684,95,5,1,33,127,1,94,3.56e-38,141,"TCTTCCTGA","-"
"92",162,"K55_HLC27CCXX_L8_read81","MuTIR_1",94.118,85,4,1,66,150,1,84,2.77e-34,128,"GTCGCCAGC","+"
"93",164,"K55_HLC27CCXX_L8_read84","MuTIR_1",95.96,99,3,1,52,150,1,98,9.84e-44,159,"CCCTCCCCA","+"
"94",166,"K55_HLC27CCXX_L8_read86","MuTIR_1",96.04,101,3,1,49,149,1,100,7.61e-45,163,"CTGTGCGAG","+"
"96",210,"K55_HLC27CCXX_L8_read171","MuTIR_2",95.294,85,4,0,66,150,1,85,1.66e-36,135,"CCCTGGCGC","+"
"97",211,"K55_HLC27CCXX_L8_read172","MuTIR_2",90.816,98,9,0,53,150,1,98,2.15e-35,132,"CCGTGACCC","+"
"98",212,"K55_HLC27CCXX_L8_read173","MuTIR_2",90.816,98,9,0,53,150,1,98,2.15e-35,132,"CCGTGACCC","+"
"100",214,"K55_HLC27CCXX_L8_read175","MuTIR_2",92.105,76,6,0,75,150,1,76,3.61e-28,108,"CTACTCGGT","+"
"101",215,"K55_HLC27CCXX_L8_read177","MuTIR_2",93.506,77,5,0,72,148,1,77,2.16e-30,115,"GAGACGAGG","+"
"102",216,"K55_HLC27CCXX_L8_read178","MuTIR_2",90.625,128,12,0,14,141,1,128,4.55e-47,171,"AGTTTTAGG","+"
"103",217,"K55_HLC27CCXX_L8_read181","MuTIR_2",89.394,132,14,0,19,150,1,132,5.88e-46,167,"GCTGGGAAG","+"
"104",218,"K55_HLC27CCXX_L8_read182","MuTIR_2",90.099,101,10,0,49,149,1,101,2.15e-35,132,"AGTTTTAGG","+"
"105",219,"K55_HLC27CCXX_L8_read184","MuTIR_2",92.5,120,9,0,28,147,1,120,1.26e-47,172,"GAGACGAGG","+"
"106",220,"K55_HLC27CCXX_L8_read187","MuTIR_2",87.97,133,16,0,18,150,1,133,3.54e-43,158,"TGCAATGAT","+"
"107",221,"K55_HLC27CCXX_L8_read189","MuTIR_2",96.591,88,3,0,63,150,1,88,7.66e-40,147,"GCGCCAGGG","+"
"108",222,"K55_HLC27CCXX_L8_read190","MuTIR_2",96.104,77,3,0,73,149,1,77,9.98e-34,126,"GCGCCAGGG","+"
"109",223,"K55_HLC27CCXX_L8_read191","MuTIR_2",90.741,108,10,0,43,150,1,108,2.76e-39,145,"ACCGGTGTG","+"
"110",224,"K55_HLC27CCXX_L8_read192","MuTIR_2",88.785,107,12,0,40,146,1,107,2.15e-35,132,"CTACTCGGT","+"
"111",225,"K55_HLC27CCXX_L8_read193","MuTIR_2",89.474,133,14,0,18,150,1,133,1.63e-46,169,"TGCAATGAT","+"
"112",226,"K55_HLC27CCXX_L8_read194","MuTIR_2",92.857,126,9,0,25,150,1,126,5.84e-51,183,"TTCCTCGCC","+"
"113",227,"K55_HLC27CCXX_L8_read196","MuTIR_2",96.491,57,2,0,93,149,1,57,2.81e-24,95.3,"ACTGATAGA","+"
"114",228,"K55_HLC27CCXX_L8_read198","MuTIR_2",89.362,141,15,0,10,150,1,141,2.72e-49,178,"TGCAATGAT","+"
"115",229,"K55_HLC27CCXX_L8_read199","MuTIR_2",90.099,101,10,0,49,149,1,101,2.15e-35,132,"AGTTTTAGG","+"
"116",230,"K55_HLC27CCXX_L8_read201","MuTIR_2",96.774,62,2,0,89,150,1,62,4.68e-27,104,"GCGCCAGGG","+"
"117",231,"K55_HLC27CCXX_L8_read203","MuTIR_2",91.15,113,10,0,38,150,1,113,4.58e-42,154,"CATCATACT","+"
"118",232,"K55_HLC27CCXX_L8_read204","MuTIR_2",91.089,101,9,0,47,147,1,101,4.61e-37,137,"CCGTGACCC","+"
"119",233,"K55_HLC27CCXX_L8_read205","MuTIR_2",95.588,68,3,0,77,144,1,68,1.01e-28,110,"CATCATACT","+"
"125",239,"K55_HLC27CCXX_L8_read213","MuTIR_2",88.785,107,12,0,32,138,1,107,2.15e-35,132,"CGAACAAGA","-"
"130",244,"K55_HLC27CCXX_L8_read227","MuTIR_2",87.402,127,16,0,2,128,1,127,7.66e-40,147,"TCACTGGCG","-"
"142",258,"K55_HLC27CCXX_L8_read259","MuTIR_2",91.339,127,11,0,24,150,1,127,3.51e-48,174,"CGGTTCGGG","+"
"143",260,"K55_HLC27CCXX_L8_read270","MuTIR_2",91.339,127,10,1,25,150,1,127,1.26e-47,172,"GATAGCGTG","+"
"146",263,"K55_HLC27CCXX_L8_read273","MuTIR_2",91.473,129,10,1,3,130,1,129,9.77e-49,176,"CAGATAGAA","-"
"152",288,"K55_HLC27CCXX_L8_read368","MuTIR_3",91.964,112,7,2,40,150,1,111,1.27e-42,156,"CATATGTAC","+"
"153",289,"K55_HLC27CCXX_L8_read370","MuTIR_3",90.09,111,11,0,40,150,1,111,2.76e-39,145,"CATATGTAC","+"
"154",290,"K55_HLC27CCXX_L8_read372","MuTIR_3",93.333,90,6,0,61,150,1,90,5.96e-36,134,"AAAACATTC","+"
"156",292,"K55_HLC27CCXX_L8_read374","MuTIR_3",91.791,134,11,0,15,148,1,134,4.51e-52,187,"CCGTTTTTT","+"
"157",293,"K55_HLC27CCXX_L8_read375","MuTIR_3",94.03,134,8,0,17,150,1,134,4.48e-57,204,"GGCCCCCTC","+"
"158",294,"K55_HLC27CCXX_L8_read376","MuTIR_3",94.03,134,8,0,17,150,1,134,4.48e-57,204,"GGCCCCCTC","+"
"159",295,"K55_HLC27CCXX_L8_read382","MuTIR_3",90.698,129,10,2,23,150,1,128,4.55e-47,171,"CCCTGCGAG","+"
"160",296,"K55_HLC27CCXX_L8_read386","MuTIR_3",95.455,88,4,0,56,143,1,88,3.56e-38,141,"TGCTACTGG","+"
"161",297,"K55_HLC27CCXX_L8_read387","MuTIR_3",93.333,90,6,0,61,150,1,90,5.96e-36,134,"AAAACATTC","+"
"162",298,"K55_HLC27CCXX_L8_read388","MuTIR_3",93.043,115,8,0,36,150,1,115,1.63e-46,169,"TGCTACTGG","+"
"163",299,"K55_HLC27CCXX_L8_read391","MuTIR_3",96.226,53,2,0,89,141,1,53,4.71e-22,87.9,"CTAGGAGAG","-"
"164",300,"K55_HLC27CCXX_L8_read392","MuTIR_3",96.226,53,2,0,89,141,1,53,4.71e-22,87.9,"CTAGGAGAG","-"
"167",303,"K55_HLC27CCXX_L8_read401","MuTIR_3",88.806,134,13,2,6,138,1,133,7.61e-45,163,"AACGACGAT","-"
"170",313,"K55_HLC27CCXX_L8_read414","MuTIR_3",91.473,129,11,0,16,144,1,129,2.72e-49,178,"CCTACAATG","+"
"171",314,"K55_HLC27CCXX_L8_read415","MuTIR_3",91.473,129,11,0,16,144,1,129,2.72e-49,178,"CCTACAATG","+"
"178",329,"K55_HLC27CCXX_L8_read445","MuTIR_3",91.729,133,11,0,3,135,1,133,1.62e-51,185,"AACTACGAT","-"
"181",335,"K55_HLC27CCXX_L8_read458","MuTIR_3",88.889,135,13,2,11,144,1,134,2.11e-45,165,"TAGCACGCC","+"
"182",337,"K55_HLC27CCXX_L8_read460","MuTIR_3",88.889,135,13,2,11,144,1,134,2.11e-45,165,"TAGCACGCC","+"
"183",363,"K55_HLC27CCXX_L8_read513","MuTIR_4",94.444,54,3,0,97,150,1,54,6.09e-21,84.2,"GTGCCTGTC","+"
"184",364,"K55_HLC27CCXX_L8_read514","MuTIR_4",87.302,126,14,2,26,150,1,125,2.76e-39,145,"GTGACTGAG","+"
"185",365,"K55_HLC27CCXX_L8_read516","MuTIR_4",87.786,131,14,2,17,146,1,130,4.58e-42,154,"GTGACTGAG","+"
"186",366,"K55_HLC27CCXX_L8_read517","MuTIR_4",87.786,131,14,2,17,146,1,130,4.58e-42,154,"GTGACTGAG","+"
"187",367,"K55_HLC27CCXX_L8_read518","MuTIR_4",88.462,104,12,0,40,143,1,104,9.98e-34,126,"CGGCCACCG","+"
"189",369,"K55_HLC27CCXX_L8_read520","MuTIR_4",100,30,0,0,121,150,1,30,1.33e-12,56.5,"CGGCCACCG","+"
"190",370,"K55_HLC27CCXX_L8_read521","MuTIR_4",93.103,58,4,0,90,147,1,58,1.69e-21,86.1,"CGGCCACCG","+"
"191",371,"K55_HLC27CCXX_L8_read526","MuTIR_4",91.339,127,11,0,18,144,1,127,9.77e-49,176,"GTTGTCTAA","+"
"193",373,"K55_HLC27CCXX_L8_read531","MuTIR_4",93.333,90,5,1,52,141,1,89,2.15e-35,132,"CGTGGAGTC","-"
"195",375,"K55_HLC27CCXX_L8_read533","MuTIR_4",90.833,120,11,0,3,122,1,120,7.61e-45,163,"CTTTTATGC","-"
"196",376,"K55_HLC27CCXX_L8_read535","MuTIR_4",91.86,86,7,0,52,137,1,86,4.64e-32,121,"TGGACGTGG","-"
"200",396,"K55_HLC27CCXX_L8_read586","MuTIR_5",87.97,133,14,1,17,147,1,133,3.54e-43,158,"GGCTACATC","+"
"201",397,"K55_HLC27CCXX_L8_read588","MuTIR_5",95.652,46,2,0,105,150,1,46,3.67e-18,75,"TTGGGAATC","+"
"202",398,"K55_HLC27CCXX_L8_read589","MuTIR_5",95.918,49,2,0,49,97,1,49,7.88e-20,80.5,"ATTGAGCCC","+"
"203",399,"K55_HLC27CCXX_L8_read594","MuTIR_5",92.537,67,3,1,86,150,1,67,7.82e-25,97.1,"CGAGACGGC","+"
"212",417,"K55_HLC27CCXX_L8_read642","MuTIR_6",96,75,3,0,76,150,1,75,1.29e-32,122,"TGTACTACG","+"
"214",419,"K55_HLC27CCXX_L8_read644","MuTIR_6",95.522,134,6,0,17,150,1,134,2.07e-60,215,"TGCACTACA","+"
"215",420,"K55_HLC27CCXX_L8_read645","MuTIR_6",95.489,133,6,0,18,150,1,133,7.45e-60,213,"TGCACTATA","+"
"216",421,"K55_HLC27CCXX_L8_read650","MuTIR_6",94.737,76,4,0,75,150,1,76,1.67e-31,119,"TGCACTACG","+"
"221",427,"K55_HLC27CCXX_L8_read672","MuTIR_6",95,80,4,0,71,150,1,80,9.98e-34,126,"AGGAGAGGG","+"
"225",439,"K55_HLC27CCXX_L8_read691","MuTIR_6",93.103,116,8,0,29,144,1,116,4.55e-47,171,"AACGCAGAA","+"
"226",453,"K55_HLC27CCXX_L8_read723","MuTIR_7",86.957,138,8,2,12,149,1,128,5.92e-41,150,"TGTGGAGGA","+"
"227",454,"K55_HLC27CCXX_L8_read724","MuTIR_7",86.957,138,8,2,12,149,1,128,5.92e-41,150,"TGTGGAGGA","+"
"228",457,"K55_HB1LCADXX_ATCACG_read3","MuTIR_1",98.485,66,0,1,86,151,1,65,2.18e-30,115,"TATTTGTGG","+"
"229",458,"K55_HB1LCADXX_ATCACG_read5","MuTIR_1",95.312,64,2,1,88,151,1,63,6.09e-26,100,"AGATTTGAT","+"
"230",459,"K55_HB1LCADXX_ATCACG_read7","MuTIR_1",89.011,91,5,2,66,151,1,91,3.64e-28,108,"GTTTGCAGT","+"
"236",471,"K55_HB1LCADXX_ATCACG_read46","MuTIR_2",90.083,121,12,0,31,151,1,121,3.56e-43,158,"TCCAACGAG","+"
"238",473,"K55_HB1LCADXX_ATCACG_read51","MuTIR_2",93.333,90,6,0,61,150,1,90,6.01e-36,134,"ACTGATAGA","+"
"239",474,"K55_HB1LCADXX_ATCACG_read53","MuTIR_2",94.186,86,5,0,56,141,1,86,2.16e-35,132,"CCTTGGGTG","+"
"240",475,"K55_HB1LCADXX_ATCACG_read55","MuTIR_2",90.625,128,12,0,17,144,1,128,4.58e-47,171,"ACCGGTGTG","+"
"241",476,"K55_HB1LCADXX_ATCACG_read56","MuTIR_2",92.035,113,9,0,39,151,1,113,9.91e-44,159,"GAGACGAGG","+"
"242",477,"K55_HB1LCADXX_ATCACG_read57","MuTIR_2",94.074,135,8,0,16,150,1,135,1.25e-57,206,"CCCTGGCGC","+"
"245",480,"K55_HB1LCADXX_ATCACG_read63","MuTIR_2",84.615,130,13,6,4,127,1,129,1.3e-32,122,"CGGATAGAA","-"
"249",494,"K55_HB1LCADXX_ATCACG_read92","MuTIR_3",93.22,118,6,2,27,143,1,117,1.27e-47,172,"CCCTGCGAG","+"
"250",495,"K55_HB1LCADXX_ATCACG_read96","MuTIR_3",91.549,71,6,0,78,148,1,71,2.19e-25,99,"CCGCCCGCG","+"
"254",499,"K55_HB1LCADXX_ATCACG_read100","MuTIR_3",91.964,112,8,1,36,147,1,111,1.28e-42,156,"CTCCTCATC","+"
"256",505,"K55_HB1LCADXX_ATCACG_read109","MuTIR_3",92.793,111,8,0,38,148,1,111,2.76e-44,161,"CTCCAGGAT","+"
"258",511,"K55_HB1LCADXX_ATCACG_read127","MuTIR_4",100,31,0,0,121,151,1,31,3.72e-13,58.4,"GAATGGTGC","+"
"260",520,"K55_HB1LCADXX_ATCACG_read148","MuTIR_5",88.571,105,10,1,42,144,1,105,2.79e-34,128,"ACCTTGACA","+"
"261",521,"K55_HB1LCADXX_ATCACG_read149","MuTIR_5",88.889,99,9,1,28,124,1,99,1.3e-32,122,"GGCTACATC","+"
"262",522,"K55_HB1LCADXX_ATCACG_read152","MuTIR_5",88.571,105,10,1,33,135,1,105,2.79e-34,128,"GAATTGATT","-"
"263",523,"K55_HB1LCADXX_ATCACG_read153","MuTIR_5",88.889,99,9,1,26,122,1,99,1.3e-32,122,"CAACATAGT","-"
"265",527,"K55_HB1LCADXX_ATCACG_read160","MuTIR_6",95.05,101,5,0,51,151,1,101,9.91e-44,159,"TGCACTACA","+"
"266",528,"K55_HB1LCADXX_ATCACG_read162","MuTIR_6",100,40,0,0,112,151,1,40,3.69e-18,75,"TGCACTACG","+"
"271",533,"K55_HB1LCADXX_ATCACG_read169","MuTIR_6",95.238,126,6,0,19,144,1,126,5.84e-56,200,"CCGTAGATC","+"
