"","X","qname","sname","percent_identity","alignment_length","mismatches","gap_opens","q_start","q_end","s_start","s_end","evalue","bit_score","tsds","strand"
"1",1,"Mo47_HB1LCADXX_ATGTCA_read6","MuTIR_1",98.276,58,0,1,94,151,1,57,6.09e-26,100,"GAGGCTCTC","+"
"2",2,"Mo47_HB1LCADXX_ATGTCA_read7","MuTIR_1",100,48,0,0,103,150,1,48,1.32e-22,89.8,"CCGGCTCGA","+"
"3",3,"Mo47_HB1LCADXX_ATGTCA_read8","MuTIR_1",100,34,0,0,118,151,1,34,7.99e-15,63.9,"CCGGCTCGA","+"
"4",4,"Mo47_HB1LCADXX_ATGTCA_read9","MuTIR_1",95,40,2,0,112,151,1,40,7.99e-15,63.9,"TAGACCGAC","+"
"5",5,"Mo47_HB1LCADXX_ATGTCA_read11","MuTIR_1",95.082,61,2,1,87,147,1,60,2.83e-24,95.3,"GCTGGCGAC","+"
"6",6,"Mo47_HB1LCADXX_ATGTCA_read14","MuTIR_1",95.745,94,3,1,58,151,1,93,5.96e-41,150,"CCTAGGCCC","+"
"7",7,"Mo47_HB1LCADXX_ATGTCA_read15","MuTIR_1",92.8,125,8,1,22,146,1,124,7.61e-50,180,"CCTCACGAT","+"
"8",8,"Mo47_HB1LCADXX_ATGTCA_read16","MuTIR_1",100,34,0,0,118,151,1,34,7.99e-15,63.9,"TATTTGTGG","+"
"9",9,"Mo47_HB1LCADXX_ATGTCA_read17","MuTIR_1",92.632,95,6,1,39,133,1,94,1.67e-36,135,"TATTCCTGA","-"
"10",10,"Mo47_HB1LCADXX_ATGTCA_read18","MuTIR_1",88.333,120,13,1,20,139,1,119,9.98e-39,143,"AGATTTGGC","-"
"20",20,"Mo47_HB1LCADXX_ATGTCA_read39","MuTIR_1",94.393,107,5,1,45,151,1,106,7.66e-45,163,"GGGCCTAGG","+"
"24",25,"Mo47_HB1LCADXX_ATGTCA_read50","MuTIR_1",87.402,127,8,5,29,150,1,124,1.29e-37,139,"GTCTGATCT","+"
"25",40,"Mo47_HB1LCADXX_ATGTCA_read94","MuTIR_2",91.667,108,9,0,43,150,1,108,5.96e-41,150,"TGAAGTAAT","+"
"26",41,"Mo47_HB1LCADXX_ATGTCA_read96","MuTIR_2",85.294,136,20,0,16,151,1,136,3.59e-38,141,"CTGTCAGAG","+"
"27",42,"Mo47_HB1LCADXX_ATGTCA_read97","MuTIR_2",92.683,82,6,0,63,144,1,82,1.68e-31,119,"TTCGCGCCC","+"
"28",43,"Mo47_HB1LCADXX_ATGTCA_read98","MuTIR_2",96.629,89,3,0,63,151,1,89,2.15e-40,148,"GCGCCAGGG","+"
"29",44,"Mo47_HB1LCADXX_ATGTCA_read99","MuTIR_2",95.714,70,3,0,82,151,1,70,7.83e-30,113,"CCCTGGCGC","+"
"30",45,"Mo47_HB1LCADXX_ATGTCA_read108","MuTIR_2",86.614,127,17,0,13,139,1,127,3.59e-38,141,"CTACTCGGT","+"
"31",46,"Mo47_HB1LCADXX_ATGTCA_read109","MuTIR_2",92.208,77,6,0,75,151,1,77,1.01e-28,110,"CTCGTCAGC","+"
"32",47,"Mo47_HB1LCADXX_ATGTCA_read110","MuTIR_2",95.238,84,4,0,68,151,1,84,6.01e-36,134,"CCCAGAGCC","+"
"33",48,"Mo47_HB1LCADXX_ATGTCA_read111","MuTIR_2",89.167,120,13,0,32,151,1,120,5.96e-41,150,"GGCTCTGGG","+"
"34",49,"Mo47_HB1LCADXX_ATGTCA_read113","MuTIR_2",96.491,57,2,0,95,151,1,57,2.83e-24,95.3,"CCCAGAGCC","+"
"35",50,"Mo47_HB1LCADXX_ATGTCA_read114","MuTIR_2",88.776,98,11,0,28,125,1,98,4.68e-32,121,"ATCTAGGCC","+"
"46",71,"Mo47_HB1LCADXX_ATGTCA_read148","MuTIR_2",89.552,67,5,2,86,151,1,66,6.14e-21,84.2,"GTCTCCCAC","+"
"47",73,"Mo47_HB1LCADXX_ATGTCA_read154","MuTIR_2",86.567,67,7,1,87,151,1,67,1.33e-17,73.1,"ATTCGTGTG","+"
"50",82,"Mo47_HB1LCADXX_ATGTCA_read176","MuTIR_3",92.593,108,8,0,44,151,1,108,1.28e-42,156,"CCGTTTTTT","+"
"52",84,"Mo47_HB1LCADXX_ATGTCA_read179","MuTIR_3",92.5,80,6,0,69,148,1,80,2.18e-30,115,"CCGTTTTTT","+"
"58",91,"Mo47_HB1LCADXX_ATGTCA_read190","MuTIR_3",92.473,93,7,0,59,151,1,93,6.01e-36,134,"TCCTCGAAC","+"
"59",92,"Mo47_HB1LCADXX_ATGTCA_read192","MuTIR_3",91.473,129,11,0,15,143,1,129,2.74e-49,178,"CCTACAATG","+"
"60",94,"Mo47_HB1LCADXX_ATGTCA_read194","MuTIR_3",92.708,96,7,0,56,151,1,96,1.29e-37,139,"GAGAGAGAC","+"
"64",100,"Mo47_HB1LCADXX_ATGTCA_read202","MuTIR_3",90.441,136,13,0,15,150,1,136,7.61e-50,180,"CACGGGGAC","+"
"65",101,"Mo47_HB1LCADXX_ATGTCA_read203","MuTIR_3",90.698,86,8,0,66,151,1,86,2.18e-30,115,"AGTTACGCC","+"
"67",103,"Mo47_HB1LCADXX_ATGTCA_read205","MuTIR_3",93.578,109,7,0,43,151,1,109,7.66e-45,163,"GTTGTGGTC","+"
"68",104,"Mo47_HB1LCADXX_ATGTCA_read206","MuTIR_3",93.506,77,5,0,73,149,1,77,2.18e-30,115,"GACCACAAC","+"
"69",105,"Mo47_HB1LCADXX_ATGTCA_read207","MuTIR_3",93.443,61,4,0,91,151,1,61,3.67e-23,91.6,"GACCTCAAA","+"
"76",129,"Mo47_HB1LCADXX_ATGTCA_read249","MuTIR_4",90.217,92,9,0,60,151,1,92,4.68e-32,121,"GAATGGTGC","+"
"78",131,"Mo47_HB1LCADXX_ATGTCA_read252","MuTIR_4",91.86,86,7,0,23,108,1,86,4.68e-32,121,"GTGACTGAG","+"
"79",132,"Mo47_HB1LCADXX_ATGTCA_read256","MuTIR_4",92.188,128,10,0,22,149,1,128,5.88e-51,183,"GACACCCCC","+"
"80",133,"Mo47_HB1LCADXX_ATGTCA_read261","MuTIR_4",91.86,86,7,0,47,132,1,86,4.68e-32,121,"CGGACGTGG","-"
"82",142,"Mo47_HB1LCADXX_ATGTCA_read282","MuTIR_5",95.918,49,2,0,96,144,1,49,7.94e-20,80.5,"GTCTCTCTC","+"
"83",143,"Mo47_HB1LCADXX_ATGTCA_read285","MuTIR_5",95.918,49,2,0,100,148,1,49,7.94e-20,80.5,"TTCACAGCT","+"
"86",146,"Mo47_HB1LCADXX_ATGTCA_read288","MuTIR_5",95.918,49,2,0,86,134,1,49,7.94e-20,80.5,"AGGCCCGGG","-"
"87",147,"Mo47_HB1LCADXX_ATGTCA_read300","MuTIR_6",96,75,3,0,49,123,1,75,1.3e-32,122,"TGCACTACG","+"
"91",153,"Mo47_HB1LCADXX_ATGTCA_read313","MuTIR_6",95.588,68,3,0,39,106,1,68,1.01e-28,110,"CCGTAGATC","+"
"92",155,"Mo47_HB1LCADXX_ATGTCA_read315","MuTIR_6",94.737,133,7,0,19,151,1,133,3.49e-58,207,"AGGAGAGGG","+"
"93",156,"Mo47_HB1LCADXX_ATGTCA_read316","MuTIR_6",94.068,118,7,0,33,150,1,118,7.61e-50,180,"AGGAGAGGG","+"
"94",157,"Mo47_HB1LCADXX_ATGTCA_read317","MuTIR_6",93.75,128,8,0,17,144,1,128,9.77e-54,193,"AGGAGAGGG","+"
"100",181,"Mo47_HLC27CCXX_L8_read1","MuTIR_1",95.556,90,3,1,61,150,1,89,9.91e-39,143,"GAGGCTCTC","+"
"102",183,"Mo47_HLC27CCXX_L8_read5","MuTIR_1",90,140,13,1,11,150,1,139,7.55e-50,180,"CTCTCTTTC","+"
"103",184,"Mo47_HLC27CCXX_L8_read6","MuTIR_1",93.75,128,7,1,23,150,1,127,3.49e-53,191,"GAAAGAGAG","+"
"104",185,"Mo47_HLC27CCXX_L8_read7","MuTIR_1",94.186,86,2,2,67,150,1,85,2.77e-34,128,"GCCGTGCGA","+"
"105",186,"Mo47_HLC27CCXX_L8_read10","MuTIR_1",93.277,119,7,1,31,149,1,118,3.51e-48,174,"GAAAGAGAG","+"
"106",187,"Mo47_HLC27CCXX_L8_read11","MuTIR_1",95.455,66,2,1,85,150,1,65,4.68e-27,104,"CTCTCTTTC","+"
"107",188,"Mo47_HLC27CCXX_L8_read13","MuTIR_1",91.852,135,9,2,12,146,1,133,4.51e-52,187,"CTCCCAGGA","+"
"108",189,"Mo47_HLC27CCXX_L8_read14","MuTIR_1",92.143,140,10,1,11,150,1,139,7.5e-55,196,"ATTGAAAGG","+"
"109",190,"Mo47_HLC27CCXX_L8_read16","MuTIR_1",95.455,66,2,1,85,150,1,65,4.68e-27,104,"GTCGGTCTA","+"
"111",192,"Mo47_HLC27CCXX_L8_read22","MuTIR_1",92.453,106,7,1,45,150,1,105,5.92e-41,150,"ATCGTGAGG","+"
"112",193,"Mo47_HLC27CCXX_L8_read23","MuTIR_1",95.082,61,2,1,86,146,1,60,2.81e-24,95.3,"GCTGGCGAC","+"
"113",194,"Mo47_HLC27CCXX_L8_read25","MuTIR_1",93.506,77,4,1,74,150,1,76,7.77e-30,113,"CTCGGCCAT","+"
"114",195,"Mo47_HLC27CCXX_L8_read27","MuTIR_1",95.556,45,2,0,106,150,1,45,1.32e-17,73.1,"CTCGGCCAT","+"
"115",196,"Mo47_HLC27CCXX_L8_read28","MuTIR_1",96.429,84,2,1,67,150,1,83,4.61e-37,137,"CCTCACGAT","+"
"116",197,"Mo47_HLC27CCXX_L8_read30","MuTIR_1",94.393,107,3,2,46,150,1,106,2.74e-44,161,"GCCGTGCGA","+"
"117",198,"Mo47_HLC27CCXX_L8_read32","MuTIR_1",94.444,54,2,1,97,150,1,53,2.19e-20,82.4,"GTCGCCAGC","+"
"119",200,"Mo47_HLC27CCXX_L8_read34","MuTIR_1",96.032,126,3,2,17,142,1,124,4.48e-57,204,"TATTTGTGG","+"
"121",202,"Mo47_HLC27CCXX_L8_read36","MuTIR_1",95.575,113,4,1,38,150,1,112,7.55e-50,180,"GTCGGTCTA","+"
"122",203,"Mo47_HLC27CCXX_L8_read39","MuTIR_1",96.04,101,3,1,50,150,1,100,7.61e-45,163,"GAGAGCCTC","+"
"123",204,"Mo47_HLC27CCXX_L8_read41","MuTIR_1",98.305,59,0,1,92,150,1,58,1.68e-26,102,"GAGAGCCTC","+"
"124",205,"Mo47_HLC27CCXX_L8_read43","MuTIR_1",95.522,67,2,1,84,150,1,66,1.3e-27,106,"GTCGCCAGC","+"
"125",206,"Mo47_HLC27CCXX_L8_read45","MuTIR_1",94.805,77,3,1,74,150,1,76,1.67e-31,119,"CACAAATAG","+"
"127",208,"Mo47_HLC27CCXX_L8_read48","MuTIR_1",92.632,95,6,1,20,114,1,94,1.66e-36,135,"TCGCACGGC","+"
"128",209,"Mo47_HLC27CCXX_L8_read49","MuTIR_1",92.029,138,10,1,13,150,1,137,9.7e-54,193,"CTCTCTTTC","+"
"129",210,"Mo47_HLC27CCXX_L8_read51","MuTIR_1",96.512,86,2,1,62,147,1,85,3.56e-38,141,"GTCGGTCTA","+"
"131",212,"Mo47_HLC27CCXX_L8_read58","MuTIR_1",93.827,81,4,1,70,150,1,80,4.64e-32,121,"CTCTCTTTC","+"
"132",213,"Mo47_HLC27CCXX_L8_read61","MuTIR_1",95.789,95,3,1,20,114,1,94,1.65e-41,152,"CCTAGGCCC","+"
"133",214,"Mo47_HLC27CCXX_L8_read63","MuTIR_1",95.082,61,2,1,82,142,1,60,2.81e-24,95.3,"GCTGGCGAC","+"
"134",215,"Mo47_HLC27CCXX_L8_read64","MuTIR_1",94.958,119,5,1,28,146,1,118,1.62e-51,185,"CCGGCTCGA","+"
"136",217,"Mo47_HLC27CCXX_L8_read66","MuTIR_1",96.512,86,2,1,62,147,1,85,3.56e-38,141,"GTCGGTCTA","+"
"137",218,"Mo47_HLC27CCXX_L8_read67","MuTIR_1",94.737,95,4,1,31,125,1,94,7.66e-40,147,"TAGACCGAC","+"
"138",219,"Mo47_HLC27CCXX_L8_read68","MuTIR_1",94.958,119,5,1,12,130,1,118,1.62e-51,185,"CTCCCAGGA","+"
"139",220,"Mo47_HLC27CCXX_L8_read69","MuTIR_1",94.737,95,4,1,31,125,1,94,7.66e-40,147,"TAGACCGAC","+"
"140",221,"Mo47_HLC27CCXX_L8_read71","MuTIR_1",95.652,115,4,1,35,149,1,114,5.84e-51,183,"GTCGCCAGC","+"
"141",222,"Mo47_HLC27CCXX_L8_read73","MuTIR_1",97.5,120,2,1,30,149,1,119,4.48e-57,204,"CACAAATAG","+"
"163",244,"Mo47_HLC27CCXX_L8_read114","MuTIR_1",87.5,120,14,1,17,136,1,119,4.61e-37,137,"AGATTTGGC","-"
"164",245,"Mo47_HLC27CCXX_L8_read115","MuTIR_1",92.632,95,6,1,10,104,1,94,1.66e-36,135,"TATTCCTGA","-"
"171",252,"Mo47_HLC27CCXX_L8_read128","MuTIR_1",94.958,119,5,1,19,137,1,118,1.62e-51,185,"CTCAATTAG","-"
"175",265,"Mo47_HLC27CCXX_L8_read153","MuTIR_1",94.393,107,5,1,43,149,1,106,7.61e-45,163,"GGGCCTAGG","+"
"176",266,"Mo47_HLC27CCXX_L8_read154","MuTIR_1",95.327,107,4,1,44,150,1,106,1.63e-46,169,"CTGTGCGAG","+"
"177",267,"Mo47_HLC27CCXX_L8_read157","MuTIR_1",89.189,111,7,2,38,143,1,111,5.96e-36,134,"CAAGGACGC","+"
"178",268,"Mo47_HLC27CCXX_L8_read158","MuTIR_1",95.726,117,4,1,23,139,1,116,4.51e-52,187,"CTGTGCGAG","+"
"192",336,"Mo47_HLC27CCXX_L8_read360","MuTIR_2",91.27,126,11,0,25,150,1,126,1.26e-47,172,"TTACATTTC","+"
"193",337,"Mo47_HLC27CCXX_L8_read361","MuTIR_2",86.29,124,17,0,27,150,1,124,1.66e-36,135,"TTCGCGCCC","+"
"194",338,"Mo47_HLC27CCXX_L8_read362","MuTIR_2",90.217,92,9,0,58,149,1,92,4.64e-32,121,"TCCAACGAG","+"
"196",340,"Mo47_HLC27CCXX_L8_read366","MuTIR_2",84.298,121,19,0,29,149,1,121,1.67e-31,119,"GGAGAAGTG","+"
"197",341,"Mo47_HLC27CCXX_L8_read368","MuTIR_2",94.444,90,5,0,56,145,1,90,1.28e-37,139,"TGCCGCCGC","+"
"198",342,"Mo47_HLC27CCXX_L8_read370","MuTIR_2",90.179,112,11,0,39,150,1,112,7.66e-40,147,"TGAAGTAAT","+"
"199",343,"Mo47_HLC27CCXX_L8_read372","MuTIR_2",92.683,82,6,0,61,142,1,82,1.67e-31,119,"TCCAACGAG","+"
"200",344,"Mo47_HLC27CCXX_L8_read374","MuTIR_2",92.308,65,5,0,86,150,1,65,1.01e-23,93.5,"CTGTCAGAG","+"
"201",345,"Mo47_HLC27CCXX_L8_read375","MuTIR_2",93.636,110,5,2,40,148,1,109,7.61e-45,163,"TGCCGCCGC","+"
"202",346,"Mo47_HLC27CCXX_L8_read376","MuTIR_2",92.5,120,9,0,31,150,1,120,1.26e-47,172,"CTCGTCAGC","+"
"203",347,"Mo47_HLC27CCXX_L8_read378","MuTIR_2",93.798,129,8,0,17,145,1,129,2.7e-54,195,"CCCAGAGCC","+"
"205",349,"Mo47_HLC27CCXX_L8_read383","MuTIR_2",86.916,107,14,0,35,141,1,107,4.64e-32,121,"ATCTAGGCC","+"
"206",350,"Mo47_HLC27CCXX_L8_read384","MuTIR_2",87.85,107,13,0,38,144,1,107,9.98e-34,126,"ATCTAGGCC","+"
"207",351,"Mo47_HLC27CCXX_L8_read386","MuTIR_2",89.147,129,14,0,22,150,1,129,2.74e-44,161,"CACGGGTGG","+"
"208",352,"Mo47_HLC27CCXX_L8_read388","MuTIR_2",98.246,57,1,0,93,149,1,57,6.05e-26,100,"GCGCCAGGG","+"
"209",353,"Mo47_HLC27CCXX_L8_read392","MuTIR_2",84.375,128,20,0,20,147,1,128,9.98e-34,126,"GGAGAAGTG","+"
"210",354,"Mo47_HLC27CCXX_L8_read395","MuTIR_2",91.071,112,10,0,39,150,1,112,1.65e-41,152,"TGAAGTAAT","+"
"211",355,"Mo47_HLC27CCXX_L8_read396","MuTIR_2",92.537,67,5,0,78,144,1,67,7.82e-25,97.1,"GGCTCTGGG","+"
"213",357,"Mo47_HLC27CCXX_L8_read398","MuTIR_2",91.406,128,11,0,11,138,1,128,9.77e-49,176,"TGAAGTAAT","+"
"214",358,"Mo47_HLC27CCXX_L8_read404","MuTIR_2",90.789,76,7,0,75,150,1,76,1.68e-26,102,"ATCTAGGCC","+"
"215",359,"Mo47_HLC27CCXX_L8_read405","MuTIR_2",87.85,107,13,0,44,150,1,107,9.98e-34,126,"CTGTCAGAG","+"
"216",360,"Mo47_HLC27CCXX_L8_read408","MuTIR_2",89.024,82,9,0,68,149,1,82,1.68e-26,102,"CTTGCATAC","+"
"217",361,"Mo47_HLC27CCXX_L8_read409","MuTIR_2",90.789,76,7,0,74,149,1,76,1.68e-26,102,"GTGGGAGAC","+"
"218",362,"Mo47_HLC27CCXX_L8_read411","MuTIR_2",85.938,128,18,0,17,144,1,128,4.61e-37,137,"ATCTAGGCC","+"
"219",363,"Mo47_HLC27CCXX_L8_read412","MuTIR_2",90,90,9,0,60,149,1,90,6.01e-31,117,"CACGGGTGG","+"
"220",364,"Mo47_HLC27CCXX_L8_read413","MuTIR_2",88.776,98,11,0,53,150,1,98,4.64e-32,121,"ATCTAGGCC","+"
"221",365,"Mo47_HLC27CCXX_L8_read414","MuTIR_2",89.706,136,14,0,10,145,1,136,3.51e-48,174,"CACGGGTGG","+"
"223",367,"Mo47_HLC27CCXX_L8_read416","MuTIR_2",88.776,98,11,0,53,150,1,98,4.64e-32,121,"CACGGGTGG","+"
"224",368,"Mo47_HLC27CCXX_L8_read419","MuTIR_2",91.667,96,8,0,55,150,1,96,5.96e-36,134,"CTCGTCAGC","+"
"225",369,"Mo47_HLC27CCXX_L8_read421","MuTIR_2",96.875,64,2,0,87,150,1,64,3.61e-28,108,"CCCAGAGCC","+"
"264",408,"Mo47_HLC27CCXX_L8_read503","MuTIR_2",93.798,129,8,0,5,133,1,129,2.7e-54,195,"CGGATAGAA","-"
"267",420,"Mo47_HLC27CCXX_L8_read543","MuTIR_2",89.844,128,11,2,24,150,1,127,7.61e-45,163,"TGCCGCCGC","+"
"268",423,"Mo47_HLC27CCXX_L8_read547","MuTIR_2",92.222,90,7,0,59,148,1,90,2.77e-34,128,"CCCTGGCGC","+"
"270",447,"Mo47_HLC27CCXX_L8_read598","MuTIR_2",86.747,83,8,1,53,132,1,83,1.31e-22,89.8,"CTCGTTGGA","+"
"271",449,"Mo47_HLC27CCXX_L8_read602","MuTIR_2",86.667,75,8,1,69,141,1,75,2.19e-20,82.4,"ATTCGTGTG","+"
"272",450,"Mo47_HLC27CCXX_L8_read603","MuTIR_2",86.667,75,8,1,69,141,1,75,2.19e-20,82.4,"ATTCGTGTG","+"
"273",451,"Mo47_HLC27CCXX_L8_read604","MuTIR_2",87.5,80,8,1,68,145,1,80,3.64e-23,91.6,"ATTCGTGTG","+"
"274",452,"Mo47_HLC27CCXX_L8_read605","MuTIR_2",86.111,72,8,1,81,150,1,72,1.02e-18,76.8,"ATTCGTGTG","+"
"275",453,"Mo47_HLC27CCXX_L8_read606","MuTIR_2",85.87,92,11,1,57,146,1,92,7.82e-25,97.1,"ATTCGTGTG","+"
"282",479,"Mo47_HLC27CCXX_L8_read666","MuTIR_3",93.846,130,8,0,21,150,1,130,7.5e-55,196,"AAAACATTC","+"
"283",480,"Mo47_HLC27CCXX_L8_read675","MuTIR_3",96.842,95,3,0,56,150,1,95,9.84e-44,159,"CTTGTGCGC","+"
"285",482,"Mo47_HLC27CCXX_L8_read677","MuTIR_3",91.743,109,9,0,35,143,1,109,1.65e-41,152,"TCCTACAGG","+"
"286",483,"Mo47_HLC27CCXX_L8_read679","MuTIR_3",93.846,130,8,0,21,150,1,130,7.5e-55,196,"AAAACATTC","+"
"288",485,"Mo47_HLC27CCXX_L8_read681","MuTIR_3",94.34,106,6,0,45,150,1,106,7.61e-45,163,"AAAACATTC","+"
"289",486,"Mo47_HLC27CCXX_L8_read683","MuTIR_3",92.308,78,4,2,74,150,1,77,1.01e-28,110,"CATATGTAC","+"
"290",487,"Mo47_HLC27CCXX_L8_read686","MuTIR_3",92.857,70,5,0,81,150,1,70,1.68e-26,102,"AAAAAATGG","+"
"291",488,"Mo47_HLC27CCXX_L8_read687","MuTIR_3",94.262,122,7,0,26,147,1,122,4.51e-52,187,"TGAACAGGA","+"
"292",489,"Mo47_HLC27CCXX_L8_read689","MuTIR_3",93.506,77,5,0,72,148,1,77,2.16e-30,115,"TCCTACAGG","+"
"293",490,"Mo47_HLC27CCXX_L8_read690","MuTIR_3",92.5,80,6,0,68,147,1,80,2.16e-30,115,"CCGTTTTTT","+"
"294",491,"Mo47_HLC27CCXX_L8_read691","MuTIR_3",96.721,61,2,0,90,150,1,61,1.68e-26,102,"CTTGTGCGC","+"
"308",508,"Mo47_HLC27CCXX_L8_read720","MuTIR_3",91.667,108,9,0,43,150,1,108,5.92e-41,150,"CCTACAATG","+"
"309",509,"Mo47_HLC27CCXX_L8_read721","MuTIR_3",93.421,76,5,0,75,150,1,76,7.77e-30,113,"GAGAGAGAC","+"
"310",510,"Mo47_HLC27CCXX_L8_read722","MuTIR_3",91.358,81,6,1,71,150,1,81,1.01e-28,110,"CCAGTGCAG","+"
"311",511,"Mo47_HLC27CCXX_L8_read724","MuTIR_3",93.421,76,5,0,75,150,1,76,7.77e-30,113,"GAGAGAGAC","+"
"312",513,"Mo47_HLC27CCXX_L8_read726","MuTIR_3",95.833,72,3,0,72,143,1,72,6.01e-31,117,"GGGTTCTGG","+"
"313",514,"Mo47_HLC27CCXX_L8_read728","MuTIR_3",89.922,129,13,0,19,147,1,129,5.88e-46,167,"CCTCTAGAG","+"
"314",515,"Mo47_HLC27CCXX_L8_read729","MuTIR_3",89.623,106,11,0,45,150,1,106,1.66e-36,135,"CCTCTAGAG","+"
"315",516,"Mo47_HLC27CCXX_L8_read732","MuTIR_3",92.553,94,7,0,49,142,1,94,1.66e-36,135,"TCCTCGAAC","+"
"328",534,"Mo47_HLC27CCXX_L8_read767","MuTIR_3",92.241,116,9,0,35,150,1,116,2.11e-45,165,"CTGCACTGG","+"
"329",535,"Mo47_HLC27CCXX_L8_read768","MuTIR_3",92.523,107,8,0,44,150,1,107,4.58e-42,154,"CTGCACTGG","+"
"330",536,"Mo47_HLC27CCXX_L8_read769","MuTIR_3",90.517,116,11,0,29,144,1,116,4.58e-42,154,"AAAATCAAG","+"
"331",537,"Mo47_HLC27CCXX_L8_read773","MuTIR_3",93.548,62,4,0,89,150,1,62,1.01e-23,93.5,"GAGATTTGG","+"
"332",538,"Mo47_HLC27CCXX_L8_read774","MuTIR_3",93.103,87,6,0,57,143,1,87,2.77e-34,128,"GACCTCAAA","+"
"333",539,"Mo47_HLC27CCXX_L8_read775","MuTIR_3",95.455,110,5,0,41,150,1,110,9.77e-49,176,"GACCCTTTG","+"
"334",540,"Mo47_HLC27CCXX_L8_read780","MuTIR_3",91.86,86,7,0,65,150,1,86,4.64e-32,121,"CACGGGGAC","+"
"335",541,"Mo47_HLC27CCXX_L8_read781","MuTIR_3",90.909,132,12,0,19,150,1,132,2.72e-49,178,"GACCACAAC","+"
"336",542,"Mo47_HLC27CCXX_L8_read782","MuTIR_3",91.667,60,5,0,91,150,1,60,6.09e-21,84.2,"CTGCACTGG","+"
"337",543,"Mo47_HLC27CCXX_L8_read787","MuTIR_3",92.126,127,10,0,24,150,1,127,7.55e-50,180,"GCTGTAGCC","+"
"338",544,"Mo47_HLC27CCXX_L8_read788","MuTIR_3",91.525,118,10,0,27,144,1,118,7.61e-45,163,"GACCACAAC","+"
"339",545,"Mo47_HLC27CCXX_L8_read790","MuTIR_3",92.537,134,10,0,17,150,1,134,9.7e-54,193,"GTTGTGGTC","+"
"340",546,"Mo47_HLC27CCXX_L8_read791","MuTIR_3",92.771,83,6,0,68,150,1,83,4.64e-32,121,"GTTGTGGTC","+"
"341",548,"Mo47_HLC27CCXX_L8_read796","MuTIR_3",95.455,110,5,0,41,150,1,110,9.77e-49,176,"GACCCTTTG","+"
"342",549,"Mo47_HLC27CCXX_L8_read798","MuTIR_3",90.977,133,12,0,13,145,1,133,7.55e-50,180,"GACCACAAC","+"
"343",550,"Mo47_HLC27CCXX_L8_read800","MuTIR_3",90.909,132,12,0,19,150,1,132,2.72e-49,178,"GACCACAAC","+"
"344",551,"Mo47_HLC27CCXX_L8_read802","MuTIR_3",92.208,77,6,0,71,147,1,77,1.01e-28,110,"GAGATTTGG","+"
"365",579,"Mo47_HLC27CCXX_L8_read851","MuTIR_3",93.333,75,5,0,76,150,1,75,2.79e-29,111,"CTCCAGGAT","+"
"366",582,"Mo47_HLC27CCXX_L8_read855","MuTIR_3",93.333,75,5,0,76,150,1,75,2.79e-29,111,"CTCCAGGAT","+"
"372",645,"Mo47_HLC27CCXX_L8_read987","MuTIR_4",84.685,111,17,0,39,149,1,111,7.77e-30,113,"GTTAAAAAG","+"
"373",646,"Mo47_HLC27CCXX_L8_read989","MuTIR_4",89.831,118,12,0,25,142,1,118,4.58e-42,154,"GCCATTAAG","+"
"374",647,"Mo47_HLC27CCXX_L8_read990","MuTIR_4",94.186,86,5,0,65,150,1,86,2.15e-35,132,"CGGCCACCG","+"
"375",648,"Mo47_HLC27CCXX_L8_read991","MuTIR_4",95,40,2,0,109,148,1,40,7.94e-15,63.9,"GTTAAAAAG","+"
"376",649,"Mo47_HLC27CCXX_L8_read992","MuTIR_4",94.521,73,4,0,78,150,1,73,7.77e-30,113,"GCTGTCGAC","+"
"377",650,"Mo47_HLC27CCXX_L8_read993","MuTIR_4",91.86,86,7,0,51,136,1,86,4.64e-32,121,"GTGACTGAG","+"
"378",651,"Mo47_HLC27CCXX_L8_read997","MuTIR_4",87.395,119,15,0,27,145,1,119,1.28e-37,139,"GTGCCTGTC","+"
"379",652,"Mo47_HLC27CCXX_L8_read998","MuTIR_4",96.104,77,3,0,74,150,1,77,9.98e-34,126,"GACACCCCC","+"
"380",653,"Mo47_HLC27CCXX_L8_read999","MuTIR_4",94.444,54,3,0,97,150,1,54,6.09e-21,84.2,"CCGAAGACT","+"
"381",654,"Mo47_HLC27CCXX_L8_read1001","MuTIR_4",94.521,73,4,0,78,150,1,73,7.77e-30,113,"GCTGTCGAC","+"
"382",655,"Mo47_HLC27CCXX_L8_read1002","MuTIR_4",87.597,129,16,0,19,147,1,129,1.65e-41,152,"GTGCCTGTC","+"
"383",656,"Mo47_HLC27CCXX_L8_read1004","MuTIR_4",88.571,140,16,0,10,149,1,140,1.26e-47,172,"GAATGGTGC","+"
"384",657,"Mo47_HLC27CCXX_L8_read1005","MuTIR_4",88.571,140,16,0,11,150,1,140,1.26e-47,172,"GAATGGTGC","+"
"385",658,"Mo47_HLC27CCXX_L8_read1008","MuTIR_4",90.833,120,11,0,26,145,1,120,7.61e-45,163,"CGGCCACCG","+"
"386",659,"Mo47_HLC27CCXX_L8_read1009","MuTIR_4",91.86,86,7,0,51,136,1,86,4.64e-32,121,"GTGACTGAG","+"
"387",660,"Mo47_HLC27CCXX_L8_read1011","MuTIR_4",93.103,58,4,0,87,144,1,58,1.69e-21,86.1,"GTGCCTGTC","+"
"388",661,"Mo47_HLC27CCXX_L8_read1012","MuTIR_4",89.474,114,12,0,37,150,1,114,7.66e-40,147,"CGGCCCGTG","+"
"390",663,"Mo47_HLC27CCXX_L8_read1017","MuTIR_4",84.685,111,17,0,5,115,1,111,7.77e-30,113,"ATGGATTCT","-"
"392",665,"Mo47_HLC27CCXX_L8_read1020","MuTIR_4",90.833,120,11,0,5,124,1,120,7.61e-45,163,"CTTTTATGC","-"
"396",669,"Mo47_HLC27CCXX_L8_read1036","MuTIR_4",88.636,88,10,0,52,139,1,88,3.61e-28,108,"GATGTGCAG","-"
"398",674,"Mo47_HLC27CCXX_L8_read1052","MuTIR_4",93.506,77,5,0,74,150,1,77,2.16e-30,115,"TCGGCGGTC","+"
"399",675,"Mo47_HLC27CCXX_L8_read1053","MuTIR_4",93.333,90,6,0,42,131,1,90,5.96e-36,134,"TCGGCGGTC","+"
"400",676,"Mo47_HLC27CCXX_L8_read1054","MuTIR_4",93.506,77,5,0,74,150,1,77,2.16e-30,115,"TCGGCGGTC","+"
"401",677,"Mo47_HLC27CCXX_L8_read1056","MuTIR_4",93.506,77,5,0,74,150,1,77,2.16e-30,115,"TCGGCGGTC","+"
"405",689,"Mo47_HLC27CCXX_L8_read1079","MuTIR_4",89.61,77,8,0,72,148,1,77,2.18e-25,99,"GTCGACAGC","+"
"407",706,"Mo47_HLC27CCXX_L8_read1112","MuTIR_4",86.486,111,15,0,40,150,1,111,3.59e-33,124,"GTGTGTGGG","+"
"408",707,"Mo47_HLC27CCXX_L8_read1113","MuTIR_4",86.239,109,15,0,42,150,1,109,4.64e-32,121,"GTGTGTGGG","+"
"410",724,"Mo47_HLC27CCXX_L8_read1154","MuTIR_5",87.5,120,13,1,14,131,1,120,1.28e-37,139,"CTCAGAAAG","+"
"411",725,"Mo47_HLC27CCXX_L8_read1155","MuTIR_5",95.918,49,2,0,91,139,1,49,7.88e-20,80.5,"ATTGAGCCC","+"
"412",726,"Mo47_HLC27CCXX_L8_read1156","MuTIR_5",88.732,71,6,1,82,150,1,71,4.71e-22,87.9,"ATTGAGCCC","+"
"417",731,"Mo47_HLC27CCXX_L8_read1173","MuTIR_5",89.256,121,10,2,24,141,1,121,5.92e-41,150,"TCCCATTAG","-"
"420",736,"Mo47_HLC27CCXX_L8_read1201","MuTIR_6",96.154,52,2,0,99,150,1,52,1.69e-21,86.1,"GGGAGGGAG","+"
"421",737,"Mo47_HLC27CCXX_L8_read1207","MuTIR_6",89.623,106,9,1,45,150,1,104,5.96e-36,134,"GGGAGGGAG","+"
"422",738,"Mo47_HLC27CCXX_L8_read1209","MuTIR_6",97.872,47,1,0,96,142,1,47,2.19e-20,82.4,"TGCACTACG","+"
"423",739,"Mo47_HLC27CCXX_L8_read1210","MuTIR_6",96.639,119,4,0,32,150,1,119,2.09e-55,198,"TGCACTACG","+"
"425",741,"Mo47_HLC27CCXX_L8_read1215","MuTIR_6",90.141,71,7,0,78,148,1,71,1.01e-23,93.5,"GGGAGGGAG","+"
"426",742,"Mo47_HLC27CCXX_L8_read1218","MuTIR_6",96.154,52,2,0,88,139,1,52,1.69e-21,86.1,"GGGAGGGAG","+"
"434",755,"Mo47_HLC27CCXX_L8_read1258","MuTIR_6",96.591,88,3,0,63,150,1,88,7.66e-40,147,"TCCTAGGCT","+"
"435",756,"Mo47_HLC27CCXX_L8_read1259","MuTIR_6",96.226,106,4,0,45,150,1,106,3.51e-48,174,"AGGAGAGGG","+"
"436",757,"Mo47_HLC27CCXX_L8_read1260","MuTIR_6",95.763,118,5,0,30,147,1,118,3.49e-53,191,"GCCACCATA","+"
"437",758,"Mo47_HLC27CCXX_L8_read1261","MuTIR_6",93.75,96,6,0,55,150,1,96,2.76e-39,145,"AGGAGAGGG","+"
"438",759,"Mo47_HLC27CCXX_L8_read1262","MuTIR_6",94.853,136,7,0,12,147,1,136,7.45e-60,213,"AGGAGAGGG","+"
"440",761,"Mo47_HLC27CCXX_L8_read1264","MuTIR_6",94.531,128,7,0,23,150,1,128,2.09e-55,198,"AGGAGAGGG","+"
"441",762,"Mo47_HLC27CCXX_L8_read1265","MuTIR_6",96.226,106,4,0,45,150,1,106,3.51e-48,174,"AGGAGAGGG","+"
"442",763,"Mo47_HLC27CCXX_L8_read1266","MuTIR_6",95.161,62,3,0,86,147,1,62,2.18e-25,99,"TCCTAGGCT","+"
"443",764,"Mo47_HLC27CCXX_L8_read1267","MuTIR_6",96.341,82,3,0,69,150,1,82,1.66e-36,135,"CCGTAGATC","+"
"444",765,"Mo47_HLC27CCXX_L8_read1269","MuTIR_6",96.591,88,3,0,63,150,1,88,7.66e-40,147,"TCCTAGGCT","+"
"445",766,"Mo47_HLC27CCXX_L8_read1271","MuTIR_6",97.297,111,3,0,40,150,1,111,1.25e-52,189,"TCCTAGGCT","+"
"457",806,"Mo47_HLC27CCXX_L8_read1395","MuTIR_7",86.567,134,8,2,17,150,1,124,9.91e-39,143,"TGTGGAGGA","+"
"458",807,"Mo47_HLC27CCXX_L8_read1396","MuTIR_7",86.719,128,7,2,22,149,1,118,4.61e-37,137,"TGTGGAGGA","+"
"459",808,"Mo47_HLC27CCXX_L8_read1398","MuTIR_7",90.351,114,10,1,37,150,1,113,1.65e-41,152,"TCGTACCGC","+"
"464",821,"Mo47_HB1JEADXX_ATGTCA_read1","MuTIR_1",93.617,94,5,1,44,137,1,93,1.29e-37,139,"CTCGCACAG","+"
"465",822,"Mo47_HB1JEADXX_ATGTCA_read2","MuTIR_1",94.872,39,2,0,103,141,1,39,2.87e-14,62.1,"GTCGGTCTA","+"
"466",823,"Mo47_HB1JEADXX_ATGTCA_read3","MuTIR_1",93.902,82,4,1,70,151,1,81,1.3e-32,122,"CTCTCTTTC","+"
"471",828,"Mo47_HB1JEADXX_ATGTCA_read11","MuTIR_1",94.444,54,2,1,98,151,1,53,2.21e-20,82.4,"CACAAATAG","+"
"472",832,"Mo47_HB1JEADXX_ATGTCA_read23","MuTIR_1",87.611,113,10,3,33,145,1,109,2.79e-34,128,"GGGAGACGG","+"
"473",836,"Mo47_HB1JEADXX_ATGTCA_read41","MuTIR_2",88.312,77,9,0,75,151,1,77,1.02e-23,93.5,"CTTGCATAC","+"
"476",840,"Mo47_HB1JEADXX_ATGTCA_read52","MuTIR_2",86.047,129,16,2,10,137,1,128,4.64e-37,137,"GTCTCCCAC","+"
"477",843,"Mo47_HB1JEADXX_ATGTCA_read66","MuTIR_3",93.396,106,7,0,46,151,1,106,3.56e-43,158,"GGGTTCTGG","+"
"480",848,"Mo47_HB1JEADXX_ATGTCA_read74","MuTIR_3",92.143,140,11,0,12,151,1,140,2.1e-55,198,"GACCTCAAA","+"
"481",863,"Mo47_HB1JEADXX_ATGTCA_read99","MuTIR_4",91.111,135,12,0,17,151,1,135,1.63e-51,185,"GACACCCCC","+"
"482",864,"Mo47_HB1JEADXX_ATGTCA_read100","MuTIR_4",89.412,85,9,0,67,151,1,85,3.64e-28,108,"GTGCCTGTC","+"
"485",867,"Mo47_HB1JEADXX_ATGTCA_read107","MuTIR_4",86.923,130,16,1,12,141,1,129,7.72e-40,147,"AGCGACGAG","+"
"487",873,"Mo47_HB1JEADXX_ATGTCA_read119","MuTIR_5",89.764,127,11,1,14,138,1,127,7.66e-45,163,"CGAGACGGC","+"
"489",875,"Mo47_HB1JEADXX_ATGTCA_read126","MuTIR_6",91.781,73,6,0,61,133,1,73,1.69e-26,102,"TGCACTATG","+"
