"","X","qname","sname","percent_identity","alignment_length","mismatches","gap_opens","q_start","q_end","s_start","s_end","evalue","bit_score","tsds","strand"
"1",1,"N192_HFFGKADXX_CAGATC_read4","MuTIR_1",94.737,95,4,1,36,130,1,94,7.72e-40,147,"CATCCATTT","+"
"2",2,"N192_HFFGKADXX_CAGATC_read9","MuTIR_1",96.386,83,2,1,69,151,1,82,1.67e-36,135,"AGATTTGAT","+"
"3",3,"N192_HFFGKADXX_CAGATC_read10","MuTIR_1",96.104,77,2,1,75,151,1,76,3.61e-33,124,"TTTTTTGTG","+"
"4",4,"N192_HFFGKADXX_CAGATC_read11","MuTIR_1",97.826,46,1,0,106,151,1,46,7.94e-20,80.5,"GGCTGGCGG","+"
"5",5,"N192_HFFGKADXX_CAGATC_read13","MuTIR_1",95.327,107,4,1,45,151,1,106,1.65e-46,169,"ATCTCTGAG","+"
"16",35,"N192_HFFGKADXX_CAGATC_read73","MuTIR_2",94.393,107,6,0,45,151,1,107,2.13e-45,165,"CCCAGAGCC","+"
"17",36,"N192_HFFGKADXX_CAGATC_read80","MuTIR_2",96.591,88,3,0,60,147,1,88,7.72e-40,147,"TTCCTCGCC","+"
"18",37,"N192_HFFGKADXX_CAGATC_read82","MuTIR_2",97.403,77,2,0,73,149,1,77,2.16e-35,132,"TTCCTCGCC","+"
"19",38,"N192_HFFGKADXX_CAGATC_read84","MuTIR_2",90.141,142,14,0,10,151,1,142,1.63e-51,185,"TGCAATGAT","+"
"20",39,"N192_HFFGKADXX_CAGATC_read86","MuTIR_2",93.878,98,6,0,54,151,1,98,2.15e-40,148,"CCCAGAGCC","+"
"21",40,"N192_HFFGKADXX_CAGATC_read87","MuTIR_2",90.769,65,6,0,87,151,1,65,4.74e-22,87.9,"TCGAATGGC","+"
"30",50,"N192_HFFGKADXX_CAGATC_read111","MuTIR_2",88.785,107,12,0,45,151,1,107,2.16e-35,132,"CCCCGAGCC","+"
"34",57,"N192_HFFGKADXX_CAGATC_read137","MuTIR_3",95.536,112,5,0,40,151,1,112,7.61e-50,180,"AGTGTCCAT","+"
"35",58,"N192_HFFGKADXX_CAGATC_read138","MuTIR_3",96.078,51,2,0,92,142,1,51,6.14e-21,84.2,"CATATGTAC","+"
"36",59,"N192_HFFGKADXX_CAGATC_read139","MuTIR_3",94.697,132,7,0,20,151,1,132,1.25e-57,206,"AAAACATTC","+"
"37",60,"N192_HFFGKADXX_CAGATC_read140","MuTIR_3",96.078,51,1,1,92,141,1,51,2.21e-20,82.4,"CATATGTAC","+"
"38",61,"N192_HFFGKADXX_CAGATC_read141","MuTIR_3",92.754,69,5,0,83,151,1,69,6.09e-26,100,"AAAAAATGG","+"
"39",62,"N192_HFFGKADXX_CAGATC_read143","MuTIR_3",86.735,98,9,3,56,151,1,96,1.31e-27,106,"CTCACTCAC","+"
"48",71,"N192_HFFGKADXX_CAGATC_read155","MuTIR_3",93.985,133,8,0,2,134,1,133,1.62e-56,202,"AACTACGAT","-"
"49",72,"N192_HFFGKADXX_CAGATC_read159","MuTIR_3",89.922,129,13,0,23,151,1,129,5.92e-46,167,"CCTCTAGAG","+"
"51",74,"N192_HFFGKADXX_CAGATC_read166","MuTIR_3",93.694,111,7,0,40,150,1,111,5.92e-46,167,"CTCCTCATC","+"
"52",75,"N192_HFFGKADXX_CAGATC_read168","MuTIR_3",90.351,114,11,0,38,151,1,114,5.96e-41,150,"CGTTAGGTC","+"
"56",80,"N192_HFFGKADXX_CAGATC_read178","MuTIR_3",92.233,103,8,0,49,151,1,103,7.72e-40,147,"CTCCAGGAT","+"
"58",94,"N192_HFFGKADXX_CAGATC_read204","MuTIR_4",89.362,141,15,0,11,151,1,141,7.61e-50,180,"CTAGCCTAG","+"
"59",95,"N192_HFFGKADXX_CAGATC_read206","MuTIR_4",94.937,79,4,0,73,151,1,79,3.61e-33,124,"CATGAGCTG","+"
"60",96,"N192_HFFGKADXX_CAGATC_read207","MuTIR_4",89.831,118,12,0,31,148,1,118,4.61e-42,154,"GCCATTAAG","+"
"61",97,"N192_HFFGKADXX_CAGATC_read208","MuTIR_4",88.028,142,17,0,10,151,1,142,4.58e-47,171,"CTCTCTTGC","+"
"64",100,"N192_HFFGKADXX_CAGATC_read214","MuTIR_4",93.333,120,8,0,19,138,1,120,7.61e-50,180,"CTTTTATGC","-"
"65",105,"N192_HFFGKADXX_CAGATC_read234","MuTIR_5",100,30,0,0,45,74,1,30,1.34e-12,56.5,"ACCTTGACA","+"
"67",107,"N192_HFFGKADXX_CAGATC_read236","MuTIR_5",90.179,112,9,1,39,148,1,112,7.72e-40,147,"ATTGAGCCC","+"
"68",108,"N192_HFFGKADXX_CAGATC_read240","MuTIR_5",89.855,69,5,2,85,151,1,69,1.32e-22,89.8,"CTCAGAAAG","+"
"71",113,"N192_HFFGKADXX_CAGATC_read261","MuTIR_6",94.737,76,4,0,76,151,1,76,1.68e-31,119,"TGCACTATG","+"
"74",116,"N192_HFFGKADXX_CAGATC_read267","MuTIR_6",93.701,127,8,0,25,151,1,127,3.51e-53,191,"TCCTAGGCT","+"
"75",117,"N192_HFFGKADXX_CAGATC_read268","MuTIR_6",95.745,94,4,0,58,151,1,94,1.66e-41,152,"TCCTAGGCT","+"
"77",126,"N192_HBEN2ADXX_CAGATC_read1","MuTIR_1",95.556,90,3,1,62,151,1,89,9.98e-39,143,"GAGAGCCTC","+"
"78",127,"N192_HBEN2ADXX_CAGATC_read4","MuTIR_1",95.789,95,3,1,36,130,1,94,1.66e-41,152,"CAAGGTGGG","+"
"79",128,"N192_HBEN2ADXX_CAGATC_read5","MuTIR_1",95.402,87,1,2,32,116,1,86,1.67e-36,135,"GCCGTGCGA","+"
"80",129,"N192_HBEN2ADXX_CAGATC_read6","MuTIR_1",97.101,69,1,1,80,148,1,68,2.18e-30,115,"GAAAGAGAG","+"
"84",133,"N192_HBEN2ADXX_CAGATC_read17","MuTIR_1",95.789,95,3,1,4,98,1,94,1.66e-41,152,"TCTTTCTGA","-"
"87",142,"N192_HBEN2ADXX_CAGATC_read42","MuTIR_2",85.294,136,20,0,15,150,1,136,3.59e-38,141,"CTGTCAGAG","+"
"89",144,"N192_HBEN2ADXX_CAGATC_read44","MuTIR_2",89.844,128,13,0,15,142,1,128,2.13e-45,165,"GTGTTTCCT","+"
"91",146,"N192_HBEN2ADXX_CAGATC_read47","MuTIR_2",94.186,86,5,0,63,148,1,86,2.16e-35,132,"GTTGGAAGA","+"
"93",149,"N192_HBEN2ADXX_CAGATC_read67","MuTIR_2",89.706,68,5,2,80,146,1,67,1.71e-21,86.1,"GGAACGAAT","+"
"96",153,"N192_HBEN2ADXX_CAGATC_read77","MuTIR_2",87.313,134,15,1,20,151,1,134,1.66e-41,152,"ATTCGTGTG","+"
"100",159,"N192_HBEN2ADXX_CAGATC_read91","MuTIR_3",93.023,129,9,0,23,151,1,129,1.26e-52,189,"CCGTTTTTT","+"
"110",169,"N192_HBEN2ADXX_CAGATC_read116","MuTIR_3",91.837,98,8,0,54,151,1,98,4.64e-37,137,"CTCCAGGAT","+"
"111",177,"N192_HBEN2ADXX_CAGATC_read142","MuTIR_4",87.395,119,15,0,27,145,1,119,1.29e-37,139,"GTGACTGAG","+"
"114",183,"N192_HBEN2ADXX_CAGATC_read155","MuTIR_4",85.714,140,19,1,12,151,1,139,2.15e-40,148,"AGCGACGAG","+"
"115",184,"N192_HBEN2ADXX_CAGATC_read168","MuTIR_5",100,30,0,0,32,61,1,30,1.34e-12,56.5,"ACCTTGACA","+"
"116",185,"N192_HBEN2ADXX_CAGATC_read172","MuTIR_5",91.667,72,4,1,79,148,1,72,6.09e-26,100,"CTCAGAAAG","+"
"117",186,"N192_HBEN2ADXX_CAGATC_read173","MuTIR_5",100,30,0,0,32,61,1,30,1.34e-12,56.5,"ACTGGCGAG","-"
"119",194,"N192_HL5WNCCXX_L6_read4","MuTIR_1",94.915,59,2,1,92,150,1,58,3.64e-23,91.6,"GTCGCCAGC","+"
"120",195,"N192_HL5WNCCXX_L6_read7","MuTIR_1",95.798,119,4,1,27,145,1,118,3.49e-53,191,"CCCACCTTG","+"
"121",196,"N192_HL5WNCCXX_L6_read8","MuTIR_1",98.551,69,0,1,81,149,1,68,4.64e-32,121,"GAGAGCCTC","+"
"122",197,"N192_HL5WNCCXX_L6_read9","MuTIR_1",95.402,87,3,1,64,150,1,86,4.61e-37,137,"CAAGGTGGG","+"
"123",198,"N192_HL5WNCCXX_L6_read11","MuTIR_1",97.222,36,1,0,115,150,1,36,2.85e-14,62.1,"CCGCACTCC","+"
"124",199,"N192_HL5WNCCXX_L6_read13","MuTIR_1",94.737,95,4,1,32,126,1,94,7.66e-40,147,"CATCCATTT","+"
"125",200,"N192_HL5WNCCXX_L6_read15","MuTIR_1",95.349,43,2,0,108,150,1,43,1.71e-16,69.4,"CAAGGTGGG","+"
"126",201,"N192_HL5WNCCXX_L6_read16","MuTIR_1",98.077,52,0,1,96,147,1,51,1.31e-22,89.8,"AGATTTGAT","+"
"127",202,"N192_HL5WNCCXX_L6_read18","MuTIR_1",96.721,61,1,1,90,150,1,60,6.05e-26,100,"GGCTGGCGG","+"
"128",203,"N192_HL5WNCCXX_L6_read21","MuTIR_1",93.407,91,5,1,60,150,1,90,5.96e-36,134,"CCGCACTCC","+"
"129",204,"N192_HL5WNCCXX_L6_read30","MuTIR_1",96.875,64,1,1,87,150,1,63,1.3e-27,106,"GTCGGCTGG","+"
"130",205,"N192_HL5WNCCXX_L6_read32","MuTIR_1",95.37,108,4,1,43,150,1,107,4.55e-47,171,"CAAATCGAG","+"
"131",206,"N192_HL5WNCCXX_L6_read34","MuTIR_1",95.876,97,3,1,51,147,1,96,1.27e-42,156,"AATAAAAAC","+"
"132",207,"N192_HL5WNCCXX_L6_read38","MuTIR_1",96.04,101,3,1,50,150,1,100,7.61e-45,163,"GAGAGCCTC","+"
"133",208,"N192_HL5WNCCXX_L6_read40","MuTIR_1",95.276,127,5,1,23,149,1,126,5.8e-56,200,"AATAAAAAC","+"
"134",209,"N192_HL5WNCCXX_L6_read44","MuTIR_1",94.737,95,4,1,32,126,1,94,7.66e-40,147,"CATCCATTT","+"
"135",210,"N192_HL5WNCCXX_L6_read46","MuTIR_1",82.979,94,3,2,51,131,1,94,1.32e-17,73.1,"TCGCACGGC","+"
"136",211,"N192_HL5WNCCXX_L6_read47","MuTIR_1",96.923,65,1,1,86,150,1,64,3.61e-28,108,"GAAAGAGAG","+"
"137",212,"N192_HL5WNCCXX_L6_read52","MuTIR_1",100,32,0,0,119,150,1,32,1.03e-13,60.2,"GAGAGCCTC","+"
"138",213,"N192_HL5WNCCXX_L6_read56","MuTIR_1",95.652,46,2,0,105,150,1,46,3.67e-18,75,"GCTGGCGAC","+"
"139",214,"N192_HL5WNCCXX_L6_read57","MuTIR_1",93.684,95,5,1,30,124,1,94,3.56e-38,141,"CTCTCTACC","+"
"140",215,"N192_HL5WNCCXX_L6_read58","MuTIR_1",95.604,91,3,1,60,150,1,90,2.76e-39,145,"TTTTTTGTG","+"
"142",217,"N192_HL5WNCCXX_L6_read61","MuTIR_1",95.495,111,4,1,40,150,1,110,9.77e-49,176,"AATAAAAAC","+"
"143",218,"N192_HL5WNCCXX_L6_read62","MuTIR_1",95.798,119,4,1,31,149,1,118,3.49e-53,191,"GAATACAAC","+"
"144",219,"N192_HL5WNCCXX_L6_read64","MuTIR_1",100,32,0,0,119,150,1,32,1.03e-13,60.2,"GAGAGCCTC","+"
"145",220,"N192_HL5WNCCXX_L6_read67","MuTIR_1",95.789,95,3,1,17,111,1,94,1.65e-41,152,"CAAGGTGGG","+"
"146",221,"N192_HL5WNCCXX_L6_read68","MuTIR_1",95.789,95,3,1,22,116,1,94,1.65e-41,152,"CCTAGGCCC","+"
"147",222,"N192_HL5WNCCXX_L6_read69","MuTIR_1",88.421,95,4,2,52,140,1,94,3.61e-28,108,"GCTGGCGAC","+"
"148",223,"N192_HL5WNCCXX_L6_read71","MuTIR_1",100,32,0,0,117,148,1,32,1.03e-13,60.2,"GTCGCCAGC","+"
"149",224,"N192_HL5WNCCXX_L6_read72","MuTIR_1",94.958,119,3,2,26,142,1,118,5.84e-51,183,"GCCGTGCGA","+"
"150",225,"N192_HL5WNCCXX_L6_read73","MuTIR_1",92.683,123,8,1,28,150,1,122,9.77e-49,176,"GAGGCTCTC","+"
"151",226,"N192_HL5WNCCXX_L6_read74","MuTIR_1",95,100,2,2,53,150,1,99,4.58e-42,154,"GCCGTGCGA","+"
"152",227,"N192_HL5WNCCXX_L6_read75","MuTIR_1",95.05,101,4,1,48,148,1,100,3.54e-43,158,"TTTTTTGTG","+"
"153",228,"N192_HL5WNCCXX_L6_read76","MuTIR_1",96.429,112,3,1,39,150,1,111,5.84e-51,183,"GTGTTAGGT","+"
"160",235,"N192_HL5WNCCXX_L6_read89","MuTIR_1",95.789,95,3,1,26,120,1,94,1.65e-41,152,"TCTTTCTGA","-"
"167",242,"N192_HL5WNCCXX_L6_read101","MuTIR_1",95.789,95,3,1,29,123,1,94,1.65e-41,152,"TCTTTCTGA","-"
"200",275,"N192_HL5WNCCXX_L6_read164","MuTIR_1",92.632,95,6,1,11,105,1,94,1.66e-36,135,"TCTTCCTGA","-"
"202",283,"N192_HL5WNCCXX_L6_read174","MuTIR_1",94.231,104,5,1,47,150,1,103,3.54e-43,158,"GGGCCTAGG","+"
"211",361,"N192_HL5WNCCXX_L6_read349","MuTIR_2",94.118,68,4,0,79,146,1,68,4.68e-27,104,"CCGTGACCC","+"
"212",362,"N192_HL5WNCCXX_L6_read352","MuTIR_2",89.63,135,14,0,15,149,1,135,1.26e-47,172,"TGCAATGAT","+"
"215",365,"N192_HL5WNCCXX_L6_read363","MuTIR_2",92.683,82,6,0,69,150,1,82,1.67e-31,119,"CTACTCGGT","+"
"216",366,"N192_HL5WNCCXX_L6_read364","MuTIR_2",93.878,49,3,0,102,150,1,49,3.67e-18,75,"TGCCGCCGC","+"
"217",367,"N192_HL5WNCCXX_L6_read365","MuTIR_2",92.424,66,5,0,85,150,1,66,2.81e-24,95.3,"GTGTTTCCT","+"
"218",368,"N192_HL5WNCCXX_L6_read366","MuTIR_2",92.188,64,5,0,87,150,1,64,3.64e-23,91.6,"GTGTTTCCT","+"
"219",369,"N192_HL5WNCCXX_L6_read367","MuTIR_2",90.722,97,9,0,30,126,1,97,7.71e-35,130,"ACAGACTCC","+"
"222",372,"N192_HL5WNCCXX_L6_read373","MuTIR_2",89.062,128,14,0,23,150,1,128,9.84e-44,159,"GCTGGGAAG","+"
"223",373,"N192_HL5WNCCXX_L6_read374","MuTIR_2",93.75,64,4,0,47,110,1,64,7.82e-25,97.1,"GCGACCTCC","+"
"224",374,"N192_HL5WNCCXX_L6_read377","MuTIR_2",95.714,70,3,0,81,150,1,70,7.77e-30,113,"TGCCGCCGC","+"
"225",375,"N192_HL5WNCCXX_L6_read378","MuTIR_2",88.71,124,14,0,27,150,1,124,1.65e-41,152,"GCTGGGAAG","+"
"226",376,"N192_HL5WNCCXX_L6_read379","MuTIR_2",90.566,106,10,0,45,150,1,106,3.56e-38,141,"CCGTGACCC","+"
"227",377,"N192_HL5WNCCXX_L6_read381","MuTIR_2",90.37,135,13,0,15,149,1,135,2.72e-49,178,"TGCAATGAT","+"
"228",378,"N192_HL5WNCCXX_L6_read382","MuTIR_2",93.333,90,6,0,55,144,1,90,5.96e-36,134,"CTTATTGTT","+"
"229",379,"N192_HL5WNCCXX_L6_read383","MuTIR_2",90.722,97,9,0,30,126,1,97,7.71e-35,130,"ACAGACTCC","+"
"230",380,"N192_HL5WNCCXX_L6_read387","MuTIR_2",92.941,85,6,0,66,150,1,85,3.59e-33,124,"CCGTGACCC","+"
"232",382,"N192_HL5WNCCXX_L6_read394","MuTIR_2",92.424,66,5,0,85,150,1,66,2.81e-24,95.3,"GTGTTTCCT","+"
"233",383,"N192_HL5WNCCXX_L6_read402","MuTIR_2",92.437,119,9,0,32,150,1,119,4.55e-47,171,"ACAGACTCC","+"
"234",384,"N192_HL5WNCCXX_L6_read403","MuTIR_2",91.463,82,7,0,67,148,1,82,7.77e-30,113,"CTGTCAGAG","+"
"235",385,"N192_HL5WNCCXX_L6_read404","MuTIR_2",90.722,97,9,0,30,126,1,97,7.71e-35,130,"ACAGACTCC","+"
"236",386,"N192_HL5WNCCXX_L6_read405","MuTIR_2",89.844,128,13,0,18,145,1,128,2.11e-45,165,"GTTGGAAGA","+"
"260",410,"N192_HL5WNCCXX_L6_read448","MuTIR_2",89.844,128,13,0,12,139,1,128,2.11e-45,165,"CAGTAGTTA","-"
"274",428,"N192_HL5WNCCXX_L6_read505","MuTIR_2",89.844,128,13,0,13,140,1,128,2.11e-45,165,"CAGTAGTGA","-"
"276",443,"N192_HL5WNCCXX_L6_read549","MuTIR_2",91.463,82,7,0,69,150,1,82,7.77e-30,113,"TTCTGCTAG","+"
"278",451,"N192_HL5WNCCXX_L6_read575","MuTIR_2",86.154,130,16,1,15,142,1,130,1.28e-37,139,"ATTCGTGTG","+"
"280",455,"N192_HL5WNCCXX_L6_read579","MuTIR_2",87.097,62,6,1,89,148,1,62,1.71e-16,69.4,"ATTCGTGTG","+"
"281",457,"N192_HL5WNCCXX_L6_read581","MuTIR_2",86.441,118,14,1,35,150,1,118,2.77e-34,128,"ATTCGTGTG","+"
"286",479,"N192_HL5WNCCXX_L6_read644","MuTIR_3",85.87,92,9,3,61,150,1,90,2.81e-24,95.3,"CTCACTCAC","+"
"287",480,"N192_HL5WNCCXX_L6_read646","MuTIR_3",88.235,119,10,3,28,144,1,117,1.28e-37,139,"CTCACTCAC","+"
"288",481,"N192_HL5WNCCXX_L6_read647","MuTIR_3",94.366,71,4,0,80,150,1,71,1.01e-28,110,"AGTGTCCAT","+"
"289",482,"N192_HL5WNCCXX_L6_read648","MuTIR_3",95.652,69,3,0,82,150,1,69,2.79e-29,111,"AGTGTCCAT","+"
"290",483,"N192_HL5WNCCXX_L6_read654","MuTIR_3",93.694,111,5,2,41,150,1,110,2.11e-45,165,"CATATGTAC","+"
"291",484,"N192_HL5WNCCXX_L6_read655","MuTIR_3",92.308,91,7,0,60,150,1,91,7.71e-35,130,"CCGTTTTTT","+"
"292",485,"N192_HL5WNCCXX_L6_read657","MuTIR_3",94.505,91,5,0,60,150,1,91,3.56e-38,141,"AGTGTCCAT","+"
"294",487,"N192_HL5WNCCXX_L6_read662","MuTIR_3",94.737,95,5,0,56,150,1,95,2.13e-40,148,"AGTGTCCAT","+"
"305",498,"N192_HL5WNCCXX_L6_read677","MuTIR_3",94.737,133,7,0,6,138,1,133,3.46e-58,207,"AACGACGAT","-"
"310",503,"N192_HL5WNCCXX_L6_read682","MuTIR_3",92.481,133,10,0,9,141,1,133,3.49e-53,191,"AACGACGCT","-"
"312",505,"N192_HL5WNCCXX_L6_read684","MuTIR_3",95.42,131,6,0,10,140,1,131,9.63e-59,209,"ATTCAAAGC","-"
"321",522,"N192_HL5WNCCXX_L6_read716","MuTIR_3",90.179,112,11,0,39,150,1,112,7.66e-40,147,"CCGCCCGCG","+"
"322",523,"N192_HL5WNCCXX_L6_read722","MuTIR_3",93.443,122,8,0,26,147,1,122,2.1e-50,182,"AGTAGAGCA","+"
"323",524,"N192_HL5WNCCXX_L6_read724","MuTIR_3",87.912,91,11,0,60,150,1,91,3.61e-28,108,"CTTCAGAGA","+"
"325",526,"N192_HL5WNCCXX_L6_read728","MuTIR_3",93.182,44,3,0,107,150,1,44,2.21e-15,65.8,"ACTGACGGG","+"
"326",527,"N192_HL5WNCCXX_L6_read731","MuTIR_3",88,125,15,0,26,150,1,125,2.13e-40,148,"TCTGAAACT","+"
"327",528,"N192_HL5WNCCXX_L6_read733","MuTIR_3",90.654,107,10,0,44,150,1,107,9.91e-39,143,"TCATCTCTC","+"
"328",529,"N192_HL5WNCCXX_L6_read735","MuTIR_3",89.344,122,13,0,27,148,1,122,4.58e-42,154,"CCTCTAGAG","+"
"329",530,"N192_HL5WNCCXX_L6_read737","MuTIR_3",92.453,106,8,0,45,150,1,106,1.65e-41,152,"AGTAGAGCA","+"
"330",531,"N192_HL5WNCCXX_L6_read738","MuTIR_3",88.889,99,11,0,52,150,1,99,1.29e-32,122,"CCTCTAGAG","+"
"331",532,"N192_HL5WNCCXX_L6_read740","MuTIR_3",90.977,133,12,0,14,146,1,133,7.55e-50,180,"AGGGGTCGC","+"
"335",536,"N192_HL5WNCCXX_L6_read748","MuTIR_3",92.969,128,9,0,14,141,1,128,4.51e-52,187,"TGGATTCAG","-"
"344",552,"N192_HL5WNCCXX_L6_read780","MuTIR_3",92.373,118,9,0,25,142,1,118,1.63e-46,169,"ACAAACAAG","+"
"345",553,"N192_HL5WNCCXX_L6_read782","MuTIR_3",94.318,88,5,0,63,150,1,88,1.66e-36,135,"GACCTAACG","+"
"346",554,"N192_HL5WNCCXX_L6_read783","MuTIR_3",95.413,109,5,0,41,149,1,109,3.51e-48,174,"GACCTAACG","+"
"347",555,"N192_HL5WNCCXX_L6_read784","MuTIR_3",93.443,122,8,0,28,149,1,122,2.1e-50,182,"GACCTCAAA","+"
"349",558,"N192_HL5WNCCXX_L6_read787","MuTIR_3",89.147,129,14,0,15,143,1,129,2.74e-44,161,"CGTTAGGTC","+"
"350",559,"N192_HL5WNCCXX_L6_read789","MuTIR_3",93.22,59,4,0,92,150,1,59,4.71e-22,87.9,"GACCTCAAA","+"
"351",560,"N192_HL5WNCCXX_L6_read790","MuTIR_3",92.241,116,9,0,24,139,1,116,2.11e-45,165,"TCAAACAGG","+"
"352",561,"N192_HL5WNCCXX_L6_read795","MuTIR_3",95.05,101,5,0,50,150,1,101,9.84e-44,159,"GACCCTTTG","+"
"353",562,"N192_HL5WNCCXX_L6_read796","MuTIR_3",91.525,59,5,0,90,148,1,59,2.19e-20,82.4,"GCCGACGAA","+"
"356",565,"N192_HL5WNCCXX_L6_read802","MuTIR_3",93.382,136,9,0,2,137,1,136,1.61e-56,202,"CCACTCTAT","-"
"368",588,"N192_HL5WNCCXX_L6_read841","MuTIR_3",91.304,69,6,0,82,150,1,69,2.81e-24,95.3,"CTCCAGGAT","+"
"370",674,"N192_HL5WNCCXX_L6_read1001","MuTIR_4",89.706,136,14,0,15,150,1,136,9.77e-49,176,"CATGAGCTG","+"
"371",675,"N192_HL5WNCCXX_L6_read1003","MuTIR_4",93.506,77,5,0,74,150,1,77,2.16e-30,115,"CGGCCACCG","+"
"372",676,"N192_HL5WNCCXX_L6_read1004","MuTIR_4",87.681,138,17,0,13,150,1,138,7.61e-45,163,"GCCATTAAG","+"
"373",677,"N192_HL5WNCCXX_L6_read1007","MuTIR_4",87.719,114,14,0,37,150,1,114,1.66e-36,135,"GTGACTGAG","+"
"374",678,"N192_HL5WNCCXX_L6_read1011","MuTIR_4",88.034,117,14,0,34,150,1,117,3.56e-38,141,"GTGACTGAG","+"
"375",679,"N192_HL5WNCCXX_L6_read1017","MuTIR_4",95.062,81,4,0,67,147,1,81,2.77e-34,128,"GCAAGAGAG","+"
"376",680,"N192_HL5WNCCXX_L6_read1019","MuTIR_4",87.719,114,14,0,37,150,1,114,1.66e-36,135,"GTGACTGAG","+"
"377",681,"N192_HL5WNCCXX_L6_read1020","MuTIR_4",89.147,129,14,0,14,142,1,129,7.61e-45,163,"CTCTCTTGC","+"
"378",682,"N192_HL5WNCCXX_L6_read1026","MuTIR_4",90,120,12,0,21,140,1,120,3.54e-43,158,"CTTTTATGC","-"
"380",684,"N192_HL5WNCCXX_L6_read1031","MuTIR_4",93.333,120,8,0,12,131,1,120,7.55e-50,180,"CTTTTATGC","-"
"381",685,"N192_HL5WNCCXX_L6_read1035","MuTIR_4",93.023,86,6,0,51,136,1,86,9.98e-34,126,"CGGACGTGG","-"
"382",686,"N192_HL5WNCCXX_L6_read1038","MuTIR_4",86.923,130,17,0,9,138,1,130,2.13e-40,148,"CTGCAGATA","-"
"383",687,"N192_HL5WNCCXX_L6_read1042","MuTIR_4",91.86,86,7,0,56,141,1,86,4.64e-32,121,"CGGACGTGG","-"
"384",688,"N192_HL5WNCCXX_L6_read1047","MuTIR_4",93.333,120,8,0,1,120,1,120,7.55e-50,180,"CTTTTATGC","-"
"390",698,"N192_HL5WNCCXX_L6_read1082","MuTIR_4",93.333,90,6,0,37,126,1,90,5.96e-36,134,"TCGGCGGTC","+"
"391",699,"N192_HL5WNCCXX_L6_read1096","MuTIR_4",89.286,84,9,0,67,150,1,84,1.3e-27,106,"GACTTTAGC","+"
"392",710,"N192_HL5WNCCXX_L6_read1132","MuTIR_4",86.555,119,16,0,30,148,1,119,5.96e-36,134,"GTGTGTGGG","+"
"395",729,"N192_HL5WNCCXX_L6_read1177","MuTIR_5",100,30,0,0,83,112,1,30,1.33e-12,56.5,"ACCGTNACA","+"
"396",730,"N192_HL5WNCCXX_L6_read1178","MuTIR_5",91.25,80,5,1,73,150,1,80,1.01e-28,110,"GCTGCAGGA","+"
"397",731,"N192_HL5WNCCXX_L6_read1179","MuTIR_5",90,80,6,1,73,150,1,80,4.68e-27,104,"GCTGCAGGA","+"
"398",732,"N192_HL5WNCCXX_L6_read1180","MuTIR_5",90.476,105,8,1,47,149,1,105,1.28e-37,139,"ATTGAGCCC","+"
"399",733,"N192_HL5WNCCXX_L6_read1181","MuTIR_5",91.765,85,5,1,68,150,1,85,1.67e-31,119,"GCTGCAGGA","+"
"400",734,"N192_HL5WNCCXX_L6_read1184","MuTIR_5",100,30,0,0,28,57,1,30,1.33e-12,56.5,"ACCTTGACA","+"
"401",735,"N192_HL5WNCCXX_L6_read1187","MuTIR_5",90.476,105,8,1,47,149,1,105,1.28e-37,139,"ATTGAGCCC","+"
"402",736,"N192_HL5WNCCXX_L6_read1188","MuTIR_5",100,30,0,0,15,44,1,30,1.33e-12,56.5,"ACCTTGACA","+"
"403",737,"N192_HL5WNCCXX_L6_read1189","MuTIR_5",100,30,0,0,83,112,1,30,1.33e-12,56.5,"ACCTTGACA","+"
"404",738,"N192_HL5WNCCXX_L6_read1190","MuTIR_5",91.25,80,5,1,73,150,1,80,1.01e-28,110,"GCTGCAGGA","+"
"405",739,"N192_HL5WNCCXX_L6_read1193","MuTIR_5",93.878,49,3,0,102,150,1,49,3.67e-18,75,"AGCTGCGGC","+"
"410",744,"N192_HL5WNCCXX_L6_read1214","MuTIR_5",100,30,0,0,4,33,1,30,1.33e-12,56.5,"ACTGGCGAG","-"
"413",747,"N192_HL5WNCCXX_L6_read1224","MuTIR_5",100,30,0,0,79,108,1,30,1.33e-12,56.5,"ACTGGCGAG","-"
"414",753,"N192_HL5WNCCXX_L6_read1276","MuTIR_6",98.276,58,1,0,92,149,1,58,1.68e-26,102,"TGCACTACA","+"
"415",754,"N192_HL5WNCCXX_L6_read1277","MuTIR_6",96.154,130,5,0,21,150,1,130,7.45e-60,213,"TGTACTACG","+"
"416",755,"N192_HL5WNCCXX_L6_read1281","MuTIR_6",97.872,47,1,0,104,150,1,47,2.19e-20,82.4,"TGTACTACG","+"
"417",756,"N192_HL5WNCCXX_L6_read1284","MuTIR_6",91.071,112,10,0,39,150,1,112,1.65e-41,152,"GGGAGGGAG","+"
"418",757,"N192_HL5WNCCXX_L6_read1287","MuTIR_6",96.04,101,4,0,50,150,1,101,2.11e-45,165,"TGCACTACA","+"
"419",758,"N192_HL5WNCCXX_L6_read1290","MuTIR_6",91.589,107,9,0,44,150,1,107,2.13e-40,148,"GGGAGGGAG","+"
"420",759,"N192_HL5WNCCXX_L6_read1292","MuTIR_6",98.148,54,1,0,97,150,1,54,2.81e-24,95.3,"TGTACTACG","+"
"421",760,"N192_HL5WNCCXX_L6_read1295","MuTIR_6",96.33,109,4,0,42,150,1,109,7.55e-50,180,"TGTACTACG","+"
"425",764,"N192_HL5WNCCXX_L6_read1305","MuTIR_6",90.598,117,10,1,13,128,1,117,4.58e-42,154,"AATCGATAT","-"
"427",766,"N192_HL5WNCCXX_L6_read1313","MuTIR_6",90.598,117,10,1,13,128,1,117,4.58e-42,154,"AATCGATAT","-"
"432",772,"N192_HL5WNCCXX_L6_read1332","MuTIR_6",94.737,114,5,1,38,150,1,114,9.77e-49,176,"ATGCAGATG","+"
"439",791,"N192_HL5WNCCXX_L6_read1410","MuTIR_7",89.286,56,6,0,95,150,1,56,3.67e-18,75,"TACCTAGTT","+"
"440",792,"N192_HL5WNCCXX_L6_read1411","MuTIR_7",89.552,67,6,1,85,150,1,67,4.71e-22,87.9,"TACCTAGTT","+"
