"","X","qname","sname","percent_identity","alignment_length","mismatches","gap_opens","q_start","q_end","s_start","s_end","evalue","bit_score","tsds","strand"
"1",1,"NC232_HB1LCADXX_TTAGGC_read2","MuTIR_1",93.388,121,7,1,31,151,1,120,2.74e-49,178,"GAAAGAGAG","+"
"3",3,"NC232_HB1LCADXX_TTAGGC_read5","MuTIR_1",94.937,79,3,1,73,151,1,78,1.3e-32,122,"AGATGTAGC","+"
"4",4,"NC232_HB1LCADXX_TTAGGC_read7","MuTIR_1",90.909,121,10,1,30,150,1,120,2.76e-44,161,"GTTCATGAT","+"
"5",5,"NC232_HB1LCADXX_TTAGGC_read9","MuTIR_1",91.525,118,9,1,34,151,1,117,2.76e-44,161,"CTCTCTTTC","+"
"6",6,"NC232_HB1LCADXX_TTAGGC_read10","MuTIR_1",93.333,120,7,1,32,151,1,119,9.84e-49,176,"GAGGCTCTC","+"
"10",11,"NC232_HB1LCADXX_TTAGGC_read26","MuTIR_1",93.182,132,7,2,20,151,1,130,9.77e-54,193,"CTGTGCGAG","+"
"11",24,"NC232_HB1LCADXX_TTAGGC_read57","MuTIR_2",97.436,39,1,0,106,144,1,39,6.18e-16,67.6,"TTCCTCGCC","+"
"12",25,"NC232_HB1LCADXX_TTAGGC_read60","MuTIR_2",94.186,86,5,0,64,149,1,86,2.16e-35,132,"CAAGCGAAA","+"
"13",26,"NC232_HB1LCADXX_TTAGGC_read61","MuTIR_2",94.167,120,7,0,30,149,1,120,5.88e-51,183,"TTCCTCGCC","+"
"16",29,"NC232_HB1LCADXX_TTAGGC_read72","MuTIR_2",85.039,127,19,0,25,151,1,127,7.77e-35,130,"AGCGCCGAG","+"
"18",36,"NC232_HB1LCADXX_TTAGGC_read97","MuTIR_3",92.105,114,9,0,38,151,1,114,2.76e-44,161,"GGAATAGGT","+"
"23",46,"NC232_HB1LCADXX_TTAGGC_read127","MuTIR_4",91.525,118,10,0,30,147,1,118,2.13e-45,165,"CTCTCTTGC","+"
"24",47,"NC232_HB1LCADXX_TTAGGC_read132","MuTIR_4",93.617,94,6,0,55,148,1,94,3.59e-38,141,"CGGCCACCG","+"
"25",48,"NC232_HB1LCADXX_TTAGGC_read133","MuTIR_4",93.617,47,3,0,103,149,1,47,4.78e-17,71.3,"GTTAAAAAG","+"
"34",59,"NC232_HB1LCADXX_TTAGGC_read150","MuTIR_4",86.905,84,11,0,68,151,1,84,2.83e-24,95.3,"GTGTGTGGG","+"
"36",63,"NC232_HB1LCADXX_TTAGGC_read157","MuTIR_5",90.265,113,9,1,37,147,1,113,2.15e-40,148,"ACCTATTCC","+"
"37",64,"NC232_HB1LCADXX_TTAGGC_read160","MuTIR_5",88.281,128,13,1,26,151,1,128,4.61e-42,154,"ATTGAGCCC","+"
"38",65,"NC232_HB1LCADXX_TTAGGC_read162","MuTIR_5",95.349,43,2,0,109,151,1,43,1.72e-16,69.4,"ATTGAGCCC","+"
"39",66,"NC232_HB1LCADXX_TTAGGC_read167","MuTIR_5",95.918,49,2,0,92,140,1,49,7.94e-20,80.5,"AGGCCTAGG","-"
"41",68,"NC232_HB1LCADXX_TTAGGC_read175","MuTIR_6",95.588,136,6,0,16,151,1,136,1.61e-61,219,"AGGAGAGGG","+"
"43",72,"NC232_HLC27CCXX_L8_read2","MuTIR_1",95.294,85,3,1,66,150,1,84,5.96e-36,134,"GGAAGCGAG","+"
"44",73,"NC232_HLC27CCXX_L8_read7","MuTIR_1",95.699,93,3,1,58,150,1,92,2.13e-40,148,"GAGAGCCTC","+"
"45",74,"NC232_HLC27CCXX_L8_read8","MuTIR_1",94.958,119,5,1,29,147,1,118,1.62e-51,185,"CCCACCCCG","+"
"46",75,"NC232_HLC27CCXX_L8_read9","MuTIR_1",93.333,120,7,1,31,150,1,119,9.77e-49,176,"GAAAGAGAG","+"
"47",76,"NC232_HLC27CCXX_L8_read10","MuTIR_1",94.231,52,2,1,99,150,1,51,2.83e-19,78.7,"CAAGGTGGG","+"
"48",77,"NC232_HLC27CCXX_L8_read11","MuTIR_1",95.652,115,4,1,35,149,1,114,5.84e-51,183,"CCCACCCCG","+"
"49",78,"NC232_HLC27CCXX_L8_read12","MuTIR_1",96.61,59,1,1,92,150,1,58,7.82e-25,97.1,"AGATTTGAT","+"
"50",79,"NC232_HLC27CCXX_L8_read14","MuTIR_1",96.471,85,2,1,66,150,1,84,1.28e-37,139,"AGATTTGAT","+"
"51",80,"NC232_HLC27CCXX_L8_read18","MuTIR_1",87.778,90,6,2,66,150,1,90,6.05e-26,100,"GTTTGCAGT","+"
"52",81,"NC232_HLC27CCXX_L8_read19","MuTIR_1",94.262,122,6,1,29,150,1,121,1.62e-51,185,"AGATGTAGC","+"
"53",82,"NC232_HLC27CCXX_L8_read22","MuTIR_1",89.011,91,5,2,65,150,1,91,3.61e-28,108,"GTTTGCAGT","+"
"54",83,"NC232_HLC27CCXX_L8_read23","MuTIR_1",94.805,77,3,1,74,150,1,76,1.67e-31,119,"AGATGTAGC","+"
"55",84,"NC232_HLC27CCXX_L8_read24","MuTIR_1",94.262,122,6,1,29,150,1,121,1.62e-51,185,"AGATGTAGC","+"
"56",85,"NC232_HLC27CCXX_L8_read25","MuTIR_1",96.512,86,2,1,64,149,1,85,3.56e-38,141,"ACTCCAAAC","+"
"57",86,"NC232_HLC27CCXX_L8_read27","MuTIR_1",97.872,47,1,0,104,150,1,47,2.19e-20,82.4,"GAGAGCCTC","+"
"58",87,"NC232_HLC27CCXX_L8_read28","MuTIR_1",94.737,95,4,1,41,135,1,94,7.66e-40,147,"ACTCCAAAC","+"
"59",88,"NC232_HLC27CCXX_L8_read29","MuTIR_1",95.283,106,4,1,45,150,1,105,5.88e-46,167,"GAGGCTCTC","+"
"60",89,"NC232_HLC27CCXX_L8_read33","MuTIR_1",93.985,133,6,2,19,150,1,132,5.8e-56,200,"GCTGAGAGG","+"
"61",90,"NC232_HLC27CCXX_L8_read34","MuTIR_1",100,32,0,0,117,148,1,32,1.03e-13,60.2,"CCCACCTTG","+"
"63",92,"NC232_HLC27CCXX_L8_read37","MuTIR_1",96.667,120,3,1,31,150,1,119,2.09e-55,198,"AGATTTGAT","+"
"64",93,"NC232_HLC27CCXX_L8_read39","MuTIR_1",95.699,93,3,1,58,150,1,92,2.13e-40,148,"GAGAGCCTC","+"
"65",94,"NC232_HLC27CCXX_L8_read41","MuTIR_1",95.699,93,3,1,58,150,1,92,2.13e-40,148,"GAGAGCCTC","+"
"66",95,"NC232_HLC27CCXX_L8_read42","MuTIR_1",96.25,80,2,1,71,150,1,79,7.71e-35,130,"TAGACCGAC","+"
"67",96,"NC232_HLC27CCXX_L8_read44","MuTIR_1",93.651,126,6,2,21,146,1,124,4.51e-52,187,"GAATACAAC","+"
"69",98,"NC232_HLC27CCXX_L8_read48","MuTIR_1",92.969,128,8,1,23,150,1,127,1.62e-51,185,"TTCGTCCAG","+"
"70",99,"NC232_HLC27CCXX_L8_read49","MuTIR_1",88.889,90,5,2,66,150,1,90,1.3e-27,106,"GTTTGCAGT","+"
"71",100,"NC232_HLC27CCXX_L8_read50","MuTIR_1",89.535,86,4,2,69,149,1,86,4.68e-27,104,"GTTTGCAGT","+"
"72",101,"NC232_HLC27CCXX_L8_read53","MuTIR_1",89.147,129,9,2,27,150,1,129,1.27e-42,156,"CTCCTCCTC","+"
"73",102,"NC232_HLC27CCXX_L8_read54","MuTIR_1",96.154,104,3,1,47,150,1,103,1.63e-46,169,"GAATACAAC","+"
"74",103,"NC232_HLC27CCXX_L8_read55","MuTIR_1",95.122,41,2,0,110,150,1,41,2.21e-15,65.8,"TAGACCGAC","+"
"76",105,"NC232_HLC27CCXX_L8_read57","MuTIR_1",93.684,95,5,1,22,116,1,94,3.56e-38,141,"TATTCCTGG","-"
"82",111,"NC232_HLC27CCXX_L8_read64","MuTIR_1",95.789,95,3,1,32,126,1,94,1.65e-41,152,"TCTTTCTGA","-"
"87",116,"NC232_HLC27CCXX_L8_read78","MuTIR_1",91.525,118,5,2,29,141,1,118,3.54e-43,158,"CTCAATTAG","-"
"91",120,"NC232_HLC27CCXX_L8_read82","MuTIR_1",94.737,95,4,1,21,115,1,94,7.66e-40,147,"TATTCCTGA","-"
"103",132,"NC232_HLC27CCXX_L8_read105","MuTIR_1",91.579,95,7,1,35,129,1,94,7.71e-35,130,"TCTTTCTGC","-"
"105",134,"NC232_HLC27CCXX_L8_read108","MuTIR_1",95.181,83,3,1,59,141,1,82,7.71e-35,130,"TACGCGACA","-"
"107",138,"NC232_HLC27CCXX_L8_read115","MuTIR_1",89.916,119,7,2,37,150,1,119,2.13e-40,148,"CAAGGACGC","+"
"108",139,"NC232_HLC27CCXX_L8_read116","MuTIR_1",95.726,117,4,1,14,130,1,116,4.51e-52,187,"CTGTGCGAG","+"
"112",143,"NC232_HLC27CCXX_L8_read124","MuTIR_1",90.076,131,10,3,7,137,1,128,5.88e-46,167,"TGTATCAGT","-"
"113",145,"NC232_HLC27CCXX_L8_read128","MuTIR_1",90.526,95,8,1,38,132,1,94,3.59e-33,124,"CAAGGCGGG","+"
"114",182,"NC232_HLC27CCXX_L8_read210","MuTIR_2",92,125,8,2,27,150,1,124,3.51e-48,174,"TGCCGCCGC","+"
"115",183,"NC232_HLC27CCXX_L8_read213","MuTIR_2",92.958,71,5,0,80,150,1,71,4.68e-27,104,"TTCGCGCCC","+"
"116",184,"NC232_HLC27CCXX_L8_read216","MuTIR_2",83.478,115,12,6,42,150,1,114,6.05e-26,100,"GCGACCTCC","+"
"117",185,"NC232_HLC27CCXX_L8_read218","MuTIR_2",92.308,78,6,0,73,150,1,78,2.79e-29,111,"CAAGCGAAA","+"
"118",186,"NC232_HLC27CCXX_L8_read221","MuTIR_2",93.878,49,3,0,102,150,1,49,3.67e-18,75,"TGCCGCCGC","+"
"119",187,"NC232_HLC27CCXX_L8_read223","MuTIR_2",91.86,86,7,0,65,150,1,86,4.64e-32,121,"TGCCGCCGC","+"
"120",188,"NC232_HLC27CCXX_L8_read224","MuTIR_2",84.615,130,13,6,14,137,1,129,1.29e-32,122,"GCGACCTCC","+"
"121",189,"NC232_HLC27CCXX_L8_read228","MuTIR_2",96.667,60,2,0,91,150,1,60,6.05e-26,100,"ACTGATAGA","+"
"122",190,"NC232_HLC27CCXX_L8_read230","MuTIR_2",92,100,6,2,52,150,1,99,1.28e-37,139,"TGCCGCCGC","+"
"123",191,"NC232_HLC27CCXX_L8_read231","MuTIR_2",91.228,57,5,0,94,150,1,57,2.83e-19,78.7,"TCCAACGAG","+"
"126",194,"NC232_HLC27CCXX_L8_read239","MuTIR_2",93.75,64,4,0,59,122,1,64,7.82e-25,97.1,"TTATTATAA","-"
"132",200,"NC232_HLC27CCXX_L8_read257","MuTIR_2",89.844,128,13,0,13,140,1,128,2.11e-45,165,"CAGTAGTGA","-"
"138",212,"NC232_HLC27CCXX_L8_read281","MuTIR_2",91.339,127,11,0,24,150,1,127,3.51e-48,174,"CGGTTCGGG","+"
"139",213,"NC232_HLC27CCXX_L8_read282","MuTIR_2",90.984,122,11,0,29,150,1,122,2.11e-45,165,"CGGTTCGGG","+"
"140",214,"NC232_HLC27CCXX_L8_read285","MuTIR_2",91.339,127,11,0,24,150,1,127,3.51e-48,174,"CGGTTCGGG","+"
"142",218,"NC232_HLC27CCXX_L8_read301","MuTIR_2",93.902,82,4,1,70,150,1,82,1.29e-32,122,"GATAGCGTG","+"
"148",242,"NC232_HLC27CCXX_L8_read404","MuTIR_3",93.333,45,3,0,106,150,1,45,6.14e-16,67.6,"GGAATAGGT","+"
"149",243,"NC232_HLC27CCXX_L8_read407","MuTIR_3",94.898,98,5,0,53,150,1,98,4.58e-42,154,"ACTGACGGG","+"
"150",244,"NC232_HLC27CCXX_L8_read408","MuTIR_3",93.333,45,3,0,106,150,1,45,6.14e-16,67.6,"GGAATAGGT","+"
"151",246,"NC232_HLC27CCXX_L8_read410","MuTIR_3",92.135,89,7,0,62,150,1,89,9.98e-34,126,"GTCTCTAGG","+"
"153",248,"NC232_HLC27CCXX_L8_read413","MuTIR_3",92.593,108,8,0,38,145,1,108,1.27e-42,156,"ACTGCAGTA","+"
"154",249,"NC232_HLC27CCXX_L8_read415","MuTIR_3",92.683,82,5,1,68,149,1,81,6.01e-31,117,"ACTGCAGTA","+"
"155",250,"NC232_HLC27CCXX_L8_read418","MuTIR_3",93.333,45,3,0,106,150,1,45,6.14e-16,67.6,"ACTGACGGG","+"
"156",251,"NC232_HLC27CCXX_L8_read420","MuTIR_3",87.597,129,16,0,11,139,1,129,5.92e-41,150,"TTCGCCCGA","+"
"164",259,"NC232_HLC27CCXX_L8_read435","MuTIR_3",94.118,68,4,0,83,150,1,68,4.68e-27,104,"TTCGCCCGC","+"
"165",260,"NC232_HLC27CCXX_L8_read436","MuTIR_3",90.526,95,9,0,56,150,1,95,9.98e-34,126,"CCCGTCCCC","+"
"166",261,"NC232_HLC27CCXX_L8_read439","MuTIR_3",92.754,138,10,0,12,149,1,138,5.8e-56,200,"GTGGGCGAG","+"
"167",262,"NC232_HLC27CCXX_L8_read440","MuTIR_3",91.525,118,10,0,29,146,1,118,7.61e-45,163,"TCCTAGCAC","+"
"168",263,"NC232_HLC27CCXX_L8_read441","MuTIR_3",90.526,95,9,0,56,150,1,95,9.98e-34,126,"CCCGTCCCC","+"
"170",267,"NC232_HLC27CCXX_L8_read447","MuTIR_3",90.977,133,12,0,2,134,1,133,7.55e-50,180,"AACGACGAC","-"
"177",308,"NC232_HLC27CCXX_L8_read533","MuTIR_4",89.189,111,12,0,40,150,1,111,3.56e-38,141,"GCCATTAAG","+"
"178",309,"NC232_HLC27CCXX_L8_read535","MuTIR_4",87.755,98,10,1,51,146,1,98,7.77e-30,113,"CCCGCGAGC","+"
"179",310,"NC232_HLC27CCXX_L8_read536","MuTIR_4",84.685,111,17,0,18,128,1,111,7.77e-30,113,"GTTAAAAAG","+"
"180",311,"NC232_HLC27CCXX_L8_read537","MuTIR_4",90.625,128,12,0,23,150,1,128,1.26e-47,172,"CTCTCTTGC","+"
"181",312,"NC232_HLC27CCXX_L8_read539","MuTIR_4",97.26,73,2,0,78,150,1,73,3.59e-33,124,"GAGAGCGGT","+"
"182",313,"NC232_HLC27CCXX_L8_read541","MuTIR_4",86.735,98,13,0,19,116,1,98,1.01e-28,110,"GCTTGCCTT","+"
"185",316,"NC232_HLC27CCXX_L8_read545","MuTIR_4",84.685,111,17,0,33,143,1,111,7.77e-30,113,"GTTAAAAAG","+"
"186",317,"NC232_HLC27CCXX_L8_read548","MuTIR_4",90.625,128,12,0,23,150,1,128,1.26e-47,172,"CTCTCTTGC","+"
"187",318,"NC232_HLC27CCXX_L8_read550","MuTIR_4",87.755,98,10,1,51,146,1,98,7.77e-30,113,"CCCGCGAGC","+"
"193",332,"NC232_HLC27CCXX_L8_read604","MuTIR_4",84.348,115,16,2,31,144,1,114,7.77e-30,113,"GTTGCGTGC","+"
"195",337,"NC232_HLC27CCXX_L8_read627","MuTIR_5",89.256,121,10,2,20,137,1,121,5.92e-41,150,"ACCTATTCC","+"
"196",338,"NC232_HLC27CCXX_L8_read628","MuTIR_5",91.429,105,7,1,45,147,1,105,2.76e-39,145,"GCTGCAGGA","+"
"197",339,"NC232_HLC27CCXX_L8_read629","MuTIR_5",92.708,96,5,1,51,144,1,96,1.28e-37,139,"GCTGCAGGA","+"
"198",340,"NC232_HLC27CCXX_L8_read630","MuTIR_5",89.256,121,10,2,20,137,1,121,5.92e-41,150,"ACCTATTCC","+"
"199",341,"NC232_HLC27CCXX_L8_read631","MuTIR_5",91.176,68,4,1,85,150,1,68,1.01e-23,93.5,"CTCAGAAAG","+"
"200",342,"NC232_HLC27CCXX_L8_read633","MuTIR_5",95.745,47,2,0,104,150,1,47,1.02e-18,76.8,"CGAGACGGC","+"
"201",343,"NC232_HLC27CCXX_L8_read634","MuTIR_5",91.304,69,4,1,84,150,1,69,2.81e-24,95.3,"CTCAGAAAG","+"
"204",346,"NC232_HLC27CCXX_L8_read641","MuTIR_5",87.591,137,15,1,7,141,1,137,9.84e-44,159,"AATAAGGAT","-"
"208",350,"NC232_HLC27CCXX_L8_read646","MuTIR_5",87.5,120,13,1,3,120,1,120,1.28e-37,139,"CCGTTACAT","-"
"213",355,"NC232_HLC27CCXX_L8_read658","MuTIR_5",86.861,137,16,1,7,141,1,137,4.58e-42,154,"AATAAGGAT","-"
"214",357,"NC232_HLC27CCXX_L8_read672","MuTIR_6",96.154,130,5,0,21,150,1,130,7.45e-60,213,"TGCACTACG","+"
"216",359,"NC232_HLC27CCXX_L8_read679","MuTIR_6",97.826,46,1,0,105,150,1,46,7.88e-20,80.5,"TGCACTACG","+"
"217",360,"NC232_HLC27CCXX_L8_read681","MuTIR_6",95.489,133,6,0,18,150,1,133,7.45e-60,213,"TGCATTACA","+"
"218",361,"NC232_HLC27CCXX_L8_read682","MuTIR_6",95.935,123,5,0,28,150,1,123,5.8e-56,200,"TGCACTACG","+"
"219",362,"NC232_HLC27CCXX_L8_read683","MuTIR_6",100,40,0,0,111,150,1,40,3.67e-18,75,"TGCACTACG","+"
"220",363,"NC232_HLC27CCXX_L8_read684","MuTIR_6",100,41,0,0,110,150,1,41,1.02e-18,76.8,"TGCATTACA","+"
"225",371,"NC232_HLC27CCXX_L8_read695","MuTIR_6",95.652,138,6,0,11,148,1,138,1.24e-62,222,"AGGAGAGGG","+"
"226",372,"NC232_HLC27CCXX_L8_read696","MuTIR_6",92.754,138,10,0,10,147,1,138,5.8e-56,200,"AGGAGAGGG","+"
"227",373,"NC232_HLC27CCXX_L8_read698","MuTIR_6",92.857,98,7,0,53,150,1,98,9.91e-39,143,"AGGAGAGGG","+"
"233",402,"NC232_HB1JEADXX_TTAGGC_read5","MuTIR_1",95.789,95,3,1,15,109,1,94,1.66e-41,152,"CAAGGTGGG","+"
"234",403,"NC232_HB1JEADXX_TTAGGC_read7","MuTIR_1",92.537,134,7,3,15,147,1,132,1.26e-52,189,"GTCGGTCTA","+"
"236",405,"NC232_HB1JEADXX_TTAGGC_read9","MuTIR_1",95.05,101,4,1,50,150,1,100,3.56e-43,158,"AGATGTAGC","+"
"237",406,"NC232_HB1JEADXX_TTAGGC_read12","MuTIR_1",96.923,65,1,1,87,151,1,64,3.64e-28,108,"CCGCACTCC","+"
"240",409,"NC232_HB1JEADXX_TTAGGC_read18","MuTIR_1",100,32,0,0,120,151,1,32,1.03e-13,60.2,"GCTGAGAGG","+"
"241",410,"NC232_HB1JEADXX_TTAGGC_read19","MuTIR_1",93.684,95,5,1,27,121,1,94,3.59e-38,141,"TAGACCGAC","+"
"242",411,"NC232_HB1JEADXX_TTAGGC_read20","MuTIR_1",95.455,88,3,1,64,151,1,87,1.29e-37,139,"CAAGGTGGG","+"
"243",412,"NC232_HB1JEADXX_TTAGGC_read21","MuTIR_1",98.02,101,1,1,50,150,1,100,3.54e-48,174,"CTCTCTCGG","+"
"249",428,"NC232_HB1JEADXX_TTAGGC_read71","MuTIR_2",85.981,107,15,0,44,150,1,107,2.18e-30,115,"GGAGAAGTG","+"
"250",429,"NC232_HB1JEADXX_TTAGGC_read73","MuTIR_2",89.474,95,10,0,57,151,1,95,4.68e-32,121,"TCCAACGAG","+"
"251",430,"NC232_HB1JEADXX_TTAGGC_read77","MuTIR_2",90.909,99,9,0,53,151,1,99,6.01e-36,134,"TCCAACGAG","+"
"252",431,"NC232_HB1JEADXX_TTAGGC_read78","MuTIR_2",95.588,68,3,0,83,150,1,68,1.01e-28,110,"TGCAATGAT","+"
"253",432,"NC232_HB1JEADXX_TTAGGC_read79","MuTIR_2",92.424,66,5,0,86,151,1,66,2.83e-24,95.3,"TTCTGCTAG","+"
"257",436,"NC232_HB1JEADXX_TTAGGC_read87","MuTIR_2",92.188,64,5,0,48,111,1,64,3.67e-23,91.6,"TTATTATAA","-"
"259",440,"NC232_HB1JEADXX_TTAGGC_read97","MuTIR_2",90.244,82,8,0,66,147,1,82,3.64e-28,108,"CCCCTCCCG","+"
"263",454,"NC232_HB1JEADXX_TTAGGC_read138","MuTIR_3",94.286,70,4,0,82,151,1,70,3.64e-28,108,"GTCGGGAGG","+"
"266",457,"NC232_HB1JEADXX_TTAGGC_read148","MuTIR_3",94.521,73,4,0,79,151,1,73,7.83e-30,113,"TTCGCCCGC","+"
"267",458,"NC232_HB1JEADXX_TTAGGC_read149","MuTIR_3",94.845,97,5,0,55,151,1,97,1.66e-41,152,"GACCCTTTG","+"
"272",474,"NC232_HB1JEADXX_TTAGGC_read190","MuTIR_4",93.478,92,6,0,60,151,1,92,4.64e-37,137,"CGGCCACCG","+"
"273",476,"NC232_HB1JEADXX_TTAGGC_read191","MuTIR_4",100,35,0,0,117,151,1,35,2.22e-15,65.8,"CTCCTGAAT","+"
"275",478,"NC232_HB1JEADXX_TTAGGC_read196","MuTIR_4",86.777,121,16,0,19,139,1,121,4.64e-37,137,"GTAAGCCTC","-"
"281",484,"NC232_HB1JEADXX_TTAGGC_read209","MuTIR_4",85.217,115,16,1,37,151,1,114,1.68e-31,119,"AGCGACGAG","+"
"282",486,"NC232_HB1JEADXX_TTAGGC_read221","MuTIR_5",95.833,48,2,0,104,151,1,48,2.85e-19,78.7,"ACCTATTCC","+"
"283",487,"NC232_HB1JEADXX_TTAGGC_read222","MuTIR_5",89.535,86,7,1,68,151,1,86,1.01e-28,110,"ATTGAGCCC","+"
"284",488,"NC232_HB1JEADXX_TTAGGC_read223","MuTIR_5",88.372,86,8,1,68,151,1,86,4.71e-27,104,"TAAACCACC","+"
"289",494,"NC232_HB1JEADXX_TTAGGC_read232","MuTIR_6",95.833,72,3,0,80,151,1,72,6.05e-31,117,"TGCACTACG","+"
"290",495,"NC232_HB1JEADXX_TTAGGC_read233","MuTIR_6",95.349,86,4,0,66,151,1,86,4.64e-37,137,"TGCACTATG","+"
"292",497,"NC232_HB1JEADXX_TTAGGC_read235","MuTIR_6",94.737,76,4,0,76,151,1,76,1.68e-31,119,"TGCACTATG","+"
"296",501,"NC232_HB1JEADXX_TTAGGC_read242","MuTIR_6",95.946,74,3,0,78,151,1,74,4.68e-32,121,"CCGTAGATC","+"
