"","X","qname","sname","percent_identity","alignment_length","mismatches","gap_opens","q_start","q_end","s_start","s_end","evalue","bit_score","tsds","strand"
"1",1,"NC238_HB1LCADXX_CGTACG_read3","MuTIR_1",96.226,53,1,1,99,151,1,52,1.71e-21,86.1,"GAAAGAGAG","+"
"2",2,"NC238_HB1LCADXX_CGTACG_read4","MuTIR_1",95.798,119,4,1,31,149,1,118,3.51e-53,191,"GAATACAAC","+"
"8",24,"NC238_HB1LCADXX_CGTACG_read54","MuTIR_2",92.647,68,5,0,79,146,1,68,2.19e-25,99,"ACCCAACTG","+"
"9",25,"NC238_HB1LCADXX_CGTACG_read56","MuTIR_2",89.062,128,14,0,24,151,1,128,9.91e-44,159,"ACCCAACTG","+"
"10",26,"NC238_HB1LCADXX_CGTACG_read58","MuTIR_2",96.053,76,3,0,76,151,1,76,3.61e-33,124,"CCGTCTGCG","+"
"11",27,"NC238_HB1LCADXX_CGTACG_read59","MuTIR_2",93.939,132,8,0,15,146,1,132,5.84e-56,200,"CCCTGGCGC","+"
"17",34,"NC238_HB1LCADXX_CGTACG_read83","MuTIR_3",94.068,118,5,2,28,144,1,117,2.74e-49,178,"CATATGTAC","+"
"18",35,"NC238_HB1LCADXX_CGTACG_read87","MuTIR_3",92.929,99,5,2,54,151,1,98,9.98e-39,143,"CATATGTAC","+"
"24",41,"NC238_HB1LCADXX_CGTACG_read97","MuTIR_3",92.754,69,5,0,40,108,1,69,6.09e-26,100,"AGTTTCAGA","+"
"25",42,"NC238_HB1LCADXX_CGTACG_read99","MuTIR_3",95.876,97,4,0,46,142,1,97,3.56e-43,158,"CTATTTCGT","+"
"26",44,"NC238_HB1LCADXX_CGTACG_read100","MuTIR_3",96.97,99,3,0,53,151,1,99,5.92e-46,167,"GGCGGTGGG","+"
"33",63,"NC238_HB1LCADXX_CGTACG_read148","MuTIR_5",91.209,91,6,1,63,151,1,91,3.61e-33,124,"GCTGCAGGA","+"
"36",66,"NC238_HB1LCADXX_CGTACG_read155","MuTIR_6",96.639,119,4,0,31,149,1,119,2.1e-55,198,"TGCACTACG","+"
"40",73,"NC238_HB1LCADXX_CGTACG_read163","MuTIR_6",93.333,120,7,1,28,147,1,119,9.84e-49,176,"GATCGAACC","+"
"42",77,"NC238_HB1JEADXX_CGTACG_read3","MuTIR_1",95.062,81,3,1,71,151,1,80,1.01e-33,126,"CCGGTGTGC","+"
"44",79,"NC238_HB1JEADXX_CGTACG_read7","MuTIR_1",95.946,74,2,1,78,151,1,73,1.68e-31,119,"ACTCCAAAC","+"
"45",80,"NC238_HB1JEADXX_CGTACG_read11","MuTIR_1",93.694,111,6,1,11,121,1,110,2.13e-45,165,"GTGTTAGGT","+"
"46",81,"NC238_HB1JEADXX_CGTACG_read12","MuTIR_1",95.455,110,4,1,39,148,1,109,3.54e-48,174,"GCCGTGCGA","+"
"47",82,"NC238_HB1JEADXX_CGTACG_read13","MuTIR_1",94.949,99,4,1,53,151,1,98,4.61e-42,154,"CATTTCAAA","+"
"50",85,"NC238_HB1JEADXX_CGTACG_read19","MuTIR_1",94.737,95,4,1,18,112,1,94,7.72e-40,147,"TCTTCCTGA","-"
"61",111,"NC238_HB1JEADXX_CGTACG_read69","MuTIR_2",93.75,64,4,0,82,145,1,64,7.88e-25,97.1,"TGCCGCCGC","+"
"62",112,"NC238_HB1JEADXX_CGTACG_read73","MuTIR_2",94.34,53,3,0,99,151,1,53,2.21e-20,82.4,"TGCCGCCGC","+"
"63",113,"NC238_HB1JEADXX_CGTACG_read74","MuTIR_2",91.667,120,10,0,28,147,1,120,5.92e-46,167,"GTGAGTGTG","+"
"64",114,"NC238_HB1JEADXX_CGTACG_read77","MuTIR_2",94.03,67,4,0,85,151,1,67,1.69e-26,102,"CTACTCGGT","+"
"77",134,"NC238_HB1JEADXX_CGTACG_read108","MuTIR_2",87.805,82,8,1,63,142,1,82,2.83e-24,95.3,"ATTCGTGTG","+"
"78",136,"NC238_HB1JEADXX_CGTACG_read118","MuTIR_3",93.814,97,6,0,55,151,1,97,7.72e-40,147,"GAACCTAGA","+"
"79",137,"NC238_HB1JEADXX_CGTACG_read120","MuTIR_3",93.233,133,9,0,16,148,1,133,7.55e-55,196,"CAAAATTAG","+"
"80",138,"NC238_HB1JEADXX_CGTACG_read122","MuTIR_3",90.845,142,13,0,10,151,1,142,3.51e-53,191,"GTTTCCCAA","+"
"83",141,"NC238_HB1JEADXX_CGTACG_read130","MuTIR_3",89.922,129,13,0,13,141,1,129,5.92e-46,167,"CCTCTAGAG","+"
"84",142,"NC238_HB1JEADXX_CGTACG_read131","MuTIR_3",94.118,51,3,0,101,151,1,51,2.85e-19,78.7,"ACTGACGGG","+"
"85",143,"NC238_HB1JEADXX_CGTACG_read132","MuTIR_3",93.966,116,7,0,17,132,1,116,9.84e-49,176,"ACTGACGGG","+"
"88",147,"NC238_HB1JEADXX_CGTACG_read142","MuTIR_3",91.566,83,5,2,69,151,1,81,7.83e-30,113,"CTATCCTGG","+"
"89",148,"NC238_HB1JEADXX_CGTACG_read143","MuTIR_3",90.076,131,13,0,19,149,1,131,4.58e-47,171,"GGGACGGGG","+"
"90",149,"NC238_HB1JEADXX_CGTACG_read144","MuTIR_3",93.75,64,4,0,88,151,1,64,7.88e-25,97.1,"CCTCTCGGC","+"
"92",151,"NC238_HB1JEADXX_CGTACG_read146","MuTIR_3",91.525,118,10,0,25,142,1,118,7.66e-45,163,"GTTCTATTA","-"
"93",156,"NC238_HB1JEADXX_CGTACG_read154","MuTIR_3",89.516,124,13,0,28,151,1,124,3.56e-43,158,"TAGCACGCC","+"
"94",168,"NC238_HB1JEADXX_CGTACG_read176","MuTIR_4",92.754,69,5,0,83,151,1,69,6.09e-26,100,"CGGCCACCG","+"
"95",169,"NC238_HB1JEADXX_CGTACG_read180","MuTIR_4",88.696,115,11,2,38,151,1,114,3.59e-38,141,"GCCATTAAG","+"
"96",170,"NC238_HB1JEADXX_CGTACG_read187","MuTIR_4",93.043,115,8,0,37,151,1,115,4.58e-47,171,"CCGAAGACT","+"
"97",171,"NC238_HB1JEADXX_CGTACG_read188","MuTIR_4",81.667,120,19,3,32,150,1,118,2.19e-25,99,"ATTGGGGTG","+"
"98",172,"NC238_HB1JEADXX_CGTACG_read189","MuTIR_4",89.744,117,12,0,35,151,1,117,1.66e-41,152,"GTCATTAAG","+"
"99",173,"NC238_HB1JEADXX_CGTACG_read191","MuTIR_4",89.888,89,7,2,62,148,1,89,7.83e-30,113,"CTCCTGAAT","+"
"102",179,"NC238_HB1JEADXX_CGTACG_read206","MuTIR_4",89.109,101,11,0,48,148,1,101,1.01e-33,126,"GACTTTAGC","+"
"103",186,"NC238_HB1JEADXX_CGTACG_read223","MuTIR_5",90.991,111,8,1,43,151,1,111,5.96e-41,150,"GCTGCAGGA","+"
"104",187,"NC238_HB1JEADXX_CGTACG_read225","MuTIR_5",91.667,72,4,1,77,146,1,72,6.09e-26,100,"GCTGCAGGA","+"
"105",188,"NC238_HB1JEADXX_CGTACG_read226","MuTIR_5",89.231,130,12,1,22,149,1,130,7.66e-45,163,"GCTGCAGGA","+"
"106",189,"NC238_HB1JEADXX_CGTACG_read227","MuTIR_5",90.833,120,9,1,30,147,1,120,2.76e-44,161,"CGAGACGGC","+"
"108",192,"NC238_HB1JEADXX_CGTACG_read238","MuTIR_6",93.976,83,5,0,69,151,1,83,1.01e-33,126,"TGCACTATG","+"
"111",196,"NC238_HB1JEADXX_CGTACG_read245","MuTIR_6",97.345,113,3,0,30,142,1,113,9.77e-54,193,"TCCTAGGCT","+"
"115",204,"NC238_HLC27CCXX_L7_read2","MuTIR_1",94.393,107,5,1,44,150,1,106,7.61e-45,163,"GAAAGAGAG","+"
"116",205,"NC238_HLC27CCXX_L7_read5","MuTIR_1",95,60,2,1,91,150,1,59,1.01e-23,93.5,"CCTTCAGGC","+"
"117",206,"NC238_HLC27CCXX_L7_read8","MuTIR_1",92.793,111,7,1,33,143,1,110,9.84e-44,159,"CTCTCTTTC","+"
"118",207,"NC238_HLC27CCXX_L7_read9","MuTIR_1",95.161,62,2,1,89,150,1,61,7.82e-25,97.1,"AGATTTGAT","+"
"119",208,"NC238_HLC27CCXX_L7_read10","MuTIR_1",94.656,131,6,1,20,150,1,130,1.61e-56,202,"GAAAGAGAG","+"
"120",209,"NC238_HLC27CCXX_L7_read11","MuTIR_1",95.833,72,2,1,76,147,1,71,2.16e-30,115,"CCTTCAGGC","+"
"121",210,"NC238_HLC27CCXX_L7_read15","MuTIR_1",94.643,56,2,1,95,150,1,55,1.69e-21,86.1,"GTCGCCAGC","+"
"122",211,"NC238_HLC27CCXX_L7_read16","MuTIR_1",95.238,42,2,0,109,150,1,42,6.14e-16,67.6,"GCACACCGG","+"
"123",212,"NC238_HLC27CCXX_L7_read19","MuTIR_1",93.103,116,7,1,26,141,1,115,1.63e-46,169,"CCTTCAGGC","+"
"124",213,"NC238_HLC27CCXX_L7_read20","MuTIR_1",95.082,61,2,1,87,147,1,60,2.81e-24,95.3,"GTTGGCGAC","+"
"125",214,"NC238_HLC27CCXX_L7_read21","MuTIR_1",93.443,61,3,1,83,143,1,60,1.31e-22,89.8,"GTTGGCGAC","+"
"126",215,"NC238_HLC27CCXX_L7_read22","MuTIR_1",95.652,46,2,0,105,150,1,46,3.67e-18,75,"GTTGGCGAC","+"
"127",216,"NC238_HLC27CCXX_L7_read26","MuTIR_1",95.37,108,4,1,43,150,1,107,4.55e-47,171,"CTTCCCGTC","+"
"129",218,"NC238_HLC27CCXX_L7_read28","MuTIR_1",97.917,48,1,0,102,149,1,48,6.09e-21,84.2,"ACTCCAAAC","+"
"131",220,"NC238_HLC27CCXX_L7_read30","MuTIR_1",93.75,128,7,1,23,150,1,127,3.49e-53,191,"GGATACAAC","+"
"132",221,"NC238_HLC27CCXX_L7_read31","MuTIR_1",94.872,117,5,1,34,150,1,116,2.1e-50,182,"ACCTAACAC","+"
"133",222,"NC238_HLC27CCXX_L7_read33","MuTIR_1",94.118,102,5,1,49,150,1,101,4.58e-42,154,"CCTTCAGGC","+"
"134",223,"NC238_HLC27CCXX_L7_read35","MuTIR_1",92.857,56,3,1,95,150,1,55,7.88e-20,80.5,"GTCGCCAGC","+"
"135",224,"NC238_HLC27CCXX_L7_read36","MuTIR_1",94.737,95,4,1,20,114,1,94,7.66e-40,147,"CATCCATTT","+"
"136",225,"NC238_HLC27CCXX_L7_read37","MuTIR_1",95,60,2,1,89,148,1,59,1.01e-23,93.5,"GCCGTGCGA","+"
"137",226,"NC238_HLC27CCXX_L7_read39","MuTIR_1",94.737,95,4,1,45,139,1,94,7.66e-40,147,"ACTCCAAAC","+"
"145",234,"NC238_HLC27CCXX_L7_read57","MuTIR_1",94.118,51,2,1,86,135,1,51,1.02e-18,76.8,"AGAAATTTG","-"
"146",235,"NC238_HLC27CCXX_L7_read58","MuTIR_1",94.872,117,5,1,5,121,1,116,2.1e-50,182,"AAAGGTCAA","-"
"147",236,"NC238_HLC27CCXX_L7_read59","MuTIR_1",88.421,95,4,2,38,126,1,94,3.61e-28,108,"TCTTCCTGA","-"
"149",238,"NC238_HLC27CCXX_L7_read65","MuTIR_1",94.737,95,4,1,41,135,1,94,7.66e-40,147,"TCTTCCTGA","-"
"150",239,"NC238_HLC27CCXX_L7_read69","MuTIR_1",94.737,95,4,1,16,110,1,94,7.66e-40,147,"TCTTCCTGA","-"
"153",249,"NC238_HLC27CCXX_L7_read83","MuTIR_1",95.652,92,3,1,57,148,1,91,7.66e-40,147,"CGAATATAG","+"
"154",250,"NC238_HLC27CCXX_L7_read84","MuTIR_1",95.349,86,3,1,65,150,1,85,1.66e-36,135,"CGAATATAG","+"
"157",257,"NC238_HLC27CCXX_L7_read97","MuTIR_1",87.611,113,7,4,43,150,1,111,3.59e-33,124,"GTCTGATCT","+"
"158",258,"NC238_HLC27CCXX_L7_read99","MuTIR_1",87.611,113,7,4,43,150,1,111,3.59e-33,124,"GTCTGATCT","+"
"161",299,"NC238_HLC27CCXX_L7_read203","MuTIR_2",92.188,64,5,0,87,150,1,64,3.64e-23,91.6,"CCACGTGCG","+"
"162",300,"NC238_HLC27CCXX_L7_read204","MuTIR_2",84.375,128,20,0,21,148,1,128,9.98e-34,126,"GGAGAAGTG","+"
"164",302,"NC238_HLC27CCXX_L7_read209","MuTIR_2",92,75,6,0,76,150,1,75,1.3e-27,106,"GGCTCTGGG","+"
"165",303,"NC238_HLC27CCXX_L7_read211","MuTIR_2",88.776,98,11,0,52,149,1,98,4.64e-32,121,"CTGTCAGAG","+"
"166",304,"NC238_HLC27CCXX_L7_read212","MuTIR_2",91.509,106,9,0,45,150,1,106,7.66e-40,147,"TCCAACGAG","+"
"167",305,"NC238_HLC27CCXX_L7_read213","MuTIR_2",96.591,88,3,0,60,147,1,88,7.66e-40,147,"GCGCCAGGG","+"
"168",306,"NC238_HLC27CCXX_L7_read216","MuTIR_2",91.463,82,7,0,68,149,1,82,7.77e-30,113,"CAGAGAGCC","+"
"170",308,"NC238_HLC27CCXX_L7_read219","MuTIR_2",91.111,90,8,0,53,142,1,90,1.29e-32,122,"GGCTCTGGG","+"
"171",309,"NC238_HLC27CCXX_L7_read220","MuTIR_2",96.667,90,3,0,54,143,1,90,5.92e-41,150,"CCGTCTGCG","+"
"172",310,"NC238_HLC27CCXX_L7_read221","MuTIR_2",92.593,81,6,0,70,150,1,81,6.01e-31,117,"TGAAGTAAT","+"
"173",311,"NC238_HLC27CCXX_L7_read223","MuTIR_2",94.34,106,6,0,45,150,1,106,7.61e-45,163,"TTCCTCGCC","+"
"174",312,"NC238_HLC27CCXX_L7_read225","MuTIR_2",96.591,88,3,0,60,147,1,88,7.66e-40,147,"GCGCCAGGG","+"
"175",313,"NC238_HLC27CCXX_L7_read228","MuTIR_2",87.5,128,16,0,22,149,1,128,2.13e-40,148,"GGCTCTCTG","+"
"176",314,"NC238_HLC27CCXX_L7_read229","MuTIR_2",89.474,133,14,0,18,150,1,133,1.63e-46,169,"GCTGGGAAG","+"
"177",315,"NC238_HLC27CCXX_L7_read231","MuTIR_2",97.403,77,2,0,72,148,1,77,2.15e-35,132,"GTGAGTGTG","+"
"178",316,"NC238_HLC27CCXX_L7_read232","MuTIR_2",92,75,6,0,76,150,1,75,1.3e-27,106,"GGCTCTGGG","+"
"179",317,"NC238_HLC27CCXX_L7_read233","MuTIR_2",90.598,117,11,0,34,150,1,117,1.27e-42,156,"CTCTGCGAC","+"
"180",318,"NC238_HLC27CCXX_L7_read234","MuTIR_2",94.118,102,6,0,49,150,1,102,1.27e-42,156,"CCGTCTGCG","+"
"181",319,"NC238_HLC27CCXX_L7_read236","MuTIR_2",92.593,81,6,0,70,150,1,81,6.01e-31,117,"TGAAGTAAT","+"
"182",320,"NC238_HLC27CCXX_L7_read239","MuTIR_2",89.474,133,14,0,18,150,1,133,1.63e-46,169,"GCTGGGAAG","+"
"186",324,"NC238_HLC27CCXX_L7_read245","MuTIR_2",90.698,129,12,0,4,132,1,129,1.26e-47,172,"CGGATAGAA","-"
"194",332,"NC238_HLC27CCXX_L7_read262","MuTIR_2",88.776,98,11,0,33,130,1,98,4.64e-32,121,"TCGTCAAAA","-"
"210",371,"NC238_HLC27CCXX_L7_read330","MuTIR_2",87.654,81,8,1,72,150,1,81,1.01e-23,93.5,"ATTCGTGTG","+"
"213",381,"NC238_HLC27CCXX_L7_read362","MuTIR_3",90.625,128,12,0,23,150,1,128,4.55e-47,171,"CCTGAGTTG","+"
"214",382,"NC238_HLC27CCXX_L7_read364","MuTIR_3",94.615,130,7,0,20,149,1,130,1.61e-56,202,"GAACCTAGA","+"
"215",383,"NC238_HLC27CCXX_L7_read365","MuTIR_3",93.333,90,6,0,56,145,1,90,5.96e-36,134,"CCTGAGTTG","+"
"217",385,"NC238_HLC27CCXX_L7_read368","MuTIR_3",97.143,35,1,0,116,150,1,35,1.03e-13,60.2,"GAACCTAGA","+"
"218",386,"NC238_HLC27CCXX_L7_read369","MuTIR_3",92.562,121,9,0,30,150,1,121,3.51e-48,174,"GGCCCCCAC","+"
"219",387,"NC238_HLC27CCXX_L7_read370","MuTIR_3",94.615,130,7,0,20,149,1,130,1.61e-56,202,"GAACCTAGA","+"
"220",388,"NC238_HLC27CCXX_L7_read371","MuTIR_3",95.69,116,5,0,35,150,1,116,4.51e-52,187,"CAAAATTAG","+"
"221",389,"NC238_HLC27CCXX_L7_read373","MuTIR_3",90.625,128,12,0,23,150,1,128,4.55e-47,171,"CCTGAGTTG","+"
"228",397,"NC238_HLC27CCXX_L7_read384","MuTIR_3",91.589,107,9,0,44,150,1,107,2.13e-40,148,"TCATCTCTC","+"
"229",398,"NC238_HLC27CCXX_L7_read385","MuTIR_3",95.575,113,5,0,38,150,1,113,2.1e-50,182,"CTATTTCGT","+"
"230",399,"NC238_HLC27CCXX_L7_read386","MuTIR_3",97.101,69,2,0,81,149,1,69,6.01e-31,117,"GGCGGTGGG","+"
"231",400,"NC238_HLC27CCXX_L7_read388","MuTIR_3",91.429,70,6,0,81,150,1,70,7.82e-25,97.1,"CCGCCCGCG","+"
"232",402,"NC238_HLC27CCXX_L7_read392","MuTIR_3",95.652,69,3,0,82,150,1,69,2.79e-29,111,"CTATTTCGT","+"
"233",403,"NC238_HLC27CCXX_L7_read393","MuTIR_3",92.623,122,9,0,28,149,1,122,9.77e-49,176,"CCTTGCATT","+"
"234",404,"NC238_HLC27CCXX_L7_read394","MuTIR_3",93.077,130,9,0,21,150,1,130,3.49e-53,191,"AGTTTCAGA","+"
"243",415,"NC238_HLC27CCXX_L7_read417","MuTIR_3",89.764,127,13,0,24,150,1,127,7.61e-45,163,"GGGACGGGG","+"
"244",416,"NC238_HLC27CCXX_L7_read418","MuTIR_3",89.394,66,7,0,85,150,1,66,6.09e-21,84.2,"GCCGACGAA","+"
"245",417,"NC238_HLC27CCXX_L7_read421","MuTIR_3",91.892,111,9,0,39,149,1,111,1.27e-42,156,"CCTCTCGGC","+"
"246",418,"NC238_HLC27CCXX_L7_read422","MuTIR_3",89.764,127,13,0,24,150,1,127,7.61e-45,163,"GGGACGGGG","+"
"247",419,"NC238_HLC27CCXX_L7_read423","MuTIR_3",91.753,97,8,0,54,150,1,97,1.66e-36,135,"TCTCCTCCC","+"
"253",444,"NC238_HLC27CCXX_L7_read488","MuTIR_4",97.778,45,1,0,89,133,1,45,2.83e-19,78.7,"CTCCTAAAT","+"
"254",445,"NC238_HLC27CCXX_L7_read490","MuTIR_4",100,42,0,0,109,150,1,42,2.83e-19,78.7,"CTTGGGGTG","+"
"255",446,"NC238_HLC27CCXX_L7_read493","MuTIR_4",91.453,117,10,0,34,150,1,117,7.61e-45,163,"GACACCCCC","+"
"256",447,"NC238_HLC27CCXX_L7_read494","MuTIR_4",97.778,45,1,0,89,133,1,45,2.83e-19,78.7,"CTCCTAAAT","+"
"257",448,"NC238_HLC27CCXX_L7_read496","MuTIR_4",97.778,45,1,0,87,131,1,45,2.83e-19,78.7,"CTCCTAAAT","+"
"258",449,"NC238_HLC27CCXX_L7_read500","MuTIR_4",95.699,93,4,0,57,149,1,93,5.92e-41,150,"CCGAAGACT","+"
"259",450,"NC238_HLC27CCXX_L7_read501","MuTIR_4",97.778,45,1,0,89,133,1,45,2.83e-19,78.7,"CTCCTAAAT","+"
"260",451,"NC238_HLC27CCXX_L7_read512","MuTIR_4",97.778,45,1,0,66,110,1,45,2.83e-19,78.7,"CCGTCTCTC","-"
"264",455,"NC238_HLC27CCXX_L7_read520","MuTIR_4",97.778,45,1,0,66,110,1,45,2.83e-19,78.7,"CCGTCTCTC","-"
"265",457,"NC238_HLC27CCXX_L7_read522","MuTIR_4",97.778,45,1,0,21,65,1,45,2.83e-19,78.7,"CCGTCTCTC","-"
"267",459,"NC238_HLC27CCXX_L7_read527","MuTIR_4",97.778,45,1,0,87,131,1,45,2.83e-19,78.7,"CCGTCTCTC","-"
"268",460,"NC238_HLC27CCXX_L7_read531","MuTIR_4",84.348,115,18,0,36,150,1,115,2.16e-30,115,"CTCTACATA","+"
"273",482,"NC238_HLC27CCXX_L7_read585","MuTIR_5",91.667,96,6,1,45,138,1,96,5.96e-36,134,"GCTGCAGGA","+"
"274",483,"NC238_HLC27CCXX_L7_read587","MuTIR_5",88.806,134,13,1,19,150,1,134,2.11e-45,165,"ATTGAGCCC","+"
"275",484,"NC238_HLC27CCXX_L7_read588","MuTIR_5",88.971,136,13,1,17,150,1,136,1.63e-46,169,"ATTGAGCCC","+"
"276",485,"NC238_HLC27CCXX_L7_read589","MuTIR_5",88.806,134,13,1,19,150,1,134,2.11e-45,165,"ATTGAGCCC","+"
"277",486,"NC238_HLC27CCXX_L7_read590","MuTIR_5",90.265,113,9,1,37,147,1,113,2.13e-40,148,"GCTGCAGGA","+"
"278",487,"NC238_HLC27CCXX_L7_read592","MuTIR_5",89.231,130,12,1,21,148,1,130,7.61e-45,163,"GCTGCAGGA","+"
"284",496,"NC238_HLC27CCXX_L7_read620","MuTIR_6",96.639,119,4,0,31,149,1,119,2.09e-55,198,"TGCACTACG","+"
"285",497,"NC238_HLC27CCXX_L7_read622","MuTIR_6",100,41,0,0,104,144,1,41,1.02e-18,76.8,"TGCACTACG","+"
"286",498,"NC238_HLC27CCXX_L7_read623","MuTIR_6",94.697,132,7,0,19,150,1,132,1.25e-57,206,"TGCACTATG","+"
"287",499,"NC238_HLC27CCXX_L7_read624","MuTIR_6",94.805,77,4,0,74,150,1,77,4.64e-32,121,"TGCACTATG","+"
"288",500,"NC238_HLC27CCXX_L7_read625","MuTIR_6",96.639,119,4,0,31,149,1,119,2.09e-55,198,"TGCACTACG","+"
"289",501,"NC238_HLC27CCXX_L7_read626","MuTIR_6",97.015,67,2,0,81,147,1,67,7.77e-30,113,"TGCACTACA","+"
"290",502,"NC238_HLC27CCXX_L7_read630","MuTIR_6",95.763,118,5,0,33,150,1,118,3.49e-53,191,"TGCACTACG","+"
"291",503,"NC238_HLC27CCXX_L7_read632","MuTIR_6",96.552,116,4,0,35,150,1,116,9.7e-54,193,"TGCACTACG","+"
"292",504,"NC238_HLC27CCXX_L7_read633","MuTIR_6",94.805,77,4,0,74,150,1,77,4.64e-32,121,"TGCACTATG","+"
"293",505,"NC238_HLC27CCXX_L7_read634","MuTIR_6",95.946,74,3,0,77,150,1,74,4.64e-32,121,"TGCACTACG","+"
"294",506,"NC238_HLC27CCXX_L7_read635","MuTIR_6",100,41,0,0,104,144,1,41,1.02e-18,76.8,"TGCACTACG","+"
"296",508,"NC238_HLC27CCXX_L7_read642","MuTIR_6",89.744,117,10,2,25,139,1,117,2.13e-40,148,"AATCGATAT","-"
"297",509,"NC238_HLC27CCXX_L7_read644","MuTIR_6",89.744,117,10,2,25,139,1,117,2.13e-40,148,"AATCGATAT","-"
"298",512,"NC238_HLC27CCXX_L7_read650","MuTIR_6",92.188,64,5,0,87,150,1,64,3.64e-23,91.6,"AGGAGAGGG","+"
"299",513,"NC238_HLC27CCXX_L7_read652","MuTIR_6",95.946,74,3,0,77,150,1,74,4.64e-32,121,"AGGAGAGGG","+"
"300",514,"NC238_HLC27CCXX_L7_read653","MuTIR_6",91.549,71,6,0,80,150,1,71,2.18e-25,99,"AGGAGAGGG","+"
"301",515,"NC238_HLC27CCXX_L7_read655","MuTIR_6",95.652,92,4,0,59,150,1,92,2.13e-40,148,"CCGTAGATC","+"
