"","X","qname","sname","percent_identity","alignment_length","mismatches","gap_opens","q_start","q_end","s_start","s_end","evalue","bit_score","tsds","strand"
"1",1,"NC264_HA5R1ADXX_TGACCA_read5","MuTIR_1",97.872,47,1,0,155,201,1,47,2.95e-20,82.4,"CACAGAGAC","+"
"2",2,"NC264_HA5R1ADXX_TGACCA_read8","MuTIR_1",94.118,85,4,1,117,201,1,84,3.74e-34,128,"GGCCCCTGG","+"
"3",3,"NC264_HA5R1ADXX_TGACCA_read12","MuTIR_1",95.05,101,4,1,101,201,1,100,4.77e-43,158,"GTCGGCTGG","+"
"4",4,"NC264_HA5R1ADXX_TGACCA_read13","MuTIR_1",92.308,117,8,1,68,184,1,116,2.85e-45,165,"GTAATACGG","+"
"5",5,"NC264_HA5R1ADXX_TGACCA_read15","MuTIR_1",98.246,57,0,1,144,200,1,56,2.93e-25,99,"GTCGGCTGG","+"
"6",6,"NC264_HA5R1ADXX_TGACCA_read16","MuTIR_1",95.062,81,3,1,121,201,1,80,1.34e-33,126,"AGATTTGAT","+"
"9",9,"NC264_HA5R1ADXX_TGACCA_read24","MuTIR_1",93.289,149,9,1,29,177,1,148,2.16e-61,219,"GTCCTGTCA","-"
"10",10,"NC264_HA5R1ADXX_TGACCA_read25","MuTIR_1",92.617,149,10,1,19,167,1,148,1e-59,213,"GTCCTGTCA","-"
"15",15,"NC264_HA5R1ADXX_TGACCA_read34","MuTIR_1",95.302,149,6,1,44,192,1,148,2.14e-66,235,"GTCCTGTCA","-"
"18",19,"NC264_HA5R1ADXX_TGACCA_read48","MuTIR_1",85.593,118,16,1,84,201,1,117,1.74e-32,122,"GCGAGCGGC","+"
"19",22,"NC264_HA5R1ADXX_TGACCA_read64","MuTIR_2",95.714,70,3,0,71,140,1,70,1.05e-29,113,"TGCCGCCGC","+"
"20",23,"NC264_HA5R1ADXX_TGACCA_read65","MuTIR_2",88.785,107,12,0,36,142,1,107,2.89e-35,132,"CTACTCGGT","+"
"21",24,"NC264_HA5R1ADXX_TGACCA_read66","MuTIR_2",94.118,85,5,0,65,149,1,85,1.04e-34,130,"CATCATACT","+"
"22",25,"NC264_HA5R1ADXX_TGACCA_read67","MuTIR_2",88.785,107,12,0,86,192,1,107,2.89e-35,132,"CTACTCGGT","+"
"23",26,"NC264_HA5R1ADXX_TGACCA_read70","MuTIR_2",97.059,68,2,0,113,180,1,68,2.91e-30,115,"GGCCGGGCG","+"
"24",27,"NC264_HA5R1ADXX_TGACCA_read72","MuTIR_2",90.625,128,12,0,58,185,1,128,6.12e-47,171,"AGTTTTAGG","+"
"25",28,"NC264_HA5R1ADXX_TGACCA_read73","MuTIR_2",97.059,68,2,0,44,111,1,68,2.91e-30,115,"GGCCGGGCG","+"
"29",32,"NC264_HA5R1ADXX_TGACCA_read79","MuTIR_2",97.059,68,2,0,39,106,1,68,2.91e-30,115,"TGAAAGGGA","-"
"30",33,"NC264_HA5R1ADXX_TGACCA_read81","MuTIR_2",90.625,128,12,0,9,136,1,128,6.12e-47,171,"CAGTAGTGA","-"
"33",37,"NC264_HA5R1ADXX_TGACCA_read93","MuTIR_2",87.952,83,7,1,101,180,1,83,3.79e-24,95.3,"CTCGTTGGA","+"
"36",42,"NC264_HA5R1ADXX_TGACCA_read102","MuTIR_2",87.805,82,8,2,43,123,1,81,3.79e-24,95.3,"GTCTCCCAC","+"
"38",47,"NC264_HA5R1ADXX_TGACCA_read116","MuTIR_3",92.754,138,10,0,10,147,1,138,7.81e-56,200,"CCGTTTTTT","+"
"39",48,"NC264_HA5R1ADXX_TGACCA_read117","MuTIR_3",93.204,103,5,2,100,201,1,102,7.98e-41,150,"CATATGTAC","+"
"42",51,"NC264_HA5R1ADXX_TGACCA_read121","MuTIR_3",89.437,142,15,0,23,164,1,142,1.02e-49,180,"CGTTTTTTA","+"
"43",52,"NC264_HA5R1ADXX_TGACCA_read122","MuTIR_3",88.889,117,13,0,34,150,1,117,3.71e-39,145,"GGCATACGA","-"
"44",53,"NC264_HA5R1ADXX_TGACCA_read124","MuTIR_3",91.473,129,11,0,62,190,1,129,3.66e-49,178,"GGATTTAGA","-"
"45",58,"NC264_HA5R1ADXX_TGACCA_read131","MuTIR_3",92.308,104,8,0,98,201,1,104,2.87e-40,148,"TCGGCAAGC","+"
"49",67,"NC264_HA5R1ADXX_TGACCA_read151","MuTIR_3",93.506,77,5,0,125,201,1,77,2.91e-30,115,"CTCCAGGAT","+"
"51",82,"NC264_HA5R1ADXX_TGACCA_read182","MuTIR_4",85.034,147,22,0,42,188,1,147,2.22e-41,152,"GTGACTGAG","+"
"52",83,"NC264_HA5R1ADXX_TGACCA_read184","MuTIR_4",95.946,74,2,1,127,199,1,74,2.25e-31,119,"GTTGCCTAA","+"
"55",87,"NC264_HA5R1ADXX_TGACCA_read193","MuTIR_4",89.262,149,16,0,10,158,1,149,1.69e-52,189,"GACTTTAGC","+"
"56",92,"NC264_HA5R1ADXX_TGACCA_read207","MuTIR_5",90.179,112,9,1,91,200,1,112,1.03e-39,147,"TTTGAGCCC","+"
"57",94,"NC264_HA5R1ADXX_TGACCA_read224","MuTIR_6",96,150,6,0,10,159,1,150,3.56e-69,244,"TGCACTACG","+"
"58",95,"NC264_HA5R1ADXX_TGACCA_read225","MuTIR_6",96,150,6,0,13,162,1,150,3.56e-69,244,"TGCACTACA","+"
"59",97,"NC264_HA5R1ADXX_TGACCA_read228","MuTIR_6",93.75,64,4,0,138,201,1,64,1.05e-24,97.1,"AGGAGAGGG","+"
"60",99,"NC264_HA5R1ADXX_TGACCA_read231","MuTIR_6",95.775,71,3,0,97,167,1,71,2.91e-30,115,"CCGTAGATC","+"
"61",100,"NC264_HA5R1ADXX_TGACCA_read232","MuTIR_6",95.714,70,3,0,126,195,1,70,1.05e-29,113,"CCGTAGATC","+"
"62",101,"NC264_HA5R1ADXX_TGACCA_read233","MuTIR_6",96.667,90,3,0,112,201,1,90,7.98e-41,150,"TCCTAGGCT","+"
"67",114,"NC264_HA5R1ADXX_TGACCA_read255","MuTIR_7",94.845,97,5,0,105,201,1,97,1.72e-42,156,"CTTAGGAAG","+"
"70",117,"NC264_HLC27CCXX_L2_read3","MuTIR_1",91.111,90,7,1,61,150,1,89,4.64e-32,121,"CAAGGTGGG","+"
"71",118,"NC264_HLC27CCXX_L2_read4","MuTIR_1",95.789,95,3,1,43,137,1,94,1.65e-41,152,"CCTCTGCTC","+"
"72",119,"NC264_HLC27CCXX_L2_read8","MuTIR_1",94.574,129,6,1,22,150,1,128,2.09e-55,198,"CCGCACTCC","+"
"73",120,"NC264_HLC27CCXX_L2_read9","MuTIR_1",93.578,109,6,1,42,150,1,108,2.74e-44,161,"ATACGGCGG","+"
"74",121,"NC264_HLC27CCXX_L2_read10","MuTIR_1",93.548,124,7,1,27,150,1,123,5.84e-51,183,"GTCTCTGTG","+"
"75",122,"NC264_HLC27CCXX_L2_read11","MuTIR_1",91.919,99,7,1,52,150,1,98,4.61e-37,137,"GTCCCTTAC","+"
"76",123,"NC264_HLC27CCXX_L2_read15","MuTIR_1",92.593,135,9,1,16,150,1,134,9.7e-54,193,"ACCTGGATG","+"
"77",124,"NC264_HLC27CCXX_L2_read16","MuTIR_1",95.833,48,2,0,98,145,1,48,2.83e-19,78.7,"GTCCCTCAC","+"
"78",125,"NC264_HLC27CCXX_L2_read17","MuTIR_1",95.789,95,3,1,56,150,1,94,1.65e-41,152,"ATCTCTGAG","+"
"79",126,"NC264_HLC27CCXX_L2_read19","MuTIR_1",97.5,40,1,0,111,150,1,40,1.71e-16,69.4,"GAAAGAGAG","+"
"80",127,"NC264_HLC27CCXX_L2_read28","MuTIR_1",97.778,45,1,0,106,150,1,45,2.83e-19,78.7,"GGAGGGCGG","+"
"81",128,"NC264_HLC27CCXX_L2_read31","MuTIR_1",97.059,68,1,1,83,150,1,67,7.77e-30,113,"AGATTTGAT","+"
"82",129,"NC264_HLC27CCXX_L2_read32","MuTIR_1",100,32,0,0,118,149,1,32,1.03e-13,60.2,"CCCACCTTG","+"
"83",130,"NC264_HLC27CCXX_L2_read33","MuTIR_1",100,48,0,0,100,147,1,48,1.31e-22,89.8,"GTGAGGGAC","+"
"84",131,"NC264_HLC27CCXX_L2_read34","MuTIR_1",94.545,55,2,1,96,150,1,54,6.09e-21,84.2,"CCCACCTTG","+"
"85",132,"NC264_HLC27CCXX_L2_read35","MuTIR_1",95.349,86,3,1,64,149,1,85,1.66e-36,135,"AGATTTGAT","+"
"86",133,"NC264_HLC27CCXX_L2_read36","MuTIR_1",92.562,121,8,1,30,150,1,120,1.26e-47,172,"ATTGAAAGG","+"
"87",134,"NC264_HLC27CCXX_L2_read37","MuTIR_1",94.366,71,3,1,80,150,1,70,3.61e-28,108,"CAAGGTGGG","+"
"88",135,"NC264_HLC27CCXX_L2_read39","MuTIR_1",93.684,95,5,1,32,126,1,94,3.56e-38,141,"GCTGGCGAC","+"
"89",136,"NC264_HLC27CCXX_L2_read40","MuTIR_1",97.5,40,1,0,111,150,1,40,1.71e-16,69.4,"GAAAGAGAG","+"
"90",137,"NC264_HLC27CCXX_L2_read41","MuTIR_1",93.827,81,4,1,65,145,1,80,4.64e-32,121,"ATTGAAAGG","+"
"91",138,"NC264_HLC27CCXX_L2_read45","MuTIR_1",92.632,95,6,1,56,150,1,94,1.66e-36,135,"GTGAGGGAC","+"
"94",141,"NC264_HLC27CCXX_L2_read50","MuTIR_1",92.079,101,7,1,49,149,1,100,3.56e-38,141,"GTGAGGGAC","+"
"95",142,"NC264_HLC27CCXX_L2_read51","MuTIR_1",100,37,0,0,114,150,1,37,1.71e-16,69.4,"GCTGCGCTC","+"
"96",143,"NC264_HLC27CCXX_L2_read52","MuTIR_1",92.632,95,6,1,31,125,1,94,1.66e-36,135,"GCTGGCGAC","+"
"97",144,"NC264_HLC27CCXX_L2_read53","MuTIR_1",92.632,95,6,1,56,150,1,94,1.66e-36,135,"GTGAGGGAC","+"
"98",145,"NC264_HLC27CCXX_L2_read54","MuTIR_1",97.5,40,1,0,111,150,1,40,1.71e-16,69.4,"GAAAGAGAG","+"
"99",146,"NC264_HLC27CCXX_L2_read55","MuTIR_1",95.89,73,2,1,78,150,1,72,6.01e-31,117,"TAGACCGAC","+"
"100",147,"NC264_HLC27CCXX_L2_read56","MuTIR_1",95.789,95,3,1,48,142,1,94,1.65e-41,152,"CCTCTGCTC","+"
"101",148,"NC264_HLC27CCXX_L2_read57","MuTIR_1",93.671,79,4,1,68,146,1,78,6.01e-31,117,"GTCTCTGTG","+"
"103",150,"NC264_HLC27CCXX_L2_read59","MuTIR_1",93.671,79,4,1,68,146,1,78,6.01e-31,117,"GTCTCTGTG","+"
"105",152,"NC264_HLC27CCXX_L2_read61","MuTIR_1",97.5,40,1,0,111,150,1,40,1.71e-16,69.4,"GAAAGAGAG","+"
"107",154,"NC264_HLC27CCXX_L2_read66","MuTIR_1",95.789,95,3,1,23,117,1,94,1.65e-41,152,"TCTTCCTGA","-"
"119",166,"NC264_HLC27CCXX_L2_read95","MuTIR_1",100,43,0,0,60,102,1,43,7.88e-20,80.5,"GCCCGCCCA","-"
"132",179,"NC264_HLC27CCXX_L2_read116","MuTIR_1",100,43,0,0,93,135,1,43,7.88e-20,80.5,"GCCCGCCCA","-"
"133",180,"NC264_HLC27CCXX_L2_read120","MuTIR_1",100,43,0,0,60,102,1,43,7.88e-20,80.5,"GCCCGCCCA","-"
"134",181,"NC264_HLC27CCXX_L2_read123","MuTIR_1",94.737,95,4,1,1,95,1,94,7.66e-40,147,"TTTTCCTAA","-"
"135",182,"NC264_HLC27CCXX_L2_read126","MuTIR_1",95.789,95,3,1,46,140,1,94,1.65e-41,152,"TCTTCCTGA","-"
"137",184,"NC264_HLC27CCXX_L2_read128","MuTIR_1",93.684,95,5,1,44,138,1,94,3.56e-38,141,"TCTTTCTGA","-"
"144",198,"NC264_HLC27CCXX_L2_read151","MuTIR_1",93.846,65,3,1,70,134,1,64,7.82e-25,97.1,"CTGTGCGAG","+"
"145",200,"NC264_HLC27CCXX_L2_read158","MuTIR_1",93.846,65,3,1,69,133,1,64,7.82e-25,97.1,"GTTGGCGTT","-"
"147",202,"NC264_HLC27CCXX_L2_read161","MuTIR_1",95.789,95,3,1,8,102,1,94,1.65e-41,152,"TCTTCCTAA","-"
"148",243,"NC264_HLC27CCXX_L2_read328","MuTIR_2",94.118,68,4,0,82,149,1,68,4.68e-27,104,"AGTTTTAGG","+"
"149",244,"NC264_HLC27CCXX_L2_read332","MuTIR_2",96.364,55,2,0,96,150,1,55,3.64e-23,91.6,"CCCAGAGCC","+"
"150",245,"NC264_HLC27CCXX_L2_read333","MuTIR_2",95.455,88,4,0,63,150,1,88,3.56e-38,141,"CCCAGAGCC","+"
"151",246,"NC264_HLC27CCXX_L2_read334","MuTIR_2",95.455,66,3,0,85,150,1,66,1.3e-27,106,"TGCAATGAT","+"
"152",247,"NC264_HLC27CCXX_L2_read336","MuTIR_2",91.071,112,10,0,39,150,1,112,1.65e-41,152,"TCCAACGAG","+"
"153",248,"NC264_HLC27CCXX_L2_read338","MuTIR_2",93.333,90,6,0,55,144,1,90,5.96e-36,134,"TGCTGGAAC","+"
"154",249,"NC264_HLC27CCXX_L2_read340","MuTIR_2",89.313,131,14,0,20,150,1,131,2.11e-45,165,"GCTGGGAAG","+"
"155",250,"NC264_HLC27CCXX_L2_read343","MuTIR_2",94.186,86,5,0,56,141,1,86,2.15e-35,132,"CATCATACT","+"
"157",252,"NC264_HLC27CCXX_L2_read346","MuTIR_2",91.111,90,8,0,60,149,1,90,1.29e-32,122,"GGCTCTGGG","+"
"158",253,"NC264_HLC27CCXX_L2_read347","MuTIR_2",97.015,67,2,0,82,148,1,67,7.77e-30,113,"CCCAGAGCC","+"
"159",254,"NC264_HLC27CCXX_L2_read349","MuTIR_2",91.262,103,9,0,48,150,1,103,3.56e-38,141,"TGCAATGAT","+"
"160",255,"NC264_HLC27CCXX_L2_read350","MuTIR_2",90.196,102,10,0,49,150,1,102,5.96e-36,134,"TTAAGGAGG","+"
"161",256,"NC264_HLC27CCXX_L2_read351","MuTIR_2",93.333,90,6,0,55,144,1,90,5.96e-36,134,"TGCTGGAAC","+"
"163",258,"NC264_HLC27CCXX_L2_read356","MuTIR_2",95.161,62,3,0,89,150,1,62,2.18e-25,99,"TGCAATGAT","+"
"164",259,"NC264_HLC27CCXX_L2_read358","MuTIR_2",85.294,136,20,0,15,150,1,136,3.56e-38,141,"CTGTCAGAG","+"
"166",261,"NC264_HLC27CCXX_L2_read360","MuTIR_2",88.462,104,12,0,47,150,1,104,9.98e-34,126,"GTGGGAGAC","+"
"167",262,"NC264_HLC27CCXX_L2_read363","MuTIR_2",96.491,57,2,0,94,150,1,57,2.81e-24,95.3,"TTCCTCGCC","+"
"168",263,"NC264_HLC27CCXX_L2_read364","MuTIR_2",95.385,65,3,0,86,150,1,65,4.68e-27,104,"TGCAATGAT","+"
"169",264,"NC264_HLC27CCXX_L2_read365","MuTIR_2",90,120,12,0,31,150,1,120,1.27e-42,156,"TGAAGTAAT","+"
"171",266,"NC264_HLC27CCXX_L2_read367","MuTIR_2",98.113,53,1,0,93,145,1,53,1.01e-23,93.5,"TTCCTCGCC","+"
"172",267,"NC264_HLC27CCXX_L2_read370","MuTIR_2",91.346,104,7,2,48,150,1,103,3.56e-38,141,"ACTGATAGA","+"
"173",268,"NC264_HLC27CCXX_L2_read371","MuTIR_2",95.588,68,3,0,79,146,1,68,1.01e-28,110,"TGCAATGAT","+"
"174",269,"NC264_HLC27CCXX_L2_read372","MuTIR_2",88.785,107,12,0,43,149,1,107,2.15e-35,132,"CTACTCGGT","+"
"176",271,"NC264_HLC27CCXX_L2_read378","MuTIR_2",97.368,38,1,0,113,150,1,38,2.21e-15,65.8,"TTCCTCGCC","+"
"177",272,"NC264_HLC27CCXX_L2_read380","MuTIR_2",95,60,3,0,91,150,1,60,2.81e-24,95.3,"TGCTGGAAC","+"
"178",273,"NC264_HLC27CCXX_L2_read381","MuTIR_2",98.113,53,1,0,93,145,1,53,1.01e-23,93.5,"TTCCTCGCC","+"
"179",274,"NC264_HLC27CCXX_L2_read385","MuTIR_2",88.462,104,12,0,47,150,1,104,9.98e-34,126,"GTGGGAGAC","+"
"182",277,"NC264_HLC27CCXX_L2_read395","MuTIR_2",88.785,107,12,0,32,138,1,107,2.15e-35,132,"CGAACAAGA","-"
"183",278,"NC264_HLC27CCXX_L2_read396","MuTIR_2",93.798,129,8,0,8,136,1,129,2.7e-54,195,"CGGATAGAA","-"
"188",283,"NC264_HLC27CCXX_L2_read409","MuTIR_2",93.798,129,8,0,1,129,1,129,2.7e-54,195,"CGGATAGAA","-"
"214",309,"NC264_HLC27CCXX_L2_read452","MuTIR_2",93.798,129,8,0,10,138,1,129,2.7e-54,195,"CGGATAGAA","-"
"218",317,"NC264_HLC27CCXX_L2_read475","MuTIR_2",93.827,81,3,2,72,150,1,81,4.64e-32,121,"GATAGCGTG","+"
"220",320,"NC264_HLC27CCXX_L2_read478","MuTIR_2",91.473,129,10,1,3,130,1,129,9.77e-49,176,"CAGATAGAA","-"
"221",325,"NC264_HLC27CCXX_L2_read491","MuTIR_2",85.821,134,16,1,16,146,1,134,1.28e-37,139,"CTCGTTGGA","+"
"222",326,"NC264_HLC27CCXX_L2_read492","MuTIR_2",85.915,142,17,1,12,150,1,142,2.13e-40,148,"CTCGTTGGA","+"
"223",327,"NC264_HLC27CCXX_L2_read493","MuTIR_2",85.915,142,17,1,12,150,1,142,2.13e-40,148,"CTCGTTGGA","+"
"225",342,"NC264_HLC27CCXX_L2_read526","MuTIR_2",88.372,86,10,0,63,148,1,86,4.68e-27,104,"CCCCGAGCC","+"
"226",354,"NC264_HLC27CCXX_L2_read566","MuTIR_3",92.308,91,7,0,60,150,1,91,7.71e-35,130,"AAAACATTC","+"
"227",355,"NC264_HLC27CCXX_L2_read572","MuTIR_3",90.909,88,8,0,63,150,1,88,1.67e-31,119,"CATATGTAC","+"
"228",356,"NC264_HLC27CCXX_L2_read575","MuTIR_3",93.22,118,6,2,28,144,1,117,1.26e-47,172,"CATATGTAC","+"
"229",357,"NC264_HLC27CCXX_L2_read580","MuTIR_3",93.86,114,7,0,37,150,1,114,1.26e-47,172,"CCGTTTTTT","+"
"230",358,"NC264_HLC27CCXX_L2_read582","MuTIR_3",94.262,122,7,0,29,150,1,122,4.51e-52,187,"AAAAAATGG","+"
"231",359,"NC264_HLC27CCXX_L2_read585","MuTIR_3",91.791,134,9,2,18,150,1,133,1.62e-51,185,"CCCTGCGAG","+"
"237",367,"NC264_HLC27CCXX_L2_read607","MuTIR_3",88.372,129,15,0,10,138,1,129,1.27e-42,156,"GTACAGAAC","+"
"238",368,"NC264_HLC27CCXX_L2_read608","MuTIR_3",89.922,129,13,0,20,148,1,129,5.88e-46,167,"CCTCTAGAG","+"
"239",369,"NC264_HLC27CCXX_L2_read614","MuTIR_3",88.696,115,13,0,35,149,1,115,3.56e-38,141,"GTACAGAAC","+"
"240",372,"NC264_HLC27CCXX_L2_read618","MuTIR_3",96.97,66,2,0,85,150,1,66,2.79e-29,111,"GGCGGTGGG","+"
"241",373,"NC264_HLC27CCXX_L2_read619","MuTIR_3",88.372,129,15,0,10,138,1,129,1.27e-42,156,"GTACAGAAC","+"
"242",374,"NC264_HLC27CCXX_L2_read620","MuTIR_3",90.698,86,8,0,65,150,1,86,2.16e-30,115,"CCTACAATG","+"
"243",376,"NC264_HLC27CCXX_L2_read624","MuTIR_3",88.889,81,8,1,70,150,1,80,2.18e-25,99,"CCTCTAGAG","+"
"253",392,"NC264_HLC27CCXX_L2_read663","MuTIR_3",95.238,105,5,0,46,150,1,105,5.88e-46,167,"TCTGCGCGG","+"
"254",393,"NC264_HLC27CCXX_L2_read665","MuTIR_3",92.248,129,10,0,17,145,1,129,5.84e-51,183,"GCCGACGAA","+"
"255",394,"NC264_HLC27CCXX_L2_read666","MuTIR_3",90.426,94,9,0,57,150,1,94,3.59e-33,124,"CTCCGGCAC","+"
"256",395,"NC264_HLC27CCXX_L2_read667","MuTIR_3",89.844,128,11,2,23,150,1,126,7.61e-45,163,"CTATCCTGG","+"
"257",396,"NC264_HLC27CCXX_L2_read668","MuTIR_3",92.248,129,10,0,17,145,1,129,5.84e-51,183,"GCCGACGAA","+"
"258",397,"NC264_HLC27CCXX_L2_read669","MuTIR_3",93.284,134,9,0,17,150,1,134,2.09e-55,198,"GACCTCAAA","+"
"259",398,"NC264_HLC27CCXX_L2_read670","MuTIR_3",91.346,104,9,0,47,150,1,104,9.91e-39,143,"CTCCGGCAC","+"
"260",399,"NC264_HLC27CCXX_L2_read672","MuTIR_3",94.366,71,4,0,80,150,1,71,1.01e-28,110,"CCGCGCAGA","+"
"261",400,"NC264_HLC27CCXX_L2_read673","MuTIR_3",92.135,89,7,0,56,144,1,89,9.98e-34,126,"GCCTCTTCC","+"
"262",401,"NC264_HLC27CCXX_L2_read676","MuTIR_3",91.919,99,8,0,52,150,1,99,1.28e-37,139,"GCCGACGAA","+"
"263",402,"NC264_HLC27CCXX_L2_read677","MuTIR_3",93.827,81,5,0,70,150,1,81,1.29e-32,122,"TTCGTCGAC","+"
"264",403,"NC264_HLC27CCXX_L2_read678","MuTIR_3",92.405,79,6,0,72,150,1,79,7.77e-30,113,"GACCTCAAA","+"
"285",432,"NC264_HLC27CCXX_L2_read720","MuTIR_3",91.398,93,8,0,58,150,1,93,2.77e-34,128,"CTCCAGGAT","+"
"286",435,"NC264_HLC27CCXX_L2_read723","MuTIR_3",91.729,133,11,0,18,150,1,133,1.62e-51,185,"CTCCAGGAT","+"
"289",483,"NC264_HLC27CCXX_L2_read812","MuTIR_4",88.281,128,15,0,23,150,1,128,1.27e-42,156,"GCCATTAAG","+"
"290",484,"NC264_HLC27CCXX_L2_read815","MuTIR_4",89.706,136,14,0,15,150,1,136,9.77e-49,176,"CGGCCCGTG","+"
"291",485,"NC264_HLC27CCXX_L2_read816","MuTIR_4",93.333,90,5,1,47,136,1,89,2.15e-35,132,"GTGACTGAG","+"
"292",486,"NC264_HLC27CCXX_L2_read817","MuTIR_4",94.643,56,3,0,95,150,1,56,4.71e-22,87.9,"CGGCCCGTG","+"
"294",488,"NC264_HLC27CCXX_L2_read822","MuTIR_4",91.86,86,7,0,49,134,1,86,4.64e-32,121,"GTGACTGAG","+"
"295",489,"NC264_HLC27CCXX_L2_read823","MuTIR_4",94.872,78,4,0,73,150,1,78,1.29e-32,122,"CTCGACATA","+"
"296",490,"NC264_HLC27CCXX_L2_read824","MuTIR_4",95.946,74,3,0,75,148,1,74,4.64e-32,121,"GCAAGTCGT","+"
"297",491,"NC264_HLC27CCXX_L2_read825","MuTIR_4",94.074,135,8,0,16,150,1,135,3.46e-58,207,"GTTGCCTAA","+"
"299",493,"NC264_HLC27CCXX_L2_read829","MuTIR_4",91.429,70,6,0,81,150,1,70,7.82e-25,97.1,"CTCGACATA","+"
"300",494,"NC264_HLC27CCXX_L2_read832","MuTIR_4",86.607,112,15,0,39,150,1,112,9.98e-34,126,"GTGACTGAG","+"
"302",496,"NC264_HLC27CCXX_L2_read836","MuTIR_4",87.179,117,15,0,34,150,1,117,1.66e-36,135,"GTGACTGAG","+"
"303",497,"NC264_HLC27CCXX_L2_read839","MuTIR_4",95.652,92,4,0,59,150,1,92,2.13e-40,148,"CCGAAGACT","+"
"304",498,"NC264_HLC27CCXX_L2_read842","MuTIR_4",100,32,0,0,113,144,1,32,1.03e-13,60.2,"CGGCCACCG","+"
"305",499,"NC264_HLC27CCXX_L2_read843","MuTIR_4",86.777,121,16,0,30,150,1,121,4.61e-37,137,"GTGACTGAG","+"
"306",500,"NC264_HLC27CCXX_L2_read844","MuTIR_4",100,30,0,0,121,150,1,30,1.33e-12,56.5,"CGGCCACCG","+"
"307",501,"NC264_HLC27CCXX_L2_read846","MuTIR_4",94.4,125,7,0,26,150,1,125,2.7e-54,195,"GTTGCCTAA","+"
"308",502,"NC264_HLC27CCXX_L2_read848","MuTIR_4",86.607,112,15,0,39,150,1,112,9.98e-34,126,"GTGACTGAG","+"
"309",503,"NC264_HLC27CCXX_L2_read853","MuTIR_4",96.154,78,3,0,73,150,1,78,2.77e-34,128,"GACACCCCC","+"
"310",504,"NC264_HLC27CCXX_L2_read855","MuTIR_4",98.182,55,1,0,96,150,1,55,7.82e-25,97.1,"CTCGACATA","+"
"312",506,"NC264_HLC27CCXX_L2_read857","MuTIR_4",97.015,67,2,0,84,150,1,67,7.77e-30,113,"GTTGCCTAA","+"
"314",508,"NC264_HLC27CCXX_L2_read863","MuTIR_4",86.777,121,16,0,30,150,1,121,4.61e-37,137,"GTGACTGAG","+"
"315",509,"NC264_HLC27CCXX_L2_read864","MuTIR_4",86.777,121,16,0,30,150,1,121,4.61e-37,137,"GTGACTGAG","+"
"316",510,"NC264_HLC27CCXX_L2_read865","MuTIR_4",95.122,41,2,0,110,150,1,41,2.21e-15,65.8,"CGGCCACCG","+"
"317",511,"NC264_HLC27CCXX_L2_read870","MuTIR_4",91.358,81,7,0,70,150,1,81,2.79e-29,111,"GCCATTAAG","+"
"318",512,"NC264_HLC27CCXX_L2_read872","MuTIR_4",97.826,46,1,0,105,150,1,46,7.88e-20,80.5,"CTCGACATA","+"
"320",514,"NC264_HLC27CCXX_L2_read878","MuTIR_4",87.786,131,14,2,11,140,1,130,4.58e-42,154,"CTGCAGATA","-"
"321",515,"NC264_HLC27CCXX_L2_read881","MuTIR_4",86.923,130,17,0,9,138,1,130,2.13e-40,148,"CTGCAGATA","-"
"327",521,"NC264_HLC27CCXX_L2_read897","MuTIR_4",93.333,90,5,1,42,131,1,89,2.15e-35,132,"CGTGGAGTC","-"
"330",524,"NC264_HLC27CCXX_L2_read904","MuTIR_4",91.86,86,7,0,51,136,1,86,4.64e-32,121,"CGGACGTGG","-"
"339",536,"NC264_HLC27CCXX_L2_read938","MuTIR_4",90,120,12,0,17,136,1,120,3.54e-43,158,"TTTGCTGGT","+"
"340",538,"NC264_HLC27CCXX_L2_read949","MuTIR_4",86.861,137,16,2,15,150,1,136,4.58e-42,154,"TCGGCGGTC","+"
"344",567,"NC264_HLC27CCXX_L2_read1031","MuTIR_5",92.222,90,5,1,63,150,1,90,2.77e-34,128,"GCTGCAGGA","+"
"345",568,"NC264_HLC27CCXX_L2_read1033","MuTIR_5",90.698,86,6,1,67,150,1,86,2.16e-30,115,"TGCCGTCGG","+"
"346",569,"NC264_HLC27CCXX_L2_read1035","MuTIR_5",90.323,93,7,1,51,141,1,93,1.29e-32,122,"ATTGAGCCC","+"
"347",570,"NC264_HLC27CCXX_L2_read1036","MuTIR_5",90.756,119,9,1,34,150,1,119,9.84e-44,159,"CGAGACGGC","+"
"348",571,"NC264_HLC27CCXX_L2_read1037","MuTIR_5",90.411,73,5,1,77,147,1,73,7.82e-25,97.1,"TGCCGTCGG","+"
"349",572,"NC264_HLC27CCXX_L2_read1039","MuTIR_5",89.764,127,11,1,15,139,1,127,7.61e-45,163,"CGAGACGGC","+"
"350",573,"NC264_HLC27CCXX_L2_read1041","MuTIR_5",90.323,93,7,1,51,141,1,93,1.29e-32,122,"ATTGAGCCC","+"
"352",575,"NC264_HLC27CCXX_L2_read1046","MuTIR_5",89.623,106,9,1,47,150,1,106,1.66e-36,135,"TGCCGTCGG","+"
"353",576,"NC264_HLC27CCXX_L2_read1047","MuTIR_5",86.62,142,17,1,11,150,1,142,3.54e-43,158,"TGCCGTCGG","+"
"354",577,"NC264_HLC27CCXX_L2_read1048","MuTIR_5",89.256,121,10,2,30,147,1,121,5.92e-41,150,"TGCCGTCGG","+"
"365",594,"NC264_HLC27CCXX_L2_read1115","MuTIR_6",95.652,46,1,1,106,150,1,46,1.32e-17,73.1,"TGCACTACA","+"
"366",595,"NC264_HLC27CCXX_L2_read1126","MuTIR_6",96.154,130,5,0,21,150,1,130,7.45e-60,213,"TGCACTACA","+"
"368",599,"NC264_HLC27CCXX_L2_read1152","MuTIR_6",96.154,104,4,0,47,150,1,104,4.55e-47,171,"AGGAGAGGG","+"
"369",600,"NC264_HLC27CCXX_L2_read1153","MuTIR_6",95.604,91,4,0,60,150,1,91,7.66e-40,147,"CCGTAGATC","+"
"371",602,"NC264_HLC27CCXX_L2_read1156","MuTIR_6",95.652,69,3,0,82,150,1,69,2.79e-29,111,"TCCTAGGCT","+"
"372",603,"NC264_HLC27CCXX_L2_read1157","MuTIR_6",94.937,79,4,0,72,150,1,79,3.59e-33,124,"AGGAGAGGG","+"
"374",606,"NC264_HLC27CCXX_L2_read1160","MuTIR_6",95.312,128,6,0,2,129,1,128,4.48e-57,204,"TGTTGGGGA","-"
"379",626,"NC264_HLC27CCXX_L2_read1220","MuTIR_7",94.245,139,7,1,11,149,1,138,2.07e-60,215,"CTTAGGAAG","+"
"382",643,"NC264_HADTMADXX_read1","MuTIR_1",94.737,95,4,1,44,138,1,94,1.03e-39,147,"TAGACCGAC","+"
"383",644,"NC264_HADTMADXX_read2","MuTIR_1",92.523,107,7,1,93,199,1,106,2.22e-41,152,"ATTGAAAGG","+"
"384",645,"NC264_HADTMADXX_read3","MuTIR_1",96.124,129,4,1,73,201,1,128,1.3e-58,209,"GAGAGCCTC","+"
"385",646,"NC264_HADTMADXX_read8","MuTIR_1",93.827,81,4,1,72,152,1,80,6.26e-32,121,"ATTGAAAGG","+"
"386",647,"NC264_HADTMADXX_read9","MuTIR_1",91.333,150,10,3,10,158,1,148,2.17e-56,202,"GTCGGTCTA","+"
"387",648,"NC264_HADTMADXX_read11","MuTIR_1",100,31,0,0,171,201,1,31,4.98e-13,58.4,"CAAGGTGGG","+"
"388",649,"NC264_HADTMADXX_read12","MuTIR_1",93.827,81,4,1,121,201,1,80,6.26e-32,121,"GTCTCTGTG","+"
"389",650,"NC264_HADTMADXX_read15","MuTIR_1",93.289,149,9,1,40,188,1,148,2.16e-61,219,"CTTTTCAAT","+"
"390",651,"NC264_HADTMADXX_read16","MuTIR_1",92.708,96,6,1,106,201,1,95,6.21e-37,137,"GTCTCTGTG","+"
"392",653,"NC264_HADTMADXX_read20","MuTIR_1",94.495,109,5,1,93,201,1,108,7.92e-46,167,"CCGCACTCC","+"
"393",654,"NC264_HADTMADXX_read22","MuTIR_1",92.523,107,7,1,93,199,1,106,2.22e-41,152,"ATTGAAAGG","+"
"394",655,"NC264_HADTMADXX_read24","MuTIR_1",95.96,99,3,1,54,152,1,98,1.33e-43,159,"CCCACCTTG","+"
"395",656,"NC264_HADTMADXX_read25","MuTIR_1",94.737,95,4,1,53,147,1,94,1.03e-39,147,"TTTTCCTAA","-"
"398",659,"NC264_HADTMADXX_read33","MuTIR_1",91.333,150,10,3,18,166,1,148,2.17e-56,202,"GTCCTTTCA","-"
"402",663,"NC264_HADTMADXX_read40","MuTIR_1",93.289,149,9,1,12,160,1,148,2.16e-61,219,"GTCCTGTCA","-"
"405",666,"NC264_HADTMADXX_read43","MuTIR_1",92.617,149,10,1,41,189,1,148,1e-59,213,"GTCCTGTCA","-"
"409",683,"NC264_HADTMADXX_read98","MuTIR_2",88.591,149,17,0,45,193,1,149,2.83e-50,182,"GTGGGAGAC","+"
"410",684,"NC264_HADTMADXX_read100","MuTIR_2",89.13,92,10,0,106,197,1,92,2.91e-30,115,"CTGTCAGAG","+"
"411",685,"NC264_HADTMADXX_read103","MuTIR_2",95.522,67,3,0,135,201,1,67,4.87e-28,108,"CATCATACT","+"
"412",686,"NC264_HADTMADXX_read105","MuTIR_2",95.312,64,3,0,138,201,1,64,2.27e-26,102,"AGTTTTAGG","+"
"413",687,"NC264_HADTMADXX_read106","MuTIR_2",95.588,68,3,0,131,198,1,68,1.35e-28,110,"CATAATAGC","+"
"414",688,"NC264_HADTMADXX_read110","MuTIR_2",93.023,86,6,0,115,200,1,86,1.34e-33,126,"AGTTTTAGG","+"
"415",689,"NC264_HADTMADXX_read115","MuTIR_2",92.105,76,6,0,44,119,1,76,4.87e-28,108,"TCCAACGAG","+"
"416",690,"NC264_HADTMADXX_read122","MuTIR_2",88.591,149,17,0,2,150,1,149,2.83e-50,182,"TCAGTGATA","-"
"420",694,"NC264_HADTMADXX_read130","MuTIR_2",92.188,128,10,0,21,148,1,128,2.83e-50,182,"CAGTAGTGA","-"
"425",704,"NC264_HADTMADXX_read155","MuTIR_2",87.952,83,7,1,100,179,1,83,3.79e-24,95.3,"CTCGTTGGA","+"
"427",706,"NC264_HADTMADXX_read160","MuTIR_2",86.923,130,15,2,69,197,1,129,3.71e-39,145,"AATGACGAT","+"
"428",707,"NC264_HADTMADXX_read163","MuTIR_2",86.047,129,16,2,29,156,1,128,6.21e-37,137,"CAGTAGTGA","-"
"430",714,"NC264_HADTMADXX_read176","MuTIR_2",88.333,120,14,0,80,199,1,120,3.71e-39,145,"CCCACCACG","+"
"431",718,"NC264_HADTMADXX_read180","MuTIR_2",87.736,106,13,0,86,191,1,106,4.84e-33,124,"TCCTTGGAC","+"
"434",724,"NC264_HADTMADXX_read192","MuTIR_3",94.69,113,6,0,52,164,1,113,1.32e-48,176,"AAAACATTC","+"
"435",725,"NC264_HADTMADXX_read193","MuTIR_3",93.578,109,7,0,31,139,1,109,1.02e-44,163,"TCCTACAGG","+"
"436",726,"NC264_HADTMADXX_read194","MuTIR_3",92.969,128,9,0,74,201,1,128,6.08e-52,187,"CCGTTTTTT","+"
"437",727,"NC264_HADTMADXX_read195","MuTIR_3",94.805,77,4,0,123,199,1,77,6.26e-32,121,"TCCTACAGG","+"
"442",733,"NC264_HADTMADXX_read204","MuTIR_3",92.647,68,5,0,93,160,1,68,2.93e-25,99,"TCAGAGAGA","+"
"443",735,"NC264_HADTMADXX_read207","MuTIR_3",97.015,67,2,0,46,112,1,67,1.05e-29,113,"GGCGGTGGG","+"
"447",747,"NC264_HADTMADXX_read225","MuTIR_3",88.435,147,17,0,43,189,1,147,3.66e-49,178,"CCTCTCGGC","+"
"448",748,"NC264_HADTMADXX_read227","MuTIR_3",93.258,89,6,0,113,201,1,89,2.89e-35,132,"ATTTATGAC","+"
"449",749,"NC264_HADTMADXX_read228","MuTIR_3",93.333,75,5,0,127,201,1,75,3.77e-29,111,"TCGGCAAGC","+"
"450",750,"NC264_HADTMADXX_read229","MuTIR_3",91.525,118,10,0,82,199,1,118,1.02e-44,163,"CCTCTCGGC","+"
"451",771,"NC264_HADTMADXX_read273","MuTIR_4",88.571,140,16,0,25,164,1,140,1.7e-47,172,"CTCGACATA","+"
"452",772,"NC264_HADTMADXX_read276","MuTIR_4",98.077,52,1,0,74,125,1,52,4.91e-23,91.6,"CTCGACATA","+"
"453",773,"NC264_HADTMADXX_read277","MuTIR_4",91.86,86,7,0,63,148,1,86,6.26e-32,121,"GTGACTGAG","+"
"454",774,"NC264_HADTMADXX_read279","MuTIR_4",85.034,147,22,0,30,176,1,147,2.22e-41,152,"GTGACTGAG","+"
"456",776,"NC264_HADTMADXX_read285","MuTIR_4",91.86,86,7,0,105,190,1,86,6.26e-32,121,"CGGACGTGG","-"
"458",778,"NC264_HADTMADXX_read289","MuTIR_4",85.811,148,19,2,9,155,1,147,4.77e-43,158,"GCCTCCTCC","-"
"459",779,"NC264_HADTMADXX_read292","MuTIR_4",92.593,81,6,0,120,200,1,81,8.09e-31,117,"TTTGCTGGT","+"
"460",780,"NC264_HADTMADXX_read294","MuTIR_4",90,120,12,0,44,163,1,120,4.77e-43,158,"CTTTTATAC","-"
"461",783,"NC264_HADTMADXX_read317","MuTIR_5",88.356,146,14,2,45,188,1,145,4.73e-48,174,"GCTGCAGGA","+"
"462",784,"NC264_HADTMADXX_read320","MuTIR_5",91.667,60,3,1,142,199,1,60,2.95e-20,82.4,"GCTGCAGGA","+"
"463",785,"NC264_HADTMADXX_read322","MuTIR_5",88.591,149,15,1,38,184,1,149,2.83e-50,182,"GCTGCAGGA","+"
"467",789,"NC264_HADTMADXX_read333","MuTIR_5",88.591,149,15,1,41,187,1,149,2.83e-50,182,"TCTCCCGTC","-"
"468",790,"NC264_HADTMADXX_read349","MuTIR_6",96.104,77,3,0,125,201,1,77,1.34e-33,126,"TGCACTACG","+"
"469",791,"NC264_HADTMADXX_read352","MuTIR_6",97.872,47,1,0,155,201,1,47,2.95e-20,82.4,"TGCACTACA","+"
"471",793,"NC264_HADTMADXX_read366","MuTIR_6",96.04,101,4,0,21,121,1,101,2.85e-45,165,"AGGAGAGGG","+"
"472",794,"NC264_HADTMADXX_read367","MuTIR_6",96.842,95,3,0,14,108,1,95,1.33e-43,159,"AGGAGAGGG","+"
"473",795,"NC264_HADTMADXX_read368","MuTIR_6",95.714,70,3,0,79,148,1,70,1.05e-29,113,"TCCTAGGCT","+"
"474",796,"NC264_HADTMADXX_read369","MuTIR_6",96.25,80,3,0,122,201,1,80,2.89e-35,132,"AGGAGAGGG","+"
"475",797,"NC264_HADTMADXX_read371","MuTIR_6",93.985,133,8,0,69,201,1,133,2.17e-56,202,"AGGAGAGGG","+"
"476",798,"NC264_HADTMADXX_read372","MuTIR_6",96,75,3,0,127,201,1,75,1.74e-32,122,"ATGCAGATG","+"
"477",799,"NC264_HADTMADXX_read373","MuTIR_6",95.89,73,3,0,94,166,1,73,2.25e-31,119,"TCCTAGGCT","+"
"483",805,"NC264_HADTMADXX_read382","MuTIR_6",93.96,149,8,1,13,160,1,149,4.64e-63,224,"GCACTGATA","-"
"485",810,"NC264_HADTMADXX_read393","MuTIR_7",93.902,82,5,0,79,160,1,82,3.74e-34,128,"CTTAGGAAG","+"
