"","X","qname","sname","percent_identity","alignment_length","mismatches","gap_opens","q_start","q_end","s_start","s_end","evalue","bit_score","tsds","strand"
"1",1,"NC294_HLCY2CCXX_L8_read2","MuTIR_1",88.288,111,8,2,45,150,1,111,2.77e-34,128,"CTCCTCCTC","+"
"2",2,"NC294_HLCY2CCXX_L8_read4","MuTIR_1",92.857,140,9,1,11,150,1,139,1.61e-56,202,"GAGGAGGAG","+"
"3",3,"NC294_HLCY2CCXX_L8_read5","MuTIR_1",92.857,140,9,1,11,150,1,139,1.61e-56,202,"GAGGAGGAG","+"
"4",4,"NC294_HLCY2CCXX_L8_read6","MuTIR_1",100,32,0,0,117,148,1,32,1.03e-13,60.2,"GCTGGCGAC","+"
"6",6,"NC294_HLCY2CCXX_L8_read9","MuTIR_1",96.203,79,2,1,72,150,1,78,2.77e-34,128,"GAGAGCCTC","+"
"7",7,"NC294_HLCY2CCXX_L8_read10","MuTIR_1",96.907,97,2,1,54,150,1,96,2.74e-44,161,"ATCTCGTGT","+"
"8",8,"NC294_HLCY2CCXX_L8_read11","MuTIR_1",90.741,54,4,1,96,149,1,53,4.74e-17,71.3,"GAATACAAC","+"
"10",10,"NC294_HLCY2CCXX_L8_read14","MuTIR_1",95.294,85,2,2,64,147,1,84,5.96e-36,134,"CCGGGAGGC","+"
"11",11,"NC294_HLCY2CCXX_L8_read16","MuTIR_1",93.333,105,6,1,46,150,1,104,4.58e-42,154,"CCGCACTCC","+"
"12",12,"NC294_HLCY2CCXX_L8_read17","MuTIR_1",94.161,137,7,1,14,150,1,136,3.46e-58,207,"ACCTAACAC","+"
"13",13,"NC294_HLCY2CCXX_L8_read18","MuTIR_1",94.161,137,7,1,14,150,1,136,3.46e-58,207,"ACCTAACAC","+"
"14",14,"NC294_HLCY2CCXX_L8_read19","MuTIR_1",95.294,85,2,2,64,147,1,84,5.96e-36,134,"CCGGGAGGC","+"
"15",15,"NC294_HLCY2CCXX_L8_read20","MuTIR_1",92.5,120,8,1,31,150,1,119,4.55e-47,171,"CCTCACGAT","+"
"17",17,"NC294_HLCY2CCXX_L8_read23","MuTIR_1",93.277,119,4,2,33,148,1,118,1.26e-47,172,"CCGCCAGAC","+"
"18",18,"NC294_HLCY2CCXX_L8_read24","MuTIR_1",95.035,141,6,1,10,150,1,140,4.45e-62,220,"GAAAGAGAG","+"
"20",20,"NC294_HLCY2CCXX_L8_read27","MuTIR_1",93.571,140,8,1,11,150,1,139,3.46e-58,207,"TTTTTTGTG","+"
"21",21,"NC294_HLCY2CCXX_L8_read28","MuTIR_1",93.333,135,6,3,16,149,1,133,7.5e-55,196,"GAATACAAC","+"
"22",22,"NC294_HLCY2CCXX_L8_read31","MuTIR_1",89.474,133,8,3,23,150,1,132,7.61e-45,163,"GTTTGCAGT","+"
"23",23,"NC294_HLCY2CCXX_L8_read32","MuTIR_1",93.571,140,8,1,11,150,1,139,3.46e-58,207,"TTTTTTGTG","+"
"24",24,"NC294_HLCY2CCXX_L8_read34","MuTIR_1",96.154,78,2,1,73,150,1,77,9.98e-34,126,"CCCACCTTG","+"
"25",25,"NC294_HLCY2CCXX_L8_read35","MuTIR_1",100,46,0,0,105,150,1,46,1.69e-21,86.1,"GAGGCTCTC","+"
"27",27,"NC294_HLCY2CCXX_L8_read41","MuTIR_1",100,46,0,0,105,150,1,46,1.69e-21,86.1,"GAGGCTCTC","+"
"28",28,"NC294_HLCY2CCXX_L8_read43","MuTIR_1",93.333,135,6,3,16,149,1,133,7.5e-55,196,"GAATACAAC","+"
"29",29,"NC294_HLCY2CCXX_L8_read46","MuTIR_1",94.737,95,4,1,17,111,1,94,7.66e-40,147,"CATCCATTT","+"
"30",30,"NC294_HLCY2CCXX_L8_read48","MuTIR_1",89.474,133,8,3,23,150,1,132,7.61e-45,163,"GTTTGCAGT","+"
"31",31,"NC294_HLCY2CCXX_L8_read49","MuTIR_1",94.949,99,4,1,52,150,1,98,4.58e-42,154,"GAAAGAGAG","+"
"32",32,"NC294_HLCY2CCXX_L8_read51","MuTIR_1",93.333,120,7,1,31,150,1,119,9.77e-49,176,"CCTCACGAT","+"
"33",33,"NC294_HLCY2CCXX_L8_read53","MuTIR_1",96.154,78,2,1,73,150,1,77,9.98e-34,126,"CCTCACGAT","+"
"34",34,"NC294_HLCY2CCXX_L8_read54","MuTIR_1",95.789,95,3,1,24,118,1,94,1.65e-41,152,"CCTAGGCCC","+"
"35",35,"NC294_HLCY2CCXX_L8_read55","MuTIR_1",98.305,59,0,1,91,149,1,58,1.68e-26,102,"GGATACAAC","+"
"36",36,"NC294_HLCY2CCXX_L8_read56","MuTIR_1",95.789,95,3,1,24,118,1,94,1.65e-41,152,"CCTAGGCCC","+"
"37",37,"NC294_HLCY2CCXX_L8_read57","MuTIR_1",94.776,134,6,1,17,150,1,133,3.46e-58,207,"GAAAGAGAG","+"
"38",38,"NC294_HLCY2CCXX_L8_read59","MuTIR_1",94.737,95,4,1,26,120,1,94,7.66e-40,147,"GCTGGCGAC","+"
"39",39,"NC294_HLCY2CCXX_L8_read61","MuTIR_1",97.196,107,2,1,41,147,1,106,7.55e-50,180,"GTGTTAGGT","+"
"40",40,"NC294_HLCY2CCXX_L8_read63","MuTIR_1",97.059,68,1,1,83,150,1,67,7.77e-30,113,"CCGCACTCC","+"
"42",42,"NC294_HLCY2CCXX_L8_read69","MuTIR_1",95.652,46,2,0,96,141,1,46,3.67e-18,75,"GAATACAAC","+"
"43",43,"NC294_HLCY2CCXX_L8_read70","MuTIR_1",97.297,37,1,0,114,150,1,37,7.94e-15,63.9,"ATCTCGTGT","+"
"44",44,"NC294_HLCY2CCXX_L8_read73","MuTIR_1",100,32,0,0,117,148,1,32,1.03e-13,60.2,"GCTGGCGAC","+"
"46",46,"NC294_HLCY2CCXX_L8_read75","MuTIR_1",96.203,79,2,1,72,150,1,78,2.77e-34,128,"GAGAGCCTC","+"
"47",47,"NC294_HLCY2CCXX_L8_read77","MuTIR_1",93.333,120,7,1,31,150,1,119,9.77e-49,176,"CCTCACGAT","+"
"48",48,"NC294_HLCY2CCXX_L8_read79","MuTIR_1",100,32,0,0,117,148,1,32,1.03e-13,60.2,"GCTGGCGAC","+"
"50",50,"NC294_HLCY2CCXX_L8_read82","MuTIR_1",96.25,80,2,1,71,150,1,79,7.71e-35,130,"GAATACAAC","+"
"51",51,"NC294_HLCY2CCXX_L8_read83","MuTIR_1",94.737,57,2,1,94,150,1,56,4.71e-22,87.9,"GCTGGCGAC","+"
"52",52,"NC294_HLCY2CCXX_L8_read84","MuTIR_1",96.203,79,2,1,72,150,1,78,2.77e-34,128,"GAGAGCCTC","+"
"54",54,"NC294_HLCY2CCXX_L8_read87","MuTIR_1",93.22,59,3,1,82,140,1,58,1.69e-21,86.1,"GTTTGCAGT","+"
"55",55,"NC294_HLCY2CCXX_L8_read89","MuTIR_1",92.982,57,3,1,94,150,1,56,2.19e-20,82.4,"GCTGGCGAC","+"
"56",56,"NC294_HLCY2CCXX_L8_read91","MuTIR_1",96.61,59,1,1,92,150,1,58,7.82e-25,97.1,"GGCTGGCGG","+"
"57",57,"NC294_HLCY2CCXX_L8_read92","MuTIR_1",90.551,127,7,2,29,150,1,127,7.61e-45,163,"CTTAAGGAG","+"
"58",58,"NC294_HLCY2CCXX_L8_read93","MuTIR_1",100,47,0,0,104,150,1,47,4.71e-22,87.9,"CCGCACTCC","+"
"59",59,"NC294_HLCY2CCXX_L8_read94","MuTIR_1",95.789,95,3,1,24,118,1,94,1.65e-41,152,"CCTAGGCCC","+"
"61",61,"NC294_HLCY2CCXX_L8_read98","MuTIR_1",92.537,134,7,3,1,133,1,132,1.25e-52,189,"ACAATTCTC","-"
"75",75,"NC294_HLCY2CCXX_L8_read123","MuTIR_1",94.737,95,4,1,44,138,1,94,7.66e-40,147,"TATTCCTGA","-"
"83",83,"NC294_HLCY2CCXX_L8_read134","MuTIR_1",95.789,95,3,1,37,131,1,94,1.65e-41,152,"TCTTCCTGA","-"
"86",86,"NC294_HLCY2CCXX_L8_read137","MuTIR_1",94.737,95,4,1,23,117,1,94,7.66e-40,147,"TCTTCCTGA","-"
"106",106,"NC294_HLCY2CCXX_L8_read170","MuTIR_1",95.789,95,3,1,37,131,1,94,1.65e-41,152,"TCTTCCTGA","-"
"107",107,"NC294_HLCY2CCXX_L8_read171","MuTIR_1",94.737,95,4,1,40,134,1,94,7.66e-40,147,"TCTTCCTGA","-"
"112",112,"NC294_HLCY2CCXX_L8_read180","MuTIR_1",94.737,95,4,1,40,134,1,94,7.66e-40,147,"TCTTCCTGA","-"
"113",113,"NC294_HLCY2CCXX_L8_read183","MuTIR_1",95.789,95,3,1,23,117,1,94,1.65e-41,152,"TCTTTCTGA","-"
"121",210,"NC294_HLCY2CCXX_L8_read420","MuTIR_2",97.015,67,2,0,83,149,1,67,7.77e-30,113,"CTTTGTAAG","+"
"122",211,"NC294_HLCY2CCXX_L8_read421","MuTIR_2",95.041,121,4,2,29,148,1,120,1.25e-52,189,"CTTTGTAAG","+"
"124",213,"NC294_HLCY2CCXX_L8_read425","MuTIR_2",96.923,65,2,0,83,147,1,65,1.01e-28,110,"CTTTGTAAG","+"
"127",216,"NC294_HLCY2CCXX_L8_read428","MuTIR_2",96.825,63,2,0,88,150,1,63,1.3e-27,106,"CTTTGTAAG","+"
"128",217,"NC294_HLCY2CCXX_L8_read431","MuTIR_2",95.041,121,4,2,29,148,1,120,1.25e-52,189,"CTTTGTAAG","+"
"129",218,"NC294_HLCY2CCXX_L8_read433","MuTIR_2",90.698,86,8,0,63,148,1,86,2.16e-30,115,"CTCGTCAGC","+"
"130",219,"NC294_HLCY2CCXX_L8_read434","MuTIR_2",93.333,90,6,0,57,146,1,90,5.96e-36,134,"ACTGATAGA","+"
"131",220,"NC294_HLCY2CCXX_L8_read435","MuTIR_2",93.151,73,5,0,78,150,1,73,3.61e-28,108,"CACAGCATC","+"
"132",221,"NC294_HLCY2CCXX_L8_read440","MuTIR_2",93.151,73,5,0,78,150,1,73,3.61e-28,108,"CACAGCATC","+"
"133",222,"NC294_HLCY2CCXX_L8_read447","MuTIR_2",85,140,21,0,11,150,1,140,9.91e-39,143,"CTGTCAGAG","+"
"134",223,"NC294_HLCY2CCXX_L8_read449","MuTIR_2",93.431,137,7,2,15,150,1,136,1.61e-56,202,"TGCCGCCGC","+"
"135",224,"NC294_HLCY2CCXX_L8_read450","MuTIR_2",93.548,62,4,0,89,150,1,62,1.01e-23,93.5,"GTGTTTCCT","+"
"136",225,"NC294_HLCY2CCXX_L8_read451","MuTIR_2",90.991,111,10,0,39,149,1,111,5.92e-41,150,"TTAAGGAGG","+"
"137",226,"NC294_HLCY2CCXX_L8_read453","MuTIR_2",97.297,37,1,0,114,150,1,37,7.94e-15,63.9,"CCCAGAGCC","+"
"138",227,"NC294_HLCY2CCXX_L8_read454","MuTIR_2",93.069,101,5,2,51,150,1,100,7.66e-40,147,"TGCCGCCGC","+"
"139",228,"NC294_HLCY2CCXX_L8_read455","MuTIR_2",96.667,90,3,0,59,148,1,90,5.92e-41,150,"CTTTGTAAG","+"
"140",229,"NC294_HLCY2CCXX_L8_read456","MuTIR_2",96.053,76,3,0,69,144,1,76,3.59e-33,124,"TGCCGCCGC","+"
"141",230,"NC294_HLCY2CCXX_L8_read457","MuTIR_2",92.248,129,10,0,20,148,1,129,5.84e-51,183,"ACAGACTCC","+"
"142",231,"NC294_HLCY2CCXX_L8_read458","MuTIR_2",87.5,120,15,0,30,149,1,120,1.28e-37,139,"CTCGTCAGC","+"
"143",232,"NC294_HLCY2CCXX_L8_read460","MuTIR_2",94.118,68,4,0,83,150,1,68,4.68e-27,104,"TGAAGTAAT","+"
"144",233,"NC294_HLCY2CCXX_L8_read461","MuTIR_2",92.248,129,10,0,20,148,1,129,5.84e-51,183,"ACAGACTCC","+"
"146",235,"NC294_HLCY2CCXX_L8_read464","MuTIR_2",95.041,121,4,2,29,148,1,120,1.25e-52,189,"CTTTGTAAG","+"
"147",236,"NC294_HLCY2CCXX_L8_read467","MuTIR_2",93.798,129,8,0,12,140,1,129,2.7e-54,195,"CCCAGAGCC","+"
"148",237,"NC294_HLCY2CCXX_L8_read468","MuTIR_2",95.349,86,4,0,65,150,1,86,4.61e-37,137,"CCCAGAGCC","+"
"149",238,"NC294_HLCY2CCXX_L8_read470","MuTIR_2",97.297,37,1,0,114,150,1,37,7.94e-15,63.9,"CCCAGAGCC","+"
"150",239,"NC294_HLCY2CCXX_L8_read471","MuTIR_2",93.333,90,6,0,57,146,1,90,5.96e-36,134,"ACTGATAGA","+"
"178",273,"NC294_HLCY2CCXX_L8_read542","MuTIR_2",94.215,121,5,2,29,148,1,120,5.84e-51,183,"CTTTGTAAG","+"
"179",274,"NC294_HLCY2CCXX_L8_read544","MuTIR_2",93.333,120,8,0,28,147,1,120,2.72e-49,178,"CTTACAAAG","+"
"181",284,"NC294_HLCY2CCXX_L8_read571","MuTIR_2",86.747,83,8,1,47,126,1,83,1.31e-22,89.8,"CTCGTTGGA","+"
"184",292,"NC294_HLCY2CCXX_L8_read590","MuTIR_2",86.992,123,14,2,28,149,1,122,4.61e-37,137,"CCTCCTTAA","+"
"185",293,"NC294_HLCY2CCXX_L8_read591","MuTIR_2",88.776,98,11,0,53,150,1,98,4.64e-32,121,"TATTGGGTT","+"
"186",294,"NC294_HLCY2CCXX_L8_read593","MuTIR_2",86.047,129,16,2,18,145,1,128,4.61e-37,137,"GGAACGAAT","+"
"187",295,"NC294_HLCY2CCXX_L8_read594","MuTIR_2",90,80,8,0,71,150,1,80,4.68e-27,104,"TATTGGGTT","+"
"188",296,"NC294_HLCY2CCXX_L8_read596","MuTIR_2",89.157,83,7,2,63,144,1,82,1.68e-26,102,"GGAACGAAT","+"
"189",297,"NC294_HLCY2CCXX_L8_read597","MuTIR_2",90,80,8,0,71,150,1,80,4.68e-27,104,"TATTGGGTT","+"
"190",298,"NC294_HLCY2CCXX_L8_read600","MuTIR_2",90,80,8,0,71,150,1,80,4.68e-27,104,"TATTGGGTT","+"
"191",299,"NC294_HLCY2CCXX_L8_read602","MuTIR_2",91.176,68,6,0,82,149,1,68,1.01e-23,93.5,"TATTGGGTT","+"
"198",307,"NC294_HLCY2CCXX_L8_read613","MuTIR_2",86.179,123,15,2,19,140,1,122,2.15e-35,132,"TAGTACCAG","-"
"205",319,"NC294_HLCY2CCXX_L8_read647","MuTIR_2",88.889,90,10,0,57,146,1,90,2.79e-29,111,"GGCTCTGGG","+"
"206",322,"NC294_HLCY2CCXX_L8_read677","MuTIR_3",92.941,85,6,0,59,143,1,85,3.59e-33,124,"AAAAAATGG","+"
"207",323,"NC294_HLCY2CCXX_L8_read678","MuTIR_3",96.104,77,3,0,74,150,1,77,9.98e-34,126,"AGTGTCCAT","+"
"211",327,"NC294_HLCY2CCXX_L8_read685","MuTIR_3",96.104,77,3,0,74,150,1,77,9.98e-34,126,"AGTGTCCAT","+"
"213",329,"NC294_HLCY2CCXX_L8_read687","MuTIR_3",94.03,67,4,0,84,150,1,67,1.68e-26,102,"AGAGGGGGG","+"
"214",330,"NC294_HLCY2CCXX_L8_read690","MuTIR_3",97.222,36,1,0,112,147,1,36,2.85e-14,62.1,"CATATGTAC","+"
"215",331,"NC294_HLCY2CCXX_L8_read693","MuTIR_3",95.42,131,6,0,15,145,1,131,9.63e-59,209,"AGTGTCCAT","+"
"216",332,"NC294_HLCY2CCXX_L8_read694","MuTIR_3",96.104,77,3,0,74,150,1,77,9.98e-34,126,"AGTGTCCAT","+"
"217",333,"NC294_HLCY2CCXX_L8_read695","MuTIR_3",92.941,85,6,0,59,143,1,85,3.59e-33,124,"AAAAAATGG","+"
"218",334,"NC294_HLCY2CCXX_L8_read696","MuTIR_3",95.455,88,4,0,63,150,1,88,3.56e-38,141,"TGCTACTGG","+"
"219",335,"NC294_HLCY2CCXX_L8_read697","MuTIR_3",92.063,126,10,0,25,150,1,126,2.72e-49,178,"CCGTTTTTT","+"
"220",336,"NC294_HLCY2CCXX_L8_read698","MuTIR_3",96.104,77,3,0,74,150,1,77,9.98e-34,126,"AGTGTCCAT","+"
"221",337,"NC294_HLCY2CCXX_L8_read700","MuTIR_3",93.421,76,5,0,75,150,1,76,7.77e-30,113,"TCCTACAGG","+"
"222",338,"NC294_HLCY2CCXX_L8_read701","MuTIR_3",96.104,77,3,0,74,150,1,77,9.98e-34,126,"AGTGTCCAT","+"
"223",339,"NC294_HLCY2CCXX_L8_read702","MuTIR_3",93.233,133,9,0,11,143,1,133,7.5e-55,196,"TGCTACTGG","+"
"224",340,"NC294_HLCY2CCXX_L8_read704","MuTIR_3",93.233,133,9,0,11,143,1,133,7.5e-55,196,"TGCTACTGG","+"
"225",341,"NC294_HLCY2CCXX_L8_read705","MuTIR_3",92.941,85,6,0,59,143,1,85,3.59e-33,124,"AAAAAATGG","+"
"226",342,"NC294_HLCY2CCXX_L8_read706","MuTIR_3",92.857,70,5,0,81,150,1,70,1.68e-26,102,"CCGTTTTTT","+"
"227",343,"NC294_HLCY2CCXX_L8_read707","MuTIR_3",96.104,77,3,0,74,150,1,77,9.98e-34,126,"AGTGTCCAT","+"
"228",344,"NC294_HLCY2CCXX_L8_read709","MuTIR_3",96.104,77,3,0,74,150,1,77,9.98e-34,126,"AGTGTCCAT","+"
"242",358,"NC294_HLCY2CCXX_L8_read732","MuTIR_3",92.453,106,8,0,36,141,1,106,1.65e-41,152,"GTTTCGAGG","-"
"243",366,"NC294_HLCY2CCXX_L8_read746","MuTIR_3",90.426,94,9,0,57,150,1,94,3.59e-33,124,"CCTACAATG","+"
"244",367,"NC294_HLCY2CCXX_L8_read748","MuTIR_3",92.105,114,9,0,37,150,1,114,2.74e-44,161,"GGAATAGGT","+"
"245",368,"NC294_HLCY2CCXX_L8_read750","MuTIR_3",94.737,57,3,0,94,150,1,57,1.31e-22,89.8,"GGAATAGGT","+"
"246",369,"NC294_HLCY2CCXX_L8_read751","MuTIR_3",94.737,57,3,0,94,150,1,57,1.31e-22,89.8,"GGAATAGGT","+"
"248",372,"NC294_HLCY2CCXX_L8_read757","MuTIR_3",90.977,133,12,0,12,144,1,133,7.55e-50,180,"AGGGGTCGC","+"
"250",374,"NC294_HLCY2CCXX_L8_read759","MuTIR_3",92.105,114,9,0,37,150,1,114,2.74e-44,161,"GGAATAGGT","+"
"251",375,"NC294_HLCY2CCXX_L8_read761","MuTIR_3",95.714,70,3,0,81,150,1,70,7.77e-30,113,"CCTTGCATT","+"
"253",377,"NC294_HLCY2CCXX_L8_read764","MuTIR_3",93.478,138,9,0,10,147,1,138,1.25e-57,206,"ACTGACGGG","+"
"255",379,"NC294_HLCY2CCXX_L8_read767","MuTIR_3",90.977,133,12,0,12,144,1,133,7.55e-50,180,"AGGGGTCGC","+"
"256",382,"NC294_HLCY2CCXX_L8_read771","MuTIR_3",91.304,115,10,0,34,148,1,115,3.54e-43,158,"AGGGGTCGC","+"
"257",383,"NC294_HLCY2CCXX_L8_read772","MuTIR_3",91.304,115,10,0,34,148,1,115,3.54e-43,158,"AGGGGTCGC","+"
"258",384,"NC294_HLCY2CCXX_L8_read773","MuTIR_3",90.698,129,12,0,20,148,1,129,1.26e-47,172,"CCGCCCGCG","+"
"261",387,"NC294_HLCY2CCXX_L8_read778","MuTIR_3",93.902,82,4,1,70,150,1,82,1.29e-32,122,"CCTTGCATT","+"
"273",410,"NC294_HLCY2CCXX_L8_read810","MuTIR_3",93.684,95,6,0,56,150,1,95,9.91e-39,143,"GACCTCAAA","+"
"274",411,"NC294_HLCY2CCXX_L8_read813","MuTIR_3",93.382,136,9,0,13,148,1,136,1.61e-56,202,"GACCTCAAA","+"
"275",412,"NC294_HLCY2CCXX_L8_read814","MuTIR_3",90.909,88,8,0,59,146,1,88,1.67e-31,119,"AGTTACGCC","+"
"277",414,"NC294_HLCY2CCXX_L8_read816","MuTIR_3",93.671,79,5,0,72,150,1,79,1.67e-31,119,"GACCTCAAA","+"
"278",415,"NC294_HLCY2CCXX_L8_read818","MuTIR_3",89.706,136,14,0,15,150,1,136,3.51e-48,174,"AGTTACGCC","+"
"279",416,"NC294_HLCY2CCXX_L8_read820","MuTIR_3",94.186,86,5,0,65,150,1,86,2.15e-35,132,"GACCTAACG","+"
"280",417,"NC294_HLCY2CCXX_L8_read821","MuTIR_3",93.827,81,5,0,70,150,1,81,1.29e-32,122,"GACCTCAAA","+"
"281",418,"NC294_HLCY2CCXX_L8_read822","MuTIR_3",93.684,95,6,0,56,150,1,95,9.91e-39,143,"GACCTCAAA","+"
"282",419,"NC294_HLCY2CCXX_L8_read823","MuTIR_3",91.011,89,8,0,59,147,1,89,4.64e-32,121,"AGTTACGCC","+"
"283",420,"NC294_HLCY2CCXX_L8_read824","MuTIR_3",93.684,95,6,0,56,150,1,95,9.91e-39,143,"GACCTCAAA","+"
"284",421,"NC294_HLCY2CCXX_L8_read825","MuTIR_3",93.684,95,6,0,56,150,1,95,9.91e-39,143,"GACCTCAAA","+"
"285",422,"NC294_HLCY2CCXX_L8_read826","MuTIR_3",93.151,73,5,0,73,145,1,73,3.61e-28,108,"CCTGTTTGA","+"
"286",423,"NC294_HLCY2CCXX_L8_read828","MuTIR_3",89.888,89,9,0,59,147,1,89,2.16e-30,115,"AGTTACGCC","+"
"287",424,"NC294_HLCY2CCXX_L8_read829","MuTIR_3",91.781,73,6,0,73,145,1,73,1.68e-26,102,"CCTGTTTGA","+"
"312",450,"NC294_HLCY2CCXX_L8_read859","MuTIR_3",88.776,98,11,0,53,150,1,98,4.64e-32,121,"AGTTTCAGA","+"
"313",451,"NC294_HLCY2CCXX_L8_read860","MuTIR_3",89.147,129,14,0,8,136,1,129,2.74e-44,161,"GACGATCTC","-"
"315",472,"NC294_HLCY2CCXX_L8_read887","MuTIR_3",87.805,82,10,0,66,147,1,82,7.82e-25,97.1,"GCAGGCTAG","+"
"316",473,"NC294_HLCY2CCXX_L8_read888","MuTIR_3",85.246,122,16,2,28,148,1,121,3.59e-33,124,"GCAGGCTAG","+"
"317",474,"NC294_HLCY2CCXX_L8_read889","MuTIR_3",85.246,122,16,2,28,148,1,121,3.59e-33,124,"GCAGGCTAG","+"
"318",475,"NC294_HLCY2CCXX_L8_read890","MuTIR_3",87.805,82,10,0,66,147,1,82,7.82e-25,97.1,"GCAGGCTAG","+"
"319",487,"NC294_HLCY2CCXX_L8_read904","MuTIR_3",88.889,135,13,2,11,144,1,134,2.11e-45,165,"TAGCACGCC","+"
"325",553,"NC294_HLCY2CCXX_L8_read1010","MuTIR_4",87.85,107,13,0,41,147,1,107,2.77e-34,128,"GTGACTGAG","+"
"326",554,"NC294_HLCY2CCXX_L8_read1012","MuTIR_4",91.743,109,9,0,42,150,1,109,4.58e-42,154,"CATGAGCTG","+"
"327",555,"NC294_HLCY2CCXX_L8_read1014","MuTIR_4",97.222,36,1,0,115,150,1,36,2.85e-14,62.1,"CTCTCTTGC","+"
"329",557,"NC294_HLCY2CCXX_L8_read1019","MuTIR_4",90.698,129,12,0,22,150,1,129,3.51e-48,174,"CATGAGCTG","+"
"332",560,"NC294_HLCY2CCXX_L8_read1025","MuTIR_4",87.85,107,13,0,41,147,1,107,2.77e-34,128,"GTGACTGAG","+"
"333",561,"NC294_HLCY2CCXX_L8_read1026","MuTIR_4",95.062,81,4,0,67,147,1,81,2.77e-34,128,"CATGAGCTG","+"
"334",562,"NC294_HLCY2CCXX_L8_read1032","MuTIR_4",93.151,73,5,0,76,148,1,73,3.61e-28,108,"CGGCCACCG","+"
"336",564,"NC294_HLCY2CCXX_L8_read1039","MuTIR_4",91.86,86,7,0,39,124,1,86,4.64e-32,121,"GTGACTGAG","+"
"346",574,"NC294_HLCY2CCXX_L8_read1080","MuTIR_4",86.316,95,12,1,53,147,1,94,1.68e-26,102,"AGCGACGAG","+"
"350",579,"NC294_HLCY2CCXX_L8_read1087","MuTIR_4",93.671,79,5,0,69,147,1,79,1.67e-31,119,"TCGGCGGTC","+"
"351",581,"NC294_HLCY2CCXX_L8_read1091","MuTIR_4",93.333,90,6,0,37,126,1,90,5.96e-36,134,"GGGCGAAGA","-"
"352",583,"NC294_HLCY2CCXX_L8_read1113","MuTIR_4",88.596,114,13,0,34,147,1,114,3.56e-38,141,"GACTTTAGC","+"
"357",597,"NC294_HLCY2CCXX_L8_read1143","MuTIR_4",87.129,101,13,0,50,150,1,101,2.16e-30,115,"TGGTGTGGG","+"
"360",618,"NC294_HLCY2CCXX_L8_read1187","MuTIR_5",89.844,128,11,1,25,150,1,128,2.11e-45,165,"GCTGCAGGA","+"
"361",619,"NC294_HLCY2CCXX_L8_read1190","MuTIR_5",95.918,49,2,0,100,148,1,49,7.88e-20,80.5,"ACCTATTCC","+"
"362",620,"NC294_HLCY2CCXX_L8_read1191","MuTIR_5",90.909,66,4,1,87,150,1,66,1.31e-22,89.8,"GCTGCAGGA","+"
"363",621,"NC294_HLCY2CCXX_L8_read1194","MuTIR_5",95.918,49,2,0,100,148,1,49,7.88e-20,80.5,"ACCTATTCC","+"
"364",622,"NC294_HLCY2CCXX_L8_read1195","MuTIR_5",100,30,0,0,98,127,1,30,1.33e-12,56.5,"ACCTTGACA","+"
"365",623,"NC294_HLCY2CCXX_L8_read1197","MuTIR_5",90.588,85,6,1,68,150,1,85,7.77e-30,113,"GCTGCAGGA","+"
"366",624,"NC294_HLCY2CCXX_L8_read1199","MuTIR_5",89.744,117,10,1,35,149,1,117,5.92e-41,150,"ATTGAGCCC","+"
"367",625,"NC294_HLCY2CCXX_L8_read1201","MuTIR_5",90.476,105,8,1,45,147,1,105,1.28e-37,139,"GCTGCAGGA","+"
"368",626,"NC294_HLCY2CCXX_L8_read1203","MuTIR_5",93.22,59,2,1,94,150,1,59,1.69e-21,86.1,"CTCAGAAAG","+"
"369",627,"NC294_HLCY2CCXX_L8_read1209","MuTIR_5",95.918,49,2,0,97,145,1,49,7.88e-20,80.5,"GCTGCAGGA","+"
"370",628,"NC294_HLCY2CCXX_L8_read1210","MuTIR_5",89.362,94,8,1,59,150,1,94,1.67e-31,119,"CTCAGAAAG","+"
"371",629,"NC294_HLCY2CCXX_L8_read1211","MuTIR_5",89.844,128,11,1,25,150,1,128,2.11e-45,165,"GCTGCAGGA","+"
"378",636,"NC294_HLCY2CCXX_L8_read1225","MuTIR_5",100,30,0,0,46,75,1,30,1.33e-12,56.5,"ACTGGCGAG","-"
"381",639,"NC294_HLCY2CCXX_L8_read1232","MuTIR_5",100,30,0,0,106,135,1,30,1.33e-12,56.5,"ACTGGCGAG","-"
"382",640,"NC294_HLCY2CCXX_L8_read1233","MuTIR_5",91.045,67,4,1,43,107,1,67,3.64e-23,91.6,"CGAAGGAAG","-"
"384",659,"NC294_HLCY2CCXX_L8_read1302","MuTIR_6",97.015,67,2,0,84,150,1,67,7.77e-30,113,"TGCACTACA","+"
"385",660,"NC294_HLCY2CCXX_L8_read1303","MuTIR_6",97.917,48,1,0,103,150,1,48,6.09e-21,84.2,"TGCACTACA","+"
"386",661,"NC294_HLCY2CCXX_L8_read1304","MuTIR_6",96.296,81,3,0,70,150,1,81,5.96e-36,134,"TGCACTACA","+"
"387",662,"NC294_HLCY2CCXX_L8_read1307","MuTIR_6",96.296,81,3,0,70,150,1,81,5.96e-36,134,"TGCACTACA","+"
"388",663,"NC294_HLCY2CCXX_L8_read1308","MuTIR_6",98,50,1,0,101,150,1,50,4.71e-22,87.9,"TGCACTACG","+"
"389",664,"NC294_HLCY2CCXX_L8_read1309","MuTIR_6",96.296,81,3,0,70,150,1,81,5.96e-36,134,"TGCACTACA","+"
"390",665,"NC294_HLCY2CCXX_L8_read1310","MuTIR_6",94.615,130,7,0,21,150,1,130,1.61e-56,202,"TGCACTATG","+"
"391",666,"NC294_HLCY2CCXX_L8_read1313","MuTIR_6",97.917,48,1,0,103,150,1,48,6.09e-21,84.2,"TGCACTACA","+"
"392",667,"NC294_HLCY2CCXX_L8_read1314","MuTIR_6",94.845,97,5,0,54,150,1,97,1.65e-41,152,"TGCACTATT","+"
"393",668,"NC294_HLCY2CCXX_L8_read1317","MuTIR_6",98.214,56,1,0,95,150,1,56,2.18e-25,99,"TGCACTATG","+"
"404",681,"NC294_HLCY2CCXX_L8_read1337","MuTIR_6",96.262,107,4,0,44,150,1,107,9.77e-49,176,"CCGTAGATC","+"
"405",682,"NC294_HLCY2CCXX_L8_read1339","MuTIR_6",97.087,103,3,0,48,150,1,103,3.51e-48,174,"TCCTAGGCT","+"
"406",683,"NC294_HLCY2CCXX_L8_read1340","MuTIR_6",95.763,118,5,0,28,145,1,118,3.49e-53,191,"AGGAGAGGG","+"
"407",684,"NC294_HLCY2CCXX_L8_read1341","MuTIR_6",95.763,118,5,0,28,145,1,118,3.49e-53,191,"AGGAGAGGG","+"
"408",685,"NC294_HLCY2CCXX_L8_read1342","MuTIR_6",96.053,76,3,0,75,150,1,76,3.59e-33,124,"AGGAGAGGG","+"
"410",687,"NC294_HLCY2CCXX_L8_read1345","MuTIR_6",94.531,128,7,0,23,150,1,128,2.09e-55,198,"AGGAGAGGG","+"
"411",688,"NC294_HLCY2CCXX_L8_read1346","MuTIR_6",96.053,76,3,0,75,150,1,76,3.59e-33,124,"AGGAGAGGG","+"
"412",689,"NC294_HLCY2CCXX_L8_read1347","MuTIR_6",95.506,89,4,0,62,150,1,89,9.91e-39,143,"AGGAGAGGG","+"
"413",690,"NC294_HLCY2CCXX_L8_read1348","MuTIR_6",96.33,109,4,0,42,150,1,109,7.55e-50,180,"AGGAGAGGG","+"
"414",691,"NC294_HLCY2CCXX_L8_read1350","MuTIR_6",95.763,118,5,0,28,145,1,118,3.49e-53,191,"AGGAGAGGG","+"
"420",697,"NC294_HLCY2CCXX_L8_read1359","MuTIR_6",97.368,114,3,0,28,141,1,114,2.7e-54,195,"AACACCTCC","-"
"427",728,"NC294_HBEN2ADXX_GTTTCG_read1","MuTIR_1",94.964,139,6,1,13,151,1,138,5.8e-61,217,"GAAAGAGAG","+"
"428",729,"NC294_HBEN2ADXX_GTTTCG_read2","MuTIR_1",93.893,131,7,1,21,151,1,130,7.55e-55,196,"CCGCACTCC","+"
"429",730,"NC294_HBEN2ADXX_GTTTCG_read5","MuTIR_1",88.235,85,5,2,72,151,1,85,7.88e-25,97.1,"GTTTGCAGT","+"
"430",731,"NC294_HBEN2ADXX_GTTTCG_read7","MuTIR_1",92.982,114,7,1,38,151,1,113,2.13e-45,165,"GAGGAGGAG","+"
"432",733,"NC294_HBEN2ADXX_GTTTCG_read11","MuTIR_1",91.912,136,10,1,16,151,1,135,1.26e-52,189,"ATCGTGAGG","+"
"434",735,"NC294_HBEN2ADXX_GTTTCG_read14","MuTIR_1",91.912,136,10,1,16,151,1,135,1.26e-52,189,"ATCGTGAGG","+"
"435",736,"NC294_HBEN2ADXX_GTTTCG_read16","MuTIR_1",96.875,64,1,1,88,151,1,63,1.31e-27,106,"GGATACAAC","+"
"443",744,"NC294_HBEN2ADXX_GTTTCG_read26","MuTIR_1",94.326,141,7,1,1,141,1,140,2.09e-60,215,"ACATCAGTG","-"
"444",764,"NC294_HBEN2ADXX_GTTTCG_read67","MuTIR_2",91.892,111,9,0,38,148,1,111,1.28e-42,156,"TGCAATGAT","+"
"445",765,"NC294_HBEN2ADXX_GTTTCG_read68","MuTIR_2",93.506,77,5,0,75,151,1,77,2.18e-30,115,"ACAGACTCC","+"
"446",766,"NC294_HBEN2ADXX_GTTTCG_read69","MuTIR_2",89.844,128,13,0,21,148,1,128,2.13e-45,165,"TCCAACGAG","+"
"448",768,"NC294_HBEN2ADXX_GTTTCG_read78","MuTIR_2",97.26,73,2,0,79,151,1,73,3.61e-33,124,"CTTTGTAAG","+"
"449",769,"NC294_HBEN2ADXX_GTTTCG_read79","MuTIR_2",88.333,120,14,0,29,148,1,120,2.77e-39,145,"GCTGGGAAG","+"
"450",770,"NC294_HBEN2ADXX_GTTTCG_read80","MuTIR_2",90.278,72,7,0,79,150,1,72,2.83e-24,95.3,"GCTGGGAAG","+"
"451",771,"NC294_HBEN2ADXX_GTTTCG_read81","MuTIR_2",96.552,58,2,0,94,151,1,58,7.88e-25,97.1,"TTCCTCGCC","+"
"460",785,"NC294_HBEN2ADXX_GTTTCG_read123","MuTIR_3",94.318,88,5,0,64,151,1,88,1.67e-36,135,"TGCTACTGG","+"
"461",786,"NC294_HBEN2ADXX_GTTTCG_read124","MuTIR_3",91.86,86,5,2,67,151,1,85,1.68e-31,119,"CATATGTAC","+"
"462",787,"NC294_HBEN2ADXX_GTTTCG_read126","MuTIR_3",91.912,136,7,4,17,150,1,134,4.55e-52,187,"CATATGTAC","+"
"463",788,"NC294_HBEN2ADXX_GTTTCG_read128","MuTIR_3",94.118,68,4,0,84,151,1,68,4.71e-27,104,"AGTAGAGCA","+"
"464",789,"NC294_HBEN2ADXX_GTTTCG_read134","MuTIR_3",90.598,117,11,0,32,148,1,117,1.28e-42,156,"CAGCCCCAC","+"
"465",791,"NC294_HBEN2ADXX_GTTTCG_read138","MuTIR_3",89.552,67,7,0,85,151,1,67,1.71e-21,86.1,"GCCGACGAA","+"
"466",792,"NC294_HBEN2ADXX_GTTTCG_read139","MuTIR_3",89.474,76,8,0,76,151,1,76,7.88e-25,97.1,"GCCGACGAA","+"
"467",793,"NC294_HBEN2ADXX_GTTTCG_read140","MuTIR_3",94.898,98,5,0,54,151,1,98,4.61e-42,154,"TTCGTCGAC","+"
"468",794,"NC294_HBEN2ADXX_GTTTCG_read141","MuTIR_3",91.339,127,11,0,25,151,1,127,3.54e-48,174,"CCTGTTTGA","+"
"470",796,"NC294_HBEN2ADXX_GTTTCG_read143","MuTIR_3",93.902,82,5,0,70,151,1,82,3.61e-33,124,"TCAAACAGG","+"
"477",821,"NC294_HBEN2ADXX_GTTTCG_read192","MuTIR_5",90.826,109,8,1,45,151,1,109,7.72e-40,147,"CGAGACGGC","+"
"478",822,"NC294_HBEN2ADXX_GTTTCG_read193","MuTIR_5",91.045,67,4,1,87,151,1,67,3.67e-23,91.6,"CTCAGAAAG","+"
"481",828,"NC294_HBEN2ADXX_GTTTCG_read211","MuTIR_5",83.019,106,16,1,38,141,1,106,7.88e-25,97.1,"TCTGCAGCC","+"
"482",830,"NC294_HBEN2ADXX_GTTTCG_read216","MuTIR_6",95.935,123,5,0,29,151,1,123,5.84e-56,200,"TGCACTACG","+"
"485",834,"NC294_HBEN2ADXX_GTTTCG_read221","MuTIR_6",96,75,3,0,77,151,1,75,1.3e-32,122,"CCGTAGATC","+"
"488",843,"NC294_HB1JCADXX_GTTTCG_read1","MuTIR_1",94.964,139,6,1,13,151,1,138,5.8e-61,217,"GAAAGAGAG","+"
"489",844,"NC294_HB1JCADXX_GTTTCG_read2","MuTIR_1",95.789,95,3,1,37,131,1,94,1.66e-41,152,"CCTAGGCCC","+"
"491",846,"NC294_HB1JCADXX_GTTTCG_read4","MuTIR_1",97.561,82,1,1,70,151,1,81,1.29e-37,139,"ATCTCGTGT","+"
"493",848,"NC294_HB1JCADXX_GTTTCG_read9","MuTIR_1",90.722,97,8,1,55,151,1,96,2.79e-34,128,"GAAGCCAAC","+"
"495",850,"NC294_HB1JCADXX_GTTTCG_read16","MuTIR_1",95.89,73,2,1,79,151,1,72,6.05e-31,117,"GAATACAAC","+"
"496",851,"NC294_HB1JCADXX_GTTTCG_read17","MuTIR_1",97.183,71,1,1,79,149,1,70,1.68e-31,119,"GTGTTAGGT","+"
"497",852,"NC294_HB1JCADXX_GTTTCG_read20","MuTIR_1",95.349,86,1,2,68,151,1,85,6.01e-36,134,"GCCGTGCGA","+"
"498",853,"NC294_HB1JCADXX_GTTTCG_read22","MuTIR_1",97,100,2,1,52,151,1,99,5.92e-46,167,"ATCTCGTGT","+"
"499",854,"NC294_HB1JCADXX_GTTTCG_read26","MuTIR_1",88.158,76,4,2,81,151,1,76,1.71e-21,86.1,"GTTTGCAGT","+"
"500",855,"NC294_HB1JCADXX_GTTTCG_read27","MuTIR_1",97.183,71,1,1,81,151,1,70,1.68e-31,119,"CTCGATTTG","+"
"501",856,"NC294_HB1JCADXX_GTTTCG_read29","MuTIR_1",96.61,59,1,1,89,147,1,58,7.88e-25,97.1,"CTCCTCCTC","+"
"520",876,"NC294_HB1JCADXX_GTTTCG_read56","MuTIR_1",91.228,114,9,1,38,151,1,113,4.61e-42,154,"GGTAGAGAG","+"
"521",888,"NC294_HB1JCADXX_GTTTCG_read98","MuTIR_2",92.727,110,6,2,41,149,1,109,3.56e-43,158,"ACTGATAGA","+"
"522",889,"NC294_HB1JCADXX_GTTTCG_read100","MuTIR_2",95.05,101,5,0,50,150,1,101,9.91e-44,159,"GCTGCTGTG","+"
"523",890,"NC294_HB1JCADXX_GTTTCG_read102","MuTIR_2",91.089,101,9,0,51,151,1,101,4.64e-37,137,"TCCAACGAG","+"
"524",891,"NC294_HB1JCADXX_GTTTCG_read105","MuTIR_2",93.651,126,8,0,26,151,1,126,1.26e-52,189,"CCCAGAGCC","+"
"525",892,"NC294_HB1JCADXX_GTTTCG_read107","MuTIR_2",92.453,106,6,2,47,151,1,105,5.96e-41,150,"ACTGATAGA","+"
"529",896,"NC294_HB1JCADXX_GTTTCG_read113","MuTIR_2",86.822,129,17,0,7,135,1,129,2.77e-39,145,"CGGATAGAA","-"
"530",897,"NC294_HB1JCADXX_GTTTCG_read116","MuTIR_2",93.798,129,8,0,1,129,1,129,2.72e-54,195,"CGGATAGAA","-"
"533",900,"NC294_HB1JCADXX_GTTTCG_read120","MuTIR_2",84.615,130,13,6,6,129,1,129,1.3e-32,122,"CGGATAGAA","-"
"535",908,"NC294_HB1JCADXX_GTTTCG_read137","MuTIR_2",86.992,123,14,2,28,149,1,122,4.64e-37,137,"CCTCCTTAA","+"
"536",911,"NC294_HB1JCADXX_GTTTCG_read144","MuTIR_2",87.805,82,8,1,71,150,1,82,2.83e-24,95.3,"ATTCGTGTG","+"
"538",917,"NC294_HB1JCADXX_GTTTCG_read162","MuTIR_3",92.481,133,10,0,8,140,1,133,3.51e-53,191,"AACGACGCT","-"
"541",920,"NC294_HB1JCADXX_GTTTCG_read166","MuTIR_3",94.34,53,3,0,99,151,1,53,2.21e-20,82.4,"GGAATAGGT","+"
"543",922,"NC294_HB1JCADXX_GTTTCG_read169","MuTIR_3",95.833,96,4,0,56,151,1,96,1.28e-42,156,"CCTTGCATT","+"
"547",928,"NC294_HB1JCADXX_GTTTCG_read177","MuTIR_3",92.857,70,5,0,78,147,1,70,1.69e-26,102,"AGTTACGCC","+"
"554",935,"NC294_HB1JCADXX_GTTTCG_read184","MuTIR_3",88.776,98,11,0,54,151,1,98,4.68e-32,121,"AGTTTCAGA","+"
"555",936,"NC294_HB1JCADXX_GTTTCG_read186","MuTIR_3",89.516,124,13,0,28,151,1,124,3.56e-43,158,"AGTTTCAGA","+"
"556",947,"NC294_HB1JCADXX_GTTTCG_read217","MuTIR_4",95.652,46,2,0,105,150,1,46,3.69e-18,75,"CGGCCACCG","+"
"557",948,"NC294_HB1JCADXX_GTTTCG_read220","MuTIR_4",94.366,71,4,0,81,151,1,71,1.01e-28,110,"CTCTCTTGC","+"
"558",949,"NC294_HB1JCADXX_GTTTCG_read224","MuTIR_4",86.735,98,13,0,18,115,1,98,1.01e-28,110,"AGGTTTCGT","-"
"561",952,"NC294_HB1JCADXX_GTTTCG_read231","MuTIR_4",91.86,86,7,0,53,138,1,86,4.68e-32,121,"CGGACGTGG","-"
"563",954,"NC294_HB1JCADXX_GTTTCG_read241","MuTIR_4",89.706,68,7,0,84,151,1,68,4.74e-22,87.9,"GACTTTAGC","+"
"565",961,"NC294_HB1JCADXX_GTTTCG_read255","MuTIR_5",91.667,72,4,1,55,124,1,72,6.09e-26,100,"CTCAGAAAG","+"
"566",962,"NC294_HB1JCADXX_GTTTCG_read256","MuTIR_5",91.667,72,4,1,80,149,1,72,6.09e-26,100,"CTCAGAAAG","+"
"567",963,"NC294_HB1JCADXX_GTTTCG_read257","MuTIR_5",88.43,121,11,2,29,146,1,121,2.77e-39,145,"AGCTGCGGC","+"
"569",965,"NC294_HB1JCADXX_GTTTCG_read259","MuTIR_5",88.679,106,10,1,48,151,1,106,7.77e-35,130,"AGCTGCGGC","+"
"570",966,"NC294_HB1JCADXX_GTTTCG_read260","MuTIR_5",100,30,0,0,60,89,1,30,1.34e-12,56.5,"ACCTTGACA","+"
"571",967,"NC294_HB1JCADXX_GTTTCG_read261","MuTIR_5",100,30,0,0,121,150,1,30,1.34e-12,56.5,"ACCTTGACA","+"
"578",974,"NC294_HB1JCADXX_GTTTCG_read268","MuTIR_5",100,30,0,0,67,96,1,30,1.34e-12,56.5,"ACTGGCGAG","-"
"581",977,"NC294_HB1JCADXX_GTTTCG_read278","MuTIR_6",94.366,142,8,0,10,151,1,142,1.61e-61,219,"AGGAGAGGG","+"
