"","X","qname","sname","percent_identity","alignment_length","mismatches","gap_opens","q_start","q_end","s_start","s_end","evalue","bit_score","tsds","strand"
"1",1,"NC306_HB1JCADXX_CCGTCC_read3","MuTIR_1",91.406,128,10,1,24,151,1,127,3.54e-48,174,"CTCTCTTTC","+"
"2",2,"NC306_HB1JCADXX_CCGTCC_read4","MuTIR_1",94.444,126,5,2,25,150,1,124,9.77e-54,193,"GAATACAAC","+"
"4",4,"NC306_HB1JCADXX_CCGTCC_read7","MuTIR_1",90.909,110,5,2,47,151,1,110,9.98e-39,143,"GTTTGCAGT","+"
"5",5,"NC306_HB1JCADXX_CCGTCC_read8","MuTIR_1",95.745,94,3,1,58,151,1,93,5.96e-41,150,"GAATACAAC","+"
"6",6,"NC306_HB1JCADXX_CCGTCC_read10","MuTIR_1",100,35,0,0,114,148,1,35,2.22e-15,65.8,"ACTCCAAAC","+"
"7",7,"NC306_HB1JCADXX_CCGTCC_read12","MuTIR_1",93.976,83,4,1,66,148,1,82,3.61e-33,124,"ATTGAAAGG","+"
"8",8,"NC306_HB1JCADXX_CCGTCC_read13","MuTIR_1",95.789,95,3,1,57,151,1,94,1.66e-41,152,"CCTAGGCCC","+"
"9",9,"NC306_HB1JCADXX_CCGTCC_read14","MuTIR_1",93.976,83,4,1,66,148,1,82,3.61e-33,124,"ATTGAAAGG","+"
"10",10,"NC306_HB1JCADXX_CCGTCC_read16","MuTIR_1",93.382,136,8,1,16,151,1,135,5.84e-56,200,"TTTTTTGTG","+"
"12",12,"NC306_HB1JCADXX_CCGTCC_read19","MuTIR_1",93.421,76,4,1,74,149,1,75,2.81e-29,111,"CTCTCTACC","+"
"15",15,"NC306_HB1JCADXX_CCGTCC_read23","MuTIR_1",94.737,95,4,1,22,116,1,94,7.72e-40,147,"TATTCCTGA","-"
"20",20,"NC306_HB1JCADXX_CCGTCC_read28","MuTIR_1",95.789,95,3,1,32,126,1,94,1.66e-41,152,"TCTTCCTGA","-"
"25",27,"NC306_HB1JCADXX_CCGTCC_read41","MuTIR_1",95.789,95,3,1,25,119,1,94,1.66e-41,152,"CCAGCAGCC","+"
"26",28,"NC306_HB1JCADXX_CCGTCC_read42","MuTIR_1",91.538,130,9,2,22,151,1,128,2.74e-49,178,"GGGCCTAGG","+"
"27",29,"NC306_HB1JCADXX_CCGTCC_read44","MuTIR_1",91.538,130,9,2,10,139,1,128,2.74e-49,178,"TGTATCAGT","-"
"28",42,"NC306_HB1JCADXX_CCGTCC_read80","MuTIR_2",86.275,102,14,0,50,151,1,102,2.81e-29,111,"GCTGGGAAG","+"
"29",43,"NC306_HB1JCADXX_CCGTCC_read81","MuTIR_2",89.381,113,12,0,34,146,1,113,9.98e-39,143,"GAGGCAGAA","+"
"30",44,"NC306_HB1JCADXX_CCGTCC_read82","MuTIR_2",91.791,134,9,2,19,151,1,133,1.63e-51,185,"ACTGATAGA","+"
"31",45,"NC306_HB1JCADXX_CCGTCC_read87","MuTIR_2",97.059,68,2,0,81,148,1,68,2.18e-30,115,"GGCCGGGCG","+"
"33",47,"NC306_HB1JCADXX_CCGTCC_read91","MuTIR_2",94,50,3,0,102,151,1,50,1.03e-18,76.8,"TGCCGCCGC","+"
"34",48,"NC306_HB1JCADXX_CCGTCC_read94","MuTIR_2",94.444,90,5,0,57,146,1,90,1.29e-37,139,"TTCTGCTAG","+"
"35",49,"NC306_HB1JCADXX_CCGTCC_read95","MuTIR_2",92.105,76,6,0,76,151,1,76,3.64e-28,108,"AGTTTTAGG","+"
"41",55,"NC306_HB1JCADXX_CCGTCC_read107","MuTIR_2",97.059,68,2,0,68,135,1,68,2.18e-30,115,"TGAAAGGGA","-"
"47",61,"NC306_HB1JCADXX_CCGTCC_read115","MuTIR_2",91.111,90,8,0,61,150,1,90,1.3e-32,122,"CCCCGAGCC","+"
"48",63,"NC306_HB1JCADXX_CCGTCC_read119","MuTIR_2",89.844,128,13,0,12,139,1,128,2.13e-45,165,"CAGTAGTGA","-"
"52",75,"NC306_HB1JCADXX_CCGTCC_read148","MuTIR_3",94.017,117,5,2,36,151,1,116,9.84e-49,176,"CATATGTAC","+"
"55",78,"NC306_HB1JCADXX_CCGTCC_read153","MuTIR_3",91.509,106,9,0,35,140,1,106,7.72e-40,147,"TCCTACAGG","+"
"59",82,"NC306_HB1JCADXX_CCGTCC_read159","MuTIR_3",90,70,7,0,82,151,1,70,3.67e-23,91.6,"CTTCAGAGA","+"
"60",83,"NC306_HB1JCADXX_CCGTCC_read161","MuTIR_3",91.549,71,6,0,78,148,1,71,2.19e-25,99,"CCGCCCGCG","+"
"61",84,"NC306_HB1JCADXX_CCGTCC_read164","MuTIR_3",88.189,127,15,0,25,151,1,127,1.66e-41,152,"TCTGAAACT","+"
"62",85,"NC306_HB1JCADXX_CCGTCC_read166","MuTIR_3",90.805,87,8,0,65,151,1,87,6.05e-31,117,"AGGGGTCGC","+"
"69",93,"NC306_HB1JCADXX_CCGTCC_read178","MuTIR_3",92.793,111,8,0,38,148,1,111,2.76e-44,161,"CCTGTTTGA","+"
"70",94,"NC306_HB1JCADXX_CCGTCC_read180","MuTIR_3",89.247,93,10,0,59,151,1,93,6.05e-31,117,"CGTTAGGTC","+"
"71",95,"NC306_HB1JCADXX_CCGTCC_read181","MuTIR_3",90.123,81,8,0,71,151,1,81,1.31e-27,106,"AGTTACGCC","+"
"72",96,"NC306_HB1JCADXX_CCGTCC_read182","MuTIR_3",95.098,102,5,0,50,151,1,102,2.76e-44,161,"TCAAACAGG","+"
"73",97,"NC306_HB1JCADXX_CCGTCC_read183","MuTIR_3",93.396,106,7,0,46,151,1,106,3.56e-43,158,"CTCCTCATC","+"
"74",98,"NC306_HB1JCADXX_CCGTCC_read184","MuTIR_3",89.474,76,8,0,73,148,1,76,7.88e-25,97.1,"CGTTAGGTC","+"
"83",126,"NC306_HB1JCADXX_CCGTCC_read256","MuTIR_4",86.923,130,16,1,21,150,1,129,7.72e-40,147,"AGCGACGAG","+"
"87",135,"NC306_HB1JCADXX_CCGTCC_read278","MuTIR_5",92.553,94,5,1,56,147,1,94,1.67e-36,135,"CCCGCCGCC","+"
"88",136,"NC306_HB1JCADXX_CCGTCC_read279","MuTIR_5",90.385,104,8,1,50,151,1,104,4.64e-37,137,"CCCGCCGCC","+"
"89",137,"NC306_HB1JCADXX_CCGTCC_read281","MuTIR_5",89.247,93,8,1,61,151,1,93,6.05e-31,117,"GGCTACATC","+"
"90",138,"NC306_HB1JCADXX_CCGTCC_read283","MuTIR_5",90.083,121,10,1,33,151,1,121,3.56e-43,158,"GCTGCAGGA","+"
"91",139,"NC306_HB1JCADXX_CCGTCC_read286","MuTIR_5",87.179,117,13,1,32,146,1,117,2.16e-35,132,"GACGCTCGC","+"
"96",147,"NC306_HB1JCADXX_CCGTCC_read303","MuTIR_6",97.015,67,2,0,85,151,1,67,7.83e-30,113,"TGTACTACG","+"
"98",150,"NC306_HB1JCADXX_CCGTCC_read309","MuTIR_6",97.273,110,3,0,42,151,1,110,4.55e-52,187,"AGGAGAGGG","+"
"99",151,"NC306_HB1JCADXX_CCGTCC_read310","MuTIR_6",96,75,3,0,77,151,1,75,1.3e-32,122,"AGGAGAGGG","+"
"100",152,"NC306_HB1JCADXX_CCGTCC_read311","MuTIR_6",97.087,103,3,0,49,151,1,103,3.54e-48,174,"TCCTAGGCT","+"
"101",153,"NC306_HB1JCADXX_CCGTCC_read312","MuTIR_6",97.059,102,3,0,50,151,1,102,1.27e-47,172,"TCCTAGGCT","+"
"103",163,"NC306_HFFGKADXX_CCGTCC_read1","MuTIR_1",94.286,105,5,1,47,151,1,104,9.91e-44,159,"GAAAGAGAG","+"
"104",164,"NC306_HFFGKADXX_CCGTCC_read2","MuTIR_1",94.958,119,5,1,32,150,1,118,1.63e-51,185,"GGCTGGCGG","+"
"105",165,"NC306_HFFGKADXX_CCGTCC_read6","MuTIR_1",93.421,76,4,1,74,149,1,75,2.81e-29,111,"CACGAGATA","+"
"106",166,"NC306_HFFGKADXX_CCGTCC_read7","MuTIR_1",91.803,122,9,1,30,151,1,121,1.65e-46,169,"CTCTCTTTC","+"
"108",168,"NC306_HFFGKADXX_CCGTCC_read10","MuTIR_1",82.979,94,3,2,45,125,1,94,1.33e-17,73.1,"TATTTCTGA","-"
"111",171,"NC306_HFFGKADXX_CCGTCC_read15","MuTIR_1",96.629,89,2,1,63,151,1,88,7.72e-40,147,"CCAGCAGCC","+"
"112",172,"NC306_HFFGKADXX_CCGTCC_read16","MuTIR_1",96.341,82,2,1,62,143,1,81,6.01e-36,134,"CCAGCAGCC","+"
"116",187,"NC306_HFFGKADXX_CCGTCC_read48","MuTIR_2",93.976,83,5,0,68,150,1,83,1.01e-33,126,"TGCAATGAT","+"
"117",188,"NC306_HFFGKADXX_CCGTCC_read50","MuTIR_2",88.182,110,13,0,42,151,1,110,2.16e-35,132,"CTCGTCAGC","+"
"118",189,"NC306_HFFGKADXX_CCGTCC_read51","MuTIR_2",90.598,117,11,0,35,151,1,117,1.28e-42,156,"TTCTGCCTC","+"
"119",190,"NC306_HFFGKADXX_CCGTCC_read52","MuTIR_2",93.798,129,8,0,15,143,1,129,2.72e-54,195,"TTCTGCTAG","+"
"120",191,"NC306_HFFGKADXX_CCGTCC_read53","MuTIR_2",92.941,85,6,0,67,151,1,85,3.61e-33,124,"CCGTGACCC","+"
"121",192,"NC306_HFFGKADXX_CCGTCC_read54","MuTIR_2",90.654,107,10,0,45,151,1,107,9.98e-39,143,"CACAGCATC","+"
"122",193,"NC306_HFFGKADXX_CCGTCC_read55","MuTIR_2",90.217,92,9,0,58,149,1,92,4.68e-32,121,"GAGGCAGAA","+"
"123",194,"NC306_HFFGKADXX_CCGTCC_read56","MuTIR_2",90.909,77,7,0,75,151,1,77,4.71e-27,104,"CTCGTCAGC","+"
"124",195,"NC306_HFFGKADXX_CCGTCC_read58","MuTIR_2",86.735,98,13,0,54,151,1,98,1.01e-28,110,"GGAGAAGTG","+"
"125",196,"NC306_HFFGKADXX_CCGTCC_read60","MuTIR_2",94.595,74,4,0,78,151,1,74,2.18e-30,115,"ACTGATAGA","+"
"126",197,"NC306_HFFGKADXX_CCGTCC_read61","MuTIR_2",91.15,113,10,0,37,149,1,113,4.61e-42,154,"TTCTGCCTC","+"
"133",209,"NC306_HFFGKADXX_CCGTCC_read91","MuTIR_2",90.244,82,8,0,61,142,1,82,3.64e-28,108,"TATTGGGTT","+"
"134",210,"NC306_HFFGKADXX_CCGTCC_read101","MuTIR_3",97.436,39,1,0,113,151,1,39,6.18e-16,67.6,"CATATGTAC","+"
"135",211,"NC306_HFFGKADXX_CCGTCC_read104","MuTIR_3",92.391,92,7,0,60,151,1,92,2.16e-35,132,"AGAGGGGGG","+"
"136",212,"NC306_HFFGKADXX_CCGTCC_read105","MuTIR_3",95.536,112,5,0,40,151,1,112,7.61e-50,180,"CAAACATTC","+"
"139",215,"NC306_HFFGKADXX_CCGTCC_read108","MuTIR_3",91.176,68,6,0,84,151,1,68,1.02e-23,93.5,"CCGCCCGCG","+"
"140",216,"NC306_HFFGKADXX_CCGTCC_read111","MuTIR_3",91.045,134,12,0,17,150,1,134,2.11e-50,182,"GGAATAGGT","+"
"146",222,"NC306_HFFGKADXX_CCGTCC_read122","MuTIR_3",94.681,94,5,0,58,151,1,94,7.72e-40,147,"GACCCTTTG","+"
"147",223,"NC306_HFFGKADXX_CCGTCC_read123","MuTIR_3",93.22,118,8,0,32,149,1,118,3.54e-48,174,"CTCCTCATC","+"
"148",224,"NC306_HFFGKADXX_CCGTCC_read124","MuTIR_3",92.079,101,6,2,51,151,1,99,3.59e-38,141,"CTATCCTGG","+"
"149",225,"NC306_HFFGKADXX_CCGTCC_read125","MuTIR_3",94.118,68,4,0,84,151,1,68,4.71e-27,104,"CTCCTCATC","+"
"150",226,"NC306_HFFGKADXX_CCGTCC_read126","MuTIR_3",93.893,131,8,0,21,151,1,131,2.1e-55,198,"TCAAACAGG","+"
"153",229,"NC306_HFFGKADXX_CCGTCC_read130","MuTIR_3",87.5,88,11,0,64,151,1,88,1.69e-26,102,"AGTTTCAGA","+"
"155",237,"NC306_HFFGKADXX_CCGTCC_read139","MuTIR_3",89.764,127,13,0,25,151,1,127,7.66e-45,163,"TAGCACGCC","+"
"156",252,"NC306_HFFGKADXX_CCGTCC_read164","MuTIR_4",88.333,120,14,0,9,128,1,120,7.72e-40,147,"CTTTTATGC","-"
"157",253,"NC306_HFFGKADXX_CCGTCC_read171","MuTIR_4",86.29,124,16,1,28,151,1,123,1.67e-36,135,"AGCGACGAG","+"
"160",264,"NC306_HFFGKADXX_CCGTCC_read192","MuTIR_5",87.5,120,13,1,32,149,1,120,1.29e-37,139,"CTCAGAAAG","+"
"161",265,"NC306_HFFGKADXX_CCGTCC_read193","MuTIR_5",95.918,49,2,0,90,138,1,49,7.94e-20,80.5,"GACGCTCGC","+"
"162",266,"NC306_HFFGKADXX_CCGTCC_read194","MuTIR_5",88.43,121,11,2,29,146,1,121,2.77e-39,145,"AGCTGCGGC","+"
"163",267,"NC306_HFFGKADXX_CCGTCC_read197","MuTIR_5",90.083,121,9,2,25,142,1,121,1.28e-42,156,"CCCGCCGCC","+"
"165",269,"NC306_HFFGKADXX_CCGTCC_read199","MuTIR_5",88.793,116,11,1,38,151,1,116,9.98e-39,143,"GGCTACATC","+"
"168",274,"NC306_HFFGKADXX_CCGTCC_read216","MuTIR_6",96.825,63,2,0,89,151,1,63,1.31e-27,106,"TGTACTACG","+"
"169",275,"NC306_HFFGKADXX_CCGTCC_read217","MuTIR_6",96.703,91,3,0,61,151,1,91,1.66e-41,152,"TGTACTACG","+"
"171",278,"NC306_HFFGKADXX_CCGTCC_read222","MuTIR_6",91.667,132,11,0,20,151,1,132,5.88e-51,183,"AGGAGAGGG","+"
"174",284,"NC306_HL5WNCCXX_L4_read2","MuTIR_1",92.199,141,8,3,11,150,1,139,7.5e-55,196,"GAATACAAC","+"
"175",285,"NC306_HL5WNCCXX_L4_read3","MuTIR_1",82.558,86,2,2,77,149,1,86,7.94e-15,63.9,"TCGCACGGC","+"
"176",286,"NC306_HL5WNCCXX_L4_read5","MuTIR_1",97.826,46,1,0,105,150,1,46,7.88e-20,80.5,"GAAAGAGAG","+"
"177",287,"NC306_HL5WNCCXX_L4_read9","MuTIR_1",95.283,106,4,1,45,150,1,105,5.88e-46,167,"CCCACCTTG","+"
"178",288,"NC306_HL5WNCCXX_L4_read10","MuTIR_1",94.737,57,2,1,94,150,1,56,4.71e-22,87.9,"GAATACAAC","+"
"179",289,"NC306_HL5WNCCXX_L4_read11","MuTIR_1",96.512,86,2,1,63,148,1,85,3.56e-38,141,"CCCACCTTG","+"
"180",290,"NC306_HL5WNCCXX_L4_read13","MuTIR_1",95.652,69,2,1,81,149,1,68,1.01e-28,110,"CTCTCTACC","+"
"181",291,"NC306_HL5WNCCXX_L4_read14","MuTIR_1",89.024,82,4,2,74,150,1,82,7.82e-25,97.1,"CTCCTCCTC","+"
"182",292,"NC306_HL5WNCCXX_L4_read15","MuTIR_1",91.089,101,8,1,49,149,1,100,1.66e-36,135,"GAAGCCAAC","+"
"183",293,"NC306_HL5WNCCXX_L4_read16","MuTIR_1",93.75,96,5,1,55,150,1,95,9.91e-39,143,"GAGGAGGAG","+"
"184",294,"NC306_HL5WNCCXX_L4_read20","MuTIR_1",94.118,119,6,1,32,150,1,118,7.55e-50,180,"CACGAGATA","+"
"185",295,"NC306_HL5WNCCXX_L4_read22","MuTIR_1",92.537,134,6,3,13,144,1,132,1.25e-52,189,"GCCGTGCGA","+"
"186",296,"NC306_HL5WNCCXX_L4_read23","MuTIR_1",94.958,119,3,2,30,146,1,118,5.84e-51,183,"GCCGTGCGA","+"
"187",297,"NC306_HL5WNCCXX_L4_read26","MuTIR_1",93.976,83,4,1,68,150,1,82,3.59e-33,124,"ATTGAAAGG","+"
"188",298,"NC306_HL5WNCCXX_L4_read27","MuTIR_1",93.617,47,3,0,104,150,1,47,4.74e-17,71.3,"GTTTGCAGT","+"
"189",299,"NC306_HL5WNCCXX_L4_read29","MuTIR_1",90,130,8,2,23,147,1,130,7.61e-45,163,"CTTAAGGAG","+"
"190",300,"NC306_HL5WNCCXX_L4_read30","MuTIR_1",100,35,0,0,114,148,1,35,2.21e-15,65.8,"ACTCCAAAC","+"
"191",301,"NC306_HL5WNCCXX_L4_read31","MuTIR_1",95.122,41,2,0,110,150,1,41,2.21e-15,65.8,"CCCACCTTG","+"
"192",302,"NC306_HL5WNCCXX_L4_read36","MuTIR_1",93.22,59,3,1,84,142,1,58,1.69e-21,86.1,"GTTTGCAGT","+"
"193",303,"NC306_HL5WNCCXX_L4_read40","MuTIR_1",91.304,115,5,2,41,150,1,115,1.65e-41,152,"GTTTGCAGT","+"
"194",304,"NC306_HL5WNCCXX_L4_read41","MuTIR_1",95.122,41,2,0,110,150,1,41,2.21e-15,65.8,"CCCACCTTG","+"
"195",305,"NC306_HL5WNCCXX_L4_read43","MuTIR_1",89.583,144,10,2,12,150,1,144,2.72e-49,178,"CTCCTCCTC","+"
"196",306,"NC306_HL5WNCCXX_L4_read44","MuTIR_1",94.444,54,2,1,97,150,1,53,2.19e-20,82.4,"CTCTCTACC","+"
"198",308,"NC306_HL5WNCCXX_L4_read46","MuTIR_1",92.908,141,7,3,11,150,1,139,1.61e-56,202,"GAATACAAC","+"
"200",310,"NC306_HL5WNCCXX_L4_read49","MuTIR_1",93.617,47,3,0,104,150,1,47,4.74e-17,71.3,"GTTTGCAGT","+"
"201",311,"NC306_HL5WNCCXX_L4_read50","MuTIR_1",91.429,140,11,1,11,150,1,139,3.49e-53,191,"GAAGCCAAC","+"
"202",312,"NC306_HL5WNCCXX_L4_read52","MuTIR_1",93.75,96,5,1,55,150,1,95,9.91e-39,143,"GAGGAGGAG","+"
"204",314,"NC306_HL5WNCCXX_L4_read55","MuTIR_1",97.826,46,1,0,105,150,1,46,7.88e-20,80.5,"ATCTCGTGT","+"
"205",315,"NC306_HL5WNCCXX_L4_read57","MuTIR_1",93.75,96,5,1,55,150,1,95,9.91e-39,143,"GAGGAGGAG","+"
"207",317,"NC306_HL5WNCCXX_L4_read62","MuTIR_1",93.277,119,7,1,32,150,1,118,3.51e-48,174,"TTTTTTGTG","+"
"208",318,"NC306_HL5WNCCXX_L4_read63","MuTIR_1",90.769,130,7,2,23,147,1,130,1.63e-46,169,"CTTAAGGAG","+"
"209",319,"NC306_HL5WNCCXX_L4_read67","MuTIR_1",92.908,141,7,3,11,150,1,139,1.61e-56,202,"GAATACAAC","+"
"210",320,"NC306_HL5WNCCXX_L4_read69","MuTIR_1",89.583,144,10,2,12,150,1,144,2.72e-49,178,"CTCCTCCTC","+"
"211",321,"NC306_HL5WNCCXX_L4_read70","MuTIR_1",92.857,140,9,1,11,150,1,139,1.61e-56,202,"GAGGAGGAG","+"
"212",322,"NC306_HL5WNCCXX_L4_read71","MuTIR_1",82.979,94,3,2,16,96,1,94,1.32e-17,73.1,"TCGCACGGC","+"
"213",323,"NC306_HL5WNCCXX_L4_read76","MuTIR_1",82.979,94,3,2,43,123,1,94,1.32e-17,73.1,"TATTTCTGA","-"
"217",327,"NC306_HL5WNCCXX_L4_read82","MuTIR_1",93.684,95,5,1,2,96,1,94,3.56e-38,141,"TCTTCCTGA","-"
"230",340,"NC306_HL5WNCCXX_L4_read103","MuTIR_1",94.737,95,4,1,28,122,1,94,7.66e-40,147,"TATTCCTGA","-"
"237",347,"NC306_HL5WNCCXX_L4_read113","MuTIR_1",93.684,95,5,1,7,101,1,94,3.56e-38,141,"TCTTCCTGA","-"
"242",352,"NC306_HL5WNCCXX_L4_read121","MuTIR_1",82.979,94,3,2,43,123,1,94,1.32e-17,73.1,"TATTTCTGA","-"
"243",360,"NC306_HL5WNCCXX_L4_read134","MuTIR_1",96.341,82,2,1,62,143,1,81,5.96e-36,134,"CCAGCAGCC","+"
"244",361,"NC306_HL5WNCCXX_L4_read135","MuTIR_1",94.393,107,5,1,41,147,1,106,7.61e-45,163,"GGGCCTAGG","+"
"245",362,"NC306_HL5WNCCXX_L4_read137","MuTIR_1",94.393,107,5,1,41,147,1,106,7.61e-45,163,"GGGCCTAGG","+"
"246",363,"NC306_HL5WNCCXX_L4_read142","MuTIR_1",91.837,98,7,1,53,150,1,97,1.66e-36,135,"GGTAGAGAG","+"
"254",380,"NC306_HL5WNCCXX_L4_read173","MuTIR_1",90.164,61,3,3,82,142,1,58,1.02e-18,76.8,"GTCTGATCT","+"
"255",381,"NC306_HL5WNCCXX_L4_read174","MuTIR_1",87.023,131,9,5,15,140,1,128,3.56e-38,141,"GTCTGATCT","+"
"256",382,"NC306_HL5WNCCXX_L4_read175","MuTIR_1",90.164,61,3,3,84,144,1,58,1.02e-18,76.8,"GTCTGATCT","+"
"258",385,"NC306_HL5WNCCXX_L4_read178","MuTIR_1",87.023,131,9,5,5,130,1,128,3.56e-38,141,"TGTATCAGT","-"
"259",445,"NC306_HL5WNCCXX_L4_read335","MuTIR_2",91.597,119,8,2,33,150,1,118,7.61e-45,163,"TGCCGCCGC","+"
"260",446,"NC306_HL5WNCCXX_L4_read336","MuTIR_2",92.437,119,7,2,33,150,1,118,1.63e-46,169,"TGCCGCCGC","+"
"263",449,"NC306_HL5WNCCXX_L4_read341","MuTIR_2",93.22,118,8,0,33,150,1,118,3.51e-48,174,"TTCTGCTAG","+"
"264",450,"NC306_HL5WNCCXX_L4_read342","MuTIR_2",92.424,66,5,0,85,150,1,66,2.81e-24,95.3,"ACCCAACTG","+"
"265",451,"NC306_HL5WNCCXX_L4_read344","MuTIR_2",96,75,3,0,76,150,1,75,1.29e-32,122,"GCTGCTGTG","+"
"266",452,"NC306_HL5WNCCXX_L4_read345","MuTIR_2",93.976,83,5,0,68,150,1,83,9.98e-34,126,"TTCTGCTAG","+"
"267",453,"NC306_HL5WNCCXX_L4_read346","MuTIR_2",92.063,63,5,0,88,150,1,63,1.31e-22,89.8,"TCCAACGAG","+"
"268",454,"NC306_HL5WNCCXX_L4_read347","MuTIR_2",93.59,78,5,0,73,150,1,78,6.01e-31,117,"TTCTGCCTC","+"
"269",455,"NC306_HL5WNCCXX_L4_read348","MuTIR_2",93.333,90,6,0,54,143,1,90,5.96e-36,134,"CACAGCATC","+"
"270",456,"NC306_HL5WNCCXX_L4_read353","MuTIR_2",88.372,129,15,0,22,150,1,129,1.27e-42,156,"GCTGGGAAG","+"
"271",457,"NC306_HL5WNCCXX_L4_read354","MuTIR_2",91.339,127,11,0,21,147,1,127,3.51e-48,174,"CCGTGACCC","+"
"272",458,"NC306_HL5WNCCXX_L4_read355","MuTIR_2",93.805,113,7,0,38,150,1,113,4.55e-47,171,"AATTTTGAG","+"
"273",459,"NC306_HL5WNCCXX_L4_read358","MuTIR_2",92.982,57,4,0,94,150,1,57,6.09e-21,84.2,"GAGGCAGAA","+"
"274",460,"NC306_HL5WNCCXX_L4_read359","MuTIR_2",91.935,62,5,0,89,150,1,62,4.71e-22,87.9,"CTGTCAGAG","+"
"275",461,"NC306_HL5WNCCXX_L4_read361","MuTIR_2",90.217,92,9,0,58,149,1,92,4.64e-32,121,"GAGGCAGAA","+"
"276",462,"NC306_HL5WNCCXX_L4_read362","MuTIR_2",88.333,120,14,0,29,148,1,120,2.76e-39,145,"GCTGGGAAG","+"
"277",463,"NC306_HL5WNCCXX_L4_read363","MuTIR_2",92.647,68,5,0,80,147,1,68,2.18e-25,99,"CCGTGACCC","+"
"278",464,"NC306_HL5WNCCXX_L4_read364","MuTIR_2",96.512,86,3,0,65,150,1,86,9.91e-39,143,"TTCCTCGCC","+"
"279",465,"NC306_HL5WNCCXX_L4_read367","MuTIR_2",88.372,129,15,0,22,150,1,129,1.27e-42,156,"GCTGGGAAG","+"
"280",466,"NC306_HL5WNCCXX_L4_read368","MuTIR_2",93.458,107,7,0,44,150,1,107,9.84e-44,159,"TTCTGCTAG","+"
"281",467,"NC306_HL5WNCCXX_L4_read369","MuTIR_2",98.113,53,1,0,95,147,1,53,1.01e-23,93.5,"TTCCTCGCC","+"
"282",468,"NC306_HL5WNCCXX_L4_read370","MuTIR_2",94.068,118,7,0,33,150,1,118,7.55e-50,180,"TTCTGCTAG","+"
"283",469,"NC306_HL5WNCCXX_L4_read372","MuTIR_2",93.277,119,6,2,33,150,1,118,3.51e-48,174,"TGCCGCCGC","+"
"284",470,"NC306_HL5WNCCXX_L4_read375","MuTIR_2",97.561,41,1,0,110,150,1,41,4.74e-17,71.3,"TTCCTCGCC","+"
"285",471,"NC306_HL5WNCCXX_L4_read376","MuTIR_2",92.683,82,5,1,70,150,1,82,6.01e-31,117,"CACAGCATC","+"
"286",472,"NC306_HL5WNCCXX_L4_read379","MuTIR_2",91.453,117,10,0,33,149,1,117,2.74e-44,161,"CACAGCATC","+"
"287",473,"NC306_HL5WNCCXX_L4_read381","MuTIR_2",92,75,6,0,76,150,1,75,1.3e-27,106,"TTCTGCCTC","+"
"288",474,"NC306_HL5WNCCXX_L4_read383","MuTIR_2",92.771,83,6,0,68,150,1,83,4.64e-32,121,"CACAGCATC","+"
"289",475,"NC306_HL5WNCCXX_L4_read385","MuTIR_2",92.063,63,5,0,88,150,1,63,1.31e-22,89.8,"TCCAACGAG","+"
"290",476,"NC306_HL5WNCCXX_L4_read386","MuTIR_2",87.963,108,13,0,43,150,1,108,2.77e-34,128,"CTCGTCAGC","+"
"292",478,"NC306_HL5WNCCXX_L4_read390","MuTIR_2",91.971,137,9,2,12,147,1,136,3.49e-53,191,"ACTGATAGA","+"
"293",479,"NC306_HL5WNCCXX_L4_read395","MuTIR_2",92.683,82,6,0,60,141,1,82,1.67e-31,119,"TCCAACGAG","+"
"294",480,"NC306_HL5WNCCXX_L4_read397","MuTIR_2",92.683,82,5,1,70,150,1,82,6.01e-31,117,"CACAGCATC","+"
"295",481,"NC306_HL5WNCCXX_L4_read398","MuTIR_2",95.455,66,3,0,85,150,1,66,1.3e-27,106,"TTCTGCCTC","+"
"296",482,"NC306_HL5WNCCXX_L4_read399","MuTIR_2",97.059,68,2,0,83,150,1,68,2.16e-30,115,"TTCCTCGCC","+"
"297",483,"NC306_HL5WNCCXX_L4_read400","MuTIR_2",91.453,117,10,0,29,145,1,117,2.74e-44,161,"TGCAATGAT","+"
"298",484,"NC306_HL5WNCCXX_L4_read403","MuTIR_2",90,120,12,0,31,150,1,120,1.27e-42,156,"TCCAACGAG","+"
"299",485,"NC306_HL5WNCCXX_L4_read404","MuTIR_2",88.776,98,11,0,53,150,1,98,4.64e-32,121,"CTGTCAGAG","+"
"300",486,"NC306_HL5WNCCXX_L4_read405","MuTIR_2",94.068,118,7,0,33,150,1,118,7.55e-50,180,"TTCTGCTAG","+"
"301",487,"NC306_HL5WNCCXX_L4_read406","MuTIR_2",97.222,36,1,0,115,150,1,36,2.85e-14,62.1,"AATTTTGAG","+"
"307",493,"NC306_HL5WNCCXX_L4_read415","MuTIR_2",90.698,129,12,0,8,136,1,129,1.26e-47,172,"CGGATAGAA","-"
"308",494,"NC306_HL5WNCCXX_L4_read416","MuTIR_2",90.698,129,12,0,6,134,1,129,1.26e-47,172,"CGGATAGAA","-"
"312",498,"NC306_HL5WNCCXX_L4_read421","MuTIR_2",97.059,68,2,0,29,96,1,68,2.16e-30,115,"TGAAAGGGA","-"
"316",502,"NC306_HL5WNCCXX_L4_read426","MuTIR_2",89.844,128,13,0,14,141,1,128,2.11e-45,165,"CAGTAGTGA","-"
"324",510,"NC306_HL5WNCCXX_L4_read438","MuTIR_2",97.059,68,2,0,62,129,1,68,2.16e-30,115,"TGAAAGGGA","-"
"331",517,"NC306_HL5WNCCXX_L4_read449","MuTIR_2",90.698,129,12,0,6,134,1,129,1.26e-47,172,"CGGATAGAA","-"
"333",519,"NC306_HL5WNCCXX_L4_read451","MuTIR_2",93.798,129,8,0,5,133,1,129,2.7e-54,195,"CGGATAGAA","-"
"335",521,"NC306_HL5WNCCXX_L4_read456","MuTIR_2",90.698,129,12,0,8,136,1,129,1.26e-47,172,"CGGATAGAA","-"
"338",524,"NC306_HL5WNCCXX_L4_read459","MuTIR_2",89.844,128,13,0,14,141,1,128,2.11e-45,165,"CAGTAGTGA","-"
"343",529,"NC306_HL5WNCCXX_L4_read464","MuTIR_2",91.406,128,11,0,8,135,1,128,9.77e-49,176,"CAGTAGTGA","-"
"350",543,"NC306_HL5WNCCXX_L4_read500","MuTIR_2",91.473,129,11,0,3,131,1,129,2.72e-49,178,"CAGTTCGAA","-"
"354",548,"NC306_HL5WNCCXX_L4_read509","MuTIR_2",91.473,129,11,0,3,131,1,129,2.72e-49,178,"CAGTTCGAA","-"
"355",555,"NC306_HL5WNCCXX_L4_read532","MuTIR_2",86.111,72,7,1,82,150,1,72,3.67e-18,75,"CTCGTTGGA","+"
"360",563,"NC306_HL5WNCCXX_L4_read559","MuTIR_2",88.136,59,5,2,93,150,1,58,1.71e-16,69.4,"GGAACGAAT","+"
"363",571,"NC306_HL5WNCCXX_L4_read584","MuTIR_2",86.207,116,14,1,37,150,1,116,3.59e-33,124,"ATTCGTGTG","+"
"366",592,"NC306_HL5WNCCXX_L4_read660","MuTIR_3",97.872,47,1,0,104,150,1,47,2.19e-20,82.4,"CATATGTAC","+"
"367",593,"NC306_HL5WNCCXX_L4_read664","MuTIR_3",95.652,115,5,0,36,150,1,115,1.62e-51,185,"AGTGTCCAT","+"
"368",594,"NC306_HL5WNCCXX_L4_read665","MuTIR_3",95.146,103,5,0,48,150,1,103,7.61e-45,163,"CAAACATTC","+"
"370",596,"NC306_HL5WNCCXX_L4_read667","MuTIR_3",93.966,116,7,0,35,150,1,116,9.77e-49,176,"AGAGGGGGG","+"
"374",600,"NC306_HL5WNCCXX_L4_read673","MuTIR_3",93.966,116,7,0,35,150,1,116,9.77e-49,176,"AGAGGGGGG","+"
"375",601,"NC306_HL5WNCCXX_L4_read675","MuTIR_3",92.661,109,8,0,42,150,1,109,3.54e-43,158,"AGAGGGGGG","+"
"376",602,"NC306_HL5WNCCXX_L4_read678","MuTIR_3",94.253,87,5,0,64,150,1,87,5.96e-36,134,"AGTGTCCAT","+"
"378",604,"NC306_HL5WNCCXX_L4_read685","MuTIR_3",94.898,98,5,0,53,150,1,98,4.58e-42,154,"CAAACATTC","+"
"397",632,"NC306_HL5WNCCXX_L4_read727","MuTIR_3",92.105,114,9,0,35,148,1,114,2.74e-44,161,"TCATCTCTC","+"
"398",633,"NC306_HL5WNCCXX_L4_read728","MuTIR_3",92.553,94,7,0,57,150,1,94,1.66e-36,135,"CCTTGCATT","+"
"399",634,"NC306_HL5WNCCXX_L4_read730","MuTIR_3",92.248,129,10,0,22,150,1,129,5.84e-51,183,"CTGGAGGAG","+"
"400",635,"NC306_HL5WNCCXX_L4_read731","MuTIR_3",89.706,68,7,0,83,150,1,68,4.71e-22,87.9,"CCTCTAGAG","+"
"401",636,"NC306_HL5WNCCXX_L4_read733","MuTIR_3",95.455,110,5,0,41,150,1,110,9.77e-49,176,"ACTGACGGG","+"
"402",637,"NC306_HL5WNCCXX_L4_read734","MuTIR_3",87.903,124,15,0,27,150,1,124,7.66e-40,147,"TCTGAAACT","+"
"403",638,"NC306_HL5WNCCXX_L4_read738","MuTIR_3",96,75,3,0,71,145,1,75,1.29e-32,122,"ACTGACGGG","+"
"404",639,"NC306_HL5WNCCXX_L4_read739","MuTIR_3",95.455,110,5,0,41,150,1,110,9.77e-49,176,"ACTGACGGG","+"
"405",640,"NC306_HL5WNCCXX_L4_read740","MuTIR_3",95.745,94,4,0,57,150,1,94,1.65e-41,152,"CCTTGCATT","+"
"406",641,"NC306_HL5WNCCXX_L4_read741","MuTIR_3",91.765,85,7,0,66,150,1,85,1.67e-31,119,"AGTAGAGCA","+"
"407",642,"NC306_HL5WNCCXX_L4_read743","MuTIR_3",92.473,93,7,0,58,150,1,93,5.96e-36,134,"CTGGAGGAG","+"
"408",643,"NC306_HL5WNCCXX_L4_read746","MuTIR_3",92.5,80,5,1,71,150,1,79,7.77e-30,113,"ACTGCGGTA","+"
"409",644,"NC306_HL5WNCCXX_L4_read747","MuTIR_3",92.248,129,10,0,15,143,1,129,5.84e-51,183,"CCTACAATG","+"
"410",645,"NC306_HL5WNCCXX_L4_read749","MuTIR_3",90.164,122,12,0,29,150,1,122,9.84e-44,159,"TCATCTCTC","+"
"411",646,"NC306_HL5WNCCXX_L4_read752","MuTIR_3",92.929,99,7,0,52,150,1,99,2.76e-39,145,"AGTAGAGCA","+"
"412",647,"NC306_HL5WNCCXX_L4_read756","MuTIR_3",89.764,127,13,0,24,150,1,127,7.61e-45,163,"GGAATAGGT","+"
"413",648,"NC306_HL5WNCCXX_L4_read757","MuTIR_3",90.984,122,11,0,29,150,1,122,2.11e-45,165,"TCATCTCTC","+"
"414",649,"NC306_HL5WNCCXX_L4_read760","MuTIR_3",88.889,81,8,1,70,150,1,80,2.18e-25,99,"CCGCCCGCG","+"
"416",651,"NC306_HL5WNCCXX_L4_read763","MuTIR_3",95.726,117,5,0,34,150,1,117,1.25e-52,189,"ACTGACGGG","+"
"417",652,"NC306_HL5WNCCXX_L4_read766","MuTIR_3",92,100,8,0,51,150,1,100,3.56e-38,141,"GGAATAGGT","+"
"436",673,"NC306_HL5WNCCXX_L4_read799","MuTIR_3",88.372,129,15,0,10,138,1,129,1.27e-42,156,"GGATTCAGA","-"
"437",674,"NC306_HL5WNCCXX_L4_read802","MuTIR_3",92.969,128,9,0,11,138,1,128,4.51e-52,187,"TGGATTCAG","-"
"438",687,"NC306_HL5WNCCXX_L4_read824","MuTIR_3",94.783,115,6,0,36,150,1,115,7.55e-50,180,"TTCGTCGAC","+"
"439",688,"NC306_HL5WNCCXX_L4_read825","MuTIR_3",94.898,98,5,0,53,150,1,98,4.58e-42,154,"GACCTAACG","+"
"440",689,"NC306_HL5WNCCXX_L4_read826","MuTIR_3",92.381,105,8,0,46,150,1,105,5.92e-41,150,"CTCCTCATC","+"
"441",690,"NC306_HL5WNCCXX_L4_read828","MuTIR_3",91.597,119,10,0,32,150,1,119,2.11e-45,165,"GCCGACGAA","+"
"442",691,"NC306_HL5WNCCXX_L4_read829","MuTIR_3",88.298,94,11,0,57,150,1,94,7.77e-30,113,"AGTTACGCC","+"
"443",692,"NC306_HL5WNCCXX_L4_read830","MuTIR_3",93.651,126,8,0,25,150,1,126,1.25e-52,189,"TTCGTCGAC","+"
"444",693,"NC306_HL5WNCCXX_L4_read831","MuTIR_3",94.872,78,4,0,71,148,1,78,1.29e-32,122,"GACCCTTTG","+"
"445",694,"NC306_HL5WNCCXX_L4_read832","MuTIR_3",94.783,115,6,0,36,150,1,115,7.55e-50,180,"TTCGTCGAC","+"
"446",695,"NC306_HL5WNCCXX_L4_read833","MuTIR_3",92.424,66,5,0,85,150,1,66,2.81e-24,95.3,"AGTTACGCC","+"
"447",697,"NC306_HL5WNCCXX_L4_read836","MuTIR_3",94.783,115,6,0,36,150,1,115,7.55e-50,180,"TTCGTCGAC","+"
"448",698,"NC306_HL5WNCCXX_L4_read837","MuTIR_3",90.909,77,7,0,73,149,1,77,4.68e-27,104,"AGTTACGCC","+"
"449",699,"NC306_HL5WNCCXX_L4_read838","MuTIR_3",92.969,128,9,0,23,150,1,128,4.51e-52,187,"GACCTAACG","+"
"450",700,"NC306_HL5WNCCXX_L4_read839","MuTIR_3",92.969,128,9,0,23,150,1,128,4.51e-52,187,"GACCTAACG","+"
"451",701,"NC306_HL5WNCCXX_L4_read844","MuTIR_3",90.698,129,12,0,10,138,1,129,1.26e-47,172,"CTAGTTCCG","-"
"468",724,"NC306_HL5WNCCXX_L4_read878","MuTIR_3",92.647,68,5,0,83,150,1,68,2.18e-25,99,"CTCCAGGAT","+"
"474",820,"NC306_HL5WNCCXX_L4_read1037","MuTIR_4",90.833,120,11,0,22,141,1,120,7.61e-45,163,"CGGCCACCG","+"
"475",821,"NC306_HL5WNCCXX_L4_read1041","MuTIR_4",90.323,93,9,0,56,148,1,93,1.29e-32,122,"CCGAAGACT","+"
"478",824,"NC306_HL5WNCCXX_L4_read1056","MuTIR_4",91.86,86,7,0,48,133,1,86,4.64e-32,121,"GTGACTGAG","+"
"488",834,"NC306_HL5WNCCXX_L4_read1089","MuTIR_4",84.685,111,16,1,40,150,1,110,2.79e-29,111,"AGCGACGAG","+"
"490",836,"NC306_HL5WNCCXX_L4_read1100","MuTIR_4",87.302,126,15,1,25,150,1,125,2.76e-39,145,"TCGGCGGTC","+"
"491",837,"NC306_HL5WNCCXX_L4_read1103","MuTIR_4",93.333,90,6,0,39,128,1,90,5.96e-36,134,"GGGCGAAGA","-"
"494",866,"NC306_HL5WNCCXX_L4_read1153","MuTIR_4",86.179,123,17,0,28,150,1,123,1.66e-36,135,"GTGTGTGGG","+"
"495",867,"NC306_HL5WNCCXX_L4_read1155","MuTIR_4",88.298,94,11,0,53,146,1,94,7.77e-30,113,"GTGTGTGGG","+"
"498",881,"NC306_HL5WNCCXX_L4_read1203","MuTIR_5",87.5,120,13,1,12,129,1,120,1.28e-37,139,"CTCAGAAAG","+"
"499",882,"NC306_HL5WNCCXX_L4_read1204","MuTIR_5",91.071,112,8,1,41,150,1,112,1.65e-41,152,"CGAGACGGC","+"
"500",883,"NC306_HL5WNCCXX_L4_read1207","MuTIR_5",95.918,49,2,0,101,149,1,49,7.88e-20,80.5,"ATTGAGCCC","+"
"501",884,"NC306_HL5WNCCXX_L4_read1208","MuTIR_5",87.692,130,14,1,23,150,1,130,1.65e-41,152,"GGCTACATC","+"
"502",885,"NC306_HL5WNCCXX_L4_read1209","MuTIR_5",95.918,49,2,0,84,132,1,49,7.88e-20,80.5,"GACGCTCGC","+"
"504",887,"NC306_HL5WNCCXX_L4_read1211","MuTIR_5",93.103,58,2,1,95,150,1,58,6.09e-21,84.2,"CCCGCCGCC","+"
"505",888,"NC306_HL5WNCCXX_L4_read1213","MuTIR_5",87.603,121,12,2,24,141,1,121,1.28e-37,139,"AGCTGCGGC","+"
"506",889,"NC306_HL5WNCCXX_L4_read1215","MuTIR_5",91.429,105,7,1,46,148,1,105,2.76e-39,145,"GCTGCAGGA","+"
"507",890,"NC306_HL5WNCCXX_L4_read1216","MuTIR_5",87.234,94,10,1,56,147,1,94,1.3e-27,106,"GACGCTCGC","+"
"508",891,"NC306_HL5WNCCXX_L4_read1218","MuTIR_5",87.805,82,8,1,67,146,1,82,7.82e-25,97.1,"CTCAGAAAG","+"
"509",892,"NC306_HL5WNCCXX_L4_read1219","MuTIR_5",90.265,113,9,1,36,146,1,113,2.13e-40,148,"ACCTATTCC","+"
"510",893,"NC306_HL5WNCCXX_L4_read1222","MuTIR_5",89.231,130,12,1,22,149,1,130,7.61e-45,163,"GCTGCAGGA","+"
"511",894,"NC306_HL5WNCCXX_L4_read1223","MuTIR_5",88.298,94,9,1,56,147,1,94,2.79e-29,111,"GACGCTCGC","+"
"512",895,"NC306_HL5WNCCXX_L4_read1224","MuTIR_5",87.692,130,14,1,23,150,1,130,1.65e-41,152,"GGCTACATC","+"
"513",896,"NC306_HL5WNCCXX_L4_read1225","MuTIR_5",90.291,103,8,1,50,150,1,103,1.66e-36,135,"GCTGCAGGA","+"
"514",897,"NC306_HL5WNCCXX_L4_read1227","MuTIR_5",92.308,91,5,1,62,150,1,91,7.71e-35,130,"CCCGCCGCC","+"
"515",898,"NC306_HL5WNCCXX_L4_read1231","MuTIR_5",89.051,137,13,1,14,148,1,137,4.55e-47,171,"ATTGAGCCC","+"
"516",899,"NC306_HL5WNCCXX_L4_read1232","MuTIR_5",91.667,72,4,1,80,149,1,72,6.05e-26,100,"CTCAGAAAG","+"
"517",900,"NC306_HL5WNCCXX_L4_read1233","MuTIR_5",90.426,94,7,1,59,150,1,94,3.59e-33,124,"ACCTATTCC","+"
"518",901,"NC306_HL5WNCCXX_L4_read1234","MuTIR_5",89.888,89,7,1,64,150,1,89,2.16e-30,115,"ACCTATTCC","+"
"519",902,"NC306_HL5WNCCXX_L4_read1236","MuTIR_5",90.588,85,6,1,67,149,1,85,7.77e-30,113,"CTCAGAAAG","+"
"522",905,"NC306_HL5WNCCXX_L4_read1245","MuTIR_5",88.43,121,11,2,23,140,1,121,2.76e-39,145,"CCCCATTAG","-"
"523",906,"NC306_HL5WNCCXX_L4_read1246","MuTIR_5",89.764,127,11,1,17,141,1,127,7.61e-45,163,"CGTTGTTAT","-"
"540",933,"NC306_HL5WNCCXX_L4_read1311","MuTIR_5",83.505,97,14,1,56,150,1,97,3.64e-23,91.6,"TCTGCAGCC","+"
"541",934,"NC306_HL5WNCCXX_L4_read1312","MuTIR_5",83.505,97,14,1,56,150,1,97,3.64e-23,91.6,"TCTGCAGCC","+"
"543",936,"NC306_HL5WNCCXX_L4_read1341","MuTIR_6",96.154,78,3,0,73,150,1,78,2.77e-34,128,"TGCACTACG","+"
"544",937,"NC306_HL5WNCCXX_L4_read1347","MuTIR_6",91.176,102,9,0,49,150,1,102,1.28e-37,139,"GGGAGGGAG","+"
"545",938,"NC306_HL5WNCCXX_L4_read1348","MuTIR_6",94.937,79,4,0,72,150,1,79,3.59e-33,124,"TGCACTATG","+"
"547",940,"NC306_HL5WNCCXX_L4_read1352","MuTIR_6",96.154,78,3,0,73,150,1,78,2.77e-34,128,"TGCACTACG","+"
"548",941,"NC306_HL5WNCCXX_L4_read1353","MuTIR_6",96.154,78,3,0,73,150,1,78,2.77e-34,128,"TGCACTACG","+"
"549",942,"NC306_HL5WNCCXX_L4_read1354","MuTIR_6",97.917,48,1,0,103,150,1,48,6.09e-21,84.2,"TGTACTACG","+"
"550",943,"NC306_HL5WNCCXX_L4_read1356","MuTIR_6",91.176,102,9,0,49,150,1,102,1.28e-37,139,"GGGAGGGAG","+"
"551",944,"NC306_HL5WNCCXX_L4_read1357","MuTIR_6",96.154,52,2,0,90,141,1,52,1.69e-21,86.1,"GGGAGGGAG","+"
"553",946,"NC306_HL5WNCCXX_L4_read1366","MuTIR_6",90.598,117,10,1,15,130,1,117,4.58e-42,154,"AATCGATAT","-"
"555",948,"NC306_HL5WNCCXX_L4_read1368","MuTIR_6",96.154,52,2,0,85,136,1,52,1.69e-21,86.1,"TGTTGGCGA","-"
"557",952,"NC306_HL5WNCCXX_L4_read1377","MuTIR_6",94.309,123,6,1,29,150,1,123,4.51e-52,187,"ATGCAGATG","+"
"558",953,"NC306_HL5WNCCXX_L4_read1378","MuTIR_6",96.053,76,3,0,75,150,1,76,3.59e-33,124,"AGGAGAGGG","+"
"559",954,"NC306_HL5WNCCXX_L4_read1381","MuTIR_6",96.053,76,3,0,75,150,1,76,3.59e-33,124,"AGGAGAGGG","+"
"560",956,"NC306_HL5WNCCXX_L4_read1383","MuTIR_6",96.053,76,3,0,75,150,1,76,3.59e-33,124,"AGGAGAGGG","+"
"561",957,"NC306_HL5WNCCXX_L4_read1384","MuTIR_6",92.593,135,10,0,16,150,1,135,2.7e-54,195,"AGGAGAGGG","+"
"568",964,"NC306_HL5WNCCXX_L4_read1398","MuTIR_3",86.066,122,15,2,29,149,1,121,7.71e-35,130,"GCAGGCTAG","+"
"569",966,"NC306_HL5WNCCXX_L4_read1402","MuTIR_3",85.714,126,16,2,26,150,1,125,2.15e-35,132,"GCAGGCTAG","+"
"570",968,"NC306_HL5WNCCXX_L4_read1415","MuTIR_6",93.651,63,4,0,88,150,1,63,2.81e-24,95.3,"AGGAGAGGG","+"
"572",999,"NC306_HL5WNCCXX_L4_read1494","MuTIR_7",91.667,108,7,2,44,150,1,107,1.65e-41,152,"TACCTAGTT","+"
