"","X","qname","sname","percent_identity","alignment_length","mismatches","gap_opens","q_start","q_end","s_start","s_end","evalue","bit_score","tsds","strand"
"1",1,"NC304_HB1JEADXX_TGACCA_read3","MuTIR_1",96.04,101,3,1,51,151,1,100,7.66e-45,163,"CCCACCTTG","+"
"3",3,"NC304_HB1JEADXX_TGACCA_read6","MuTIR_1",95.96,99,3,1,53,151,1,98,9.91e-44,159,"CCCACCGAA","+"
"4",4,"NC304_HB1JEADXX_TGACCA_read8","MuTIR_1",94.737,95,4,1,36,130,1,94,7.72e-40,147,"GGCCCTGGC","+"
"6",6,"NC304_HB1JEADXX_TGACCA_read11","MuTIR_1",97.015,67,1,1,85,151,1,66,2.81e-29,111,"GTAAGAGAG","+"
"7",7,"NC304_HB1JEADXX_TGACCA_read12","MuTIR_1",96.429,84,2,1,68,151,1,83,4.64e-37,137,"GAGGCTCTC","+"
"8",8,"NC304_HB1JEADXX_TGACCA_read14","MuTIR_1",96.923,65,1,1,87,151,1,64,3.64e-28,108,"GACGCCAGC","+"
"9",9,"NC304_HB1JEADXX_TGACCA_read22","MuTIR_1",95.789,95,3,1,37,131,1,94,1.66e-41,152,"CAAGGTGGG","+"
"10",10,"NC304_HB1JEADXX_TGACCA_read23","MuTIR_1",95.789,95,3,1,21,115,1,94,1.66e-41,152,"CAAGGTGGG","+"
"12",12,"NC304_HB1JEADXX_TGACCA_read25","MuTIR_1",95.556,45,2,0,107,151,1,45,1.33e-17,73.1,"GTCGGTCTA","+"
"13",13,"NC304_HB1JEADXX_TGACCA_read28","MuTIR_1",100,32,0,0,120,151,1,32,1.03e-13,60.2,"GGCCCTGGC","+"
"18",18,"NC304_HB1JEADXX_TGACCA_read37","MuTIR_1",82.979,94,3,2,55,135,1,94,1.33e-17,73.1,"TATTTCTGA","-"
"25",25,"NC304_HB1JEADXX_TGACCA_read46","MuTIR_1",95.789,95,3,1,16,110,1,94,1.66e-41,152,"TCTTTCTGA","-"
"28",61,"NC304_HB1JEADXX_TGACCA_read133","MuTIR_2",92.157,102,8,0,50,151,1,102,2.77e-39,145,"CACAGCATC","+"
"29",62,"NC304_HB1JEADXX_TGACCA_read137","MuTIR_2",90.164,122,12,0,29,150,1,122,9.91e-44,159,"TCCAACGAG","+"
"30",63,"NC304_HB1JEADXX_TGACCA_read140","MuTIR_2",93.75,128,8,0,24,151,1,128,9.77e-54,193,"CTTACAAAG","+"
"32",65,"NC304_HB1JEADXX_TGACCA_read142","MuTIR_2",94.03,67,4,0,83,149,1,67,1.69e-26,102,"TTCTGCCTC","+"
"33",66,"NC304_HB1JEADXX_TGACCA_read143","MuTIR_2",92.683,82,6,0,68,149,1,82,1.68e-31,119,"GAGGCAGAA","+"
"34",67,"NC304_HB1JEADXX_TGACCA_read145","MuTIR_2",91.667,120,10,0,30,149,1,120,5.92e-46,167,"TGAAGTAAT","+"
"35",68,"NC304_HB1JEADXX_TGACCA_read148","MuTIR_2",90.833,120,11,0,32,151,1,120,2.76e-44,161,"GTTGGAAGA","+"
"36",69,"NC304_HB1JEADXX_TGACCA_read149","MuTIR_2",89.844,128,13,0,22,149,1,128,2.13e-45,165,"GTTGGAAGA","+"
"38",71,"NC304_HB1JEADXX_TGACCA_read153","MuTIR_2",92.661,109,8,0,43,151,1,109,3.56e-43,158,"TTCTGCTAG","+"
"39",72,"NC304_HB1JEADXX_TGACCA_read154","MuTIR_2",91.379,58,5,0,94,151,1,58,7.94e-20,80.5,"TTCTGCTAG","+"
"40",73,"NC304_HB1JEADXX_TGACCA_read158","MuTIR_2",92.045,88,7,0,64,151,1,88,3.61e-33,124,"TTAACAAGG","+"
"52",85,"NC304_HB1JEADXX_TGACCA_read185","MuTIR_2",89.844,128,13,0,2,129,1,128,2.13e-45,165,"CAGTAGTGA","-"
"57",92,"NC304_HB1JEADXX_TGACCA_read199","MuTIR_2",92.771,83,6,0,65,147,1,83,4.68e-32,121,"ATCGTCATT","+"
"58",93,"NC304_HB1JEADXX_TGACCA_read200","MuTIR_2",90.722,97,9,0,55,151,1,97,7.77e-35,130,"ATCGTCATT","+"
"62",98,"NC304_HB1JEADXX_TGACCA_read209","MuTIR_2",87.692,65,5,1,69,130,1,65,1.33e-17,73.1,"CTCGTTGGA","+"
"63",99,"NC304_HB1JEADXX_TGACCA_read210","MuTIR_2",87.952,83,7,1,58,137,1,83,2.83e-24,95.3,"CTCGTTGGA","+"
"68",121,"NC304_HB1JEADXX_TGACCA_read266","MuTIR_3",96.667,60,2,0,92,151,1,60,6.09e-26,100,"CAAAATTAG","+"
"69",122,"NC304_HB1JEADXX_TGACCA_read267","MuTIR_3",94.643,112,6,0,40,151,1,112,3.54e-48,174,"CCAGTAGCA","+"
"70",123,"NC304_HB1JEADXX_TGACCA_read268","MuTIR_3",92.063,126,10,0,26,151,1,126,2.74e-49,178,"CCGTTTTTT","+"
"71",124,"NC304_HB1JEADXX_TGACCA_read270","MuTIR_3",92.063,126,10,0,26,151,1,126,2.74e-49,178,"CCGTTTTTT","+"
"72",125,"NC304_HB1JEADXX_TGACCA_read278","MuTIR_3",91.045,134,12,0,11,144,1,134,2.11e-50,182,"GGAATAGGT","+"
"75",130,"NC304_HB1JEADXX_TGACCA_read289","MuTIR_3",93.651,63,4,0,89,151,1,63,2.83e-24,95.3,"CCCGCCACC","+"
"77",133,"NC304_HB1JEADXX_TGACCA_read292","MuTIR_3",93.151,73,5,0,79,151,1,73,3.64e-28,108,"GCCTGTTTG","+"
"78",134,"NC304_HB1JEADXX_TGACCA_read294","MuTIR_3",94.286,105,6,0,47,151,1,105,2.76e-44,161,"AGCAGAGAG","+"
"79",135,"NC304_HB1JEADXX_TGACCA_read295","MuTIR_3",93.617,94,6,0,58,151,1,94,3.59e-38,141,"GACCTCAAA","+"
"80",136,"NC304_HB1JEADXX_TGACCA_read296","MuTIR_3",91.262,103,9,0,49,151,1,103,3.59e-38,141,"CATGCTGTG","+"
"81",137,"NC304_HB1JEADXX_TGACCA_read297","MuTIR_3",90.984,122,11,0,29,150,1,122,2.13e-45,165,"GCCTGTTTG","+"
"82",138,"NC304_HB1JEADXX_TGACCA_read298","MuTIR_3",93.382,136,9,0,10,145,1,136,1.62e-56,202,"GACCTCAAA","+"
"83",141,"NC304_HB1JEADXX_TGACCA_read301","MuTIR_3",91.339,127,11,0,25,151,1,127,3.54e-48,174,"TCCGTGGAG","+"
"84",142,"NC304_HB1JEADXX_TGACCA_read302","MuTIR_3",90,130,13,0,22,151,1,130,1.65e-46,169,"AAGATGGAC","+"
"92",178,"NC304_HB1JEADXX_TGACCA_read373","MuTIR_4",95.062,81,4,0,68,148,1,81,2.79e-34,128,"CTCTCTTGC","+"
"93",179,"NC304_HB1JEADXX_TGACCA_read374","MuTIR_4",93.103,58,4,0,94,151,1,58,1.71e-21,86.1,"GTGCCTGTC","+"
"94",180,"NC304_HB1JEADXX_TGACCA_read376","MuTIR_4",93,100,7,0,52,151,1,100,7.72e-40,147,"CGGCCACCG","+"
"95",181,"NC304_HB1JEADXX_TGACCA_read377","MuTIR_4",94.667,75,4,0,77,151,1,75,6.05e-31,117,"CTCGACATA","+"
"96",182,"NC304_HB1JEADXX_TGACCA_read379","MuTIR_4",85.586,111,16,0,41,151,1,111,1.68e-31,119,"GTGACTGAG","+"
"98",184,"NC304_HB1JEADXX_TGACCA_read381","MuTIR_4",86.131,137,18,1,14,149,1,137,4.61e-42,154,"CCTCCACCG","+"
"99",185,"NC304_HB1JEADXX_TGACCA_read382","MuTIR_4",90.698,129,12,0,23,151,1,129,3.54e-48,174,"CATGAGCTG","+"
"100",186,"NC304_HB1JEADXX_TGACCA_read383","MuTIR_4",91.667,120,10,0,14,133,1,120,1.65e-46,169,"GCAAGAGAG","+"
"102",188,"NC304_HB1JEADXX_TGACCA_read385","MuTIR_4",84.685,111,17,0,28,138,1,111,7.83e-30,113,"GTTAAAAAG","+"
"103",189,"NC304_HB1JEADXX_TGACCA_read386","MuTIR_4",84.685,111,17,0,31,141,1,111,7.83e-30,113,"GTTAAAAAG","+"
"109",195,"NC304_HB1JEADXX_TGACCA_read399","MuTIR_4",84.685,111,17,0,6,116,1,111,7.83e-30,113,"ATGGATTCT","-"
"111",198,"NC304_HB1JEADXX_TGACCA_read406","MuTIR_4",87.218,133,16,1,19,151,1,132,1.66e-41,152,"TCGGCGGTC","+"
"112",199,"NC304_HB1JEADXX_TGACCA_read407","MuTIR_4",93.243,74,5,0,78,151,1,74,1.01e-28,110,"TCGGCGGTC","+"
"113",200,"NC304_HB1JEADXX_TGACCA_read408","MuTIR_4",93.333,90,6,0,46,135,1,90,6.01e-36,134,"GGGCGAAGA","-"
"114",204,"NC304_HB1JEADXX_TGACCA_read413","MuTIR_4",88.889,135,15,0,16,150,1,135,1.65e-46,169,"GACTTTAGC","+"
"115",207,"NC304_HB1JEADXX_TGACCA_read425","MuTIR_4",86.842,114,15,0,37,150,1,114,7.77e-35,130,"GTGTGTGGG","+"
"118",213,"NC304_HB1JEADXX_TGACCA_read435","MuTIR_4",88.372,86,10,0,57,142,1,86,4.71e-27,104,"GTGACTGAG","+"
"119",214,"NC304_HB1JEADXX_TGACCA_read436","MuTIR_4",92.308,39,3,0,113,151,1,39,1.34e-12,56.5,"GCCATTAAG","+"
"120",217,"NC304_HB1JEADXX_TGACCA_read443","MuTIR_5",91.667,60,3,1,93,150,1,60,2.21e-20,82.4,"ACCTATTCC","+"
"121",218,"NC304_HB1JEADXX_TGACCA_read444","MuTIR_5",88.571,105,10,1,39,141,1,105,2.79e-34,128,"ACCTTGACA","+"
"122",219,"NC304_HB1JEADXX_TGACCA_read445","MuTIR_5",95.652,46,2,0,106,151,1,46,3.69e-18,75,"TTGGGAATC","+"
"123",220,"NC304_HB1JEADXX_TGACCA_read446","MuTIR_5",89.231,130,12,1,19,146,1,130,7.66e-45,163,"GCTGCAGGA","+"
"124",221,"NC304_HB1JEADXX_TGACCA_read449","MuTIR_5",95.652,46,2,0,106,151,1,46,3.69e-18,75,"ATTGAGCCC","+"
"125",222,"NC304_HB1JEADXX_TGACCA_read450","MuTIR_5",95.918,49,2,0,98,146,1,49,7.94e-20,80.5,"ACCTATTCC","+"
"126",223,"NC304_HB1JEADXX_TGACCA_read455","MuTIR_5",90.678,118,9,1,36,151,1,118,3.56e-43,158,"GCTGCAGGA","+"
"127",224,"NC304_HB1JEADXX_TGACCA_read457","MuTIR_5",95.556,45,2,0,107,151,1,45,1.33e-17,73.1,"TTGGGAATC","+"
"128",225,"NC304_HB1JEADXX_TGACCA_read458","MuTIR_5",89.744,117,10,1,37,151,1,117,5.96e-41,150,"ATTGAGCCC","+"
"129",226,"NC304_HB1JEADXX_TGACCA_read459","MuTIR_5",86.667,105,12,1,45,147,1,105,6.05e-31,117,"ACCTTGACA","+"
"130",227,"NC304_HB1JEADXX_TGACCA_read460","MuTIR_5",91.304,69,4,1,85,151,1,69,2.83e-24,95.3,"GCTGCAGGA","+"
"136",233,"NC304_HB1JEADXX_TGACCA_read473","MuTIR_5",88.571,105,10,1,15,117,1,105,2.79e-34,128,"GAATTGATT","-"
"138",239,"NC304_HB1JEADXX_TGACCA_read502","MuTIR_6",96.639,119,4,0,31,149,1,119,2.1e-55,198,"TGCACTACG","+"
"139",240,"NC304_HB1JEADXX_TGACCA_read503","MuTIR_6",96.774,93,3,0,59,151,1,93,1.28e-42,156,"TGCACTACG","+"
"145",246,"NC304_HB1JEADXX_TGACCA_read515","MuTIR_6",96.939,98,3,0,54,151,1,98,2.13e-45,165,"TCCTAGGCT","+"
"147",248,"NC304_HB1JEADXX_TGACCA_read517","MuTIR_6",96,75,3,0,77,151,1,75,1.3e-32,122,"ATGCAGATG","+"
"150",265,"NC304_HB1LCADXX_TGACCA_read1","MuTIR_1",94.643,112,5,1,40,151,1,111,1.27e-47,172,"AGATTTGAT","+"
"152",267,"NC304_HB1LCADXX_TGACCA_read4","MuTIR_1",95,80,3,1,72,151,1,79,3.61e-33,124,"GCTGGCGAC","+"
"154",269,"NC304_HB1LCADXX_TGACCA_read6","MuTIR_1",94.118,102,5,1,50,151,1,101,4.61e-42,154,"AGATTTGAT","+"
"156",278,"NC304_HB1LCADXX_TGACCA_read28","MuTIR_2",93.277,119,6,2,34,151,1,118,3.54e-48,174,"TGCCGCCGC","+"
"158",280,"NC304_HB1LCADXX_TGACCA_read30","MuTIR_2",88.785,107,12,0,36,142,1,107,2.16e-35,132,"CTACTCGGT","+"
"161",283,"NC304_HB1LCADXX_TGACCA_read33","MuTIR_2",88.785,107,12,0,34,140,1,107,2.16e-35,132,"CGAACAAGA","-"
"162",289,"NC304_HB1LCADXX_TGACCA_read42","MuTIR_3",89.922,129,13,0,13,141,1,129,5.92e-46,167,"CCTCTAGAG","+"
"163",290,"NC304_HB1LCADXX_TGACCA_read45","MuTIR_3",93.269,104,7,0,48,151,1,104,4.61e-42,154,"TCCGTGGAG","+"
"165",297,"NC304_HB1LCADXX_TGACCA_read58","MuTIR_4",91.86,86,7,0,46,131,1,86,4.68e-32,121,"GTGACTGAG","+"
"166",298,"NC304_HB1LCADXX_TGACCA_read59","MuTIR_4",91.86,86,7,0,63,148,1,86,4.68e-32,121,"GTGACTGAG","+"
"167",299,"NC304_HB1LCADXX_TGACCA_read60","MuTIR_4",93.684,95,4,2,41,135,1,93,3.59e-38,141,"CGGCCCGTG","+"
"172",307,"NC304_HB1LCADXX_TGACCA_read72","MuTIR_5",88.571,70,6,1,84,151,1,70,1.71e-21,86.1,"TTGGGAATC","+"
"173",308,"NC304_HB1LCADXX_TGACCA_read74","MuTIR_5",88.571,105,10,1,49,151,1,105,2.79e-34,128,"ACCTTGACA","+"
"174",309,"NC304_HB1LCADXX_TGACCA_read75","MuTIR_5",92.982,57,2,1,97,151,1,57,2.21e-20,82.4,"CGAGACGGC","+"
"175",310,"NC304_HB1LCADXX_TGACCA_read76","MuTIR_5",88.571,105,10,1,49,151,1,105,2.79e-34,128,"ACCTTGACA","+"
"176",311,"NC304_HB1LCADXX_TGACCA_read78","MuTIR_5",88.991,109,10,1,45,151,1,109,1.67e-36,135,"GGCTACATC","+"
"178",313,"NC304_HB1LCADXX_TGACCA_read80","MuTIR_5",88.571,105,10,1,40,142,1,105,2.79e-34,128,"GAATTGATT","-"
"179",314,"NC304_HB1LCADXX_TGACCA_read81","MuTIR_5",87.619,105,11,1,40,142,1,105,1.3e-32,122,"GAATTGATT","-"
"181",318,"NC304_HB1LCADXX_TGACCA_read95","MuTIR_6",95.946,74,3,0,78,151,1,74,4.68e-32,121,"CCGTAGATC","+"
"182",319,"NC304_HB1LCADXX_TGACCA_read96","MuTIR_6",97.674,43,1,0,109,151,1,43,3.69e-18,75,"ATGCAGATG","+"
"183",320,"NC304_HB1LCADXX_TGACCA_read97","MuTIR_6",95,80,4,0,72,151,1,80,1.01e-33,126,"AGGAGAGGG","+"
"186",323,"NC304_HB1LCADXX_TGACCA_read100","MuTIR_6",93,100,7,0,52,151,1,100,7.72e-40,147,"AACGCAGAA","+"
"189",329,"NC304_HLC27CCXX_L8_read1","MuTIR_1",94.161,137,7,1,14,150,1,136,3.46e-58,207,"GCTGGCGTC","+"
"192",332,"NC304_HLC27CCXX_L8_read6","MuTIR_1",100,45,0,0,106,150,1,45,6.09e-21,84.2,"GAGGCTCTC","+"
"193",333,"NC304_HLC27CCXX_L8_read8","MuTIR_1",96.262,107,3,1,43,149,1,106,3.51e-48,174,"GTCGGTCTA","+"
"194",334,"NC304_HLC27CCXX_L8_read9","MuTIR_1",94.34,53,2,1,98,150,1,52,7.88e-20,80.5,"GTCGCCAGC","+"
"195",335,"NC304_HLC27CCXX_L8_read10","MuTIR_1",94.505,91,2,2,62,150,1,90,4.61e-37,137,"GCCGTGCGA","+"
"196",336,"NC304_HLC27CCXX_L8_read11","MuTIR_1",96,100,3,1,51,150,1,99,2.74e-44,161,"GTCGGTCTA","+"
"197",337,"NC304_HLC27CCXX_L8_read16","MuTIR_1",88.652,141,15,1,10,150,1,140,4.55e-47,171,"CTATGAAAG","+"
"200",340,"NC304_HLC27CCXX_L8_read20","MuTIR_1",94.118,119,6,1,27,145,1,118,7.55e-50,180,"GCCAGGGCC","+"
"201",341,"NC304_HLC27CCXX_L8_read26","MuTIR_1",97.872,47,1,0,104,150,1,47,2.19e-20,82.4,"GACGCCAGC","+"
"202",342,"NC304_HLC27CCXX_L8_read27","MuTIR_1",93.023,86,5,1,64,149,1,85,3.59e-33,124,"GAGAGCCTC","+"
"213",353,"NC304_HLC27CCXX_L8_read42","MuTIR_1",93.985,133,7,1,1,133,1,132,5.8e-56,200,"ATATCAGTG","-"
"217",387,"NC304_HLC27CCXX_L8_read124","MuTIR_2",86.239,109,15,0,40,148,1,109,1.67e-31,119,"TTCTGCTAG","+"
"218",388,"NC304_HLC27CCXX_L8_read129","MuTIR_2",92.079,101,8,0,47,147,1,101,9.91e-39,143,"TGAAGTAAT","+"
"219",389,"NC304_HLC27CCXX_L8_read134","MuTIR_2",94.118,68,4,0,78,145,1,68,4.68e-27,104,"TGAAGTAAT","+"
"220",390,"NC304_HLC27CCXX_L8_read136","MuTIR_2",89.844,128,13,0,20,147,1,128,2.11e-45,165,"GCTGGAAGA","+"
"221",391,"NC304_HLC27CCXX_L8_read140","MuTIR_2",95.402,87,4,0,64,150,1,87,1.28e-37,139,"CTTACAAAG","+"
"222",392,"NC304_HLC27CCXX_L8_read141","MuTIR_2",94.167,120,7,0,30,149,1,120,5.84e-51,183,"CCTCCCGCC","+"
"223",393,"NC304_HLC27CCXX_L8_read142","MuTIR_2",87.903,124,15,0,27,150,1,124,7.66e-40,147,"GCTGGGAAG","+"
"224",394,"NC304_HLC27CCXX_L8_read144","MuTIR_2",94.574,129,5,2,23,150,1,128,2.09e-55,198,"CTTTGTAAG","+"
"225",395,"NC304_HLC27CCXX_L8_read150","MuTIR_2",96.591,88,3,0,63,150,1,88,7.66e-40,147,"CTTTGTAAG","+"
"226",396,"NC304_HLC27CCXX_L8_read152","MuTIR_2",96.667,90,3,0,60,149,1,90,5.92e-41,150,"CTTTGTAAG","+"
"227",397,"NC304_HLC27CCXX_L8_read153","MuTIR_2",88.571,105,12,0,46,150,1,105,2.77e-34,128,"CTACTCGGT","+"
"228",398,"NC304_HLC27CCXX_L8_read155","MuTIR_2",94.574,129,5,2,23,150,1,128,2.09e-55,198,"CTTTGTAAG","+"
"240",414,"NC304_HLC27CCXX_L8_read198","MuTIR_2",87.952,83,7,1,52,131,1,83,2.81e-24,95.3,"AAGATGACA","-"
"242",418,"NC304_HLC27CCXX_L8_read203","MuTIR_2",87.395,119,13,2,33,150,1,118,1.66e-36,135,"AATGACGAT","+"
"243",420,"NC304_HLC27CCXX_L8_read211","MuTIR_2",86.087,115,14,1,38,150,1,115,1.29e-32,122,"ATTCGTGTG","+"
"246",431,"NC304_HLC27CCXX_L8_read237","MuTIR_3",96.667,90,3,0,55,144,1,90,5.92e-41,150,"CAAAATTAG","+"
"247",432,"NC304_HLC27CCXX_L8_read238","MuTIR_3",97.872,47,1,0,101,147,1,47,2.19e-20,82.4,"CCGTTTTTT","+"
"248",433,"NC304_HLC27CCXX_L8_read239","MuTIR_3",92.481,133,10,0,18,150,1,133,3.49e-53,191,"CCGTTTTTT","+"
"249",434,"NC304_HLC27CCXX_L8_read242","MuTIR_3",92.754,138,10,0,10,147,1,138,5.8e-56,200,"CCAGTAGCA","+"
"253",438,"NC304_HLC27CCXX_L8_read255","MuTIR_3",90.141,71,7,0,80,150,1,71,1.01e-23,93.5,"CCTCTAGAG","+"
"254",439,"NC304_HLC27CCXX_L8_read256","MuTIR_3",89.815,108,11,0,43,150,1,108,1.28e-37,139,"CCTCTAGAG","+"
"257",442,"NC304_HLC27CCXX_L8_read264","MuTIR_3",92.079,101,8,0,50,150,1,101,9.91e-39,143,"GACCTCAAA","+"
"258",444,"NC304_HLC27CCXX_L8_read267","MuTIR_3",92.248,129,10,0,22,150,1,129,5.84e-51,183,"TTTTTACAG","+"
"259",445,"NC304_HLC27CCXX_L8_read268","MuTIR_3",94.444,108,6,0,39,146,1,108,5.88e-46,167,"AGCAGAGAG","+"
"260",446,"NC304_HLC27CCXX_L8_read270","MuTIR_3",93.023,129,9,0,22,150,1,129,1.25e-52,189,"GACCTCAAA","+"
"261",447,"NC304_HLC27CCXX_L8_read271","MuTIR_3",95.37,108,5,0,43,150,1,108,1.26e-47,172,"GACCCTTTG","+"
"262",449,"NC304_HLC27CCXX_L8_read273","MuTIR_3",93.827,81,5,0,66,146,1,81,1.29e-32,122,"GCCTGTTTG","+"
"273",494,"NC304_HLC27CCXX_L8_read348","MuTIR_4",97.727,44,1,0,107,150,1,44,1.02e-18,76.8,"CCGAAGACC","+"
"274",495,"NC304_HLC27CCXX_L8_read349","MuTIR_4",89.831,118,12,0,29,146,1,118,4.58e-42,154,"CTCTCTTGC","+"
"275",496,"NC304_HLC27CCXX_L8_read351","MuTIR_4",87.857,140,17,0,11,150,1,140,5.88e-46,167,"GAATGGTGC","+"
"276",497,"NC304_HLC27CCXX_L8_read352","MuTIR_4",89.831,118,12,0,29,146,1,118,4.58e-42,154,"CTCTCTTGC","+"
"277",498,"NC304_HLC27CCXX_L8_read353","MuTIR_4",88.489,139,16,0,12,150,1,139,4.55e-47,171,"GAATGGTGC","+"
"278",499,"NC304_HLC27CCXX_L8_read354","MuTIR_4",86.735,98,13,0,15,112,1,98,1.01e-28,110,"GCTTGCCTT","+"
"279",500,"NC304_HLC27CCXX_L8_read355","MuTIR_4",94.643,56,3,0,95,150,1,56,4.71e-22,87.9,"CGGCCCGTG","+"
"280",501,"NC304_HLC27CCXX_L8_read356","MuTIR_4",88.372,129,15,0,13,141,1,129,3.54e-43,158,"CTCTCTTGC","+"
"281",502,"NC304_HLC27CCXX_L8_read357","MuTIR_4",86.735,98,13,0,15,112,1,98,1.01e-28,110,"GCTTGCCTT","+"
"282",503,"NC304_HLC27CCXX_L8_read358","MuTIR_4",93.333,75,5,0,76,150,1,75,2.79e-29,111,"CGGCCACCG","+"
"283",504,"NC304_HLC27CCXX_L8_read359","MuTIR_4",86.777,121,16,0,30,150,1,121,4.61e-37,137,"GTGACTGAG","+"
"284",505,"NC304_HLC27CCXX_L8_read361","MuTIR_4",89.831,118,12,0,29,146,1,118,4.58e-42,154,"CTCTCTTGC","+"
"285",506,"NC304_HLC27CCXX_L8_read362","MuTIR_4",94.828,58,3,0,91,148,1,58,3.64e-23,91.6,"CCTCCACCG","+"
"298",519,"NC304_HLC27CCXX_L8_read378","MuTIR_4",90.833,120,11,0,20,139,1,120,7.61e-45,163,"CTTTTATGC","-"
"301",523,"NC304_HLC27CCXX_L8_read384","MuTIR_4",92,100,8,0,45,144,1,100,3.56e-38,141,"TTTGCTGGT","+"
"302",524,"NC304_HLC27CCXX_L8_read385","MuTIR_4",94.118,51,3,0,89,139,1,51,2.83e-19,78.7,"CCTCCACCG","+"
"304",534,"NC304_HLC27CCXX_L8_read411","MuTIR_4",91.489,47,4,0,102,148,1,47,2.21e-15,65.8,"GCCATTAAG","+"
"305",540,"NC304_HLC27CCXX_L8_read419","MuTIR_5",88.571,105,10,1,42,144,1,105,2.77e-34,128,"ACCTTGACA","+"
"306",541,"NC304_HLC27CCXX_L8_read421","MuTIR_5",91.667,72,4,1,75,144,1,72,6.05e-26,100,"CTCAGAAAG","+"
"307",542,"NC304_HLC27CCXX_L8_read422","MuTIR_5",87.5,120,13,1,29,146,1,120,1.28e-37,139,"CTCAGAAAG","+"
"308",543,"NC304_HLC27CCXX_L8_read423","MuTIR_5",91.346,104,7,1,49,150,1,104,9.91e-39,143,"TTGGGAATC","+"
"309",544,"NC304_HLC27CCXX_L8_read424","MuTIR_5",87.5,120,13,1,27,144,1,120,1.28e-37,139,"CTCAGAAAG","+"
"310",545,"NC304_HLC27CCXX_L8_read425","MuTIR_5",87.5,120,13,1,29,146,1,120,1.28e-37,139,"CTCAGAAAG","+"
"311",546,"NC304_HLC27CCXX_L8_read426","MuTIR_5",88.073,109,11,1,44,150,1,109,7.71e-35,130,"CTCAGAAAG","+"
"312",547,"NC304_HLC27CCXX_L8_read428","MuTIR_5",87.5,128,14,1,25,150,1,128,2.13e-40,148,"GGCTACATC","+"
"313",548,"NC304_HLC27CCXX_L8_read430","MuTIR_5",90.991,111,8,1,42,150,1,111,5.92e-41,150,"TTGGGAATC","+"
"314",549,"NC304_HLC27CCXX_L8_read432","MuTIR_5",88.571,105,10,1,13,115,1,105,2.77e-34,128,"GAATTGATT","-"
"317",552,"NC304_HLC27CCXX_L8_read436","MuTIR_5",95.918,49,2,0,93,141,1,49,7.88e-20,80.5,"AGGCCTAGG","-"
"321",556,"NC304_HLC27CCXX_L8_read455","MuTIR_6",98.039,51,1,0,100,150,1,51,1.31e-22,89.8,"TGCACTACG","+"
"322",557,"NC304_HLC27CCXX_L8_read456","MuTIR_6",96.117,103,4,0,48,150,1,103,1.63e-46,169,"TGCACTACG","+"
"323",558,"NC304_HLC27CCXX_L8_read457","MuTIR_6",95.238,105,5,0,46,150,1,105,5.88e-46,167,"TGCACTACG","+"
"324",559,"NC304_HLC27CCXX_L8_read459","MuTIR_6",96.491,114,4,0,37,150,1,114,1.25e-52,189,"TGCACTACG","+"
"325",560,"NC304_HLC27CCXX_L8_read461","MuTIR_6",95.798,119,5,0,29,147,1,119,9.7e-54,193,"TGCACTACA","+"
"330",565,"NC304_HLC27CCXX_L8_read468","MuTIR_6",94.828,116,6,0,35,150,1,116,2.1e-50,182,"AGGAGAGGG","+"
"331",566,"NC304_HLC27CCXX_L8_read469","MuTIR_6",94.898,98,5,0,53,150,1,98,4.58e-42,154,"AGGAGAGGG","+"
"332",567,"NC304_HLC27CCXX_L8_read470","MuTIR_6",95.876,97,4,0,54,150,1,97,3.54e-43,158,"AGGAGAGGG","+"
"333",568,"NC304_HLC27CCXX_L8_read471","MuTIR_6",94.928,138,7,0,10,147,1,138,5.76e-61,217,"TCCTAGGCT","+"
"334",569,"NC304_HLC27CCXX_L8_read472","MuTIR_6",94.828,116,6,0,35,150,1,116,2.1e-50,182,"AGGAGAGGG","+"
"335",570,"NC304_HLC27CCXX_L8_read473","MuTIR_6",95.876,97,4,0,54,150,1,97,3.54e-43,158,"AGGAGAGGG","+"
"337",573,"NC304_HLC27CCXX_L8_read476","MuTIR_6",94.928,138,7,0,10,147,1,138,5.76e-61,217,"TCCTAGGCT","+"
