"","X","qname","sname","percent_identity","alignment_length","mismatches","gap_opens","q_start","q_end","s_start","s_end","evalue","bit_score","tsds","strand"
"2",2,"NC328_HFFGKADXX_GGCTAC_read4","MuTIR_1",95.37,108,2,2,46,151,1,107,1.65e-46,169,"GCCGTGCGA","+"
"3",3,"NC328_HFFGKADXX_GGCTAC_read5","MuTIR_1",92.754,138,9,1,14,151,1,137,2.1e-55,198,"GAGGCTCTC","+"
"4",4,"NC328_HFFGKADXX_GGCTAC_read7","MuTIR_1",93.684,95,5,1,56,150,1,94,3.59e-38,141,"CTCTCTACC","+"
"5",5,"NC328_HFFGKADXX_GGCTAC_read8","MuTIR_1",95.413,109,4,1,43,151,1,108,1.27e-47,172,"CCCACCTTG","+"
"6",6,"NC328_HFFGKADXX_GGCTAC_read9","MuTIR_1",94.4,125,6,1,24,148,1,124,3.51e-53,191,"GTCGGCTGG","+"
"7",7,"NC328_HFFGKADXX_GGCTAC_read10","MuTIR_1",82.558,86,2,2,76,148,1,86,7.99e-15,63.9,"TCGCACGGC","+"
"9",9,"NC328_HFFGKADXX_GGCTAC_read13","MuTIR_1",92.683,123,8,1,29,151,1,122,9.84e-49,176,"TTTTTTGTG","+"
"10",10,"NC328_HFFGKADXX_GGCTAC_read14","MuTIR_1",95.789,95,3,1,43,137,1,94,1.66e-41,152,"CCTAGGCCC","+"
"11",11,"NC328_HFFGKADXX_GGCTAC_read15","MuTIR_1",94.737,76,3,1,76,151,1,75,6.05e-31,117,"GTCGGCTGG","+"
"19",36,"NC328_HFFGKADXX_GGCTAC_read65","MuTIR_2",96,75,3,0,77,151,1,75,1.3e-32,122,"GCTGCTGTG","+"
"20",37,"NC328_HFFGKADXX_GGCTAC_read66","MuTIR_2",91.071,112,10,0,40,151,1,112,1.66e-41,152,"TCCAACGAG","+"
"21",38,"NC328_HFFGKADXX_GGCTAC_read68","MuTIR_2",87.736,106,13,0,46,151,1,106,3.61e-33,124,"CTGTCAGAG","+"
"22",39,"NC328_HFFGKADXX_GGCTAC_read69","MuTIR_2",94.118,68,4,0,79,146,1,68,4.71e-27,104,"AACAATAAG","+"
"23",40,"NC328_HFFGKADXX_GGCTAC_read70","MuTIR_2",95.833,72,3,0,80,151,1,72,6.05e-31,117,"TGCCGCCGC","+"
"29",47,"NC328_HFFGKADXX_GGCTAC_read85","MuTIR_2",91.473,129,11,0,15,143,1,129,2.74e-49,178,"TGGTTCGGG","+"
"30",51,"NC328_HFFGKADXX_GGCTAC_read89","MuTIR_2",86.747,83,8,1,59,138,1,83,1.32e-22,89.8,"AAGATGACA","-"
"31",54,"NC328_HFFGKADXX_GGCTAC_read94","MuTIR_2",88.525,61,5,2,92,151,1,60,1.33e-17,73.1,"CCTCCTTAA","+"
"32",55,"NC328_HFFGKADXX_GGCTAC_read107","MuTIR_3",93.162,117,8,0,34,150,1,117,1.27e-47,172,"GTTTCCCAA","+"
"33",56,"NC328_HFFGKADXX_GGCTAC_read108","MuTIR_3",92.391,92,5,2,61,151,1,91,7.77e-35,130,"CATATGTAC","+"
"34",57,"NC328_HFFGKADXX_GGCTAC_read109","MuTIR_3",97.872,47,1,0,104,150,1,47,2.21e-20,82.4,"CATATGTAC","+"
"38",61,"NC328_HFFGKADXX_GGCTAC_read118","MuTIR_3",88.028,142,17,0,10,151,1,142,1.65e-46,169,"CCTCTAGAG","+"
"41",64,"NC328_HFFGKADXX_GGCTAC_read128","MuTIR_3",91.525,59,5,0,92,150,1,59,2.21e-20,82.4,"GCCGACGAA","+"
"42",65,"NC328_HFFGKADXX_GGCTAC_read130","MuTIR_3",93.75,96,6,0,56,151,1,96,2.77e-39,145,"GACCTCAAA","+"
"43",66,"NC328_HFFGKADXX_GGCTAC_read131","MuTIR_3",94.286,105,6,0,47,151,1,105,2.76e-44,161,"GACCTCAAA","+"
"44",67,"NC328_HFFGKADXX_GGCTAC_read134","MuTIR_3",90.909,77,7,0,74,150,1,77,4.71e-27,104,"AGAGGGGGG","+"
"50",89,"NC328_HFFGKADXX_GGCTAC_read170","MuTIR_4",86.139,101,13,1,45,145,1,100,3.64e-28,108,"AGCGACGAG","+"
"51",95,"NC328_HFFGKADXX_GGCTAC_read188","MuTIR_5",90.541,74,5,1,79,150,1,74,2.19e-25,99,"AGCTGCGGC","+"
"52",96,"NC328_HFFGKADXX_GGCTAC_read189","MuTIR_5",94.872,39,2,0,113,151,1,39,2.87e-14,62.1,"GACGCTCGC","+"
"53",97,"NC328_HFFGKADXX_GGCTAC_read190","MuTIR_5",90.909,121,9,1,33,151,1,121,7.66e-45,163,"GCTGCAGGA","+"
"54",98,"NC328_HFFGKADXX_GGCTAC_read191","MuTIR_5",100,30,0,0,94,123,1,30,1.34e-12,56.5,"ACCTTGACA","+"
"55",99,"NC328_HFFGKADXX_GGCTAC_read193","MuTIR_5",90.769,65,4,1,73,135,1,65,4.74e-22,87.9,"CTCAGAAAG","+"
"56",100,"NC328_HFFGKADXX_GGCTAC_read194","MuTIR_5",92.708,96,5,1,55,148,1,96,1.29e-37,139,"GCTGCAGGA","+"
"61",108,"NC328_HFFGKADXX_GGCTAC_read207","MuTIR_6",96.386,83,3,0,69,151,1,83,4.64e-37,137,"TGCACTACG","+"
"68",122,"NC328_HL5WNCCXX_L5_read2","MuTIR_1",94.737,95,4,1,29,123,1,94,7.66e-40,147,"CATCCATTT","+"
"69",123,"NC328_HL5WNCCXX_L5_read4","MuTIR_1",94.444,126,5,2,22,147,1,124,9.7e-54,193,"GAATACAAC","+"
"70",124,"NC328_HL5WNCCXX_L5_read5","MuTIR_1",95.238,126,5,1,23,148,1,125,2.09e-55,198,"GTGTTAGGT","+"
"71",125,"NC328_HL5WNCCXX_L5_read6","MuTIR_1",94.737,95,4,1,29,123,1,94,7.66e-40,147,"CATCCATTT","+"
"72",126,"NC328_HL5WNCCXX_L5_read11","MuTIR_1",97.015,67,1,1,84,150,1,66,2.79e-29,111,"GGCTGGCGG","+"
"73",127,"NC328_HL5WNCCXX_L5_read12","MuTIR_1",95.455,110,4,1,22,131,1,109,3.51e-48,174,"GAGGCTCTC","+"
"74",128,"NC328_HL5WNCCXX_L5_read15","MuTIR_1",95.833,48,2,0,102,149,1,48,2.83e-19,78.7,"CAAGGTGGG","+"
"75",129,"NC328_HL5WNCCXX_L5_read17","MuTIR_1",94.656,131,6,1,14,144,1,130,1.61e-56,202,"AATAAAAAC","+"
"76",130,"NC328_HL5WNCCXX_L5_read18","MuTIR_1",95,80,3,1,71,150,1,79,3.59e-33,124,"CCGCACTCC","+"
"77",131,"NC328_HL5WNCCXX_L5_read19","MuTIR_1",94.059,101,5,1,47,147,1,100,1.65e-41,152,"CCGCACTCC","+"
"78",132,"NC328_HL5WNCCXX_L5_read20","MuTIR_1",93.023,86,5,1,64,149,1,85,3.59e-33,124,"GAGAGCCTC","+"
"79",133,"NC328_HL5WNCCXX_L5_read21","MuTIR_1",96.491,57,1,1,94,150,1,56,1.01e-23,93.5,"GGCTGGCGG","+"
"80",134,"NC328_HL5WNCCXX_L5_read22","MuTIR_1",96.04,101,3,1,47,147,1,100,7.61e-45,163,"GGCTGGCGG","+"
"81",135,"NC328_HL5WNCCXX_L5_read23","MuTIR_1",90.816,98,8,1,53,150,1,97,7.71e-35,130,"GAAGCCAAC","+"
"82",136,"NC328_HL5WNCCXX_L5_read26","MuTIR_1",92.453,53,1,2,100,150,1,52,1.32e-17,73.1,"GCCGTGCGA","+"
"83",137,"NC328_HL5WNCCXX_L5_read28","MuTIR_1",92.806,139,9,1,12,150,1,138,5.8e-56,200,"CTCTCTTTC","+"
"84",138,"NC328_HL5WNCCXX_L5_read31","MuTIR_1",94.545,55,2,1,96,150,1,54,6.09e-21,84.2,"GAATACAAC","+"
"85",139,"NC328_HL5WNCCXX_L5_read32","MuTIR_1",94.697,132,6,1,19,150,1,131,4.48e-57,204,"GGCTGGCGG","+"
"86",140,"NC328_HL5WNCCXX_L5_read33","MuTIR_1",92.199,141,10,1,10,150,1,140,2.09e-55,198,"ATTGAAAGG","+"
"87",141,"NC328_HL5WNCCXX_L5_read37","MuTIR_1",96.522,115,3,1,35,149,1,114,1.25e-52,189,"GAATACAAC","+"
"92",146,"NC328_HL5WNCCXX_L5_read45","MuTIR_1",93.407,91,5,1,60,150,1,90,5.96e-36,134,"CTCTCTACC","+"
"93",147,"NC328_HL5WNCCXX_L5_read46","MuTIR_1",100,48,0,0,100,147,1,48,1.31e-22,89.8,"GTCGGCTGG","+"
"94",148,"NC328_HL5WNCCXX_L5_read47","MuTIR_1",95.575,113,2,2,39,149,1,112,2.72e-49,178,"GCCGTGCGA","+"
"95",149,"NC328_HL5WNCCXX_L5_read48","MuTIR_1",97.015,67,1,1,84,150,1,66,2.79e-29,111,"GGCTGGCGG","+"
"96",150,"NC328_HL5WNCCXX_L5_read49","MuTIR_1",94.059,101,5,1,48,148,1,100,1.65e-41,152,"CCGCACTCC","+"
"97",151,"NC328_HL5WNCCXX_L5_read52","MuTIR_1",93.421,76,4,1,75,150,1,75,2.79e-29,111,"CTCTCTACC","+"
"98",152,"NC328_HL5WNCCXX_L5_read54","MuTIR_1",94.505,91,4,1,60,150,1,90,1.28e-37,139,"GAGGCTCTC","+"
"99",153,"NC328_HL5WNCCXX_L5_read55","MuTIR_1",90.11,91,8,1,60,150,1,90,6.01e-31,117,"GAAGCCAAC","+"
"100",154,"NC328_HL5WNCCXX_L5_read56","MuTIR_1",96,100,3,1,51,150,1,99,2.74e-44,161,"GTTTTTATT","+"
"102",156,"NC328_HL5WNCCXX_L5_read58","MuTIR_1",95.775,71,2,1,78,148,1,70,7.77e-30,113,"GTGTTAGGT","+"
"105",159,"NC328_HL5WNCCXX_L5_read62","MuTIR_1",94.505,91,4,1,60,150,1,90,1.28e-37,139,"GCTGGCGAC","+"
"106",160,"NC328_HL5WNCCXX_L5_read63","MuTIR_1",98.361,61,0,1,90,150,1,60,1.3e-27,106,"GAGGCTCTC","+"
"107",161,"NC328_HL5WNCCXX_L5_read64","MuTIR_1",93.496,123,7,1,28,150,1,122,2.1e-50,182,"CCGCACTCC","+"
"108",162,"NC328_HL5WNCCXX_L5_read65","MuTIR_1",95.122,41,2,0,110,150,1,41,2.21e-15,65.8,"CTCTCTACC","+"
"109",163,"NC328_HL5WNCCXX_L5_read66","MuTIR_1",93.496,123,7,1,28,150,1,122,2.1e-50,182,"CCGCACTCC","+"
"110",164,"NC328_HL5WNCCXX_L5_read68","MuTIR_1",91.736,121,9,1,30,150,1,120,5.88e-46,167,"CTCTCTTTC","+"
"112",166,"NC328_HL5WNCCXX_L5_read73","MuTIR_1",82.979,94,3,2,60,140,1,94,1.32e-17,73.1,"TATTTCTGA","-"
"114",168,"NC328_HL5WNCCXX_L5_read77","MuTIR_1",94.355,124,6,1,12,135,1,123,1.25e-52,189,"CATATATTA","-"
"117",171,"NC328_HL5WNCCXX_L5_read85","MuTIR_1",95.455,110,4,1,29,138,1,109,3.51e-48,174,"CGTGAGACA","-"
"151",212,"NC328_HL5WNCCXX_L5_read155","MuTIR_1",94.737,95,4,1,18,112,1,94,7.66e-40,147,"CCAGCAGCC","+"
"152",213,"NC328_HL5WNCCXX_L5_read156","MuTIR_1",90.756,119,10,1,25,143,1,118,3.54e-43,158,"GGTAGAGAG","+"
"154",215,"NC328_HL5WNCCXX_L5_read163","MuTIR_1",90.476,126,10,2,14,139,1,124,2.11e-45,165,"AGGATGTAT","-"
"158",221,"NC328_HL5WNCCXX_L5_read174","MuTIR_1",95.789,95,3,1,31,125,1,94,1.65e-41,152,"TCTTCCTAA","-"
"159",230,"NC328_HL5WNCCXX_L5_read196","MuTIR_1",85.827,127,10,5,25,146,1,124,2.77e-34,128,"GTCTGATCT","+"
"162",297,"NC328_HL5WNCCXX_L5_read369","MuTIR_2",93.798,129,8,0,16,144,1,129,2.7e-54,195,"CCCAGAGCC","+"
"163",298,"NC328_HL5WNCCXX_L5_read370","MuTIR_2",91.803,61,5,0,90,150,1,61,1.69e-21,86.1,"ACCCAACTG","+"
"164",299,"NC328_HL5WNCCXX_L5_read371","MuTIR_2",94.444,90,5,0,55,144,1,90,1.28e-37,139,"TGCCGCCGC","+"
"165",300,"NC328_HL5WNCCXX_L5_read372","MuTIR_2",90,90,9,0,58,147,1,90,6.01e-31,117,"CTCGTCAGC","+"
"166",301,"NC328_HL5WNCCXX_L5_read373","MuTIR_2",92.079,101,8,0,44,144,1,101,9.91e-39,143,"GTGTTTCCT","+"
"167",302,"NC328_HL5WNCCXX_L5_read375","MuTIR_2",87.778,90,11,0,61,150,1,90,1.3e-27,106,"GCTGGGAAG","+"
"168",303,"NC328_HL5WNCCXX_L5_read376","MuTIR_2",93.548,62,4,0,89,150,1,62,1.01e-23,93.5,"TTCTGCTAG","+"
"169",304,"NC328_HL5WNCCXX_L5_read380","MuTIR_2",87.85,107,13,0,44,150,1,107,9.98e-34,126,"CTGTCAGAG","+"
"170",305,"NC328_HL5WNCCXX_L5_read381","MuTIR_2",92.683,82,6,0,69,150,1,82,1.67e-31,119,"CTACTCGGT","+"
"171",306,"NC328_HL5WNCCXX_L5_read383","MuTIR_2",86.538,104,14,0,44,147,1,104,2.16e-30,115,"GCTGGGAAG","+"
"172",307,"NC328_HL5WNCCXX_L5_read384","MuTIR_2",90.278,72,7,0,79,150,1,72,2.81e-24,95.3,"GCTGGGAAG","+"
"173",308,"NC328_HL5WNCCXX_L5_read386","MuTIR_2",90.164,122,12,0,28,149,1,122,9.84e-44,159,"TCCAACGAG","+"
"174",309,"NC328_HL5WNCCXX_L5_read387","MuTIR_2",92.105,76,6,0,74,149,1,76,3.61e-28,108,"ATTCGTTCC","+"
"175",310,"NC328_HL5WNCCXX_L5_read388","MuTIR_2",89.888,89,9,0,62,150,1,89,2.16e-30,115,"TGCAATGAA","+"
"176",311,"NC328_HL5WNCCXX_L5_read390","MuTIR_2",91.667,108,9,0,41,148,1,108,5.92e-41,150,"CACAGCATC","+"
"177",312,"NC328_HL5WNCCXX_L5_read392","MuTIR_2",92.208,77,6,0,74,150,1,77,1.01e-28,110,"AACAATAAG","+"
"178",313,"NC328_HL5WNCCXX_L5_read399","MuTIR_2",92.857,112,8,0,35,146,1,112,7.61e-45,163,"GCTGCTGTG","+"
"179",314,"NC328_HL5WNCCXX_L5_read400","MuTIR_2",90.566,106,10,0,45,150,1,106,3.56e-38,141,"CCGTGACCC","+"
"180",315,"NC328_HL5WNCCXX_L5_read402","MuTIR_2",86.538,104,14,0,44,147,1,104,2.16e-30,115,"GCTGGGAAG","+"
"181",316,"NC328_HL5WNCCXX_L5_read406","MuTIR_2",94.167,120,7,0,30,149,1,120,5.84e-51,183,"TTCCTCGCC","+"
"182",317,"NC328_HL5WNCCXX_L5_read413","MuTIR_2",84.034,119,14,4,37,150,1,119,1.01e-28,110,"GCGACCTCC","+"
"183",318,"NC328_HL5WNCCXX_L5_read416","MuTIR_2",88.55,131,15,0,20,150,1,131,9.84e-44,159,"GCTGGGAAG","+"
"184",319,"NC328_HL5WNCCXX_L5_read419","MuTIR_2",91.339,127,11,0,11,137,1,127,3.51e-48,174,"CCGTGACCC","+"
"185",320,"NC328_HL5WNCCXX_L5_read421","MuTIR_2",89.247,93,10,0,56,148,1,93,6.01e-31,117,"CTGTCAGAG","+"
"186",321,"NC328_HL5WNCCXX_L5_read423","MuTIR_2",91.892,111,9,0,39,149,1,111,1.27e-42,156,"TGCAATGAT","+"
"187",322,"NC328_HL5WNCCXX_L5_read424","MuTIR_2",91.589,107,9,0,44,150,1,107,2.13e-40,148,"TGCAATGAT","+"
"188",323,"NC328_HL5WNCCXX_L5_read427","MuTIR_2",92.647,68,5,0,82,149,1,68,2.18e-25,99,"TCCAACGAG","+"
"189",324,"NC328_HL5WNCCXX_L5_read430","MuTIR_2",91.803,61,5,0,90,150,1,61,1.69e-21,86.1,"ACCCAACTG","+"
"190",325,"NC328_HL5WNCCXX_L5_read432","MuTIR_2",93.827,81,5,0,70,150,1,81,1.29e-32,122,"TGCAATGAT","+"
"191",326,"NC328_HL5WNCCXX_L5_read433","MuTIR_2",87.778,90,11,0,61,150,1,90,1.3e-27,106,"GCTGGGAAG","+"
"192",327,"NC328_HL5WNCCXX_L5_read434","MuTIR_2",91.935,62,5,0,89,150,1,62,4.71e-22,87.9,"CTGTCAGAG","+"
"193",328,"NC328_HL5WNCCXX_L5_read435","MuTIR_2",90.909,88,8,0,53,140,1,88,1.67e-31,119,"TTCCTCCCC","+"
"194",329,"NC328_HL5WNCCXX_L5_read436","MuTIR_2",87.778,90,11,0,56,145,1,90,1.3e-27,106,"GCTGGGAAG","+"
"195",330,"NC328_HL5WNCCXX_L5_read438","MuTIR_2",92.308,104,8,0,44,147,1,104,2.13e-40,148,"TTCCTCGCC","+"
"196",331,"NC328_HL5WNCCXX_L5_read440","MuTIR_2",89.844,128,13,0,21,148,1,128,2.11e-45,165,"AACAACAAG","+"
"197",332,"NC328_HL5WNCCXX_L5_read441","MuTIR_2",92.079,101,8,0,44,144,1,101,9.91e-39,143,"GTGTTTCCT","+"
"200",335,"NC328_HL5WNCCXX_L5_read447","MuTIR_2",87.85,107,13,0,34,140,1,107,9.98e-34,126,"CGAACAAGA","-"
"210",345,"NC328_HL5WNCCXX_L5_read465","MuTIR_2",91.339,127,11,0,12,138,1,127,3.51e-48,174,"TCAGTAGTG","-"
"215",350,"NC328_HL5WNCCXX_L5_read473","MuTIR_2",89.062,128,14,0,1,128,1,128,9.84e-44,159,"CAGTAGTGA","-"
"219",354,"NC328_HL5WNCCXX_L5_read485","MuTIR_2",88.785,107,12,0,33,139,1,107,2.15e-35,132,"CGAACAAGA","-"
"237",382,"NC328_HL5WNCCXX_L5_read541","MuTIR_2",91.139,79,7,0,72,150,1,79,3.61e-28,108,"AACAATAAG","+"
"238",383,"NC328_HL5WNCCXX_L5_read545","MuTIR_2",91.339,127,11,0,24,150,1,127,3.51e-48,174,"TGGTTCGGG","+"
"239",384,"NC328_HL5WNCCXX_L5_read547","MuTIR_2",91.473,129,11,0,13,141,1,129,2.72e-49,178,"TGGTTCGGG","+"
"243",402,"NC328_HL5WNCCXX_L5_read582","MuTIR_2",82.883,111,16,1,43,150,1,111,7.82e-25,97.1,"CTCGTTGGA","+"
"244",403,"NC328_HL5WNCCXX_L5_read583","MuTIR_2",86.747,83,8,1,60,139,1,83,1.31e-22,89.8,"CTCGTTGGA","+"
"245",404,"NC328_HL5WNCCXX_L5_read584","MuTIR_2",82.883,111,16,1,43,150,1,111,7.82e-25,97.1,"CTCGTTGGA","+"
"251",414,"NC328_HL5WNCCXX_L5_read607","MuTIR_2",87.963,108,11,2,38,144,1,107,9.98e-34,126,"GGAACGAAT","+"
"252",415,"NC328_HL5WNCCXX_L5_read608","MuTIR_2",86.667,120,14,2,32,150,1,119,2.15e-35,132,"CCTCCTTAA","+"
"253",416,"NC328_HL5WNCCXX_L5_read610","MuTIR_2",86.047,129,16,2,21,148,1,128,4.61e-37,137,"GGAACGAAT","+"
"254",417,"NC328_HL5WNCCXX_L5_read611","MuTIR_2",88.889,81,7,2,71,150,1,80,2.18e-25,99,"CCTCCTTAA","+"
"255",419,"NC328_HL5WNCCXX_L5_read615","MuTIR_2",88.119,101,10,2,51,150,1,100,1.67e-31,119,"CCTCCTTAA","+"
"256",420,"NC328_HL5WNCCXX_L5_read616","MuTIR_2",87.963,108,11,2,35,141,1,107,9.98e-34,126,"CCTCCTTAA","+"
"264",433,"NC328_HL5WNCCXX_L5_read642","MuTIR_2",86.111,72,8,1,81,150,1,72,1.02e-18,76.8,"ATTCGTGTG","+"
"265",434,"NC328_HL5WNCCXX_L5_read643","MuTIR_2",87.121,132,15,1,21,150,1,132,2.13e-40,148,"ATTCGTGTG","+"
"268",448,"NC328_HL5WNCCXX_L5_read662","MuTIR_2",87.5,104,13,0,47,150,1,104,4.64e-32,121,"GGCTCTGGG","+"
"272",455,"NC328_HL5WNCCXX_L5_read718","MuTIR_3",91.2,125,11,0,26,150,1,125,4.55e-47,171,"CCGTTTTTT","+"
"273",456,"NC328_HL5WNCCXX_L5_read720","MuTIR_3",93.701,127,8,0,24,150,1,127,3.49e-53,191,"GGCCCCCTC","+"
"274",457,"NC328_HL5WNCCXX_L5_read721","MuTIR_3",91.473,129,9,2,23,150,1,128,9.77e-49,176,"CCCTGCGAG","+"
"275",458,"NC328_HL5WNCCXX_L5_read723","MuTIR_3",91.473,129,9,2,23,150,1,128,9.77e-49,176,"CCCTGCGAG","+"
"276",459,"NC328_HL5WNCCXX_L5_read728","MuTIR_3",91.667,72,4,2,80,150,1,71,2.18e-25,99,"CCCTGCGAG","+"
"277",460,"NC328_HL5WNCCXX_L5_read730","MuTIR_3",92.754,69,5,0,82,150,1,69,6.05e-26,100,"CCGTTTTTT","+"
"278",461,"NC328_HL5WNCCXX_L5_read733","MuTIR_3",93.701,127,8,0,24,150,1,127,3.49e-53,191,"GGCCCCCTC","+"
"279",462,"NC328_HL5WNCCXX_L5_read735","MuTIR_3",93.478,138,9,0,10,147,1,138,1.25e-57,206,"GGCCCCCTC","+"
"280",463,"NC328_HL5WNCCXX_L5_read737","MuTIR_3",91.743,109,9,0,42,150,1,109,1.65e-41,152,"AAAAAATGG","+"
"281",464,"NC328_HL5WNCCXX_L5_read738","MuTIR_3",92.5,80,6,0,70,149,1,80,2.16e-30,115,"AAAAAATGG","+"
"282",465,"NC328_HL5WNCCXX_L5_read740","MuTIR_3",92.308,91,7,0,60,150,1,91,7.71e-35,130,"AGAGGGGGG","+"
"283",466,"NC328_HL5WNCCXX_L5_read741","MuTIR_3",92.029,138,11,0,13,150,1,138,2.7e-54,195,"CCGTTTTTT","+"
"284",467,"NC328_HL5WNCCXX_L5_read742","MuTIR_3",92.5,80,6,0,71,150,1,80,2.16e-30,115,"CCGTTTTTT","+"
"285",468,"NC328_HL5WNCCXX_L5_read743","MuTIR_3",92.308,91,5,2,61,150,1,90,2.77e-34,128,"CATATGTAC","+"
"286",469,"NC328_HL5WNCCXX_L5_read745","MuTIR_3",97.872,47,1,0,101,147,1,47,2.19e-20,82.4,"CATATGTAC","+"
"287",470,"NC328_HL5WNCCXX_L5_read746","MuTIR_3",91.538,130,9,2,22,150,1,129,2.72e-49,178,"CCCTGCGAG","+"
"288",471,"NC328_HL5WNCCXX_L5_read747","MuTIR_3",97.297,37,1,0,114,150,1,37,7.94e-15,63.9,"AAAAAATGG","+"
"306",496,"NC328_HL5WNCCXX_L5_read793","MuTIR_3",90.698,86,8,0,65,150,1,86,2.16e-30,115,"AGGGGTCGC","+"
"307",497,"NC328_HL5WNCCXX_L5_read794","MuTIR_3",94.681,94,5,0,57,150,1,94,7.66e-40,147,"ACTGACGGG","+"
"308",498,"NC328_HL5WNCCXX_L5_read797","MuTIR_3",92.857,98,7,0,53,150,1,98,9.91e-39,143,"AGTAGAGCA","+"
"309",499,"NC328_HL5WNCCXX_L5_read799","MuTIR_3",90.977,133,12,0,10,142,1,133,7.55e-50,180,"AGGGGTCGC","+"
"310",500,"NC328_HL5WNCCXX_L5_read800","MuTIR_3",87.912,91,11,0,60,150,1,91,3.61e-28,108,"CTTCAGAGA","+"
"311",503,"NC328_HL5WNCCXX_L5_read811","MuTIR_3",88.372,86,10,0,63,148,1,86,4.68e-27,104,"CCGCCCGCG","+"
"312",504,"NC328_HL5WNCCXX_L5_read812","MuTIR_3",88.095,84,10,0,67,150,1,84,6.05e-26,100,"CTTCAGAGA","+"
"313",506,"NC328_HL5WNCCXX_L5_read817","MuTIR_3",93.443,122,8,0,29,150,1,122,2.1e-50,182,"AGTAGAGCA","+"
"314",507,"NC328_HL5WNCCXX_L5_read819","MuTIR_3",90.826,109,10,0,42,150,1,109,7.66e-40,147,"AGTAGAGCA","+"
"319",514,"NC328_HL5WNCCXX_L5_read831","MuTIR_3",90.977,133,12,0,9,141,1,133,7.55e-50,180,"AACGACGAT","-"
"320",515,"NC328_HL5WNCCXX_L5_read832","MuTIR_3",88.372,129,15,0,11,139,1,129,1.27e-42,156,"GGATTCAGA","-"
"322",517,"NC328_HL5WNCCXX_L5_read838","MuTIR_3",90.977,133,12,0,9,141,1,133,7.55e-50,180,"AACGACGAT","-"
"330",539,"NC328_HL5WNCCXX_L5_read885","MuTIR_3",94.565,92,5,0,59,150,1,92,9.91e-39,143,"TTCGTCGAC","+"
"331",541,"NC328_HL5WNCCXX_L5_read888","MuTIR_3",94.805,77,4,0,72,148,1,77,4.64e-32,121,"TTCGTCGAC","+"
"332",542,"NC328_HL5WNCCXX_L5_read890","MuTIR_3",93.878,98,6,0,50,147,1,98,2.13e-40,148,"GACCTCAAA","+"
"333",543,"NC328_HL5WNCCXX_L5_read891","MuTIR_3",93.701,127,8,0,24,150,1,127,3.49e-53,191,"TCAAACAGG","+"
"334",544,"NC328_HL5WNCCXX_L5_read893","MuTIR_3",94.262,122,7,0,27,148,1,122,4.51e-52,187,"TCAAACAGG","+"
"335",545,"NC328_HL5WNCCXX_L5_read894","MuTIR_3",90.816,98,7,2,53,150,1,96,7.71e-35,130,"TACCTGTTT","+"
"336",546,"NC328_HL5WNCCXX_L5_read895","MuTIR_3",91.667,96,6,2,55,150,1,94,2.15e-35,132,"CTATCCTGG","+"
"337",548,"NC328_HL5WNCCXX_L5_read898","MuTIR_3",94.521,73,4,0,78,150,1,73,7.77e-30,113,"GACCCTTTG","+"
"338",550,"NC328_HL5WNCCXX_L5_read902","MuTIR_3",93.396,106,7,0,45,150,1,106,3.54e-43,158,"CTCCTCATC","+"
"339",552,"NC328_HL5WNCCXX_L5_read905","MuTIR_3",92.308,78,4,2,73,150,1,76,1.01e-28,110,"CTATCCTGG","+"
"340",553,"NC328_HL5WNCCXX_L5_read906","MuTIR_3",89.855,138,11,3,11,147,1,136,3.51e-48,174,"CTATCCTGG","+"
"341",555,"NC328_HL5WNCCXX_L5_read908","MuTIR_3",94.915,118,6,0,30,147,1,118,1.62e-51,185,"GACCCTTTG","+"
"342",556,"NC328_HL5WNCCXX_L5_read909","MuTIR_3",92.593,108,8,0,43,150,1,108,1.27e-42,156,"CCTGTTTGA","+"
"345",559,"NC328_HL5WNCCXX_L5_read913","MuTIR_3",93.985,133,8,0,2,134,1,133,1.61e-56,202,"AACGACGAC","-"
"350",566,"NC328_HL5WNCCXX_L5_read920","MuTIR_3",89.706,136,13,1,2,136,1,136,1.26e-47,172,"CGACGACCT","-"
"363",579,"NC328_HL5WNCCXX_L5_read935","MuTIR_3",90.977,133,12,0,9,141,1,133,7.55e-50,180,"AACGACGAC","-"
"364",580,"NC328_HL5WNCCXX_L5_read936","MuTIR_3",89.147,129,14,0,7,135,1,129,2.74e-44,161,"GGATTCAGA","-"
"367",584,"NC328_HL5WNCCXX_L5_read942","MuTIR_3",89.922,129,13,0,14,142,1,129,5.88e-46,167,"AGTTTCAGA","+"
"368",585,"NC328_HL5WNCCXX_L5_read944","MuTIR_3",89.922,129,13,0,14,142,1,129,5.88e-46,167,"AGTTTCAGA","+"
"369",587,"NC328_HL5WNCCXX_L5_read948","MuTIR_3",91.304,69,6,0,82,150,1,69,2.81e-24,95.3,"AGTTTCAGA","+"
"372",593,"NC328_HL5WNCCXX_L5_read956","MuTIR_3",92.373,118,9,0,33,150,1,118,1.63e-46,169,"CTCCAGGAT","+"
"373",594,"NC328_HL5WNCCXX_L5_read957","MuTIR_3",93.421,76,5,0,75,150,1,76,7.77e-30,113,"CTCCAGGAT","+"
"377",613,"NC328_HL5WNCCXX_L5_read977","MuTIR_3",83.81,105,13,4,46,148,1,103,7.82e-25,97.1,"GCAGGCTAG","+"
"378",678,"NC328_HL5WNCCXX_L5_read1113","MuTIR_4",92.793,111,8,0,40,150,1,111,7.61e-45,163,"GCAAGAGAG","+"
"379",679,"NC328_HL5WNCCXX_L5_read1114","MuTIR_4",93.103,116,8,0,35,150,1,116,1.26e-47,172,"GCAAGAGAG","+"
"380",680,"NC328_HL5WNCCXX_L5_read1116","MuTIR_4",86.154,130,18,0,10,139,1,130,3.56e-38,141,"NTGACTGAG","+"
"381",681,"NC328_HL5WNCCXX_L5_read1119","MuTIR_4",92.793,111,8,0,40,150,1,111,7.61e-45,163,"GCAAGAGAG","+"
"382",682,"NC328_HL5WNCCXX_L5_read1120","MuTIR_4",93.023,86,6,0,48,133,1,86,9.98e-34,126,"GTGACTGAG","+"
"383",683,"NC328_HL5WNCCXX_L5_read1122","MuTIR_4",90,130,13,0,20,149,1,130,4.55e-47,171,"CTAGCCTAG","+"
"384",684,"NC328_HL5WNCCXX_L5_read1126","MuTIR_4",87.77,139,17,0,12,150,1,139,2.11e-45,165,"CTCTCTTGC","+"
"385",685,"NC328_HL5WNCCXX_L5_read1131","MuTIR_4",95.062,81,4,0,68,148,1,81,2.77e-34,128,"CTCTCTTGC","+"
"386",686,"NC328_HL5WNCCXX_L5_read1135","MuTIR_4",92.308,104,8,0,46,149,1,104,2.13e-40,148,"CGGCCACCG","+"
"387",687,"NC328_HL5WNCCXX_L5_read1136","MuTIR_4",93.023,86,6,0,63,148,1,86,9.98e-34,126,"GTGACTGAG","+"
"406",706,"NC328_HL5WNCCXX_L5_read1180","MuTIR_4",86.139,101,13,1,48,148,1,100,3.61e-28,108,"AGCGACGAG","+"
"407",707,"NC328_HL5WNCCXX_L5_read1187","MuTIR_4",86.923,130,16,1,15,144,1,129,7.66e-40,147,"AGCGACGAG","+"
"408",708,"NC328_HL5WNCCXX_L5_read1188","MuTIR_4",86.139,101,13,1,44,144,1,100,3.61e-28,108,"AGCGACGAG","+"
"409",710,"NC328_HL5WNCCXX_L5_read1197","MuTIR_4",87.097,124,15,1,27,150,1,123,3.56e-38,141,"TCGGCGGTC","+"
"410",711,"NC328_HL5WNCCXX_L5_read1202","MuTIR_4",93.333,90,6,0,37,126,1,90,5.96e-36,134,"GGGCGAAAA","-"
"411",712,"NC328_HL5WNCCXX_L5_read1203","MuTIR_4",93.333,90,6,0,48,137,1,90,5.96e-36,134,"GGGCGAAGA","-"
"412",714,"NC328_HL5WNCCXX_L5_read1216","MuTIR_4",89.412,85,9,0,65,149,1,85,3.61e-28,108,"GACTTTAGC","+"
"413",715,"NC328_HL5WNCCXX_L5_read1217","MuTIR_4",88.596,114,13,0,37,150,1,114,3.56e-38,141,"GACTTTAGC","+"
"414",716,"NC328_HL5WNCCXX_L5_read1218","MuTIR_4",89.412,85,9,0,65,149,1,85,3.61e-28,108,"GACTTTAGC","+"
"419",732,"NC328_HL5WNCCXX_L5_read1254","MuTIR_4",85.938,64,9,0,86,149,1,64,1.71e-16,69.4,"GTGTGTGGG","+"
"420",733,"NC328_HL5WNCCXX_L5_read1255","MuTIR_4",85.938,64,9,0,86,149,1,64,1.71e-16,69.4,"GTGTGTGGG","+"
"422",756,"NC328_HL5WNCCXX_L5_read1310","MuTIR_5",95.918,49,2,0,102,150,1,49,7.88e-20,80.5,"TAAACCACC","+"
"423",757,"NC328_HL5WNCCXX_L5_read1311","MuTIR_5",89.796,98,8,1,55,150,1,98,9.98e-34,126,"ATTGAGCCC","+"
"424",758,"NC328_HL5WNCCXX_L5_read1312","MuTIR_5",95.918,49,2,0,95,143,1,49,7.88e-20,80.5,"ATTGAGCCC","+"
"425",759,"NC328_HL5WNCCXX_L5_read1314","MuTIR_5",91.667,72,4,1,74,143,1,72,6.05e-26,100,"CTCAGAAAG","+"
"426",760,"NC328_HL5WNCCXX_L5_read1315","MuTIR_5",90,130,11,1,17,144,1,130,1.63e-46,169,"GCTGCAGGA","+"
"428",762,"NC328_HL5WNCCXX_L5_read1318","MuTIR_5",89.157,83,7,1,64,144,1,83,4.68e-27,104,"ATTGAGCCC","+"
"429",763,"NC328_HL5WNCCXX_L5_read1319","MuTIR_5",100,30,0,0,50,79,1,30,1.33e-12,56.5,"ACCTTGACA","+"
"430",764,"NC328_HL5WNCCXX_L5_read1320","MuTIR_5",93.243,74,3,1,76,147,1,74,1.01e-28,110,"CGAGACGGC","+"
"431",765,"NC328_HL5WNCCXX_L5_read1322","MuTIR_5",90.244,82,6,1,71,150,1,82,3.61e-28,108,"AGCTGCGGC","+"
"432",766,"NC328_HL5WNCCXX_L5_read1323","MuTIR_5",90,130,11,1,21,148,1,130,1.63e-46,169,"GCTGCAGGA","+"
"433",767,"NC328_HL5WNCCXX_L5_read1325","MuTIR_5",92.708,96,5,1,46,139,1,96,1.28e-37,139,"GCTGCAGGA","+"
"434",768,"NC328_HL5WNCCXX_L5_read1326","MuTIR_5",87.64,89,9,1,64,150,1,89,1.68e-26,102,"GACGCTCGC","+"
"435",769,"NC328_HL5WNCCXX_L5_read1328","MuTIR_5",89.157,83,7,1,64,144,1,83,4.68e-27,104,"ATTGAGCCC","+"
"436",770,"NC328_HL5WNCCXX_L5_read1329","MuTIR_5",95.918,49,2,0,84,132,1,49,7.88e-20,80.5,"GACGCTCGC","+"
"437",771,"NC328_HL5WNCCXX_L5_read1330","MuTIR_5",100,30,0,0,115,144,1,30,1.33e-12,56.5,"ATTGAGCCC","+"
"438",772,"NC328_HL5WNCCXX_L5_read1331","MuTIR_5",93.023,43,3,0,108,150,1,43,7.94e-15,63.9,"GACGCTCGC","+"
"439",773,"NC328_HL5WNCCXX_L5_read1334","MuTIR_5",95.918,49,2,0,102,150,1,49,7.88e-20,80.5,"TAAACCACC","+"
"441",775,"NC328_HL5WNCCXX_L5_read1338","MuTIR_5",89.381,113,10,1,39,149,1,113,9.91e-39,143,"AGCTGCGGC","+"
"442",776,"NC328_HL5WNCCXX_L5_read1342","MuTIR_5",95.918,49,2,0,89,137,1,49,7.88e-20,80.5,"AGGCATAGG","-"
"454",788,"NC328_HL5WNCCXX_L5_read1366","MuTIR_5",87.5,120,13,1,22,139,1,120,1.28e-37,139,"CCGTTACAT","-"
"459",793,"NC328_HL5WNCCXX_L5_read1381","MuTIR_5",95.918,49,2,0,89,137,1,49,7.88e-20,80.5,"AGGCATAGG","-"
"461",795,"NC328_HL5WNCCXX_L5_read1383","MuTIR_5",100,30,0,0,39,68,1,30,1.33e-12,56.5,"ACTGGCGAG","-"
"462",796,"NC328_HL5WNCCXX_L5_read1384","MuTIR_5",88.43,121,11,2,18,135,1,121,2.76e-39,145,"CCCCATTAG","-"
"463",805,"NC328_HL5WNCCXX_L5_read1455","MuTIR_6",93.939,66,4,0,84,149,1,66,6.05e-26,100,"GGCACTACA","+"
"464",806,"NC328_HL5WNCCXX_L5_read1456","MuTIR_6",90.598,117,10,1,10,125,1,117,4.58e-42,154,"GGGAGGGAG","+"
"465",807,"NC328_HL5WNCCXX_L5_read1458","MuTIR_6",95.798,119,5,0,32,150,1,119,9.7e-54,193,"TGCACTATG","+"
"466",808,"NC328_HL5WNCCXX_L5_read1459","MuTIR_6",95.798,119,5,0,32,150,1,119,9.7e-54,193,"TGCACTATG","+"
"467",809,"NC328_HL5WNCCXX_L5_read1468","MuTIR_6",96.97,66,2,0,84,149,1,66,2.79e-29,111,"TGCACTATG","+"
"468",810,"NC328_HL5WNCCXX_L5_read1470","MuTIR_6",90.598,117,10,1,10,125,1,117,4.58e-42,154,"GGGAGGGAG","+"
"469",811,"NC328_HL5WNCCXX_L5_read1474","MuTIR_6",95.062,81,4,0,70,150,1,81,2.77e-34,128,"TGCACTATG","+"
"470",812,"NC328_HL5WNCCXX_L5_read1475","MuTIR_6",100,42,0,0,107,148,1,42,2.83e-19,78.7,"TGTACTACG","+"
"471",813,"NC328_HL5WNCCXX_L5_read1478","MuTIR_6",90.598,117,10,1,10,125,1,117,4.58e-42,154,"GGGAGGGAG","+"
"475",817,"NC328_HL5WNCCXX_L5_read1499","MuTIR_6",89.744,117,11,1,21,136,1,117,2.13e-40,148,"AATCGATAT","-"
"479",821,"NC328_HL5WNCCXX_L5_read1508","MuTIR_6",96.296,81,3,0,70,150,1,81,5.96e-36,134,"TCCTAGGCT","+"
"480",822,"NC328_HL5WNCCXX_L5_read1509","MuTIR_6",96.429,84,3,0,67,150,1,84,1.28e-37,139,"AGGAGAGGG","+"
"481",823,"NC328_HL5WNCCXX_L5_read1510","MuTIR_6",96.774,62,2,0,88,149,1,62,4.68e-27,104,"ATGCAGATG","+"
"482",828,"NC328_HL5WNCCXX_L5_read1520","MuTIR_6",95.614,114,5,0,28,141,1,114,5.84e-51,183,"TCCTAGGCT","+"
"483",829,"NC328_HL5WNCCXX_L5_read1521","MuTIR_6",96.296,81,3,0,70,150,1,81,5.96e-36,134,"TCCTAGGCT","+"
"492",855,"NC328_HL5WNCCXX_L5_read1648","MuTIR_7",90.323,124,11,1,27,150,1,123,2.11e-45,165,"TCGTACCGC","+"
"493",856,"NC328_HL5WNCCXX_L5_read1649","MuTIR_7",91.304,138,11,1,13,150,1,137,3.49e-53,191,"TCGTACCGC","+"
"494",857,"NC328_HL5WNCCXX_L5_read1650","MuTIR_7",88.406,138,15,1,13,150,1,137,1.63e-46,169,"CTTCGTAGG","+"
"496",861,"NC328_HL5WNCCXX_L5_read1661","MuTIR_7",90,80,7,1,72,150,1,80,1.3e-27,106,"TACCTAGTT","+"
"497",862,"NC328_HL5WNCCXX_L5_read1662","MuTIR_7",92.105,114,7,2,38,150,1,113,7.61e-45,163,"TACCTAGTT","+"
"498",863,"NC328_HL5WNCCXX_L5_read1663","MuTIR_7",91.346,104,7,2,48,150,1,103,2.76e-39,145,"TACCTAGTT","+"
"499",864,"NC328_HL5WNCCXX_L5_read1664","MuTIR_7",93.023,129,7,2,23,150,1,128,3.49e-53,191,"TACCTAGTT","+"
"502",880,"NC328_HBEN2ADXX_GGCTAC_read5","MuTIR_1",94.681,94,4,1,58,151,1,93,2.77e-39,145,"GAGAGCCTC","+"
"503",881,"NC328_HBEN2ADXX_GGCTAC_read10","MuTIR_1",95.327,107,2,2,47,151,1,106,5.92e-46,167,"GCCGTGCGA","+"
"510",888,"NC328_HBEN2ADXX_GGCTAC_read31","MuTIR_1",91.15,113,9,1,39,151,1,112,1.66e-41,152,"GGTAGAGAG","+"
"511",889,"NC328_HBEN2ADXX_GGCTAC_read33","MuTIR_1",97.917,48,1,0,102,149,1,48,6.14e-21,84.2,"CCAGCAGCC","+"
"513",905,"NC328_HBEN2ADXX_GGCTAC_read76","MuTIR_2",91.753,97,8,0,52,148,1,97,1.67e-36,135,"TGCAATGAT","+"
"515",907,"NC328_HBEN2ADXX_GGCTAC_read81","MuTIR_2",90,130,13,0,22,151,1,130,1.65e-46,169,"TGCAATGAT","+"
"522",918,"NC328_HBEN2ADXX_GGCTAC_read105","MuTIR_2",86.047,129,16,2,1,128,1,128,4.64e-37,137,"CAGTAGTGA","-"
"524",920,"NC328_HBEN2ADXX_GGCTAC_read108","MuTIR_2",87.805,82,8,1,64,143,1,82,2.83e-24,95.3,"ATTCGTGTG","+"
"525",927,"NC328_HBEN2ADXX_GGCTAC_read125","MuTIR_3",93.893,131,8,0,21,151,1,131,2.1e-55,198,"GGCCCCCTC","+"
"526",928,"NC328_HBEN2ADXX_GGCTAC_read126","MuTIR_3",95.238,84,4,0,68,151,1,84,6.01e-36,134,"CCCCCCTCT","+"
"527",929,"NC328_HBEN2ADXX_GGCTAC_read127","MuTIR_3",91.667,96,8,0,56,151,1,96,6.01e-36,134,"CCGTTTTTT","+"
"531",933,"NC328_HBEN2ADXX_GGCTAC_read135","MuTIR_3",90.833,120,11,0,32,151,1,120,2.76e-44,161,"AGGGGTCGC","+"
"532",934,"NC328_HBEN2ADXX_GGCTAC_read138","MuTIR_3",89.908,109,11,0,41,149,1,109,3.59e-38,141,"TCTGAAACT","+"
"533",935,"NC328_HBEN2ADXX_GGCTAC_read139","MuTIR_3",89.231,130,14,0,5,134,1,130,7.66e-45,163,"AGTAACGAC","-"
"536",939,"NC328_HBEN2ADXX_GGCTAC_read146","MuTIR_3",94.667,75,4,0,70,144,1,75,6.05e-31,117,"CTCCTCATC","+"
"538",941,"NC328_HBEN2ADXX_GGCTAC_read150","MuTIR_3",90.625,128,12,0,24,151,1,128,4.58e-47,171,"AGTTACGCC","+"
"539",944,"NC328_HBEN2ADXX_GGCTAC_read156","MuTIR_3",93.233,133,9,0,6,138,1,133,7.55e-55,196,"AACGACGAC","-"
"541",964,"NC328_HBEN2ADXX_GGCTAC_read189","MuTIR_4",90.833,120,11,0,14,133,1,120,7.66e-45,163,"CGGCCACCG","+"
"544",967,"NC328_HBEN2ADXX_GGCTAC_read202","MuTIR_4",93.671,79,5,0,70,148,1,79,1.68e-31,119,"TCGGCGGTC","+"
"545",975,"NC328_HBEN2ADXX_GGCTAC_read222","MuTIR_5",91.045,67,4,1,87,151,1,67,3.67e-23,91.6,"CTCAGAAAG","+"
"546",976,"NC328_HBEN2ADXX_GGCTAC_read224","MuTIR_5",90.411,73,5,1,81,151,1,73,7.88e-25,97.1,"TAAACCACC","+"
"547",977,"NC328_HBEN2ADXX_GGCTAC_read225","MuTIR_5",91.463,82,5,1,72,151,1,82,7.83e-30,113,"CGAGACGGC","+"
"548",978,"NC328_HBEN2ADXX_GGCTAC_read229","MuTIR_5",100,30,0,0,77,106,1,30,1.34e-12,56.5,"ACTGGCGAG","-"
"551",983,"NC328_HBEN2ADXX_GGCTAC_read246","MuTIR_6",96.386,83,3,0,69,151,1,83,4.64e-37,137,"TGCACTACG","+"
"552",984,"NC328_HBEN2ADXX_GGCTAC_read248","MuTIR_6",96.429,84,3,0,68,151,1,84,1.29e-37,139,"TGCACTACA","+"
"553",985,"NC328_HBEN2ADXX_GGCTAC_read249","MuTIR_6",95.798,119,5,0,31,149,1,119,9.77e-54,193,"TGCACTACA","+"
"557",992,"NC328_HBEN2ADXX_GGCTAC_read275","MuTIR_7",90.722,97,9,0,55,151,1,97,6.01e-36,134,"TCGTACCGC","+"
