"","X","qname","sname","percent_identity","alignment_length","mismatches","gap_opens","q_start","q_end","s_start","s_end","evalue","bit_score","tsds","strand"
"1",1,"NC342_HB1JEADXX_ATGTCA_read3","MuTIR_1",95.96,99,3,1,53,151,1,98,9.91e-44,159,"CTCCCTCCC","+"
"2",2,"NC342_HB1JEADXX_ATGTCA_read5","MuTIR_1",94.737,95,4,1,14,108,1,94,7.72e-40,147,"GCTGGCGAC","+"
"3",3,"NC342_HB1JEADXX_ATGTCA_read7","MuTIR_1",86.957,115,10,2,18,127,1,115,3.61e-33,124,"TCTTGAAAC","+"
"4",4,"NC342_HB1JEADXX_ATGTCA_read8","MuTIR_1",100,43,0,0,109,151,1,43,7.94e-20,80.5,"GAGGCTCTC","+"
"5",5,"NC342_HB1JEADXX_ATGTCA_read9","MuTIR_1",94.074,135,7,1,17,151,1,134,4.51e-57,204,"GAAAGAGAG","+"
"6",6,"NC342_HB1JEADXX_ATGTCA_read12","MuTIR_1",97.917,48,1,0,89,136,1,48,6.14e-21,84.2,"GGGAGGGAG","+"
"10",10,"NC342_HB1JEADXX_ATGTCA_read19","MuTIR_1",94.737,95,4,1,48,142,1,94,7.72e-40,147,"TCTTCCTGA","-"
"17",21,"NC342_HB1JEADXX_ATGTCA_read39","MuTIR_1",89.72,107,9,2,44,149,1,106,1.67e-36,135,"GCTATAAAC","+"
"18",32,"NC342_HB1JEADXX_ATGTCA_read80","MuTIR_2",91.667,72,6,0,80,151,1,72,6.09e-26,100,"ATCCACCAC","+"
"19",33,"NC342_HB1JEADXX_ATGTCA_read82","MuTIR_2",88.785,107,12,0,40,146,1,107,2.16e-35,132,"CTACTCGGT","+"
"20",34,"NC342_HB1JEADXX_ATGTCA_read84","MuTIR_2",93.578,109,5,2,44,151,1,108,2.76e-44,161,"TGCCGCCGC","+"
"21",35,"NC342_HB1JEADXX_ATGTCA_read86","MuTIR_2",87.85,107,13,0,44,150,1,107,1.01e-33,126,"GTAGCTACT","+"
"22",36,"NC342_HB1JEADXX_ATGTCA_read87","MuTIR_2",98.077,52,1,0,44,95,1,52,3.67e-23,91.6,"TTCCTCGCC","+"
"23",37,"NC342_HB1JEADXX_ATGTCA_read88","MuTIR_2",96.512,86,3,0,66,151,1,86,9.98e-39,143,"CCGTCTGCG","+"
"36",57,"NC342_HB1JEADXX_ATGTCA_read120","MuTIR_2",86.822,129,15,2,10,137,1,128,9.98e-39,143,"CCCCCTCCC","+"
"37",58,"NC342_HB1JEADXX_ATGTCA_read122","MuTIR_2",89.157,83,7,2,67,148,1,82,1.69e-26,102,"CCCCCTCCC","+"
"38",61,"NC342_HB1JEADXX_ATGTCA_read129","MuTIR_2",86.822,129,15,2,3,130,1,128,9.98e-39,143,"CAGTAGTGA","-"
"41",71,"NC342_HB1JEADXX_ATGTCA_read167","MuTIR_3",94.068,118,5,2,24,140,1,117,2.74e-49,178,"TAAATCATT","-"
"42",73,"NC342_HB1JEADXX_ATGTCA_read169","MuTIR_3",96.053,76,3,0,75,150,1,76,3.61e-33,124,"ACTGACGGG","+"
"43",74,"NC342_HB1JEADXX_ATGTCA_read171","MuTIR_3",90.551,127,12,0,25,151,1,127,1.65e-46,169,"TCATCTCTC","+"
"45",77,"NC342_HB1JEADXX_ATGTCA_read183","MuTIR_3",89.394,66,7,0,86,151,1,66,6.14e-21,84.2,"CCCGTCCCC","+"
"46",78,"NC342_HB1JEADXX_ATGTCA_read184","MuTIR_3",93.258,89,6,0,63,151,1,89,2.16e-35,132,"CATGTGAAA","+"
"51",99,"NC342_HB1JEADXX_ATGTCA_read227","MuTIR_4",90.083,121,12,0,29,149,1,121,9.91e-44,159,"CTCGACATA","+"
"52",100,"NC342_HB1JEADXX_ATGTCA_read232","MuTIR_4",92.793,111,8,0,36,146,1,111,7.66e-45,163,"GGGAGCGGT","+"
"54",102,"NC342_HB1JEADXX_ATGTCA_read234","MuTIR_4",96.429,56,2,0,96,151,1,56,1.02e-23,93.5,"CCGAAGACT","+"
"56",116,"NC342_HB1JEADXX_ATGTCA_read273","MuTIR_5",86.275,102,12,1,50,149,1,102,2.81e-29,111,"ACCTTGACA","+"
"57",117,"NC342_HB1JEADXX_ATGTCA_read276","MuTIR_5",87.342,79,8,2,75,151,1,79,3.67e-23,91.6,"ATTGAGCCC","+"
"58",118,"NC342_HB1JEADXX_ATGTCA_read277","MuTIR_5",91.667,60,3,1,94,151,1,60,2.21e-20,82.4,"GCTGCAGGA","+"
"62",124,"NC342_HB1JEADXX_ATGTCA_read295","MuTIR_6",96.552,58,2,0,94,151,1,58,7.88e-25,97.1,"TGCACTACG","+"
"63",125,"NC342_HB1JEADXX_ATGTCA_read296","MuTIR_6",96.154,130,5,0,22,151,1,130,7.5e-60,213,"TGCACTACG","+"
"64",126,"NC342_HB1JEADXX_ATGTCA_read297","MuTIR_6",95.413,109,5,0,43,151,1,109,3.54e-48,174,"TGCACTATA","+"
"66",128,"NC342_HB1JEADXX_ATGTCA_read299","MuTIR_6",97.273,110,3,0,42,151,1,110,4.55e-52,187,"AGGAGAGGG","+"
"67",129,"NC342_HB1JEADXX_ATGTCA_read300","MuTIR_6",96.33,109,4,0,43,151,1,109,7.61e-50,180,"CCGTAGATC","+"
"69",137,"NC342_HB1LCADXX_ATGTCA_read2","MuTIR_1",96.078,102,3,1,50,151,1,101,2.13e-45,165,"CTCCCTCCC","+"
"70",138,"NC342_HB1LCADXX_ATGTCA_read4","MuTIR_1",100,38,0,0,114,151,1,38,4.78e-17,71.3,"GGCTGGCGG","+"
"71",139,"NC342_HB1LCADXX_ATGTCA_read6","MuTIR_1",95.652,69,2,1,80,148,1,68,1.01e-28,110,"GCCGTGCGA","+"
"72",140,"NC342_HB1LCADXX_ATGTCA_read8","MuTIR_1",95.789,95,3,1,38,132,1,94,1.66e-41,152,"TCTTCCTGA","-"
"78",148,"NC342_HB1LCADXX_ATGTCA_read19","MuTIR_1",92.5,80,5,1,72,151,1,79,7.83e-30,113,"CTTTGGATG","+"
"81",155,"NC342_HB1LCADXX_ATGTCA_read40","MuTIR_2",89.815,108,11,0,44,151,1,108,1.29e-37,139,"AGTTTTAGG","+"
"82",156,"NC342_HB1LCADXX_ATGTCA_read41","MuTIR_2",93.805,113,7,0,26,138,1,113,4.58e-47,171,"TTCCTCGCC","+"
"83",157,"NC342_HB1LCADXX_ATGTCA_read42","MuTIR_2",87.85,107,13,0,35,141,1,107,1.01e-33,126,"TTCGCGCCC","+"
"86",161,"NC342_HB1LCADXX_ATGTCA_read54","MuTIR_2",88.312,77,9,0,75,151,1,77,1.02e-23,93.5,"AGCGCCGAG","+"
"87",162,"NC342_HB1LCADXX_ATGTCA_read55","MuTIR_2",88.889,81,9,0,62,142,1,81,6.09e-26,100,"TGCAGGGAA","-"
"89",171,"NC342_HB1LCADXX_ATGTCA_read71","MuTIR_3",92.079,101,8,0,51,151,1,101,9.98e-39,143,"CCTGAGTTG","+"
"91",173,"NC342_HB1LCADXX_ATGTCA_read74","MuTIR_3",94.737,95,5,0,57,151,1,95,2.15e-40,148,"ACTGACGGG","+"
"92",176,"NC342_HB1LCADXX_ATGTCA_read81","MuTIR_3",90.517,116,11,0,36,151,1,116,4.61e-42,154,"GGGACGGGG","+"
"95",192,"NC342_HB1LCADXX_ATGTCA_read129","MuTIR_5",84.496,129,18,1,25,151,1,129,2.79e-34,128,"ACCTTGACA","+"
"96",193,"NC342_HB1LCADXX_ATGTCA_read131","MuTIR_5",90.265,113,9,1,38,148,1,113,2.15e-40,148,"GCTGCAGGA","+"
"97",194,"NC342_HB1LCADXX_ATGTCA_read141","MuTIR_6",96.774,62,2,0,87,148,1,62,4.71e-27,104,"ATGCAGATG","+"
"99",197,"NC342_HLCY2CCXX_L2_read2","MuTIR_1",96.703,91,2,1,60,150,1,90,5.92e-41,150,"GGCTGGCGG","+"
"100",198,"NC342_HLCY2CCXX_L2_read3","MuTIR_1",92.793,111,7,1,34,144,1,110,9.84e-44,159,"CTCTCTTTC","+"
"101",199,"NC342_HLCY2CCXX_L2_read5","MuTIR_1",93.939,66,3,1,85,150,1,65,2.18e-25,99,"GACACAGGT","+"
"102",200,"NC342_HLCY2CCXX_L2_read6","MuTIR_1",95.455,44,2,0,107,150,1,44,4.74e-17,71.3,"GAATACAAC","+"
"103",201,"NC342_HLCY2CCXX_L2_read7","MuTIR_1",94.624,93,4,1,58,150,1,92,9.91e-39,143,"ACTCCAAAC","+"
"107",205,"NC342_HLCY2CCXX_L2_read15","MuTIR_1",97.917,48,1,0,103,150,1,48,6.09e-21,84.2,"CTCCCTCCC","+"
"108",206,"NC342_HLCY2CCXX_L2_read19","MuTIR_1",94.737,95,4,1,23,117,1,94,7.66e-40,147,"TAGACCGAC","+"
"109",207,"NC342_HLCY2CCXX_L2_read21","MuTIR_1",95.385,65,2,1,86,150,1,64,1.68e-26,102,"GCTGGCGAC","+"
"110",208,"NC342_HLCY2CCXX_L2_read28","MuTIR_1",94.737,95,4,1,23,117,1,94,7.66e-40,147,"TAGACCGAC","+"
"112",210,"NC342_HLCY2CCXX_L2_read31","MuTIR_1",94.681,94,4,1,57,150,1,93,2.76e-39,145,"ACTCCAAAC","+"
"117",215,"NC342_HLCY2CCXX_L2_read49","MuTIR_1",94.737,95,4,1,18,112,1,94,7.66e-40,147,"TTTTCCTAA","-"
"119",217,"NC342_HLCY2CCXX_L2_read52","MuTIR_1",94.737,95,4,1,2,96,1,94,7.66e-40,147,"TTTTCCTAA","-"
"126",224,"NC342_HLCY2CCXX_L2_read65","MuTIR_1",94.737,95,4,1,2,96,1,94,7.66e-40,147,"TTTTCCTAA","-"
"128",226,"NC342_HLCY2CCXX_L2_read69","MuTIR_1",94.737,95,4,1,21,115,1,94,7.66e-40,147,"TATTCCTGA","-"
"132",244,"NC342_HLCY2CCXX_L2_read159","MuTIR_2",87.692,130,16,0,21,150,1,130,1.65e-41,152,"GTGGGAGAC","+"
"133",245,"NC342_HLCY2CCXX_L2_read164","MuTIR_2",93.798,129,8,0,15,143,1,129,2.7e-54,195,"GCGCCAGGG","+"
"134",246,"NC342_HLCY2CCXX_L2_read166","MuTIR_2",95.556,90,4,0,58,147,1,90,2.76e-39,145,"CTTACAAAG","+"
"135",247,"NC342_HLCY2CCXX_L2_read167","MuTIR_2",93.59,78,5,0,73,150,1,78,6.01e-31,117,"TGCAATGAT","+"
"136",248,"NC342_HLCY2CCXX_L2_read168","MuTIR_2",95.556,90,4,0,58,147,1,90,2.76e-39,145,"CTTACAAAG","+"
"137",249,"NC342_HLCY2CCXX_L2_read170","MuTIR_2",91.089,101,9,0,50,150,1,101,4.61e-37,137,"TGCAATGAT","+"
"138",250,"NC342_HLCY2CCXX_L2_read174","MuTIR_2",96.591,88,3,0,63,150,1,88,7.66e-40,147,"CTTTGTAAG","+"
"139",251,"NC342_HLCY2CCXX_L2_read179","MuTIR_2",91.089,101,9,0,50,150,1,101,4.61e-37,137,"TGCAATGAT","+"
"142",254,"NC342_HLCY2CCXX_L2_read189","MuTIR_2",96.61,59,2,0,92,150,1,59,2.18e-25,99,"CTTACAAAG","+"
"143",255,"NC342_HLCY2CCXX_L2_read194","MuTIR_2",93.798,129,8,0,15,143,1,129,2.7e-54,195,"GCGCCAGGG","+"
"144",256,"NC342_HLCY2CCXX_L2_read195","MuTIR_2",86.4,125,17,0,26,150,1,125,4.61e-37,137,"CTACTCAGT","+"
"145",257,"NC342_HLCY2CCXX_L2_read197","MuTIR_2",86.719,128,17,0,20,147,1,128,9.91e-39,143,"CTACTCGGT","+"
"146",258,"NC342_HLCY2CCXX_L2_read199","MuTIR_2",93.651,126,8,0,25,150,1,126,1.25e-52,189,"CCCTGGCGC","+"
"161",276,"NC342_HLCY2CCXX_L2_read244","MuTIR_2",91.406,128,11,0,23,150,1,128,9.77e-49,176,"CGGTTCGGG","+"
"162",278,"NC342_HLCY2CCXX_L2_read246","MuTIR_2",91.406,128,11,0,23,150,1,128,9.77e-49,176,"CGGTTCGGG","+"
"164",288,"NC342_HLCY2CCXX_L2_read271","MuTIR_2",88.333,60,5,2,85,143,1,59,4.74e-17,71.3,"GTCTCCCAC","+"
"166",302,"NC342_HLCY2CCXX_L2_read321","MuTIR_3",96.154,52,2,0,99,150,1,52,1.69e-21,86.1,"CCTCAAGAA","+"
"167",303,"NC342_HLCY2CCXX_L2_read322","MuTIR_3",94.366,71,4,0,80,150,1,71,1.01e-28,110,"TCCTACAGG","+"
"169",305,"NC342_HLCY2CCXX_L2_read324","MuTIR_3",93.182,88,6,0,61,148,1,88,7.71e-35,130,"CAACTCAGG","+"
"170",306,"NC342_HLCY2CCXX_L2_read326","MuTIR_3",93.684,95,6,0,56,150,1,95,9.91e-39,143,"AAAAAATGG","+"
"171",307,"NC342_HLCY2CCXX_L2_read327","MuTIR_3",96.154,52,2,0,99,150,1,52,1.69e-21,86.1,"CCTCAAGAA","+"
"172",308,"NC342_HLCY2CCXX_L2_read329","MuTIR_3",95.556,90,4,0,61,150,1,90,2.76e-39,145,"CCTCAAGAA","+"
"174",310,"NC342_HLCY2CCXX_L2_read335","MuTIR_3",95.312,64,3,0,87,150,1,64,1.68e-26,102,"CCTGAGTTG","+"
"175",311,"NC342_HLCY2CCXX_L2_read336","MuTIR_3",91.912,136,7,4,14,147,1,134,4.51e-52,187,"CATATGTAC","+"
"176",312,"NC342_HLCY2CCXX_L2_read337","MuTIR_3",93.023,129,9,0,22,150,1,129,1.25e-52,189,"CCTCAAGAA","+"
"177",313,"NC342_HLCY2CCXX_L2_read338","MuTIR_3",92.623,122,9,0,29,150,1,122,9.77e-49,176,"GGCCCCCAC","+"
"190",329,"NC342_HLCY2CCXX_L2_read375","MuTIR_3",91.525,59,5,0,92,150,1,59,2.19e-20,82.4,"TTTCACATG","+"
"191",330,"NC342_HLCY2CCXX_L2_read378","MuTIR_3",94.118,68,4,0,83,150,1,68,4.68e-27,104,"GACCCTTTG","+"
"203",375,"NC342_HLCY2CCXX_L2_read446","MuTIR_4",90.698,86,8,0,59,144,1,86,2.16e-30,115,"GTGACTGAG","+"
"208",393,"NC342_HLCY2CCXX_L2_read515","MuTIR_5",86.26,131,16,1,22,150,1,131,3.56e-38,141,"GACGCTCGC","+"
"209",394,"NC342_HLCY2CCXX_L2_read516","MuTIR_5",87.234,94,10,1,58,149,1,94,1.3e-27,106,"GACGCTCGC","+"
"210",395,"NC342_HLCY2CCXX_L2_read520","MuTIR_5",95.918,49,2,0,96,144,1,49,7.88e-20,80.5,"GACGCTCGC","+"
"211",396,"NC342_HLCY2CCXX_L2_read521","MuTIR_5",95.918,49,2,0,96,144,1,49,7.88e-20,80.5,"GACGCTCGC","+"
"212",397,"NC342_HLCY2CCXX_L2_read524","MuTIR_5",87.234,94,10,1,58,149,1,94,1.3e-27,106,"GACGCTCGC","+"
"213",398,"NC342_HLCY2CCXX_L2_read526","MuTIR_5",91.358,81,5,1,72,150,1,81,2.79e-29,111,"GCTGCAGGA","+"
"214",399,"NC342_HLCY2CCXX_L2_read527","MuTIR_5",87.324,71,7,1,82,150,1,71,2.19e-20,82.4,"ATTGAGCCC","+"
"215",400,"NC342_HLCY2CCXX_L2_read528","MuTIR_5",91.358,81,5,1,72,150,1,81,2.79e-29,111,"GCTGCAGGA","+"
"216",401,"NC342_HLCY2CCXX_L2_read529","MuTIR_5",95.918,49,2,0,96,144,1,49,7.88e-20,80.5,"GACGCTCGC","+"
"217",402,"NC342_HLCY2CCXX_L2_read532","MuTIR_5",86.207,87,10,1,66,150,1,87,1.01e-23,93.5,"GACGCTCGC","+"
"218",403,"NC342_HLCY2CCXX_L2_read533","MuTIR_5",89.247,93,8,1,60,150,1,93,6.01e-31,117,"GGCTACATC","+"
"225",415,"NC342_HLCY2CCXX_L2_read570","MuTIR_6",95.294,85,4,0,66,150,1,85,1.66e-36,135,"TGCACTATG","+"
"226",416,"NC342_HLCY2CCXX_L2_read571","MuTIR_6",95.69,116,5,0,35,150,1,116,4.51e-52,187,"TGCACTACG","+"
"227",417,"NC342_HLCY2CCXX_L2_read572","MuTIR_6",92.208,77,6,0,74,150,1,77,1.01e-28,110,"TGCACTATG","+"
"228",418,"NC342_HLCY2CCXX_L2_read574","MuTIR_6",100,37,0,0,114,150,1,37,1.71e-16,69.4,"TGCACTATA","+"
"229",419,"NC342_HLCY2CCXX_L2_read575","MuTIR_6",100,37,0,0,114,150,1,37,1.71e-16,69.4,"TGCACTATA","+"
"230",420,"NC342_HLCY2CCXX_L2_read576","MuTIR_6",94.937,79,4,0,72,150,1,79,3.59e-33,124,"TGCACTACG","+"
"231",421,"NC342_HLCY2CCXX_L2_read577","MuTIR_6",94.595,74,4,0,77,150,1,74,2.16e-30,115,"TGCACTATA","+"
"232",422,"NC342_HLCY2CCXX_L2_read578","MuTIR_6",100,37,0,0,114,150,1,37,1.71e-16,69.4,"TGCACTATA","+"
"233",423,"NC342_HLCY2CCXX_L2_read579","MuTIR_6",94.595,74,4,0,77,150,1,74,2.16e-30,115,"TGCACTATA","+"
"234",424,"NC342_HLCY2CCXX_L2_read582","MuTIR_6",93.506,77,5,0,74,150,1,77,2.16e-30,115,"TGCACTATG","+"
"249",440,"NC342_HLCY2CCXX_L2_read604","MuTIR_6",97.03,101,3,0,50,150,1,101,4.55e-47,171,"TCCTAGGCT","+"
