"","X","qname","sname","percent_identity","alignment_length","mismatches","gap_opens","q_start","q_end","s_start","s_end","evalue","bit_score","tsds","strand"
"1",1,"NC358_HL5WNCCXX_L4_read5","MuTIR_1",95.294,85,3,1,66,150,1,84,5.96e-36,134,"GCTGGCGAC","+"
"2",2,"NC358_HL5WNCCXX_L4_read6","MuTIR_1",94.444,126,5,2,22,147,1,124,9.7e-54,193,"GAATACAAC","+"
"3",3,"NC358_HL5WNCCXX_L4_read8","MuTIR_1",94.231,104,5,1,47,150,1,103,3.54e-43,158,"AGATTTGAT","+"
"4",4,"NC358_HL5WNCCXX_L4_read9","MuTIR_1",95.349,86,3,1,63,148,1,85,1.66e-36,135,"GTCGCCAGC","+"
"5",5,"NC358_HL5WNCCXX_L4_read16","MuTIR_1",94.828,58,2,1,93,150,1,57,1.31e-22,89.8,"GTCGCCAGC","+"
"6",6,"NC358_HL5WNCCXX_L4_read17","MuTIR_1",91.791,134,8,3,14,146,1,132,5.84e-51,183,"GTCGCCAGC","+"
"7",7,"NC358_HL5WNCCXX_L4_read18","MuTIR_1",92.661,109,7,1,42,150,1,108,1.27e-42,156,"CTCTCTTTC","+"
"8",8,"NC358_HL5WNCCXX_L4_read20","MuTIR_1",98.551,69,0,1,82,150,1,68,4.64e-32,121,"GAGAGCCTC","+"
"9",9,"NC358_HL5WNCCXX_L4_read21","MuTIR_1",98.551,69,0,1,82,150,1,68,4.64e-32,121,"GAGAGCCTC","+"
"10",10,"NC358_HL5WNCCXX_L4_read22","MuTIR_1",95.349,86,3,1,63,148,1,85,1.66e-36,135,"GTCGCCAGC","+"
"11",11,"NC358_HL5WNCCXX_L4_read24","MuTIR_1",95.604,91,3,1,60,150,1,90,2.76e-39,145,"GAGGCTCTC","+"
"12",12,"NC358_HL5WNCCXX_L4_read28","MuTIR_1",95.652,46,2,0,105,150,1,46,3.67e-18,75,"GTCGCCAGC","+"
"13",13,"NC358_HL5WNCCXX_L4_read30","MuTIR_1",94.444,108,5,1,43,150,1,107,2.11e-45,165,"AGATTTGAT","+"
"14",14,"NC358_HL5WNCCXX_L4_read32","MuTIR_1",94.231,104,5,1,47,150,1,103,3.54e-43,158,"AGATTTGAT","+"
"15",15,"NC358_HL5WNCCXX_L4_read34","MuTIR_1",93.333,60,3,1,91,150,1,59,4.71e-22,87.9,"TACCTACCC","+"
"16",16,"NC358_HL5WNCCXX_L4_read36","MuTIR_1",91.791,134,8,3,16,148,1,132,5.84e-51,183,"GTCGCCAGC","+"
"17",17,"NC358_HL5WNCCXX_L4_read43","MuTIR_1",95.575,113,2,2,37,147,1,112,2.72e-49,178,"GCCGTGCGA","+"
"18",18,"NC358_HL5WNCCXX_L4_read45","MuTIR_1",92.537,134,6,3,17,148,1,132,1.25e-52,189,"GCCGTGCGA","+"
"19",19,"NC358_HL5WNCCXX_L4_read46","MuTIR_1",94.737,95,4,1,29,123,1,94,7.66e-40,147,"GCTGGCGAC","+"
"20",20,"NC358_HL5WNCCXX_L4_read47","MuTIR_1",95,80,3,1,71,150,1,79,3.59e-33,124,"GCTGGCGAC","+"
"21",21,"NC358_HL5WNCCXX_L4_read48","MuTIR_1",91.736,121,8,2,31,150,1,120,5.88e-46,167,"CTTTGAGAG","+"
"22",22,"NC358_HL5WNCCXX_L4_read49","MuTIR_1",96.226,106,3,1,45,150,1,105,1.26e-47,172,"GAGAGCCTC","+"
"43",77,"NC358_HL5WNCCXX_L4_read218","MuTIR_2",95.455,110,3,2,41,149,1,109,3.51e-48,174,"CTTTGTAAG","+"
"44",78,"NC358_HL5WNCCXX_L4_read219","MuTIR_2",90.654,107,10,0,44,150,1,107,9.91e-39,143,"ACAGACTCC","+"
"45",79,"NC358_HL5WNCCXX_L4_read223","MuTIR_2",88.889,108,12,0,43,150,1,108,5.96e-36,134,"AACGGAACG","+"
"46",80,"NC358_HL5WNCCXX_L4_read224","MuTIR_2",95.455,110,3,2,41,149,1,109,3.51e-48,174,"CTTTGTAAG","+"
"47",81,"NC358_HL5WNCCXX_L4_read225","MuTIR_2",86.719,128,17,0,20,147,1,128,9.91e-39,143,"CTACTCGGT","+"
"48",82,"NC358_HL5WNCCXX_L4_read228","MuTIR_2",89.691,97,10,0,54,150,1,97,3.59e-33,124,"ACAGACTCC","+"
"49",83,"NC358_HL5WNCCXX_L4_read229","MuTIR_2",89.706,136,14,0,13,148,1,136,3.51e-48,174,"CACGGGTGG","+"
"50",84,"NC358_HL5WNCCXX_L4_read230","MuTIR_2",95.455,110,3,2,41,149,1,109,3.51e-48,174,"CTTTGTAAG","+"
"51",85,"NC358_HL5WNCCXX_L4_read232","MuTIR_2",96.61,59,2,0,92,150,1,59,2.18e-25,99,"CCCAGAGCC","+"
"52",86,"NC358_HL5WNCCXX_L4_read233","MuTIR_2",89.286,112,12,0,39,150,1,112,3.56e-38,141,"AACGGAACG","+"
"53",87,"NC358_HL5WNCCXX_L4_read234","MuTIR_2",92.537,67,5,0,83,149,1,67,7.82e-25,97.1,"GAGGCAGAA","+"
"54",88,"NC358_HL5WNCCXX_L4_read235","MuTIR_2",85.714,105,15,0,46,150,1,105,2.79e-29,111,"GGAGAAGTG","+"
"55",89,"NC358_HL5WNCCXX_L4_read237","MuTIR_2",86.719,128,17,0,20,147,1,128,9.91e-39,143,"CTACTCGGT","+"
"56",90,"NC358_HL5WNCCXX_L4_read240","MuTIR_2",87.85,107,13,0,44,150,1,107,9.98e-34,126,"GTAGCTACT","+"
"57",91,"NC358_HL5WNCCXX_L4_read242","MuTIR_2",94.393,107,6,0,44,150,1,107,2.11e-45,165,"AGGAGGCGG","+"
"58",92,"NC358_HL5WNCCXX_L4_read244","MuTIR_2",87.85,107,13,0,44,150,1,107,9.98e-34,126,"GTAGCTACT","+"
"59",93,"NC358_HL5WNCCXX_L4_read245","MuTIR_2",91.667,120,10,0,28,147,1,120,5.88e-46,167,"GAGACGAGG","+"
"60",94,"NC358_HL5WNCCXX_L4_read246","MuTIR_2",91.2,125,11,0,24,148,1,125,4.55e-47,171,"TTACATTTC","+"
"61",95,"NC358_HL5WNCCXX_L4_read247","MuTIR_2",92.381,105,6,2,47,150,1,104,2.13e-40,148,"ACTGATAGA","+"
"62",96,"NC358_HL5WNCCXX_L4_read248","MuTIR_2",90.654,107,10,0,44,150,1,107,9.91e-39,143,"ACAGACTCC","+"
"63",97,"NC358_HL5WNCCXX_L4_read252","MuTIR_2",92.727,110,6,2,42,150,1,109,3.54e-43,158,"ACTGATAGA","+"
"65",99,"NC358_HL5WNCCXX_L4_read255","MuTIR_2",95.556,90,4,0,58,147,1,90,2.76e-39,145,"CTTACAAAG","+"
"68",102,"NC358_HL5WNCCXX_L4_read259","MuTIR_2",95.455,110,3,2,41,149,1,109,3.51e-48,174,"CTTTGTAAG","+"
"69",103,"NC358_HL5WNCCXX_L4_read260","MuTIR_2",91.473,129,11,0,20,148,1,129,2.72e-49,178,"ACAGACTCC","+"
"70",104,"NC358_HL5WNCCXX_L4_read263","MuTIR_2",92.222,90,7,0,58,147,1,90,2.77e-34,128,"TGAAGTAAT","+"
"71",105,"NC358_HL5WNCCXX_L4_read264","MuTIR_2",95,100,5,0,51,150,1,100,3.54e-43,158,"AGGAGGCGG","+"
"72",106,"NC358_HL5WNCCXX_L4_read265","MuTIR_2",92.405,79,6,0,72,150,1,79,7.77e-30,113,"TGAAGTAAT","+"
"73",107,"NC358_HL5WNCCXX_L4_read266","MuTIR_2",96.61,59,2,0,92,150,1,59,2.18e-25,99,"CCCAGAGCC","+"
"74",108,"NC358_HL5WNCCXX_L4_read267","MuTIR_2",96.552,87,3,0,64,150,1,87,2.76e-39,145,"AGGAGGCGG","+"
"75",109,"NC358_HL5WNCCXX_L4_read268","MuTIR_2",89.286,140,15,0,11,150,1,140,9.77e-49,176,"CACCTCAGG","+"
"76",110,"NC358_HL5WNCCXX_L4_read269","MuTIR_2",95.522,67,3,0,83,149,1,67,3.61e-28,108,"TTCTGCCTC","+"
"77",111,"NC358_HL5WNCCXX_L4_read270","MuTIR_2",90.991,111,10,0,40,150,1,111,5.92e-41,150,"ACAGACTCC","+"
"78",112,"NC358_HL5WNCCXX_L4_read272","MuTIR_2",97.619,42,1,0,109,150,1,42,1.32e-17,73.1,"CCCAGAGCC","+"
"79",113,"NC358_HL5WNCCXX_L4_read273","MuTIR_2",93.902,82,5,0,63,144,1,82,3.59e-33,124,"TTCTGCCTC","+"
"80",114,"NC358_HL5WNCCXX_L4_read275","MuTIR_2",91.262,103,9,0,48,150,1,103,3.56e-38,141,"TTCTGCCTC","+"
"81",115,"NC358_HL5WNCCXX_L4_read276","MuTIR_2",96.61,59,2,0,92,150,1,59,2.18e-25,99,"CCCAGAGCC","+"
"82",116,"NC358_HL5WNCCXX_L4_read278","MuTIR_2",96.552,87,3,0,64,150,1,87,2.76e-39,145,"AGGAGGCGG","+"
"83",117,"NC358_HL5WNCCXX_L4_read279","MuTIR_2",91.667,120,10,0,31,150,1,120,5.88e-46,167,"GAGACGAGG","+"
"84",118,"NC358_HL5WNCCXX_L4_read280","MuTIR_2",95,100,5,0,51,150,1,100,3.54e-43,158,"AGGAGGCGG","+"
"86",120,"NC358_HL5WNCCXX_L4_read284","MuTIR_2",90.909,77,7,0,74,150,1,77,4.68e-27,104,"GTAGCTACT","+"
"98",132,"NC358_HL5WNCCXX_L4_read301","MuTIR_2",93.798,129,8,0,9,137,1,129,2.7e-54,195,"CGGATAGAA","-"
"101",135,"NC358_HL5WNCCXX_L4_read307","MuTIR_2",91.473,129,11,0,3,131,1,129,2.72e-49,178,"CGGATCGAA","-"
"102",136,"NC358_HL5WNCCXX_L4_read308","MuTIR_2",91.473,129,11,0,3,131,1,129,2.72e-49,178,"CGGATCGAA","-"
"108",142,"NC358_HL5WNCCXX_L4_read319","MuTIR_2",89.844,128,13,0,12,139,1,128,2.11e-45,165,"CATTAGTGA","-"
"116",150,"NC358_HL5WNCCXX_L4_read330","MuTIR_2",91.406,128,11,0,12,139,1,128,9.77e-49,176,"CAGTAGTGA","-"
"117",151,"NC358_HL5WNCCXX_L4_read331","MuTIR_2",93.798,129,8,0,9,137,1,129,2.7e-54,195,"CGGATAGAA","-"
"125",159,"NC358_HL5WNCCXX_L4_read344","MuTIR_2",93.798,129,8,0,9,137,1,129,2.7e-54,195,"CGGATAGAA","-"
"130",169,"NC358_HL5WNCCXX_L4_read364","MuTIR_2",91.525,59,5,0,80,138,1,59,2.19e-20,82.4,"ACTTCCAAT","+"
"131",170,"NC358_HL5WNCCXX_L4_read365","MuTIR_2",89.286,140,15,0,11,150,1,140,9.77e-49,176,"CACCTCAGG","+"
"133",173,"NC358_HL5WNCCXX_L4_read378","MuTIR_2",90.291,103,10,0,48,150,1,103,1.66e-36,135,"TTCTGCCTC","+"
"135",194,"NC358_HL5WNCCXX_L4_read414","MuTIR_2",87.952,83,8,2,64,145,1,82,7.82e-25,97.1,"CCTCCTTAA","+"
"137",196,"NC358_HL5WNCCXX_L4_read418","MuTIR_2",89.157,83,7,2,60,141,1,82,1.68e-26,102,"GCAGGGAAT","-"
"138",210,"NC358_HL5WNCCXX_L4_read441","MuTIR_2",86.047,129,16,2,22,149,1,128,4.61e-37,137,"CCTGAGGTG","+"
"139",211,"NC358_HL5WNCCXX_L4_read442","MuTIR_2",86.047,129,16,2,19,146,1,128,4.61e-37,137,"CCTGAGGTG","+"
"140",212,"NC358_HL5WNCCXX_L4_read443","MuTIR_2",86.179,123,15,2,28,149,1,122,2.15e-35,132,"CCTGAGGTG","+"
"141",213,"NC358_HL5WNCCXX_L4_read444","MuTIR_2",86.047,129,16,2,22,149,1,128,4.61e-37,137,"CCTGAGGTG","+"
"142",225,"NC358_HL5WNCCXX_L4_read479","MuTIR_3",94,100,6,0,51,150,1,100,1.65e-41,152,"AAAAAATGG","+"
"143",226,"NC358_HL5WNCCXX_L4_read481","MuTIR_3",94,100,6,0,51,150,1,100,1.65e-41,152,"AAAAAATGG","+"
"144",227,"NC358_HL5WNCCXX_L4_read483","MuTIR_3",92.793,111,8,0,40,150,1,111,2.74e-44,161,"GGCCCCCAC","+"
"145",228,"NC358_HL5WNCCXX_L4_read485","MuTIR_3",92.929,99,5,2,53,150,1,98,9.91e-39,143,"CATATGTAC","+"
"146",229,"NC358_HL5WNCCXX_L4_read489","MuTIR_3",94,100,6,0,51,150,1,100,1.65e-41,152,"AAAAAATGG","+"
"147",230,"NC358_HL5WNCCXX_L4_read493","MuTIR_3",92.793,111,8,0,40,150,1,111,2.74e-44,161,"GGCCCCCAC","+"
"148",231,"NC358_HL5WNCCXX_L4_read496","MuTIR_3",97.826,46,1,0,105,150,1,46,7.88e-20,80.5,"AAAAAATGG","+"
"153",236,"NC358_HL5WNCCXX_L4_read519","MuTIR_3",92,75,6,0,76,150,1,75,1.3e-27,106,"GGAATAGGT","+"
"154",237,"NC358_HL5WNCCXX_L4_read520","MuTIR_3",87.705,122,15,0,29,150,1,122,9.91e-39,143,"GTACAGAAC","+"
"155",238,"NC358_HL5WNCCXX_L4_read521","MuTIR_3",89.922,129,13,0,10,138,1,129,5.88e-46,167,"CCTCTAGAG","+"
"156",239,"NC358_HL5WNCCXX_L4_read522","MuTIR_3",91.111,90,8,0,61,150,1,90,1.29e-32,122,"GGAATAGGT","+"
"157",240,"NC358_HL5WNCCXX_L4_read524","MuTIR_3",93.137,102,7,0,49,150,1,102,5.92e-41,150,"CGCAACCCC","+"
"159",242,"NC358_HL5WNCCXX_L4_read526","MuTIR_3",90.698,129,12,0,17,145,1,129,1.26e-47,172,"CCGCCCGCG","+"
"160",243,"NC358_HL5WNCCXX_L4_read528","MuTIR_3",94.203,69,4,0,70,138,1,69,1.3e-27,106,"GTTCTGTAC","+"
"161",244,"NC358_HL5WNCCXX_L4_read529","MuTIR_3",90.265,113,11,0,38,150,1,113,2.13e-40,148,"CCGCCCGCG","+"
"162",245,"NC358_HL5WNCCXX_L4_read530","MuTIR_3",93.233,133,9,0,16,148,1,133,7.5e-55,196,"GTTCTGTAC","+"
"163",246,"NC358_HL5WNCCXX_L4_read533","MuTIR_3",91.837,98,8,0,53,150,1,98,4.61e-37,137,"GGAATAGGT","+"
"164",247,"NC358_HL5WNCCXX_L4_read534","MuTIR_3",92.929,99,7,0,52,150,1,99,2.76e-39,145,"CGCAACCCC","+"
"165",248,"NC358_HL5WNCCXX_L4_read535","MuTIR_3",87.705,122,15,0,29,150,1,122,9.91e-39,143,"GTACAGAAC","+"
"166",249,"NC358_HL5WNCCXX_L4_read537","MuTIR_3",89.922,129,13,0,10,138,1,129,5.88e-46,167,"CCTCTAGAG","+"
"173",257,"NC358_HL5WNCCXX_L4_read556","MuTIR_3",92.308,65,5,0,62,126,1,65,1.01e-23,93.5,"AGGAGGTGC","+"
"174",259,"NC358_HL5WNCCXX_L4_read560","MuTIR_3",94.068,118,7,0,32,149,1,118,7.55e-50,180,"GACCTCAAA","+"
"175",260,"NC358_HL5WNCCXX_L4_read561","MuTIR_3",93.478,92,6,0,59,150,1,92,4.61e-37,137,"GACCTCAAA","+"
"176",261,"NC358_HL5WNCCXX_L4_read563","MuTIR_3",94.792,96,5,0,55,150,1,96,5.92e-41,150,"GACCCTTTG","+"
"177",262,"NC358_HL5WNCCXX_L4_read564","MuTIR_3",95.146,103,5,0,48,150,1,103,7.61e-45,163,"GACCCTTTG","+"
"178",263,"NC358_HL5WNCCXX_L4_read565","MuTIR_3",93.333,60,4,0,91,150,1,60,1.31e-22,89.8,"GACCCTTTG","+"
"179",264,"NC358_HL5WNCCXX_L4_read567","MuTIR_3",94.792,96,5,0,55,150,1,96,5.92e-41,150,"GACCCTTTG","+"
"180",265,"NC358_HL5WNCCXX_L4_read570","MuTIR_3",93.75,96,6,0,55,150,1,96,2.76e-39,145,"GACCTCAAA","+"
"181",266,"NC358_HL5WNCCXX_L4_read571","MuTIR_3",93.333,60,4,0,91,150,1,60,1.31e-22,89.8,"GACCCTTTG","+"
"183",268,"NC358_HL5WNCCXX_L4_read573","MuTIR_3",93.478,92,6,0,59,150,1,92,4.61e-37,137,"GACCTCAAA","+"
"184",269,"NC358_HL5WNCCXX_L4_read574","MuTIR_3",93.069,101,7,0,50,150,1,101,2.13e-40,148,"CCTGCAGCC","+"
"185",271,"NC358_HL5WNCCXX_L4_read577","MuTIR_3",92.481,133,10,0,4,136,1,133,3.49e-53,191,"AACGACGAC","-"
"189",334,"NC358_HL5WNCCXX_L4_read705","MuTIR_4",93,100,7,0,50,149,1,100,7.66e-40,147,"CGGCCACCG","+"
"190",335,"NC358_HL5WNCCXX_L4_read709","MuTIR_4",100,32,0,0,115,146,1,32,1.03e-13,60.2,"GAATGGTGC","+"
"191",336,"NC358_HL5WNCCXX_L4_read726","MuTIR_4",90.654,107,10,0,44,150,1,107,2.76e-39,145,"CTCTCTTGC","+"
"192",337,"NC358_HL5WNCCXX_L4_read732","MuTIR_4",94.937,79,4,0,72,150,1,79,3.59e-33,124,"CTCGACATA","+"
"193",338,"NC358_HL5WNCCXX_L4_read734","MuTIR_4",95.522,67,3,0,84,150,1,67,3.61e-28,108,"CACGAGCTG","+"
"195",340,"NC358_HL5WNCCXX_L4_read738","MuTIR_4",89.831,118,12,0,30,147,1,118,4.58e-42,154,"GCCATTAAG","+"
"196",341,"NC358_HL5WNCCXX_L4_read740","MuTIR_4",89.13,92,10,0,55,146,1,92,2.16e-30,115,"GTGCCTGTC","+"
"197",342,"NC358_HL5WNCCXX_L4_read741","MuTIR_4",91.379,58,5,0,85,142,1,58,7.88e-20,80.5,"GCCATTAAG","+"
"198",343,"NC358_HL5WNCCXX_L4_read744","MuTIR_4",94.318,88,5,0,63,150,1,88,1.66e-36,135,"CGGCCACCG","+"
"210",370,"NC358_HL5WNCCXX_L4_read882","MuTIR_4",89.13,92,10,0,59,150,1,92,2.16e-30,115,"GTGTGTGGG","+"
"212",383,"NC358_HL5WNCCXX_L4_read908","MuTIR_5",88.571,105,10,1,40,142,1,105,2.77e-34,128,"ACCTTGACA","+"
"213",384,"NC358_HL5WNCCXX_L4_read915","MuTIR_5",91.429,70,4,1,83,150,1,70,7.82e-25,97.1,"GCTGCAGGA","+"
"214",385,"NC358_HL5WNCCXX_L4_read916","MuTIR_5",89.831,118,10,1,35,150,1,118,1.65e-41,152,"GCTGCAGGA","+"
"216",387,"NC358_HL5WNCCXX_L4_read918","MuTIR_5",91.358,81,5,1,72,150,1,81,2.79e-29,111,"GCTGCAGGA","+"
"217",388,"NC358_HL5WNCCXX_L4_read920","MuTIR_5",88.571,140,14,1,13,150,1,140,4.55e-47,171,"GCTGCAGGA","+"
"218",389,"NC358_HL5WNCCXX_L4_read921","MuTIR_5",90.625,96,7,1,55,148,1,96,2.77e-34,128,"ACCTATTCC","+"
"219",390,"NC358_HL5WNCCXX_L4_read922","MuTIR_5",89.062,128,12,1,25,150,1,128,9.84e-44,159,"GCTGCAGGA","+"
"220",391,"NC358_HL5WNCCXX_L4_read923","MuTIR_5",90.625,96,7,1,55,148,1,96,2.77e-34,128,"ACCTATTCC","+"
"221",392,"NC358_HL5WNCCXX_L4_read925","MuTIR_5",89.831,118,10,1,35,150,1,118,1.65e-41,152,"GCTGCAGGA","+"
"231",407,"NC358_HL5WNCCXX_L4_read998","MuTIR_6",98.182,55,1,0,96,150,1,55,7.82e-25,97.1,"TGCACTATG","+"
"232",408,"NC358_HL5WNCCXX_L4_read1007","MuTIR_6",96.97,66,2,0,79,144,1,66,2.79e-29,111,"TGCACTATG","+"
"233",409,"NC358_HL5WNCCXX_L4_read1008","MuTIR_6",98.276,58,1,0,92,149,1,58,1.68e-26,102,"TGCACTATG","+"
"237",413,"NC358_HL5WNCCXX_L4_read1026","MuTIR_6",96.875,64,2,0,67,130,1,64,3.61e-28,108,"GTACTGTCT","-"
"238",419,"NC358_HL5WNCCXX_L4_read1037","MuTIR_6",95.763,118,5,0,27,144,1,118,3.49e-53,191,"AGGAGAGGG","+"
"239",420,"NC358_HL5WNCCXX_L4_read1039","MuTIR_6",95.763,118,5,0,27,144,1,118,3.49e-53,191,"AGGAGAGGG","+"
"240",422,"NC358_HL5WNCCXX_L4_read1041","MuTIR_6",95.146,103,4,1,49,150,1,103,2.74e-44,161,"ATGCAGATG","+"
"241",423,"NC358_HL5WNCCXX_L4_read1042","MuTIR_6",95.89,73,3,0,78,150,1,73,1.67e-31,119,"TCCTAGGCT","+"
"242",425,"NC358_HL5WNCCXX_L4_read1044","MuTIR_6",96.629,89,3,0,62,150,1,89,2.13e-40,148,"TCCTAGGCT","+"
"243",426,"NC358_HL5WNCCXX_L4_read1046","MuTIR_6",94.805,77,4,0,74,150,1,77,4.64e-32,121,"AGGAGAGGG","+"
"244",427,"NC358_HL5WNCCXX_L4_read1047","MuTIR_6",95.506,89,3,1,63,150,1,89,3.56e-38,141,"ATGCAGATG","+"
"245",428,"NC358_HL5WNCCXX_L4_read1048","MuTIR_6",96.591,88,3,0,62,149,1,88,7.66e-40,147,"TCCTAGGCT","+"
"246",429,"NC358_HL5WNCCXX_L4_read1049","MuTIR_6",95.763,118,5,0,27,144,1,118,3.49e-53,191,"AGGAGAGGG","+"
"247",430,"NC358_HL5WNCCXX_L4_read1051","MuTIR_6",94.805,77,4,0,74,150,1,77,4.64e-32,121,"AGGAGAGGG","+"
"248",431,"NC358_HL5WNCCXX_L4_read1052","MuTIR_6",95.763,118,5,0,31,148,1,118,3.49e-53,191,"AGGAGAGGG","+"
"259",468,"NC358_HFFGKADXX_TTAGGC_read4","MuTIR_1",95.062,81,3,1,71,151,1,80,1.01e-33,126,"AGATTTGAT","+"
"260",469,"NC358_HFFGKADXX_TTAGGC_read6","MuTIR_1",87.379,103,6,2,49,151,1,96,2.81e-29,111,"TACCTACCC","+"
"261",470,"NC358_HFFGKADXX_TTAGGC_read10","MuTIR_1",96.117,103,3,1,42,144,1,102,5.92e-46,167,"GAGAGCCTC","+"
"262",471,"NC358_HFFGKADXX_TTAGGC_read11","MuTIR_1",82.979,94,3,2,19,99,1,94,1.33e-17,73.1,"TCGCACGGC","+"
"268",480,"NC358_HFFGKADXX_TTAGGC_read39","MuTIR_2",93.798,129,8,0,21,149,1,129,2.72e-54,195,"CCCAGAGCC","+"
"269",481,"NC358_HFFGKADXX_TTAGGC_read40","MuTIR_2",91.667,120,10,0,30,149,1,120,5.92e-46,167,"TTACATTTC","+"
"270",482,"NC358_HFFGKADXX_TTAGGC_read41","MuTIR_2",92.105,76,6,0,73,148,1,76,3.64e-28,108,"GGCTCTGGG","+"
"271",483,"NC358_HFFGKADXX_TTAGGC_read43","MuTIR_2",93.069,101,5,2,52,151,1,100,7.72e-40,147,"TGCCGCCGC","+"
"273",485,"NC358_HFFGKADXX_TTAGGC_read45","MuTIR_2",93.506,77,5,0,74,150,1,77,2.18e-30,115,"TTACATTTC","+"
"274",486,"NC358_HFFGKADXX_TTAGGC_read46","MuTIR_2",92.727,110,6,2,32,140,1,109,3.56e-43,158,"ACTGATAGA","+"
"276",488,"NC358_HFFGKADXX_TTAGGC_read49","MuTIR_2",90.698,129,12,0,4,132,1,129,1.27e-47,172,"CGGATCGAA","-"
"283",497,"NC358_HFFGKADXX_TTAGGC_read66","MuTIR_2",89.157,83,7,2,61,142,1,82,1.69e-26,102,"TCCCCTCCC","+"
"284",499,"NC358_HFFGKADXX_TTAGGC_read71","MuTIR_3",95.146,103,5,0,49,151,1,103,7.66e-45,163,"CAAACATTC","+"
"285",500,"NC358_HFFGKADXX_TTAGGC_read72","MuTIR_3",92.593,81,4,2,69,148,1,80,2.18e-30,115,"CATATGTAC","+"
"286",501,"NC358_HFFGKADXX_TTAGGC_read75","MuTIR_3",95.652,115,5,0,35,149,1,115,1.63e-51,185,"GCCCTGAGG","+"
"288",504,"NC358_HFFGKADXX_TTAGGC_read78","MuTIR_3",92.647,136,10,0,14,149,1,136,7.55e-55,196,"AGGAGGTGC","+"
"290",513,"NC358_HFFGKADXX_TTAGGC_read101","MuTIR_4",91.743,109,9,0,43,151,1,109,4.61e-42,154,"CGGCCACCG","+"
"291",514,"NC358_HFFGKADXX_TTAGGC_read102","MuTIR_4",88.281,128,15,0,24,151,1,128,1.28e-42,156,"GCCATTAAG","+"
"294",518,"NC358_HFFGKADXX_TTAGGC_read123","MuTIR_4",87.5,64,8,0,88,151,1,64,3.69e-18,75,"GTGTGTGGG","+"
"295",521,"NC358_HFFGKADXX_TTAGGC_read144","MuTIR_6",94.444,72,4,0,80,151,1,72,2.81e-29,111,"AGGAGAGGG","+"
"297",523,"NC358_HFFGKADXX_TTAGGC_read147","MuTIR_6",95.181,83,4,0,69,151,1,83,2.16e-35,132,"AGGAGAGGG","+"
"301",538,"NC358_HB1JCADXX_TTAGGC_read4","MuTIR_1",93.333,60,3,1,92,151,1,59,4.74e-22,87.9,"TACCTACCC","+"
"302",539,"NC358_HB1JCADXX_TTAGGC_read5","MuTIR_1",93.023,129,8,1,23,151,1,128,4.55e-52,187,"GAGGCTCTC","+"
"305",542,"NC358_HB1JCADXX_TTAGGC_read8","MuTIR_1",82.979,94,3,2,5,85,1,94,1.33e-17,73.1,"TATTTCTGA","-"
"307",544,"NC358_HB1JCADXX_TTAGGC_read14","MuTIR_1",89.796,49,3,2,103,151,1,47,2.87e-14,62.1,"GTGTGATCT","+"
"308",549,"NC358_HB1JCADXX_TTAGGC_read27","MuTIR_2",85.938,128,18,0,22,149,1,128,4.64e-37,137,"CTGTCAGAG","+"
"309",550,"NC358_HB1JCADXX_TTAGGC_read28","MuTIR_2",90.741,108,10,0,44,151,1,108,2.77e-39,145,"ACAGACTCC","+"
"310",551,"NC358_HB1JCADXX_TTAGGC_read31","MuTIR_2",92.105,114,9,0,37,150,1,114,2.76e-44,161,"GTGAGTGTG","+"
"311",552,"NC358_HB1JCADXX_TTAGGC_read32","MuTIR_2",89.062,128,14,0,19,146,1,128,9.91e-44,159,"GAGGCAGAA","+"
"312",553,"NC358_HB1JCADXX_TTAGGC_read34","MuTIR_2",91.473,129,10,1,10,137,1,129,9.84e-49,176,"GTGAGTGTG","+"
"319",563,"NC358_HB1JCADXX_TTAGGC_read48","MuTIR_2",86.42,81,10,1,72,151,1,81,4.74e-22,87.9,"TGCTCTGAA","+"
"320",564,"NC358_HB1JCADXX_TTAGGC_read50","MuTIR_2",85.156,128,19,0,10,137,1,128,2.16e-35,132,"CAATAGCGA","-"
"321",565,"NC358_HB1JCADXX_TTAGGC_read59","MuTIR_3",95.385,130,6,0,22,151,1,130,3.49e-58,207,"CAAACATTC","+"
"322",566,"NC358_HB1JCADXX_TTAGGC_read60","MuTIR_3",97.5,40,1,0,112,151,1,40,1.72e-16,69.4,"CCGTTTTTT","+"
"323",567,"NC358_HB1JCADXX_TTAGGC_read61","MuTIR_3",95.385,130,6,0,22,151,1,130,3.49e-58,207,"CAAACATTC","+"
"328",574,"NC358_HB1JCADXX_TTAGGC_read73","MuTIR_3",93.443,61,4,0,91,151,1,61,3.67e-23,91.6,"GACCCTTTG","+"
"330",576,"NC358_HB1JCADXX_TTAGGC_read75","MuTIR_3",91.473,129,11,0,10,138,1,129,2.74e-49,178,"CTAGTTCCG","-"
"333",579,"NC358_HB1JCADXX_TTAGGC_read78","MuTIR_3",94.595,74,4,0,7,80,1,74,2.18e-30,115,"TTTTTTTTC","-"
"335",583,"NC358_HB1JCADXX_TTAGGC_read93","MuTIR_4",93.827,81,4,1,72,151,1,81,4.68e-32,121,"GAATGGTGC","+"
"336",584,"NC358_HB1JCADXX_TTAGGC_read94","MuTIR_4",87.402,127,16,0,25,151,1,127,2.15e-40,148,"GTGCCTGTC","+"
"337",585,"NC358_HB1JCADXX_TTAGGC_read95","MuTIR_4",94.118,68,4,0,71,138,1,68,4.71e-27,104,"CTCGACATA","+"
"338",586,"NC358_HB1JCADXX_TTAGGC_read96","MuTIR_4",86.842,114,15,0,38,151,1,114,7.77e-35,130,"GTGCCTGTC","+"
"339",587,"NC358_HB1JCADXX_TTAGGC_read98","MuTIR_4",93.182,88,6,0,64,151,1,88,7.77e-35,130,"CGGCCACCG","+"
"340",588,"NC358_HB1JCADXX_TTAGGC_read101","MuTIR_4",90,120,12,0,10,129,1,120,3.56e-43,158,"GCTTCGGCG","+"
"348",599,"NC358_HB1JCADXX_TTAGGC_read127","MuTIR_5",88.571,105,10,1,47,149,1,105,2.79e-34,128,"ACCTTGACA","+"
"352",603,"NC358_HB1JCADXX_TTAGGC_read150","MuTIR_6",95.604,91,4,0,61,151,1,91,7.72e-40,147,"AGGAGAGGG","+"
"354",614,"NC358_HB1JCADXX_TTAGGC_read175","MuTIR_7",90.196,51,5,0,101,151,1,51,4.78e-17,71.3,"TACCTAGTT","+"
