"","X","qname","sname","percent_identity","alignment_length","mismatches","gap_opens","q_start","q_end","s_start","s_end","evalue","bit_score","tsds","strand"
"1",1,"Oh43E_HBEN2ADXX_GATCAG_read3","MuTIR_1",100,30,0,0,119,148,1,30,1.34e-12,56.5,"GTTTGCAGT","+"
"2",2,"Oh43E_HBEN2ADXX_GATCAG_read4","MuTIR_1",95.652,46,2,0,106,151,1,46,3.69e-18,75,"GGCCCTGGC","+"
"3",3,"Oh43E_HBEN2ADXX_GATCAG_read5","MuTIR_1",100,32,0,0,120,151,1,32,1.03e-13,60.2,"GCTGGCGAC","+"
"4",4,"Oh43E_HBEN2ADXX_GATCAG_read6","MuTIR_1",92.632,95,6,1,50,144,1,94,1.67e-36,135,"TCGCAAGGC","+"
"5",5,"Oh43E_HBEN2ADXX_GATCAG_read7","MuTIR_1",95.575,113,4,1,28,140,1,112,7.61e-50,180,"GTCGCCAGC","+"
"7",7,"Oh43E_HBEN2ADXX_GATCAG_read10","MuTIR_1",94.366,71,3,1,81,151,1,70,3.64e-28,108,"GATCTGAGA","+"
"8",8,"Oh43E_HBEN2ADXX_GATCAG_read11","MuTIR_1",94.928,138,6,1,12,149,1,137,2.09e-60,215,"TTTCTGAAC","+"
"9",9,"Oh43E_HBEN2ADXX_GATCAG_read12","MuTIR_1",88.652,141,9,4,14,148,1,140,2.13e-45,165,"GTTTGCAGT","+"
"10",10,"Oh43E_HBEN2ADXX_GATCAG_read14","MuTIR_1",94.737,95,4,1,34,128,1,94,7.72e-40,147,"GGCCCTGGC","+"
"14",14,"Oh43E_HBEN2ADXX_GATCAG_read22","MuTIR_1",100,43,0,0,9,51,1,43,7.94e-20,80.5,"GCCCGCCCA","-"
"17",29,"Oh43E_HBEN2ADXX_GATCAG_read76","MuTIR_2",97.436,39,1,0,82,120,1,39,6.18e-16,67.6,"CTTACAAAG","+"
"27",41,"Oh43E_HBEN2ADXX_GATCAG_read125","MuTIR_2",87.5,128,16,0,12,139,1,128,2.15e-40,148,"CCCACCACG","+"
"28",42,"Oh43E_HBEN2ADXX_GATCAG_read127","MuTIR_2",87.5,128,16,0,12,139,1,128,2.15e-40,148,"CAGTAGTGA","-"
"30",44,"Oh43E_HBEN2ADXX_GATCAG_read131","MuTIR_2",88.281,128,15,0,8,135,1,128,4.61e-42,154,"CAGTAGTGA","-"
"31",46,"Oh43E_HBEN2ADXX_GATCAG_read139","MuTIR_3",97.674,43,1,0,109,151,1,43,3.69e-18,75,"CCCTGCGAG","+"
"32",47,"Oh43E_HBEN2ADXX_GATCAG_read142","MuTIR_3",94.231,104,6,0,48,151,1,104,9.91e-44,159,"AAAAAATGG","+"
"33",48,"Oh43E_HBEN2ADXX_GATCAG_read143","MuTIR_3",93.75,64,4,0,85,148,1,64,7.88e-25,97.1,"GAACCTAGA","+"
"34",49,"Oh43E_HBEN2ADXX_GATCAG_read144","MuTIR_3",97.872,47,1,0,88,134,1,47,2.21e-20,82.4,"TCTAGGTTC","+"
"35",50,"Oh43E_HBEN2ADXX_GATCAG_read145","MuTIR_3",92.941,85,6,0,65,149,1,85,3.61e-33,124,"CCGTTTTTT","+"
"37",52,"Oh43E_HBEN2ADXX_GATCAG_read152","MuTIR_3",97.872,47,1,0,95,141,1,47,2.21e-20,82.4,"GAAGGTTTA","-"
"42",62,"Oh43E_HBEN2ADXX_GATCAG_read174","MuTIR_3",95.181,83,4,0,69,151,1,83,2.16e-35,132,"GACCCTTTG","+"
"43",64,"Oh43E_HBEN2ADXX_GATCAG_read176","MuTIR_3",93.382,136,9,0,14,149,1,136,1.62e-56,202,"GACCTCAAA","+"
"44",65,"Oh43E_HBEN2ADXX_GATCAG_read177","MuTIR_3",92.366,131,10,0,12,142,1,131,4.55e-52,187,"CCGCGCAGA","+"
"45",67,"Oh43E_HBEN2ADXX_GATCAG_read180","MuTIR_3",91.549,71,6,0,79,149,1,71,2.19e-25,99,"CCCGTCCCC","+"
"46",68,"Oh43E_HBEN2ADXX_GATCAG_read181","MuTIR_3",94.667,75,4,0,75,149,1,75,6.05e-31,117,"CTCCTCATC","+"
"52",96,"Oh43E_HBEN2ADXX_GATCAG_read231","MuTIR_4",91.429,70,6,0,82,151,1,70,7.88e-25,97.1,"GCCATTAAG","+"
"53",97,"Oh43E_HBEN2ADXX_GATCAG_read233","MuTIR_4",90.833,120,11,0,10,129,1,120,7.66e-45,163,"CGGCCACCG","+"
"59",108,"Oh43E_HBEN2ADXX_GATCAG_read275","MuTIR_5",100,30,0,0,116,145,1,30,1.34e-12,56.5,"ACCTTGACA","+"
"60",109,"Oh43E_HBEN2ADXX_GATCAG_read276","MuTIR_5",95.918,49,2,0,97,145,1,49,7.94e-20,80.5,"GTCGCGGAT","+"
"61",110,"Oh43E_HBEN2ADXX_GATCAG_read277","MuTIR_5",100,30,0,0,100,129,1,30,1.34e-12,56.5,"ACCTTGACA","+"
"62",111,"Oh43E_HBEN2ADXX_GATCAG_read278","MuTIR_5",85.315,143,17,3,11,150,1,142,7.72e-40,147,"TAAACCACC","+"
"63",112,"Oh43E_HBEN2ADXX_GATCAG_read279","MuTIR_5",90.426,94,7,1,60,151,1,94,3.61e-33,124,"ATTGAGCCC","+"
"64",113,"Oh43E_HBEN2ADXX_GATCAG_read280","MuTIR_5",100,30,0,0,118,147,1,30,1.34e-12,56.5,"ACCTTGACA","+"
"65",114,"Oh43E_HBEN2ADXX_GATCAG_read281","MuTIR_5",95.918,49,2,0,90,138,1,49,7.94e-20,80.5,"TAAACCACC","+"
"66",115,"Oh43E_HBEN2ADXX_GATCAG_read282","MuTIR_5",100,30,0,0,67,96,1,30,1.34e-12,56.5,"ACTGGCGAG","-"
"67",116,"Oh43E_HBEN2ADXX_GATCAG_read284","MuTIR_5",100,30,0,0,5,34,1,30,1.34e-12,56.5,"ACTGGCGAG","-"
"68",117,"Oh43E_HBEN2ADXX_GATCAG_read290","MuTIR_6",98,50,1,0,102,151,1,50,4.74e-22,87.9,"TGCACTACG","+"
"69",118,"Oh43E_HBEN2ADXX_GATCAG_read292","MuTIR_6",95.96,99,4,0,53,151,1,99,2.76e-44,161,"TGCACTACA","+"
"70",119,"Oh43E_HBEN2ADXX_GATCAG_read293","MuTIR_6",97.015,67,2,0,82,148,1,67,7.83e-30,113,"TGCACTACG","+"
"71",120,"Oh43E_HBEN2ADXX_GATCAG_read294","MuTIR_6",95.2,125,6,0,27,151,1,125,2.1e-55,198,"TGCACTACA","+"
"72",121,"Oh43E_HBEN2ADXX_GATCAG_read296","MuTIR_6",95.652,46,1,1,107,151,1,46,1.33e-17,73.1,"TGCACTACG","+"
"76",127,"Oh43E_HBEN2ADXX_GATCAG_read311","MuTIR_6",97.345,113,3,0,39,151,1,113,9.77e-54,193,"TCCTAGGCT","+"
"77",128,"Oh43E_HBEN2ADXX_GATCAG_read313","MuTIR_6",96.364,110,4,0,42,151,1,110,2.11e-50,182,"AGGAGAGGG","+"
"81",140,"Oh43E_HBEN2ADXX_GATCAG_read341","MuTIR_7",91.228,57,5,0,92,148,1,57,2.21e-20,82.4,"TCGTACCGC","+"
"82",146,"Oh43E_HFFGKADXX_GATCAG_read3","MuTIR_1",95.89,73,2,1,62,134,1,72,6.05e-31,117,"GCTGGCGAC","+"
"83",147,"Oh43E_HFFGKADXX_GATCAG_read7","MuTIR_1",96.262,107,3,1,42,148,1,106,3.54e-48,174,"GCCAGGGCC","+"
"84",148,"Oh43E_HFFGKADXX_GATCAG_read8","MuTIR_1",91.667,132,10,1,20,151,1,131,2.11e-50,182,"GATCTGAGA","+"
"85",149,"Oh43E_HFFGKADXX_GATCAG_read10","MuTIR_1",92.523,107,7,1,43,149,1,106,1.66e-41,152,"ATTGAAAGG","+"
"86",150,"Oh43E_HFFGKADXX_GATCAG_read11","MuTIR_1",96.512,86,2,1,15,100,1,85,3.59e-38,141,"GAGAGCCTC","+"
"89",153,"Oh43E_HFFGKADXX_GATCAG_read16","MuTIR_1",92.632,95,6,1,6,100,1,94,1.67e-36,135,"TATTCCTGA","-"
"92",156,"Oh43E_HFFGKADXX_GATCAG_read21","MuTIR_1",94.737,95,4,1,45,139,1,94,7.72e-40,147,"TATTCCTGA","-"
"94",169,"Oh43E_HFFGKADXX_GATCAG_read59","MuTIR_2",86.719,128,17,0,24,151,1,128,9.98e-39,143,"CTACTCGGT","+"
"95",170,"Oh43E_HFFGKADXX_GATCAG_read61","MuTIR_2",89.333,75,8,0,77,151,1,75,2.83e-24,95.3,"ACCCAACTG","+"
"96",171,"Oh43E_HFFGKADXX_GATCAG_read63","MuTIR_2",95.556,90,4,0,44,133,1,90,2.77e-39,145,"CCCAGAGCC","+"
"97",172,"Oh43E_HFFGKADXX_GATCAG_read64","MuTIR_2",93.333,60,4,0,92,151,1,60,1.32e-22,89.8,"CTACTCGGT","+"
"101",176,"Oh43E_HFFGKADXX_GATCAG_read73","MuTIR_2",89.062,128,14,0,11,138,1,128,9.91e-44,159,"CAGTAGTGA","-"
"103",178,"Oh43E_HFFGKADXX_GATCAG_read76","MuTIR_2",92.683,82,6,0,61,142,1,82,1.68e-31,119,"GCAGGGAAT","-"
"105",187,"Oh43E_HFFGKADXX_GATCAG_read101","MuTIR_3",94.872,117,6,0,33,149,1,117,5.88e-51,183,"AAAAAATGG","+"
"106",188,"Oh43E_HFFGKADXX_GATCAG_read104","MuTIR_3",94.215,121,7,0,31,151,1,121,1.63e-51,185,"AAAACATTC","+"
"111",194,"Oh43E_HFFGKADXX_GATCAG_read116","MuTIR_3",92.405,79,4,2,72,150,1,77,2.81e-29,111,"CTATCCTGG","+"
"112",196,"Oh43E_HFFGKADXX_GATCAG_read119","MuTIR_3",91.892,111,9,0,39,149,1,111,1.28e-42,156,"CTCGTGGAG","+"
"116",213,"Oh43E_HFFGKADXX_GATCAG_read150","MuTIR_4",94.118,68,3,1,59,125,1,68,1.69e-26,102,"AATGGAAGC","+"
"117",214,"Oh43E_HFFGKADXX_GATCAG_read151","MuTIR_4",94.118,68,3,1,57,123,1,68,1.69e-26,102,"AATGGAAGC","+"
"118",215,"Oh43E_HFFGKADXX_GATCAG_read153","MuTIR_4",93.269,104,7,0,47,150,1,104,4.61e-42,154,"GCAAGAGAG","+"
"119",219,"Oh43E_HFFGKADXX_GATCAG_read166","MuTIR_4",86.076,79,11,0,73,151,1,79,1.71e-21,86.1,"GTGTGTGGG","+"
"120",220,"Oh43E_HFFGKADXX_GATCAG_read169","MuTIR_5",88.889,99,9,1,53,149,1,99,1.3e-32,122,"TAAACCACC","+"
"121",221,"Oh43E_HFFGKADXX_GATCAG_read170","MuTIR_5",91.781,73,4,1,81,151,1,73,1.69e-26,102,"ACCTATTCC","+"
"125",225,"Oh43E_HFFGKADXX_GATCAG_read177","MuTIR_5",100,30,0,0,1,30,1,30,1.34e-12,56.5,"ACTGGCGAG","-"
"128",231,"Oh43E_HFFGKADXX_GATCAG_read193","MuTIR_6",94.366,71,4,0,81,151,1,71,1.01e-28,110,"AGGAGAGGG","+"
"129",232,"Oh43E_HFFGKADXX_GATCAG_read194","MuTIR_6",95.312,128,6,0,24,151,1,128,4.51e-57,204,"CCGTAGATC","+"
"132",252,"Oh43E_HL5WNCCXX_L5_read1","MuTIR_1",100,43,0,0,18,60,1,43,7.88e-20,80.5,"GCTGCGCTC","+"
"134",254,"Oh43E_HL5WNCCXX_L5_read4","MuTIR_1",94.355,124,6,1,27,150,1,123,1.25e-52,189,"GAAAAGTAG","+"
"135",255,"Oh43E_HL5WNCCXX_L5_read5","MuTIR_1",94.656,131,6,1,19,149,1,130,1.61e-56,202,"GTTCAGAAA","+"
"136",256,"Oh43E_HL5WNCCXX_L5_read9","MuTIR_1",98.462,65,0,1,86,150,1,64,7.77e-30,113,"GAGAGCCTC","+"
"138",258,"Oh43E_HL5WNCCXX_L5_read14","MuTIR_1",92.188,128,9,1,23,150,1,127,7.55e-50,180,"CTCTCTTTC","+"
"139",259,"Oh43E_HL5WNCCXX_L5_read17","MuTIR_1",93.75,112,6,1,39,150,1,111,5.88e-46,167,"GAAAAGTAG","+"
"140",260,"Oh43E_HL5WNCCXX_L5_read20","MuTIR_1",92,125,9,1,26,150,1,124,3.51e-48,174,"CTCTCTTTC","+"
"141",261,"Oh43E_HL5WNCCXX_L5_read22","MuTIR_1",92.157,102,7,1,49,150,1,101,9.91e-39,143,"ATTGAAAGG","+"
"143",263,"Oh43E_HL5WNCCXX_L5_read24","MuTIR_1",94.175,103,5,1,48,150,1,102,1.27e-42,156,"TTCGGCAGG","+"
"144",264,"Oh43E_HL5WNCCXX_L5_read26","MuTIR_1",100,46,0,0,105,150,1,46,1.69e-21,86.1,"GAGAGCCTC","+"
"145",265,"Oh43E_HL5WNCCXX_L5_read27","MuTIR_1",94.175,103,5,1,48,150,1,102,1.27e-42,156,"TTCGGCAGG","+"
"146",266,"Oh43E_HL5WNCCXX_L5_read28","MuTIR_1",94.737,95,4,1,36,130,1,94,7.66e-40,147,"GCTGGCGAC","+"
"147",267,"Oh43E_HL5WNCCXX_L5_read29","MuTIR_1",93.22,59,1,2,94,150,1,58,6.09e-21,84.2,"GCCGTGCGA","+"
"148",268,"Oh43E_HL5WNCCXX_L5_read31","MuTIR_1",94.737,95,4,1,47,141,1,94,7.66e-40,147,"ACTCCAAAC","+"
"149",269,"Oh43E_HL5WNCCXX_L5_read32","MuTIR_1",95.614,114,4,1,37,150,1,113,2.1e-50,182,"CCCACCTTG","+"
"150",270,"Oh43E_HL5WNCCXX_L5_read33","MuTIR_1",94.074,135,7,1,16,150,1,134,4.48e-57,204,"CCGCACTCC","+"
"151",271,"Oh43E_HL5WNCCXX_L5_read35","MuTIR_1",92.8,125,8,1,21,145,1,124,7.55e-50,180,"ATTGCAAGG","+"
"153",273,"Oh43E_HL5WNCCXX_L5_read38","MuTIR_1",95.833,96,3,1,55,150,1,95,4.58e-42,154,"GTCGCCAGC","+"
"154",274,"Oh43E_HL5WNCCXX_L5_read39","MuTIR_1",100,43,0,0,49,91,1,43,7.88e-20,80.5,"GCTGCGCTC","+"
"155",275,"Oh43E_HL5WNCCXX_L5_read40","MuTIR_1",100,43,0,0,106,148,1,43,7.88e-20,80.5,"GCTGCGCTC","+"
"156",276,"Oh43E_HL5WNCCXX_L5_read41","MuTIR_1",88.276,145,10,4,12,150,1,144,5.88e-46,167,"GTTTGCAGT","+"
"158",278,"Oh43E_HL5WNCCXX_L5_read43","MuTIR_1",94.253,87,2,2,63,147,1,86,7.71e-35,130,"GCCGTGCGA","+"
"159",279,"Oh43E_HL5WNCCXX_L5_read44","MuTIR_1",96.512,86,2,1,62,147,1,85,3.56e-38,141,"GAGAGCCTC","+"
"160",280,"Oh43E_HL5WNCCXX_L5_read45","MuTIR_1",94.34,106,5,1,44,149,1,105,2.74e-44,161,"TTTTTTGTG","+"
"162",282,"Oh43E_HL5WNCCXX_L5_read50","MuTIR_1",95.349,86,3,1,63,148,1,85,1.66e-36,135,"GGCCCTGGC","+"
"163",283,"Oh43E_HL5WNCCXX_L5_read55","MuTIR_1",100,45,0,0,106,150,1,45,6.09e-21,84.2,"GAGAGCCTC","+"
"164",284,"Oh43E_HL5WNCCXX_L5_read56","MuTIR_1",89.362,94,5,2,62,150,1,94,7.77e-30,113,"GTTTGCAGT","+"
"166",286,"Oh43E_HL5WNCCXX_L5_read58","MuTIR_1",100,32,0,0,113,144,1,32,1.03e-13,60.2,"GCTGGCGAC","+"
"167",287,"Oh43E_HL5WNCCXX_L5_read60","MuTIR_1",91.597,119,9,1,18,136,1,118,7.61e-45,163,"GTCGCCAGC","+"
"180",300,"Oh43E_HL5WNCCXX_L5_read78","MuTIR_1",100,43,0,0,93,135,1,43,7.88e-20,80.5,"GCCCGCCCA","-"
"184",304,"Oh43E_HL5WNCCXX_L5_read83","MuTIR_1",94.737,95,4,1,16,110,1,94,7.66e-40,147,"TCTTCCTGA","-"
"196",316,"Oh43E_HL5WNCCXX_L5_read105","MuTIR_1",94.737,95,4,1,46,140,1,94,7.66e-40,147,"TATTCCTGA","-"
"203",366,"Oh43E_HL5WNCCXX_L5_read281","MuTIR_2",85.437,103,14,1,45,147,1,102,1.3e-27,106,"ACATGGTGG","+"
"204",367,"Oh43E_HL5WNCCXX_L5_read283","MuTIR_2",96.341,82,2,1,70,150,1,82,5.96e-36,134,"CTTTGTAAG","+"
"205",368,"Oh43E_HL5WNCCXX_L5_read285","MuTIR_2",92.222,90,7,0,55,144,1,90,2.77e-34,128,"TGCAATGAT","+"
"206",369,"Oh43E_HL5WNCCXX_L5_read286","MuTIR_2",84.375,128,20,0,22,149,1,128,9.98e-34,126,"CTACTCGGT","+"
"208",371,"Oh43E_HL5WNCCXX_L5_read293","MuTIR_2",86.719,128,17,0,23,150,1,128,9.91e-39,143,"TCCAACGAG","+"
"209",372,"Oh43E_HL5WNCCXX_L5_read294","MuTIR_2",87.302,126,16,0,25,150,1,126,2.76e-39,145,"CTTGCATAC","+"
"210",373,"Oh43E_HL5WNCCXX_L5_read295","MuTIR_2",86.735,98,13,0,49,146,1,98,1.01e-28,110,"GGAGAAGTG","+"
"211",374,"Oh43E_HL5WNCCXX_L5_read297","MuTIR_2",96.591,88,3,0,63,150,1,88,7.66e-40,147,"TTCCTCGCC","+"
"212",375,"Oh43E_HL5WNCCXX_L5_read298","MuTIR_2",87.402,127,16,0,17,143,1,127,7.66e-40,147,"CTTGCATAC","+"
"213",376,"Oh43E_HL5WNCCXX_L5_read299","MuTIR_2",88.889,90,10,0,58,147,1,90,2.79e-29,111,"GCTGGGAAG","+"
"214",377,"Oh43E_HL5WNCCXX_L5_read301","MuTIR_2",95.312,64,3,0,85,148,1,64,1.68e-26,102,"AGTTTTAGG","+"
"215",378,"Oh43E_HL5WNCCXX_L5_read303","MuTIR_2",89.844,128,13,0,16,143,1,128,2.11e-45,165,"TCCAACGAG","+"
"216",379,"Oh43E_HL5WNCCXX_L5_read304","MuTIR_2",94,100,6,0,51,150,1,100,1.65e-41,152,"CTTACAAAG","+"
"217",380,"Oh43E_HL5WNCCXX_L5_read306","MuTIR_2",95.312,64,3,0,85,148,1,64,1.68e-26,102,"AGTTTTAGG","+"
"219",382,"Oh43E_HL5WNCCXX_L5_read310","MuTIR_2",94.059,101,6,0,50,150,1,101,4.58e-42,154,"CCCAGAGCC","+"
"221",384,"Oh43E_HL5WNCCXX_L5_read317","MuTIR_2",84,125,20,0,19,143,1,125,4.64e-32,121,"GGAGAAGTG","+"
"222",385,"Oh43E_HL5WNCCXX_L5_read318","MuTIR_2",96.591,88,3,0,63,150,1,88,7.66e-40,147,"TTCCTCGCC","+"
"223",386,"Oh43E_HL5WNCCXX_L5_read319","MuTIR_2",88.764,89,10,0,62,150,1,89,1.01e-28,110,"GCTGGGAAG","+"
"224",387,"Oh43E_HL5WNCCXX_L5_read323","MuTIR_2",95.455,88,4,0,63,150,1,88,3.56e-38,141,"TTCCTCGCC","+"
"225",388,"Oh43E_HL5WNCCXX_L5_read325","MuTIR_2",88.785,107,12,0,33,139,1,107,2.15e-35,132,"CTACTCGGT","+"
"226",389,"Oh43E_HL5WNCCXX_L5_read328","MuTIR_2",90,90,9,0,58,147,1,90,6.01e-31,117,"GGCTCTGGG","+"
"227",390,"Oh43E_HL5WNCCXX_L5_read329","MuTIR_2",90.323,93,9,0,56,148,1,93,1.29e-32,122,"CTACTCGGT","+"
"228",391,"Oh43E_HL5WNCCXX_L5_read331","MuTIR_2",92,100,8,0,51,150,1,100,3.56e-38,141,"GTCAACGAG","+"
"229",392,"Oh43E_HL5WNCCXX_L5_read333","MuTIR_2",93.798,129,8,0,16,144,1,129,2.7e-54,195,"CCCAGAGCC","+"
"244",407,"Oh43E_HL5WNCCXX_L5_read363","MuTIR_2",93.75,64,4,0,68,131,1,64,7.82e-25,97.1,"TTATTATAA","-"
"257",420,"Oh43E_HL5WNCCXX_L5_read387","MuTIR_2",93.75,64,4,0,68,131,1,64,7.82e-25,97.1,"TTATTATAA","-"
"263",434,"Oh43E_HL5WNCCXX_L5_read426","MuTIR_2",84.694,98,15,0,47,144,1,98,2.18e-25,99,"GGAGAAGTG","+"
"264",440,"Oh43E_HL5WNCCXX_L5_read445","MuTIR_2",86.25,80,8,1,74,150,1,80,6.09e-21,84.2,"CTCGTTGGA","+"
"265",441,"Oh43E_HL5WNCCXX_L5_read446","MuTIR_2",83.478,115,16,1,39,150,1,115,4.68e-27,104,"CTCGTTGGA","+"
"266",442,"Oh43E_HL5WNCCXX_L5_read447","MuTIR_2",85.542,83,9,1,52,131,1,83,6.09e-21,84.2,"CTCGTTGGA","+"
"269",451,"Oh43E_HL5WNCCXX_L5_read482","MuTIR_2",87.313,134,15,1,19,150,1,134,1.65e-41,152,"ATTCGTGTG","+"
"271",459,"Oh43E_HL5WNCCXX_L5_read492","MuTIR_2",87.5,128,16,0,16,143,1,128,2.13e-40,148,"CCCACCACG","+"
"272",460,"Oh43E_HL5WNCCXX_L5_read493","MuTIR_2",88.333,120,14,0,28,147,1,120,2.76e-39,145,"CCCACCACG","+"
"273",462,"Oh43E_HL5WNCCXX_L5_read495","MuTIR_2",87.5,128,16,0,11,138,1,128,2.13e-40,148,"CAGTAGTGA","-"
"275",466,"Oh43E_HL5WNCCXX_L5_read503","MuTIR_2",88.281,128,15,0,23,150,1,128,4.58e-42,154,"TCCTTGGAC","+"
"277",473,"Oh43E_HL5WNCCXX_L5_read528","MuTIR_3",90,100,10,0,51,150,1,100,7.71e-35,130,"TCTAGGTTC","+"
"278",474,"Oh43E_HL5WNCCXX_L5_read529","MuTIR_3",92.105,76,6,0,75,150,1,76,3.61e-28,108,"AAAAAATGG","+"
"279",475,"Oh43E_HL5WNCCXX_L5_read532","MuTIR_3",97.143,35,1,0,116,150,1,35,1.03e-13,60.2,"CATATGTAC","+"
"280",476,"Oh43E_HL5WNCCXX_L5_read533","MuTIR_3",97.826,46,1,0,105,150,1,46,7.88e-20,80.5,"CCGTTTTTT","+"
"281",477,"Oh43E_HL5WNCCXX_L5_read535","MuTIR_3",93.284,134,9,0,17,150,1,134,2.09e-55,198,"GGCCCCCAC","+"
"282",478,"Oh43E_HL5WNCCXX_L5_read536","MuTIR_3",95.041,121,6,0,26,146,1,121,3.49e-53,191,"CTAGTAGCA","+"
"283",479,"Oh43E_HL5WNCCXX_L5_read538","MuTIR_3",97.872,47,1,0,102,148,1,47,2.19e-20,82.4,"CCGTTTTTT","+"
"284",480,"Oh43E_HL5WNCCXX_L5_read541","MuTIR_3",88.889,81,9,0,63,143,1,81,6.05e-26,100,"TCTAGGTTC","+"
"285",481,"Oh43E_HL5WNCCXX_L5_read544","MuTIR_3",88.158,76,9,0,75,150,1,76,3.64e-23,91.6,"TCTAGGTTC","+"
"286",482,"Oh43E_HL5WNCCXX_L5_read546","MuTIR_3",93.846,130,8,0,16,145,1,130,7.5e-55,196,"GAACCTAGA","+"
"287",483,"Oh43E_HL5WNCCXX_L5_read547","MuTIR_3",91.026,78,7,0,70,147,1,78,1.3e-27,106,"CCGTTTTTT","+"
"289",485,"Oh43E_HL5WNCCXX_L5_read551","MuTIR_3",89.855,138,14,0,11,148,1,138,2.72e-49,178,"TCTAGGTTC","+"
"290",486,"Oh43E_HL5WNCCXX_L5_read555","MuTIR_3",88.889,90,10,0,61,150,1,90,2.79e-29,111,"TCTAGGTTC","+"
"291",487,"Oh43E_HL5WNCCXX_L5_read556","MuTIR_3",89.535,86,9,0,64,149,1,86,1.01e-28,110,"TCTAGGTTC","+"
"294",490,"Oh43E_HL5WNCCXX_L5_read564","MuTIR_3",88.889,90,10,0,61,150,1,90,2.79e-29,111,"TCTAGGTTC","+"
"298",494,"Oh43E_HL5WNCCXX_L5_read572","MuTIR_3",92.308,130,10,0,8,137,1,130,1.62e-51,185,"AGTAACGAC","-"
"315",521,"Oh43E_HL5WNCCXX_L5_read625","MuTIR_3",91.667,108,9,0,43,150,1,108,5.92e-41,150,"CCTACAATG","+"
"316",522,"Oh43E_HL5WNCCXX_L5_read626","MuTIR_3",90.816,98,9,0,53,150,1,98,2.15e-35,132,"CCTACAATG","+"
"317",523,"Oh43E_HL5WNCCXX_L5_read628","MuTIR_3",94.737,57,3,0,92,148,1,57,1.31e-22,89.8,"GGAATAGGT","+"
"318",524,"Oh43E_HL5WNCCXX_L5_read629","MuTIR_3",90.805,87,8,0,61,147,1,87,6.01e-31,117,"CCTACAATG","+"
"319",525,"Oh43E_HL5WNCCXX_L5_read630","MuTIR_3",94.737,57,3,0,93,149,1,57,1.31e-22,89.8,"GGAATAGGT","+"
"320",526,"Oh43E_HL5WNCCXX_L5_read631","MuTIR_3",92.647,68,5,0,83,150,1,68,2.18e-25,99,"GGAATAGGT","+"
"321",527,"Oh43E_HL5WNCCXX_L5_read633","MuTIR_3",95.413,109,5,0,42,150,1,109,3.51e-48,174,"ACTGACGGG","+"
"322",528,"Oh43E_HL5WNCCXX_L5_read634","MuTIR_3",92.647,68,5,0,83,150,1,68,2.18e-25,99,"GGAATAGGT","+"
"323",529,"Oh43E_HL5WNCCXX_L5_read635","MuTIR_3",90.265,113,11,0,38,150,1,113,2.13e-40,148,"CCTCTAGAG","+"
"324",530,"Oh43E_HL5WNCCXX_L5_read636","MuTIR_3",93.182,44,3,0,101,144,1,44,2.21e-15,65.8,"ACTGACGGG","+"
"325",531,"Oh43E_HL5WNCCXX_L5_read637","MuTIR_3",95.413,109,5,0,42,150,1,109,3.51e-48,174,"ACTGACGGG","+"
"341",554,"Oh43E_HL5WNCCXX_L5_read678","MuTIR_3",93.243,74,5,0,77,150,1,74,1.01e-28,110,"GACCACAAC","+"
"343",557,"Oh43E_HL5WNCCXX_L5_read682","MuTIR_3",94.286,70,4,0,77,146,1,70,3.61e-28,108,"CTCGTGGAG","+"
"344",558,"Oh43E_HL5WNCCXX_L5_read683","MuTIR_3",92.063,126,10,0,25,150,1,126,2.72e-49,178,"GTTGTGGTC","+"
"346",560,"Oh43E_HL5WNCCXX_L5_read685","MuTIR_3",90.984,122,11,0,26,147,1,122,2.11e-45,165,"CCCGTCCCC","+"
"347",565,"Oh43E_HL5WNCCXX_L5_read691","MuTIR_3",91.667,108,9,0,38,145,1,108,5.92e-41,150,"GGGACGGGG","+"
"348",566,"Oh43E_HL5WNCCXX_L5_read692","MuTIR_3",92.424,132,10,0,19,150,1,132,1.25e-52,189,"CTCCTCATC","+"
"349",567,"Oh43E_HL5WNCCXX_L5_read693","MuTIR_3",94.286,70,4,0,77,146,1,70,3.61e-28,108,"CTCGTGGAG","+"
"350",568,"Oh43E_HL5WNCCXX_L5_read695","MuTIR_3",94.048,84,5,0,67,150,1,84,2.77e-34,128,"TCTGCGCGG","+"
"353",571,"Oh43E_HL5WNCCXX_L5_read698","MuTIR_3",92.424,66,5,0,85,150,1,66,2.81e-24,95.3,"GACCACAAC","+"
"354",572,"Oh43E_HL5WNCCXX_L5_read700","MuTIR_3",92.623,122,9,0,27,148,1,122,9.77e-49,176,"GTTGTGGTC","+"
"355",573,"Oh43E_HL5WNCCXX_L5_read702","MuTIR_3",93.617,94,6,0,57,150,1,94,3.56e-38,141,"TCTGCGCGG","+"
"384",670,"Oh43E_HL5WNCCXX_L5_read894","MuTIR_4",95.238,42,2,0,109,150,1,42,6.14e-16,67.6,"CGGCCACCG","+"
"385",671,"Oh43E_HL5WNCCXX_L5_read903","MuTIR_4",95.062,81,4,0,68,148,1,81,2.77e-34,128,"CTCTCTTGC","+"
"386",672,"Oh43E_HL5WNCCXX_L5_read907","MuTIR_4",90.816,98,9,0,51,148,1,98,2.15e-35,132,"GCCATTAAG","+"
"387",673,"Oh43E_HL5WNCCXX_L5_read909","MuTIR_4",90,140,14,0,11,150,1,140,5.84e-51,183,"CATGAGCTG","+"
"388",674,"Oh43E_HL5WNCCXX_L5_read916","MuTIR_4",94.737,57,3,0,94,150,1,57,1.31e-22,89.8,"CTCTCTTGC","+"
"390",676,"Oh43E_HL5WNCCXX_L5_read928","MuTIR_4",94.118,68,3,1,26,92,1,68,1.68e-26,102,"TGAAAGGGA","-"
"391",677,"Oh43E_HL5WNCCXX_L5_read929","MuTIR_4",95.062,81,4,0,57,137,1,81,2.77e-34,128,"AAAATAGGA","-"
"397",694,"Oh43E_HL5WNCCXX_L5_read1013","MuTIR_4",86.139,101,14,0,48,148,1,101,1.01e-28,110,"GTGTGTGGG","+"
"398",695,"Oh43E_HL5WNCCXX_L5_read1015","MuTIR_4",85.965,114,16,0,36,149,1,114,3.59e-33,124,"GTGTGTGGG","+"
"399",697,"Oh43E_HL5WNCCXX_L5_read1017","MuTIR_4",87.059,85,11,0,63,147,1,85,7.82e-25,97.1,"GTGTGTGGG","+"
"401",706,"Oh43E_HL5WNCCXX_L5_read1036","MuTIR_5",89.091,110,10,1,43,150,1,110,4.61e-37,137,"CGAGACGGC","+"
"402",707,"Oh43E_HL5WNCCXX_L5_read1038","MuTIR_5",100,30,0,0,14,43,1,30,1.33e-12,56.5,"ACCTTGACA","+"
"403",708,"Oh43E_HL5WNCCXX_L5_read1040","MuTIR_5",89.764,127,11,1,19,143,1,127,7.61e-45,163,"CGAGACGGC","+"
"404",709,"Oh43E_HL5WNCCXX_L5_read1042","MuTIR_5",89.381,113,10,1,40,150,1,113,9.91e-39,143,"GTCGCGGAT","+"
"405",710,"Oh43E_HL5WNCCXX_L5_read1043","MuTIR_5",88.189,127,13,1,19,143,1,127,1.65e-41,152,"CGAGACGGC","+"
"406",711,"Oh43E_HL5WNCCXX_L5_read1044","MuTIR_5",100,30,0,0,35,64,1,30,1.33e-12,56.5,"ACCTTGACA","+"
"409",714,"Oh43E_HL5WNCCXX_L5_read1053","MuTIR_5",100,30,0,0,49,78,1,30,1.33e-12,56.5,"ACTGGCGAG","-"
"413",722,"Oh43E_HL5WNCCXX_L5_read1095","MuTIR_6",97.826,46,1,0,105,150,1,46,7.88e-20,80.5,"TGCACTACG","+"
"414",723,"Oh43E_HL5WNCCXX_L5_read1099","MuTIR_6",96.203,79,3,0,72,150,1,79,7.71e-35,130,"TGCACTACA","+"
"427",738,"Oh43E_HL5WNCCXX_L5_read1137","MuTIR_6",96.078,102,4,0,49,150,1,102,5.88e-46,167,"AGGAGAGGG","+"
"428",739,"Oh43E_HL5WNCCXX_L5_read1138","MuTIR_6",94.531,128,7,0,23,150,1,128,2.09e-55,198,"AGGAGAGGG","+"
"429",740,"Oh43E_HL5WNCCXX_L5_read1139","MuTIR_6",94.595,111,6,0,38,148,1,111,1.26e-47,172,"AGGAGAGGG","+"
"430",741,"Oh43E_HL5WNCCXX_L5_read1141","MuTIR_6",94.068,118,7,0,29,146,1,118,7.55e-50,180,"AGGAGAGGG","+"
"431",742,"Oh43E_HL5WNCCXX_L5_read1142","MuTIR_6",93.902,82,5,0,69,150,1,82,3.59e-33,124,"AGGAGAGGG","+"
"432",743,"Oh43E_HL5WNCCXX_L5_read1143","MuTIR_6",96.552,58,2,0,93,150,1,58,7.82e-25,97.1,"CCGTAGATC","+"
"433",744,"Oh43E_HL5WNCCXX_L5_read1144","MuTIR_6",96.117,103,4,0,48,150,1,103,1.63e-46,169,"AGGAGAGGG","+"
"434",745,"Oh43E_HL5WNCCXX_L5_read1145","MuTIR_6",97.297,111,3,0,40,150,1,111,1.25e-52,189,"TCCTAGGCT","+"
"435",746,"Oh43E_HL5WNCCXX_L5_read1146","MuTIR_6",94.595,111,6,0,38,148,1,111,1.26e-47,172,"AGGAGAGGG","+"
"436",747,"Oh43E_HL5WNCCXX_L5_read1147","MuTIR_6",96.364,110,4,0,41,150,1,110,2.1e-50,182,"AGGAGAGGG","+"
"456",790,"Oh43E_HL5WNCCXX_L5_read1257","MuTIR_7",86.4,125,7,2,26,150,1,115,2.15e-35,132,"TGTGGAGGA","+"
"457",791,"Oh43E_HL5WNCCXX_L5_read1258","MuTIR_7",90.647,139,12,1,12,150,1,138,4.51e-52,187,"TCGTACCGC","+"
"459",793,"Oh43E_HL5WNCCXX_L5_read1263","MuTIR_7",90.647,139,12,1,12,150,1,138,4.51e-52,187,"TCGTACCGC","+"
