"","X","qname","sname","percent_identity","alignment_length","mismatches","gap_opens","q_start","q_end","s_start","s_end","evalue","bit_score","tsds","strand"
"1",1,"Os420_HLCY2CCXX_L3_read4","MuTIR_1",98.592,71,0,1,80,150,1,70,3.59e-33,124,"TATTTGTGG","+"
"2",2,"Os420_HLCY2CCXX_L3_read7","MuTIR_1",94.253,87,4,1,61,147,1,86,2.15e-35,132,"TCGCACGGC","+"
"3",3,"Os420_HLCY2CCXX_L3_read9","MuTIR_1",93.443,122,7,1,29,150,1,121,7.55e-50,180,"GAAAGAGAG","+"
"4",4,"Os420_HLCY2CCXX_L3_read10","MuTIR_1",96.341,82,2,1,69,150,1,81,5.96e-36,134,"GTCGGTCTA","+"
"5",5,"Os420_HLCY2CCXX_L3_read12","MuTIR_1",89.888,89,5,3,59,147,1,85,2.79e-29,111,"GGGAGACCG","+"
"6",6,"Os420_HLCY2CCXX_L3_read13","MuTIR_1",92.537,134,8,2,13,146,1,132,3.49e-53,191,"GCCGTGCGA","+"
"7",7,"Os420_HLCY2CCXX_L3_read14","MuTIR_1",95.082,61,2,1,90,150,1,60,2.81e-24,95.3,"CAAGGTGGG","+"
"9",9,"Os420_HLCY2CCXX_L3_read17","MuTIR_1",94.737,95,4,1,28,122,1,94,7.66e-40,147,"ACTCCAAAC","+"
"10",10,"Os420_HLCY2CCXX_L3_read19","MuTIR_1",96.61,59,1,1,92,150,1,58,7.82e-25,97.1,"GAAAGAGAG","+"
"11",11,"Os420_HLCY2CCXX_L3_read20","MuTIR_1",95.37,108,4,1,43,150,1,107,4.55e-47,171,"GCCGTGCGA","+"
"12",12,"Os420_HLCY2CCXX_L3_read21","MuTIR_1",95.455,66,2,1,85,150,1,65,4.68e-27,104,"CCCACCTTG","+"
"13",13,"Os420_HLCY2CCXX_L3_read23","MuTIR_1",95.833,48,2,0,102,149,1,48,2.83e-19,78.7,"ACTCCAAAC","+"
"14",14,"Os420_HLCY2CCXX_L3_read24","MuTIR_1",96.61,59,1,1,92,150,1,58,7.82e-25,97.1,"GAAAGAGAG","+"
"15",15,"Os420_HLCY2CCXX_L3_read26","MuTIR_1",93.976,83,4,1,59,141,1,82,3.59e-33,124,"ATTGAAAGG","+"
"16",16,"Os420_HLCY2CCXX_L3_read30","MuTIR_1",92.537,134,7,3,16,148,1,132,1.25e-52,189,"GTCGGTCTA","+"
"17",17,"Os420_HLCY2CCXX_L3_read33","MuTIR_1",100,43,0,0,50,92,1,43,7.88e-20,80.5,"GCTGCGCTC","+"
"18",18,"Os420_HLCY2CCXX_L3_read36","MuTIR_1",93.684,95,5,1,26,120,1,94,3.56e-38,141,"TCGCACGGC","+"
"20",20,"Os420_HLCY2CCXX_L3_read38","MuTIR_1",98.485,66,0,1,85,150,1,65,2.16e-30,115,"GAGGCTCTC","+"
"21",21,"Os420_HLCY2CCXX_L3_read43","MuTIR_1",97.778,45,1,0,106,150,1,45,2.83e-19,78.7,"GAAAGAGAG","+"
"22",22,"Os420_HLCY2CCXX_L3_read44","MuTIR_1",88.333,120,13,1,15,134,1,119,9.91e-39,143,"CTCGCACAG","+"
"23",23,"Os420_HLCY2CCXX_L3_read45","MuTIR_1",89.247,93,6,3,58,150,1,89,7.77e-30,113,"GGGAGACCG","+"
"24",24,"Os420_HLCY2CCXX_L3_read46","MuTIR_1",92.701,137,9,1,14,150,1,136,7.5e-55,196,"CTCTCTTTC","+"
"25",25,"Os420_HLCY2CCXX_L3_read47","MuTIR_1",87.943,141,10,4,15,149,1,140,9.84e-44,159,"GTTTGCAGC","+"
"26",26,"Os420_HLCY2CCXX_L3_read50","MuTIR_1",92.857,112,7,1,31,142,1,111,2.74e-44,161,"CTCTCTTTC","+"
"27",27,"Os420_HLCY2CCXX_L3_read52","MuTIR_1",96.154,78,2,1,73,150,1,77,9.98e-34,126,"GTGTTAGGT","+"
"28",28,"Os420_HLCY2CCXX_L3_read53","MuTIR_1",96.739,92,2,1,59,150,1,91,1.65e-41,152,"CACAAATAG","+"
"29",29,"Os420_HLCY2CCXX_L3_read54","MuTIR_1",97.222,72,1,1,79,150,1,71,4.64e-32,121,"CACAAATAG","+"
"30",30,"Os420_HLCY2CCXX_L3_read55","MuTIR_1",92,100,6,2,52,150,1,99,1.28e-37,139,"CTTTGAGAG","+"
"31",31,"Os420_HLCY2CCXX_L3_read56","MuTIR_1",97.087,103,1,2,48,150,1,101,1.26e-47,172,"TATTTGTGG","+"
"32",32,"Os420_HLCY2CCXX_L3_read58","MuTIR_1",92.405,79,5,1,72,150,1,78,2.79e-29,111,"CAAGGTGGG","+"
"33",33,"Os420_HLCY2CCXX_L3_read59","MuTIR_1",95.37,108,4,1,43,150,1,107,4.55e-47,171,"GCCGTGCGA","+"
"34",34,"Os420_HLCY2CCXX_L3_read63","MuTIR_1",93.548,124,7,1,27,150,1,123,5.84e-51,183,"ACCTAACAC","+"
"36",36,"Os420_HLCY2CCXX_L3_read66","MuTIR_1",94.737,95,4,1,21,115,1,94,7.66e-40,147,"ACTCCAAAC","+"
"37",37,"Os420_HLCY2CCXX_L3_read69","MuTIR_1",100,32,0,0,114,145,1,32,1.03e-13,60.2,"GTTTGCAGC","+"
"38",38,"Os420_HLCY2CCXX_L3_read70","MuTIR_1",91.176,102,8,1,49,150,1,101,4.61e-37,137,"CTATGAAAG","+"
"39",39,"Os420_HLCY2CCXX_L3_read71","MuTIR_1",98.551,69,0,1,67,135,1,68,4.64e-32,121,"GAGAGCCTC","+"
"40",40,"Os420_HLCY2CCXX_L3_read72","MuTIR_1",97.101,69,1,1,82,150,1,68,2.16e-30,115,"GTGTTAGGT","+"
"41",41,"Os420_HLCY2CCXX_L3_read74","MuTIR_1",95.455,110,4,1,34,143,1,109,3.51e-48,174,"GAGGCTCTC","+"
"42",42,"Os420_HLCY2CCXX_L3_read76","MuTIR_1",94.203,69,3,1,77,145,1,68,4.68e-27,104,"CTCTCTTTC","+"
"43",43,"Os420_HLCY2CCXX_L3_read77","MuTIR_1",92.793,111,7,1,36,146,1,110,9.84e-44,159,"CTCTCTTTC","+"
"45",45,"Os420_HLCY2CCXX_L3_read80","MuTIR_1",94.656,131,6,1,20,150,1,130,1.61e-56,202,"GAAAGAGAG","+"
"47",47,"Os420_HLCY2CCXX_L3_read84","MuTIR_1",96.667,90,2,1,61,150,1,89,2.13e-40,148,"GTGTTAGGT","+"
"48",48,"Os420_HLCY2CCXX_L3_read85","MuTIR_1",100,43,0,0,72,114,1,43,7.88e-20,80.5,"GCTGCGCTC","+"
"49",49,"Os420_HLCY2CCXX_L3_read86","MuTIR_1",100,43,0,0,72,114,1,43,7.88e-20,80.5,"GCTGCGCTC","+"
"50",50,"Os420_HLCY2CCXX_L3_read91","MuTIR_1",92.857,56,3,1,92,147,1,55,7.88e-20,80.5,"GTTTGCAGC","+"
"51",51,"Os420_HLCY2CCXX_L3_read93","MuTIR_1",95.868,121,4,1,30,150,1,120,2.7e-54,195,"GTGTTAGGT","+"
"52",52,"Os420_HLCY2CCXX_L3_read94","MuTIR_1",97.143,70,1,1,81,150,1,69,6.01e-31,117,"CTCTGTGGG","+"
"53",53,"Os420_HLCY2CCXX_L3_read95","MuTIR_1",98.077,52,0,1,99,150,1,51,1.31e-22,89.8,"GAGAGCCTC","+"
"54",54,"Os420_HLCY2CCXX_L3_read97","MuTIR_1",91.964,112,8,1,31,142,1,111,1.27e-42,156,"CTCTCTTTC","+"
"55",55,"Os420_HLCY2CCXX_L3_read98","MuTIR_1",91.453,117,8,2,35,150,1,116,9.84e-44,159,"CTTTGAGAG","+"
"56",56,"Os420_HLCY2CCXX_L3_read105","MuTIR_1",95.868,121,4,1,30,150,1,120,2.7e-54,195,"GTGTTAGGT","+"
"60",60,"Os420_HLCY2CCXX_L3_read113","MuTIR_1",100,43,0,0,61,103,1,43,7.88e-20,80.5,"GCCCGCCCA","-"
"64",64,"Os420_HLCY2CCXX_L3_read120","MuTIR_1",95.789,95,3,1,33,127,1,94,1.65e-41,152,"TCTTTCTGA","-"
"68",68,"Os420_HLCY2CCXX_L3_read125","MuTIR_1",94.737,95,4,1,21,115,1,94,7.66e-40,147,"TATTCCTGA","-"
"79",79,"Os420_HLCY2CCXX_L3_read145","MuTIR_1",93.684,95,5,1,11,105,1,94,3.56e-38,141,"TATTCCTGG","-"
"84",84,"Os420_HLCY2CCXX_L3_read152","MuTIR_1",88.333,120,13,1,19,138,1,119,9.91e-39,143,"AGATTTGGC","-"
"89",89,"Os420_HLCY2CCXX_L3_read164","MuTIR_1",95.789,95,3,1,35,129,1,94,1.65e-41,152,"TCTTTCTGA","-"
"95",95,"Os420_HLCY2CCXX_L3_read179","MuTIR_1",88.333,120,13,1,15,134,1,119,9.91e-39,143,"AGATTTGGC","-"
"96",96,"Os420_HLCY2CCXX_L3_read181","MuTIR_1",93.684,95,5,1,22,116,1,94,3.56e-38,141,"TATTCCTGA","-"
"111",111,"Os420_HLCY2CCXX_L3_read208","MuTIR_1",100,43,0,0,56,98,1,43,7.88e-20,80.5,"GCCCGCCCA","-"
"112",112,"Os420_HLCY2CCXX_L3_read209","MuTIR_1",100,43,0,0,56,98,1,43,7.88e-20,80.5,"GCCCGCCCA","-"
"123",123,"Os420_HLCY2CCXX_L3_read228","MuTIR_1",93.684,95,5,1,7,101,1,94,3.56e-38,141,"TATTCCTGG","-"
"126",128,"Os420_HLCY2CCXX_L3_read244","MuTIR_1",89.474,114,7,2,42,150,1,114,1.28e-37,139,"CAAGGACGC","+"
"127",129,"Os420_HLCY2CCXX_L3_read246","MuTIR_1",95.652,92,3,1,59,150,1,91,7.66e-40,147,"CTGTGCGAG","+"
"131",133,"Os420_HLCY2CCXX_L3_read260","MuTIR_1",90.972,144,8,2,2,140,1,144,1.25e-52,189,"CAATGTCCT","-"
"133",222,"Os420_HLCY2CCXX_L3_read508","MuTIR_2",96.364,55,2,0,96,150,1,55,3.64e-23,91.6,"CCCAGAGCC","+"
"134",223,"Os420_HLCY2CCXX_L3_read511","MuTIR_2",88.281,128,15,0,19,146,1,128,4.58e-42,154,"GTTGGAAGA","+"
"135",224,"Os420_HLCY2CCXX_L3_read512","MuTIR_2",95.385,65,3,0,86,150,1,65,4.68e-27,104,"GTTGGAAGA","+"
"136",225,"Os420_HLCY2CCXX_L3_read513","MuTIR_2",88.971,136,15,0,15,150,1,136,1.63e-46,169,"GGCTCTGGG","+"
"137",226,"Os420_HLCY2CCXX_L3_read514","MuTIR_2",97.674,43,1,0,108,150,1,43,3.67e-18,75,"CCCAGAGCC","+"
"138",227,"Os420_HLCY2CCXX_L3_read515","MuTIR_2",95.588,68,3,0,77,144,1,68,1.01e-28,110,"CATCATACT","+"
"139",228,"Os420_HLCY2CCXX_L3_read518","MuTIR_2",89.908,109,11,0,42,150,1,109,3.56e-38,141,"GTTGGAAGA","+"
"140",229,"Os420_HLCY2CCXX_L3_read519","MuTIR_2",91.089,101,9,0,50,150,1,101,4.61e-37,137,"CATCATACT","+"
"141",230,"Os420_HLCY2CCXX_L3_read521","MuTIR_2",93.814,97,6,0,54,150,1,97,7.66e-40,147,"AGCAGGGAA","+"
"142",231,"Os420_HLCY2CCXX_L3_read522","MuTIR_2",94.444,108,6,0,39,146,1,108,5.88e-46,167,"CCGTCTGCG","+"
"143",232,"Os420_HLCY2CCXX_L3_read523","MuTIR_2",93.814,97,6,0,54,150,1,97,7.66e-40,147,"AGCAGGGAA","+"
"144",233,"Os420_HLCY2CCXX_L3_read529","MuTIR_2",94.186,86,5,0,63,148,1,86,2.15e-35,132,"CATCATACT","+"
"145",234,"Os420_HLCY2CCXX_L3_read532","MuTIR_2",89.691,97,10,0,54,150,1,97,3.59e-33,124,"CCCCTCCCG","+"
"146",235,"Os420_HLCY2CCXX_L3_read533","MuTIR_2",90,120,12,0,27,146,1,120,1.27e-42,156,"ACCCAACTG","+"
"147",236,"Os420_HLCY2CCXX_L3_read536","MuTIR_2",90,90,9,0,58,147,1,90,6.01e-31,117,"GGCTCTGGG","+"
"148",237,"Os420_HLCY2CCXX_L3_read539","MuTIR_2",93.798,129,8,0,13,141,1,129,2.7e-54,195,"CCCAGAGCC","+"
"149",238,"Os420_HLCY2CCXX_L3_read540","MuTIR_2",84,125,13,6,32,150,1,124,7.77e-30,113,"GCGACCTCC","+"
"150",239,"Os420_HLCY2CCXX_L3_read541","MuTIR_2",91.045,67,6,0,82,148,1,67,3.64e-23,91.6,"GGCTCTGGG","+"
"151",240,"Os420_HLCY2CCXX_L3_read544","MuTIR_2",90.909,88,8,0,63,150,1,88,1.67e-31,119,"TTAAGGAGG","+"
"152",241,"Os420_HLCY2CCXX_L3_read545","MuTIR_2",97.674,43,1,0,108,150,1,43,3.67e-18,75,"CCCAGAGCC","+"
"153",242,"Os420_HLCY2CCXX_L3_read546","MuTIR_2",94.444,108,6,0,39,146,1,108,5.88e-46,167,"CCGTCTGCG","+"
"154",243,"Os420_HLCY2CCXX_L3_read549","MuTIR_2",87.778,90,11,0,56,145,1,90,1.3e-27,106,"GCTGGGAAG","+"
"155",244,"Os420_HLCY2CCXX_L3_read550","MuTIR_2",93.976,83,5,0,66,148,1,83,9.98e-34,126,"TGCAATGAT","+"
"156",245,"Os420_HLCY2CCXX_L3_read552","MuTIR_2",94.737,133,5,2,12,143,1,132,1.25e-57,206,"CTTTGTAAG","+"
"159",248,"Os420_HLCY2CCXX_L3_read561","MuTIR_2",93.805,113,7,0,36,148,1,113,4.55e-47,171,"AGCAGGGAA","+"
"160",249,"Os420_HLCY2CCXX_L3_read562","MuTIR_2",91.089,101,9,0,43,143,1,101,4.61e-37,137,"GTTGGAAGA","+"
"161",250,"Os420_HLCY2CCXX_L3_read566","MuTIR_2",92.683,82,6,0,66,147,1,82,1.67e-31,119,"CCCCTCCCG","+"
"162",251,"Os420_HLCY2CCXX_L3_read568","MuTIR_2",91.753,97,8,0,51,147,1,97,1.66e-36,135,"TGCAATGAT","+"
"163",252,"Os420_HLCY2CCXX_L3_read569","MuTIR_2",95.89,73,3,0,78,150,1,73,1.67e-31,119,"CCGTCTGCG","+"
"164",253,"Os420_HLCY2CCXX_L3_read570","MuTIR_2",93.75,64,4,0,69,132,1,64,7.82e-25,97.1,"GCGACCTCC","+"
"165",254,"Os420_HLCY2CCXX_L3_read573","MuTIR_2",97.368,38,1,0,113,150,1,38,2.21e-15,65.8,"TTCCCTGCC","+"
"166",255,"Os420_HLCY2CCXX_L3_read574","MuTIR_2",95.122,82,3,1,70,150,1,82,2.77e-34,128,"AGCAGGGAA","+"
"167",256,"Os420_HLCY2CCXX_L3_read576","MuTIR_2",96.667,90,3,0,53,142,1,90,5.92e-41,150,"CCGTCTGCG","+"
"168",257,"Os420_HLCY2CCXX_L3_read582","MuTIR_2",88.281,128,15,0,19,146,1,128,4.58e-42,154,"GTTGGAAGA","+"
"169",258,"Os420_HLCY2CCXX_L3_read583","MuTIR_2",92.683,82,6,0,60,141,1,82,1.67e-31,119,"CCCCTCCCG","+"
"170",259,"Os420_HLCY2CCXX_L3_read585","MuTIR_2",93.798,129,8,0,13,141,1,129,2.7e-54,195,"CCCAGAGCC","+"
"171",260,"Os420_HLCY2CCXX_L3_read586","MuTIR_2",96.226,53,2,0,98,150,1,53,4.71e-22,87.9,"AGCAGGGAA","+"
"172",261,"Os420_HLCY2CCXX_L3_read589","MuTIR_2",94.444,108,6,0,39,146,1,108,5.88e-46,167,"CCGTCTGCG","+"
"173",262,"Os420_HLCY2CCXX_L3_read590","MuTIR_2",92.373,118,9,0,33,150,1,118,1.63e-46,169,"ACAGACTCC","+"
"174",263,"Os420_HLCY2CCXX_L3_read598","MuTIR_2",89.062,128,14,0,10,137,1,128,9.84e-44,159,"GTTGGAAGA","+"
"176",265,"Os420_HLCY2CCXX_L3_read601","MuTIR_2",94.186,86,5,0,52,137,1,86,2.15e-35,132,"GTTGGAAGA","+"
"178",267,"Os420_HLCY2CCXX_L3_read603","MuTIR_2",95.833,72,3,0,79,150,1,72,6.01e-31,117,"CCGTCTGCG","+"
"217",306,"Os420_HLCY2CCXX_L3_read679","MuTIR_2",93.75,64,4,0,53,116,1,64,7.82e-25,97.1,"TTATTATAA","-"
"219",308,"Os420_HLCY2CCXX_L3_read687","MuTIR_2",93.75,64,4,0,67,130,1,64,7.82e-25,97.1,"TTATTATAA","-"
"224",313,"Os420_HLCY2CCXX_L3_read698","MuTIR_2",93.75,64,4,0,67,130,1,64,7.82e-25,97.1,"TTATTATAA","-"
"232",342,"Os420_HLCY2CCXX_L3_read755","MuTIR_2",92.913,127,9,0,24,150,1,127,1.62e-51,185,"CTTACAAAG","+"
"241",351,"Os420_HLCY2CCXX_L3_read768","MuTIR_2",93.023,129,9,0,9,137,1,129,1.25e-52,189,"CGGATAGAA","-"
"243",370,"Os420_HLCY2CCXX_L3_read841","MuTIR_2",89.231,65,5,2,87,150,1,64,7.88e-20,80.5,"CCTCCTTAA","+"
"244",371,"Os420_HLCY2CCXX_L3_read842","MuTIR_2",87.963,108,11,2,39,145,1,107,9.98e-34,126,"CCTCCTTAA","+"
"248",390,"Os420_HLCY2CCXX_L3_read934","MuTIR_3",92.481,133,10,0,17,149,1,133,3.49e-53,191,"TCCTACAGG","+"
"249",391,"Os420_HLCY2CCXX_L3_read935","MuTIR_3",91.045,67,6,0,84,150,1,67,3.64e-23,91.6,"AAAAAATGG","+"
"250",392,"Os420_HLCY2CCXX_L3_read936","MuTIR_3",95.283,106,5,0,45,150,1,106,1.63e-46,169,"AGTGTCCAT","+"
"251",393,"Os420_HLCY2CCXX_L3_read937","MuTIR_3",94.253,87,5,0,64,150,1,87,5.96e-36,134,"AGTGTCAAT","+"
"252",394,"Os420_HLCY2CCXX_L3_read938","MuTIR_3",93.548,124,8,0,27,150,1,124,1.62e-51,185,"GGCCCCCAC","+"
"253",395,"Os420_HLCY2CCXX_L3_read939","MuTIR_3",95.181,83,4,0,68,150,1,83,2.15e-35,132,"AGTGTCCAT","+"
"254",396,"Os420_HLCY2CCXX_L3_read944","MuTIR_3",95.238,63,3,0,88,150,1,63,6.05e-26,100,"CGCCACCGG","+"
"255",397,"Os420_HLCY2CCXX_L3_read947","MuTIR_3",93.233,133,9,0,18,150,1,133,7.5e-55,196,"AAAAAATGG","+"
"256",398,"Os420_HLCY2CCXX_L3_read956","MuTIR_3",92,100,8,0,51,150,1,100,3.56e-38,141,"CGCCACCGG","+"
"257",399,"Os420_HLCY2CCXX_L3_read957","MuTIR_3",92.035,113,9,0,38,150,1,113,9.84e-44,159,"TCCTACAGG","+"
"258",400,"Os420_HLCY2CCXX_L3_read959","MuTIR_3",93.805,113,7,0,38,150,1,113,4.55e-47,171,"CGCCACCGG","+"
"259",401,"Os420_HLCY2CCXX_L3_read960","MuTIR_3",93.22,118,8,0,32,149,1,118,3.51e-48,174,"CGCCACCGG","+"
"260",402,"Os420_HLCY2CCXX_L3_read963","MuTIR_3",92.537,134,10,0,15,148,1,134,9.7e-54,193,"CCGTTTTTT","+"
"261",403,"Os420_HLCY2CCXX_L3_read964","MuTIR_3",92.453,106,8,0,45,150,1,106,1.65e-41,152,"CCGTTTTTT","+"
"262",404,"Os420_HLCY2CCXX_L3_read967","MuTIR_3",93.233,133,9,0,18,150,1,133,7.5e-55,196,"AAAAAATGG","+"
"263",405,"Os420_HLCY2CCXX_L3_read968","MuTIR_3",91.667,132,11,0,19,150,1,132,5.84e-51,183,"GTTTCCCAA","+"
"265",407,"Os420_HLCY2CCXX_L3_read972","MuTIR_3",92.035,113,9,0,38,150,1,113,9.84e-44,159,"TCCTACAGG","+"
"266",408,"Os420_HLCY2CCXX_L3_read973","MuTIR_3",95.536,112,5,0,39,150,1,112,7.55e-50,180,"AGTGTCCAT","+"
"267",409,"Os420_HLCY2CCXX_L3_read974","MuTIR_3",91.667,132,11,0,19,150,1,132,5.84e-51,183,"GTTTCCCAA","+"
"268",410,"Os420_HLCY2CCXX_L3_read975","MuTIR_3",92.481,133,10,0,7,139,1,133,3.49e-53,191,"AACGACGAT","-"
"271",413,"Os420_HLCY2CCXX_L3_read985","MuTIR_3",91.791,134,9,2,8,140,1,133,1.62e-51,185,"AACGACGAT","-"
"283",431,"Os420_HLCY2CCXX_L3_read1022","MuTIR_3",88.785,107,12,0,44,150,1,107,2.15e-35,132,"CTTCAGAGA","+"
"284",433,"Os420_HLCY2CCXX_L3_read1025","MuTIR_3",94.69,113,6,0,38,150,1,113,9.77e-49,176,"CCTTGCATT","+"
"285",436,"Os420_HLCY2CCXX_L3_read1030","MuTIR_3",87.234,94,12,0,57,150,1,94,3.61e-28,108,"CCTCTAGAG","+"
"286",437,"Os420_HLCY2CCXX_L3_read1031","MuTIR_3",89.333,75,8,0,76,150,1,75,2.81e-24,95.3,"CTTCAGAGA","+"
"288",439,"Os420_HLCY2CCXX_L3_read1034","MuTIR_3",89.344,122,13,0,27,148,1,122,4.58e-42,154,"CTTCAGAGA","+"
"289",441,"Os420_HLCY2CCXX_L3_read1037","MuTIR_3",94.69,113,6,0,38,150,1,113,9.77e-49,176,"CCTTGCATT","+"
"290",443,"Os420_HLCY2CCXX_L3_read1042","MuTIR_3",92.035,113,9,0,33,145,1,113,9.84e-44,159,"CCTACAATG","+"
"291",444,"Os420_HLCY2CCXX_L3_read1045","MuTIR_3",93.043,115,8,0,35,149,1,115,1.63e-46,169,"GTTCTGTAC","+"
"292",445,"Os420_HLCY2CCXX_L3_read1046","MuTIR_3",92.174,115,9,0,35,149,1,115,7.61e-45,163,"GTTCTGTAC","+"
"293",447,"Os420_HLCY2CCXX_L3_read1048","MuTIR_3",95.122,82,3,1,67,148,1,81,2.77e-34,128,"ACTGACGGG","+"
"294",448,"Os420_HLCY2CCXX_L3_read1050","MuTIR_3",92.241,116,9,0,32,147,1,116,2.11e-45,165,"GTTCTGTAC","+"
"312",475,"Os420_HLCY2CCXX_L3_read1110","MuTIR_3",92.424,132,10,0,11,142,1,132,1.25e-52,189,"TCGGCAAGC","+"
"313",476,"Os420_HLCY2CCXX_L3_read1112","MuTIR_3",89.286,140,14,1,10,148,1,140,3.51e-48,174,"TCTTGCGGC","+"
"314",477,"Os420_HLCY2CCXX_L3_read1114","MuTIR_3",89.32,103,10,1,49,150,1,103,2.77e-34,128,"TCTTGCGGC","+"
"315",478,"Os420_HLCY2CCXX_L3_read1116","MuTIR_3",93.103,58,4,0,93,150,1,58,1.69e-21,86.1,"GACGCCGAC","+"
"316",479,"Os420_HLCY2CCXX_L3_read1118","MuTIR_3",94.366,71,4,0,80,150,1,71,1.01e-28,110,"TCGGCAAGC","+"
"317",480,"Os420_HLCY2CCXX_L3_read1119","MuTIR_3",91.304,92,6,2,54,145,1,90,3.59e-33,124,"CTATCCTGG","+"
"318",481,"Os420_HLCY2CCXX_L3_read1120","MuTIR_3",89.412,85,8,1,64,147,1,85,1.3e-27,106,"TCTTGCGGC","+"
"319",483,"Os420_HLCY2CCXX_L3_read1125","MuTIR_3",92.157,102,8,0,49,150,1,102,2.76e-39,145,"TCGGCAAGC","+"
"320",484,"Os420_HLCY2CCXX_L3_read1127","MuTIR_3",92.647,68,5,0,82,149,1,68,2.18e-25,99,"AGTTACGCC","+"
"321",485,"Os420_HLCY2CCXX_L3_read1128","MuTIR_3",94.34,106,6,0,45,150,1,106,7.61e-45,163,"GACCTCAAA","+"
"322",487,"Os420_HLCY2CCXX_L3_read1130","MuTIR_3",93.846,65,4,0,86,150,1,65,2.18e-25,99,"GACGCCGAC","+"
"325",490,"Os420_HLCY2CCXX_L3_read1133","MuTIR_3",90.152,132,11,2,19,150,1,130,4.55e-47,171,"CTATCCTGG","+"
"327",492,"Os420_HLCY2CCXX_L3_read1137","MuTIR_3",92.424,132,10,0,11,142,1,132,1.25e-52,189,"TCGGCAAGC","+"
"328",494,"Os420_HLCY2CCXX_L3_read1139","MuTIR_3",93.846,65,4,0,86,150,1,65,2.18e-25,99,"GACGCCGAC","+"
"329",495,"Os420_HLCY2CCXX_L3_read1140","MuTIR_3",89.286,140,14,1,10,148,1,140,3.51e-48,174,"TCTTGCGGC","+"
"330",497,"Os420_HLCY2CCXX_L3_read1142","MuTIR_3",90,140,14,0,11,150,1,140,2.1e-50,182,"CCGCGGAAG","+"
"331",498,"Os420_HLCY2CCXX_L3_read1145","MuTIR_3",93.22,118,8,0,33,150,1,118,3.51e-48,174,"TCGGCAAGC","+"
"332",499,"Os420_HLCY2CCXX_L3_read1146","MuTIR_3",91.667,132,11,0,14,145,1,132,5.84e-51,183,"GACCTCAAA","+"
"349",520,"Os420_HLCY2CCXX_L3_read1188","MuTIR_3",92.92,113,8,0,38,150,1,113,2.11e-45,165,"CGCCACCGG","+"
"350",533,"Os420_HLCY2CCXX_L3_read1210","MuTIR_3",91.406,128,11,0,23,150,1,128,9.77e-49,176,"CTCCAGGAT","+"
"351",534,"Os420_HLCY2CCXX_L3_read1211","MuTIR_3",91.429,140,12,0,11,150,1,140,9.7e-54,193,"CTCCAGGAT","+"
"352",535,"Os420_HLCY2CCXX_L3_read1212","MuTIR_3",91.753,97,8,0,54,150,1,97,1.66e-36,135,"CTCCAGGAT","+"
"353",536,"Os420_HLCY2CCXX_L3_read1213","MuTIR_3",91.406,128,11,0,23,150,1,128,9.77e-49,176,"CTCCAGGAT","+"
"361",569,"Os420_HLCY2CCXX_L3_read1272","MuTIR_3",87.407,135,14,3,4,136,1,134,1.65e-41,152,"CGAACCACG","-"
"362",628,"Os420_HLCY2CCXX_L3_read1459","MuTIR_4",95.652,46,2,0,103,148,1,46,3.67e-18,75,"CGGCCACCG","+"
"363",629,"Os420_HLCY2CCXX_L3_read1463","MuTIR_4",87.597,129,15,1,15,143,1,128,5.92e-41,150,"GTTTTTACA","+"
"364",630,"Os420_HLCY2CCXX_L3_read1471","MuTIR_4",93.617,94,6,0,56,149,1,94,3.56e-38,141,"CGGCCACCG","+"
"365",631,"Os420_HLCY2CCXX_L3_read1483","MuTIR_4",91.045,67,4,2,81,146,1,66,1.31e-22,89.8,"AATGGAAGC","+"
"366",632,"Os420_HLCY2CCXX_L3_read1484","MuTIR_4",90.179,112,11,0,39,150,1,112,2.13e-40,148,"GTTTTTACA","+"
"367",633,"Os420_HLCY2CCXX_L3_read1494","MuTIR_4",89.781,137,14,0,10,146,1,137,2.72e-49,178,"CTAGCCTAG","+"
"372",638,"Os420_HLCY2CCXX_L3_read1525","MuTIR_4",90.833,120,11,0,21,140,1,120,7.61e-45,163,"CTTTTATGC","-"
"379",659,"Os420_HLCY2CCXX_L3_read1612","MuTIR_4",88.406,138,16,0,13,150,1,138,1.63e-46,169,"CGGCAGGTG","+"
"380",660,"Os420_HLCY2CCXX_L3_read1615","MuTIR_4",88.406,138,16,0,13,150,1,138,1.63e-46,169,"CGGCAGGTG","+"
"386",676,"Os420_HLCY2CCXX_L3_read1671","MuTIR_4",87.234,94,12,0,57,150,1,94,3.61e-28,108,"GTGTGTGGG","+"
"388",701,"Os420_HLCY2CCXX_L3_read1733","MuTIR_5",89.899,99,8,1,54,150,1,99,2.77e-34,128,"ATTGAGCCC","+"
"389",702,"Os420_HLCY2CCXX_L3_read1734","MuTIR_5",88.889,117,11,1,27,141,1,117,2.76e-39,145,"GGCTACATC","+"
"390",703,"Os420_HLCY2CCXX_L3_read1735","MuTIR_5",94.595,37,2,0,114,150,1,37,3.69e-13,58.4,"ATTGAGCCC","+"
"391",704,"Os420_HLCY2CCXX_L3_read1739","MuTIR_5",93.22,59,2,1,91,147,1,59,1.69e-21,86.1,"CCAGTTCTG","+"
"392",705,"Os420_HLCY2CCXX_L3_read1740","MuTIR_5",91.25,80,5,1,73,150,1,80,1.01e-28,110,"CCAGTTCTG","+"
"393",706,"Os420_HLCY2CCXX_L3_read1741","MuTIR_5",91.25,80,5,1,73,150,1,80,1.01e-28,110,"CCAGTTCTG","+"
"394",707,"Os420_HLCY2CCXX_L3_read1742","MuTIR_5",88.889,117,11,1,27,141,1,117,2.76e-39,145,"GGCTACATC","+"
"396",709,"Os420_HLCY2CCXX_L3_read1747","MuTIR_5",90.909,66,4,1,87,150,1,66,1.31e-22,89.8,"CAGAACTGG","+"
"399",712,"Os420_HLCY2CCXX_L3_read1759","MuTIR_5",88.571,105,10,1,47,149,1,105,2.77e-34,128,"ACCTTGACA","+"
"409",722,"Os420_HLCY2CCXX_L3_read1776","MuTIR_5",88.571,105,10,1,29,131,1,105,2.77e-34,128,"GAATTGATT","-"
"410",734,"Os420_HLCY2CCXX_L3_read1827","MuTIR_6",89.744,117,11,1,18,133,1,117,2.13e-40,148,"TTGGACAAC","+"
"411",735,"Os420_HLCY2CCXX_L3_read1830","MuTIR_6",100,42,0,0,109,150,1,42,2.83e-19,78.7,"TGCACTACG","+"
"412",736,"Os420_HLCY2CCXX_L3_read1831","MuTIR_6",89.744,117,11,1,26,141,1,117,2.13e-40,148,"TTGGACAAC","+"
"413",737,"Os420_HLCY2CCXX_L3_read1844","MuTIR_6",100,42,0,0,109,150,1,42,2.83e-19,78.7,"TGCACTACG","+"
"414",738,"Os420_HLCY2CCXX_L3_read1845","MuTIR_6",96.154,78,3,0,73,150,1,78,2.77e-34,128,"TGCACTACG","+"
"415",739,"Os420_HLCY2CCXX_L3_read1846","MuTIR_6",100,40,0,0,111,150,1,40,3.67e-18,75,"TGCACTACA","+"
"416",740,"Os420_HLCY2CCXX_L3_read1849","MuTIR_6",97.959,49,1,0,102,150,1,49,1.69e-21,86.1,"TGCACTACG","+"
"417",741,"Os420_HLCY2CCXX_L3_read1855","MuTIR_6",100,34,0,0,117,150,1,34,7.94e-15,63.9,"TGCACTACA","+"
"421",745,"Os420_HLCY2CCXX_L3_read1864","MuTIR_6",89.744,117,11,1,14,129,1,117,2.13e-40,148,"AATCGATAT","-"
"431",757,"Os420_HLCY2CCXX_L3_read1895","MuTIR_6",92.248,129,10,0,22,150,1,129,5.84e-51,183,"AGGAGAGGG","+"
"434",760,"Os420_HLCY2CCXX_L3_read1903","MuTIR_6",96.396,111,4,0,40,150,1,111,5.84e-51,183,"AGGAGAGGG","+"
"435",761,"Os420_HLCY2CCXX_L3_read1905","MuTIR_6",94.915,118,6,0,29,146,1,118,1.62e-51,185,"AGGAGAGGG","+"
"436",762,"Os420_HLCY2CCXX_L3_read1906","MuTIR_6",95.495,111,5,0,37,147,1,111,2.72e-49,178,"AGGAGAGGG","+"
"438",764,"Os420_HLCY2CCXX_L3_read1908","MuTIR_6",95.349,86,4,0,57,142,1,86,4.61e-37,137,"AGGAGAGGG","+"
"439",765,"Os420_HLCY2CCXX_L3_read1910","MuTIR_6",92.701,137,10,0,14,150,1,137,2.09e-55,198,"AGGAGAGGG","+"
"440",766,"Os420_HLCY2CCXX_L3_read1911","MuTIR_6",94.891,137,7,0,14,150,1,137,2.07e-60,215,"AGGAGAGGG","+"
"450",779,"Os420_HLCY2CCXX_L3_read1946","MuTIR_6",90,90,8,1,59,147,1,90,2.16e-30,115,"GACGTGAAC","+"
"455",790,"Os420_HLCY2CCXX_L3_read1970","MuTIR_6",89.855,69,6,1,82,150,1,68,4.71e-22,87.9,"GATCGAACC","+"
"456",791,"Os420_HLCY2CCXX_L3_read1971","MuTIR_6",91.579,95,7,1,56,150,1,94,7.71e-35,130,"GATCGAACC","+"
"459",838,"Os420_HLCY2CCXX_L3_read2083","MuTIR_7",92.437,119,7,2,33,150,1,118,1.26e-47,172,"TACCTAGTT","+"
"460",839,"Os420_HLCY2CCXX_L3_read2084","MuTIR_7",91.87,123,8,2,29,150,1,122,3.51e-48,174,"TACCTAGTT","+"
"463",864,"Os420_H3CWKBGXX_CGATGT_read1","MuTIR_1",96.25,80,2,1,72,151,1,79,7.77e-35,130,"GAGGCTCTC","+"
"465",866,"Os420_H3CWKBGXX_CGATGT_read6","MuTIR_1",97.674,86,1,1,66,151,1,85,7.72e-40,147,"TATTTGTGG","+"
"466",867,"Os420_H3CWKBGXX_CGATGT_read7","MuTIR_1",96.396,111,3,1,41,151,1,110,2.11e-50,182,"GAGAGCCTC","+"
"467",868,"Os420_H3CWKBGXX_CGATGT_read10","MuTIR_1",92.366,131,9,1,16,146,1,130,1.63e-51,185,"CTCTCTTTC","+"
"468",869,"Os420_H3CWKBGXX_CGATGT_read12","MuTIR_1",96.364,55,1,1,97,151,1,54,1.32e-22,89.8,"GAAAGAGAG","+"
"469",870,"Os420_H3CWKBGXX_CGATGT_read15","MuTIR_1",94.737,95,4,1,31,125,1,94,7.72e-40,147,"ACTCCAAAC","+"
"470",871,"Os420_H3CWKBGXX_CGATGT_read17","MuTIR_1",95.455,110,4,1,37,146,1,109,3.54e-48,174,"GAGGCTCTC","+"
"471",872,"Os420_H3CWKBGXX_CGATGT_read18","MuTIR_1",96.429,84,2,1,68,151,1,83,4.64e-37,137,"GTGTTAGGT","+"
"472",873,"Os420_H3CWKBGXX_CGATGT_read20","MuTIR_1",93.684,95,5,1,28,122,1,94,3.59e-38,141,"TCGCACGGC","+"
"473",874,"Os420_H3CWKBGXX_CGATGT_read21","MuTIR_1",100,30,0,0,122,151,1,30,1.34e-12,56.5,"GTCGGTCTA","+"
"474",875,"Os420_H3CWKBGXX_CGATGT_read23","MuTIR_1",96.203,79,2,1,29,107,1,78,2.79e-34,128,"GAGGCTCTC","+"
"475",876,"Os420_H3CWKBGXX_CGATGT_read24","MuTIR_1",96.124,129,4,1,23,151,1,128,9.7e-59,209,"GAGAGCCTC","+"
"476",877,"Os420_H3CWKBGXX_CGATGT_read26","MuTIR_1",95.652,46,2,0,106,151,1,46,3.69e-18,75,"GCCGTGCGA","+"
"477",878,"Os420_H3CWKBGXX_CGATGT_read27","MuTIR_1",100,38,0,0,113,150,1,38,4.78e-17,71.3,"GAGAGCCTC","+"
"479",880,"Os420_H3CWKBGXX_CGATGT_read30","MuTIR_1",100,35,0,0,117,151,1,35,2.22e-15,65.8,"GAGGCTCTC","+"
"480",881,"Os420_H3CWKBGXX_CGATGT_read33","MuTIR_1",90.678,118,6,2,32,144,1,118,1.66e-41,152,"GTTTGCAGC","+"
"481",882,"Os420_H3CWKBGXX_CGATGT_read34","MuTIR_1",93.651,126,6,2,26,151,1,124,4.55e-52,187,"CCCACCTTG","+"
"482",883,"Os420_H3CWKBGXX_CGATGT_read35","MuTIR_1",96.154,130,3,2,12,141,1,128,2.7e-59,211,"CACAAATAG","+"
"483",884,"Os420_H3CWKBGXX_CGATGT_read36","MuTIR_1",93.382,136,8,1,16,151,1,135,5.84e-56,200,"GAGGCTCTC","+"
"484",885,"Os420_H3CWKBGXX_CGATGT_read38","MuTIR_1",94.737,95,4,1,31,125,1,94,7.72e-40,147,"TAGACCGAC","+"
"504",905,"Os420_H3CWKBGXX_CGATGT_read78","MuTIR_1",94.737,95,4,1,37,131,1,94,7.72e-40,147,"TTTTCCTAA","-"
"506",918,"Os420_H3CWKBGXX_CGATGT_read100","MuTIR_1",97.143,35,1,0,117,151,1,35,1.03e-13,60.2,"CTGTGCGAG","+"
"510",943,"Os420_H3CWKBGXX_CGATGT_read191","MuTIR_2",93.75,64,4,0,70,133,1,64,7.88e-25,97.1,"GCGACCTCC","+"
"511",944,"Os420_H3CWKBGXX_CGATGT_read198","MuTIR_2",87.097,93,10,2,60,151,1,92,4.71e-27,104,"CCCCTCCCG","+"
"512",945,"Os420_H3CWKBGXX_CGATGT_read200","MuTIR_2",93.333,120,6,2,21,139,1,119,9.84e-49,176,"TGCCGCCGC","+"
"513",946,"Os420_H3CWKBGXX_CGATGT_read201","MuTIR_2",97.297,37,1,0,115,151,1,37,7.99e-15,63.9,"TTCCTCGCC","+"
"514",947,"Os420_H3CWKBGXX_CGATGT_read203","MuTIR_2",97.917,48,1,0,104,151,1,48,6.14e-21,84.2,"TTCCTCGCC","+"
"515",948,"Os420_H3CWKBGXX_CGATGT_read204","MuTIR_2",95.522,67,3,0,85,151,1,67,3.64e-28,108,"GTTGGAAGA","+"
"516",949,"Os420_H3CWKBGXX_CGATGT_read205","MuTIR_2",89.844,128,13,0,11,138,1,128,2.13e-45,165,"GTTGGAAGA","+"
"517",950,"Os420_H3CWKBGXX_CGATGT_read208","MuTIR_2",97.674,43,1,0,109,151,1,43,3.69e-18,75,"TTCCCTGCC","+"
"518",951,"Os420_H3CWKBGXX_CGATGT_read210","MuTIR_2",91.304,115,10,0,37,151,1,115,3.56e-43,158,"ACAGACTCC","+"
"520",953,"Os420_H3CWKBGXX_CGATGT_read216","MuTIR_2",93.798,129,8,0,13,141,1,129,2.72e-54,195,"CCCAGAGCC","+"
"522",955,"Os420_H3CWKBGXX_CGATGT_read221","MuTIR_2",97.368,38,1,0,114,151,1,38,2.22e-15,65.8,"TTCCTCGCC","+"
"523",956,"Os420_H3CWKBGXX_CGATGT_read222","MuTIR_2",89.231,130,14,0,22,151,1,130,7.66e-45,163,"GGCTCTGGG","+"
"524",957,"Os420_H3CWKBGXX_CGATGT_read228","MuTIR_2",90.226,133,13,0,19,151,1,133,3.54e-48,174,"TTAAGGAGG","+"
"526",959,"Os420_H3CWKBGXX_CGATGT_read233","MuTIR_2",84.615,130,13,6,15,138,1,129,1.3e-32,122,"CGGATAGAA","-"
"539",972,"Os420_H3CWKBGXX_CGATGT_read260","MuTIR_2",84.615,130,13,6,15,138,1,129,1.3e-32,122,"CGGATAGAA","-"
"542",977,"Os420_H3CWKBGXX_CGATGT_read273","MuTIR_2",94.444,54,3,0,88,141,1,54,6.14e-21,84.2,"CTTACAAAG","+"
"545",981,"Os420_H3CWKBGXX_CGATGT_read291","MuTIR_2",90,80,8,0,72,151,1,80,4.71e-27,104,"CTACTCGGT","+"
"547",993,"Os420_H3CWKBGXX_CGATGT_read356","MuTIR_3",96.154,52,2,0,100,151,1,52,1.71e-21,86.1,"CCGTTTTTT","+"
"548",994,"Os420_H3CWKBGXX_CGATGT_read357","MuTIR_3",91.304,92,8,0,60,151,1,92,1.01e-33,126,"AAAAAATGG","+"
"549",995,"Os420_H3CWKBGXX_CGATGT_read358","MuTIR_3",91.729,133,11,0,12,144,1,133,1.63e-51,185,"AAAAAATGG","+"
"550",996,"Os420_H3CWKBGXX_CGATGT_read360","MuTIR_3",92.481,133,10,0,13,145,1,133,3.51e-53,191,"TCCTACAGG","+"
"551",997,"Os420_H3CWKBGXX_CGATGT_read363","MuTIR_3",94.017,117,7,0,35,151,1,117,2.74e-49,178,"AAAACATTC","+"
"552",998,"Os420_H3CWKBGXX_CGATGT_read364","MuTIR_3",94.167,120,7,0,32,151,1,120,5.88e-51,183,"CTAGTAGCA","+"
"554",1000,"Os420_H3CWKBGXX_CGATGT_read367","MuTIR_3",92.391,92,7,0,60,151,1,92,2.16e-35,132,"AAAAAATGG","+"
"555",1001,"Os420_H3CWKBGXX_CGATGT_read368","MuTIR_3",94.03,134,8,0,16,149,1,134,4.51e-57,204,"GGCCCCCAC","+"
"556",1002,"Os420_H3CWKBGXX_CGATGT_read369","MuTIR_3",94.215,121,7,0,31,151,1,121,1.63e-51,185,"AAAACATTC","+"
"557",1003,"Os420_H3CWKBGXX_CGATGT_read370","MuTIR_3",92.473,93,7,0,27,119,1,93,6.01e-36,134,"AAAAAATGG","+"
"562",1008,"Os420_H3CWKBGXX_CGATGT_read378","MuTIR_3",93.233,133,9,0,5,137,1,133,7.55e-55,196,"AACGACGAT","-"
"565",1014,"Os420_H3CWKBGXX_CGATGT_read391","MuTIR_3",92.683,82,5,1,68,149,1,81,6.05e-31,117,"GTTCTGTAC","+"
"566",1015,"Os420_H3CWKBGXX_CGATGT_read392","MuTIR_3",89.474,76,8,0,72,147,1,76,7.88e-25,97.1,"CTTCAGAGA","+"
"567",1016,"Os420_H3CWKBGXX_CGATGT_read393","MuTIR_3",94.783,115,6,0,29,143,1,115,7.61e-50,180,"ACTGCCGGG","+"
"568",1017,"Os420_H3CWKBGXX_CGATGT_read394","MuTIR_3",92.045,88,7,0,50,137,1,88,3.61e-33,124,"CCTTGCATT","+"
"569",1018,"Os420_H3CWKBGXX_CGATGT_read396","MuTIR_3",91.954,87,7,0,63,149,1,87,1.3e-32,122,"GTTCTGTAC","+"
"570",1019,"Os420_H3CWKBGXX_CGATGT_read397","MuTIR_3",94.366,71,4,0,78,148,1,71,1.01e-28,110,"AGTAGAGCA","+"
"571",1020,"Os420_H3CWKBGXX_CGATGT_read398","MuTIR_3",88.889,99,11,0,53,151,1,99,1.3e-32,122,"CCTCTAGAG","+"
"572",1021,"Os420_H3CWKBGXX_CGATGT_read400","MuTIR_3",94.366,71,4,0,79,149,1,71,1.01e-28,110,"ACTGCAGTA","+"
"573",1022,"Os420_H3CWKBGXX_CGATGT_read403","MuTIR_3",93.75,112,7,0,40,151,1,112,1.65e-46,169,"AGTAGAGCA","+"
"574",1023,"Os420_H3CWKBGXX_CGATGT_read404","MuTIR_3",92.188,128,10,0,24,151,1,128,2.11e-50,182,"GTTCTGTAC","+"
"575",1024,"Os420_H3CWKBGXX_CGATGT_read409","MuTIR_3",87.879,99,12,0,53,151,1,99,6.05e-31,117,"CCTCTAGAG","+"
"585",1036,"Os420_H3CWKBGXX_CGATGT_read431","MuTIR_3",91.538,130,11,0,9,138,1,130,7.61e-50,180,"AGTAACGAC","-"
"587",1041,"Os420_H3CWKBGXX_CGATGT_read442","MuTIR_3",93.13,131,9,0,21,151,1,131,9.77e-54,193,"GACCTCAAA","+"
"588",1042,"Os420_H3CWKBGXX_CGATGT_read444","MuTIR_3",93.548,93,6,0,59,151,1,93,1.29e-37,139,"ATTTATGAC","+"
"589",1043,"Os420_H3CWKBGXX_CGATGT_read451","MuTIR_3",93.443,61,4,0,89,149,1,61,3.67e-23,91.6,"AGTTACGCC","+"
"590",1044,"Os420_H3CWKBGXX_CGATGT_read452","MuTIR_3",93.043,115,8,0,37,151,1,115,1.65e-46,169,"TCGGCAAGC","+"
"591",1045,"Os420_H3CWKBGXX_CGATGT_read453","MuTIR_3",91.453,117,8,2,29,145,1,115,9.91e-44,159,"CTATCCTGG","+"
"592",1046,"Os420_H3CWKBGXX_CGATGT_read454","MuTIR_3",89.706,136,14,0,15,150,1,136,3.54e-48,174,"GCCGCAGAC","+"
"593",1047,"Os420_H3CWKBGXX_CGATGT_read455","MuTIR_3",91.453,117,8,2,29,145,1,115,9.91e-44,159,"CTATCCTGG","+"
"597",1051,"Os420_H3CWKBGXX_CGATGT_read463","MuTIR_3",94.643,112,6,0,16,127,1,112,3.54e-48,174,"TGCACACCC","-"
"598",1052,"Os420_H3CWKBGXX_CGATGT_read465","MuTIR_3",94.643,112,6,0,6,117,1,112,3.54e-48,174,"TGCACACCC","-"
"605",1084,"Os420_H3CWKBGXX_CGATGT_read575","MuTIR_4",94.828,58,3,0,94,151,1,58,3.67e-23,91.6,"CCGAAGACT","+"
"606",1085,"Os420_H3CWKBGXX_CGATGT_read578","MuTIR_4",97.778,45,1,0,107,151,1,45,2.85e-19,78.7,"CCGAAGACT","+"
"612",1099,"Os420_H3CWKBGXX_CGATGT_read645","MuTIR_4",86.42,81,11,0,41,121,1,81,1.32e-22,89.8,"ACCTAGGTT","+"
"614",1106,"Os420_H3CWKBGXX_CGATGT_read660","MuTIR_5",90.323,93,7,1,26,116,1,93,1.3e-32,122,"CAGAACTGG","+"
"615",1107,"Os420_H3CWKBGXX_CGATGT_read663","MuTIR_5",89.051,137,13,1,15,149,1,137,4.58e-47,171,"ATTGAGCCC","+"
"616",1108,"Os420_H3CWKBGXX_CGATGT_read666","MuTIR_5",88.571,105,10,1,33,135,1,105,2.79e-34,128,"ACCTTGACA","+"
"619",1111,"Os420_H3CWKBGXX_CGATGT_read672","MuTIR_5",90,120,10,1,19,136,1,120,1.28e-42,156,"CAGAACTGG","+"
"621",1113,"Os420_H3CWKBGXX_CGATGT_read680","MuTIR_5",88.321,137,14,1,7,141,1,137,2.13e-45,165,"AAGAAGGGT","-"
"622",1114,"Os420_H3CWKBGXX_CGATGT_read682","MuTIR_5",89.764,127,11,1,12,136,1,127,7.66e-45,163,"CGTTGTTAT","-"
"624",1116,"Os420_H3CWKBGXX_CGATGT_read701","MuTIR_6",95.652,115,5,0,36,150,1,115,1.63e-51,185,"TGCACTACA","+"
"625",1117,"Os420_H3CWKBGXX_CGATGT_read705","MuTIR_6",96.117,103,4,0,48,150,1,103,1.65e-46,169,"TGCACTACA","+"
"626",1118,"Os420_H3CWKBGXX_CGATGT_read706","MuTIR_6",94,50,3,0,102,151,1,50,1.03e-18,76.8,"TGCACTACA","+"
"629",1121,"Os420_H3CWKBGXX_CGATGT_read714","MuTIR_6",89.744,117,11,1,24,139,1,117,2.15e-40,148,"AATCGATAT","-"
"631",1123,"Os420_H3CWKBGXX_CGATGT_read727","MuTIR_6",95.238,84,4,0,68,151,1,84,6.01e-36,134,"AGGAGAGGG","+"
"632",1124,"Os420_H3CWKBGXX_CGATGT_read728","MuTIR_6",95.714,70,3,0,49,118,1,70,7.83e-30,113,"TCCTAGGCT","+"
"633",1125,"Os420_H3CWKBGXX_CGATGT_read730","MuTIR_6",95.062,81,4,0,71,151,1,81,2.79e-34,128,"AGGAGAGGG","+"
"634",1126,"Os420_H3CWKBGXX_CGATGT_read731","MuTIR_6",95.699,93,4,0,59,151,1,93,5.96e-41,150,"AGGAGAGGG","+"
"635",1127,"Os420_H3CWKBGXX_CGATGT_read732","MuTIR_6",96.512,86,3,0,50,135,1,86,9.98e-39,143,"TCCTAGGCT","+"
"636",1128,"Os420_H3CWKBGXX_CGATGT_read733","MuTIR_6",95.506,89,4,0,63,151,1,89,9.98e-39,143,"AGGAGAGGG","+"
"645",1141,"Os420_H3CWKBGXX_CGATGT_read758","MuTIR_6",90.141,71,6,1,81,151,1,70,3.67e-23,91.6,"GATCGAACC","+"
"648",1160,"Os420_H3CWKBGXX_CGATGT_read803","MuTIR_7",88.722,133,14,1,19,151,1,132,2.13e-45,165,"TCGTACCGC","+"
"650",1162,"Os420_H3CWKBGXX_CGATGT_read808","MuTIR_7",90.909,88,7,1,65,151,1,88,4.68e-32,121,"TACCTAGTT","+"
