"","X","qname","sname","percent_identity","alignment_length","mismatches","gap_opens","q_start","q_end","s_start","s_end","evalue","bit_score","tsds","strand"
"1",1,"Pa762_H57TJBGXX_ATGTCA_read5","MuTIR_1",96.512,86,2,1,64,149,1,85,3.59e-38,141,"GTCGCCAGC","+"
"2",2,"Pa762_H57TJBGXX_ATGTCA_read6","MuTIR_1",93.333,45,3,0,107,151,1,45,6.18e-16,67.6,"GTTTGCAGT","+"
"3",3,"Pa762_H57TJBGXX_ATGTCA_read8","MuTIR_1",93.878,98,5,1,33,130,1,97,7.72e-40,147,"ATTGAAAGG","+"
"4",4,"Pa762_H57TJBGXX_ATGTCA_read10","MuTIR_1",96.386,83,2,1,69,151,1,82,1.67e-36,135,"ACTCCAAAC","+"
"5",5,"Pa762_H57TJBGXX_ATGTCA_read11","MuTIR_1",91.667,48,4,0,101,148,1,48,6.18e-16,67.6,"GATTGCAGT","+"
"6",6,"Pa762_H57TJBGXX_ATGTCA_read12","MuTIR_1",95.652,69,2,1,83,151,1,68,1.01e-28,110,"TAGACCGAC","+"
"7",7,"Pa762_H57TJBGXX_ATGTCA_read13","MuTIR_1",94.624,93,4,1,59,151,1,92,9.98e-39,143,"TTCGGCAGG","+"
"8",8,"Pa762_H57TJBGXX_ATGTCA_read14","MuTIR_1",96.512,86,2,1,64,149,1,85,3.59e-38,141,"GTCGCCAGC","+"
"9",9,"Pa762_H57TJBGXX_ATGTCA_read15","MuTIR_1",94.175,103,5,1,49,151,1,102,1.28e-42,156,"ATTGAAAGG","+"
"10",10,"Pa762_H57TJBGXX_ATGTCA_read16","MuTIR_1",97.778,90,1,1,23,112,1,89,4.61e-42,154,"CATCCAAAC","+"
"11",11,"Pa762_H57TJBGXX_ATGTCA_read17","MuTIR_1",100,31,0,0,109,139,1,31,3.72e-13,58.4,"GATCTGAGA","+"
"12",12,"Pa762_H57TJBGXX_ATGTCA_read19","MuTIR_1",96.512,86,2,1,63,148,1,85,3.59e-38,141,"ACTCCAAAC","+"
"13",13,"Pa762_H57TJBGXX_ATGTCA_read21","MuTIR_1",97.872,47,1,0,105,151,1,47,2.21e-20,82.4,"GAGGGAAGG","+"
"14",14,"Pa762_H57TJBGXX_ATGTCA_read22","MuTIR_1",94.203,69,3,1,83,151,1,68,4.71e-27,104,"ATTGAAAGG","+"
"15",15,"Pa762_H57TJBGXX_ATGTCA_read24","MuTIR_1",93.694,111,4,2,43,151,1,110,7.66e-45,163,"GCCGTGCGA","+"
"16",16,"Pa762_H57TJBGXX_ATGTCA_read25","MuTIR_1",96.226,106,3,1,46,151,1,105,1.27e-47,172,"GAGAGCCTC","+"
"17",17,"Pa762_H57TJBGXX_ATGTCA_read26","MuTIR_1",95.146,103,4,1,49,151,1,102,2.76e-44,161,"GTCGCCAGC","+"
"18",18,"Pa762_H57TJBGXX_ATGTCA_read27","MuTIR_1",94.444,54,2,1,98,151,1,53,2.21e-20,82.4,"GCTGGCGAC","+"
"19",19,"Pa762_H57TJBGXX_ATGTCA_read28","MuTIR_1",93.651,126,6,2,24,149,1,124,4.55e-52,187,"GTCGCCAGC","+"
"20",20,"Pa762_H57TJBGXX_ATGTCA_read29","MuTIR_1",92.793,111,7,1,33,143,1,110,9.91e-44,159,"ATTGAAAGG","+"
"21",21,"Pa762_H57TJBGXX_ATGTCA_read31","MuTIR_1",92.806,139,9,1,13,151,1,138,5.84e-56,200,"GATCTGAGA","+"
"36",36,"Pa762_H57TJBGXX_ATGTCA_read51","MuTIR_1",94.737,95,4,1,43,137,1,94,7.72e-40,147,"TATTCCTGA","-"
"42",42,"Pa762_H57TJBGXX_ATGTCA_read58","MuTIR_1",94.737,95,4,1,25,119,1,94,7.72e-40,147,"TCTTCCTGA","-"
"46",50,"Pa762_H57TJBGXX_ATGTCA_read67","MuTIR_1",93.333,105,6,1,47,151,1,104,4.61e-42,154,"CTTTGGATG","+"
"49",71,"Pa762_H57TJBGXX_ATGTCA_read126","MuTIR_2",93.651,63,4,0,89,151,1,63,2.83e-24,95.3,"CCACCAAGT","+"
"50",72,"Pa762_H57TJBGXX_ATGTCA_read127","MuTIR_2",93.798,129,8,0,20,148,1,129,2.72e-54,195,"CCCAGAGCC","+"
"51",73,"Pa762_H57TJBGXX_ATGTCA_read128","MuTIR_2",89.024,82,9,0,68,149,1,82,1.69e-26,102,"GGAGAAGTG","+"
"52",74,"Pa762_H57TJBGXX_ATGTCA_read130","MuTIR_2",86.916,107,14,0,38,144,1,107,4.68e-32,121,"TGGATCAAG","+"
"53",75,"Pa762_H57TJBGXX_ATGTCA_read131","MuTIR_2",96.296,81,2,1,45,124,1,81,2.16e-35,132,"TTCCTCGCC","+"
"54",76,"Pa762_H57TJBGXX_ATGTCA_read133","MuTIR_2",91.045,67,6,0,84,150,1,67,3.67e-23,91.6,"GGAGAAGTG","+"
"55",77,"Pa762_H57TJBGXX_ATGTCA_read134","MuTIR_2",86.719,128,17,0,12,139,1,128,9.98e-39,143,"CTACTCGGT","+"
"56",78,"Pa762_H57TJBGXX_ATGTCA_read135","MuTIR_2",85.047,107,15,1,45,151,1,106,3.64e-28,108,"ACATGGAGG","+"
"57",79,"Pa762_H57TJBGXX_ATGTCA_read136","MuTIR_2",94.231,104,6,0,48,151,1,104,9.91e-44,159,"TTCCTCGCC","+"
"58",80,"Pa762_H57TJBGXX_ATGTCA_read138","MuTIR_2",89.773,88,9,0,64,151,1,88,7.83e-30,113,"ACCCAACTG","+"
"59",81,"Pa762_H57TJBGXX_ATGTCA_read141","MuTIR_2",87.5,128,16,0,24,151,1,128,2.15e-40,148,"ACCCAACTG","+"
"60",82,"Pa762_H57TJBGXX_ATGTCA_read142","MuTIR_2",96.154,52,2,0,66,117,1,52,1.71e-21,86.1,"CCCAGAGCC","+"
"61",83,"Pa762_H57TJBGXX_ATGTCA_read144","MuTIR_2",90.625,128,12,0,19,146,1,128,4.58e-47,171,"AGTTTTAGG","+"
"62",84,"Pa762_H57TJBGXX_ATGTCA_read145","MuTIR_2",91.667,108,9,0,43,150,1,108,5.96e-41,150,"CTTACAAAG","+"
"74",101,"Pa762_H57TJBGXX_ATGTCA_read183","MuTIR_2",88.776,98,11,0,35,132,1,98,4.68e-32,121,"CATTGTAGG","+"
"80",115,"Pa762_H57TJBGXX_ATGTCA_read242","MuTIR_3",91.803,122,10,0,30,151,1,122,4.58e-47,171,"GTTTCCCAA","+"
"82",117,"Pa762_H57TJBGXX_ATGTCA_read245","MuTIR_3",93.182,88,6,0,64,151,1,88,7.77e-35,130,"GAACCTAGA","+"
"83",118,"Pa762_H57TJBGXX_ATGTCA_read246","MuTIR_3",94.872,117,6,0,19,135,1,117,5.88e-51,183,"AAAAAATGG","+"
"84",119,"Pa762_H57TJBGXX_ATGTCA_read249","MuTIR_3",93.182,88,6,0,64,151,1,88,7.77e-35,130,"AAAACATTC","+"
"85",120,"Pa762_H57TJBGXX_ATGTCA_read252","MuTIR_3",94.231,104,6,0,48,151,1,104,9.91e-44,159,"AAAAAATGG","+"
"86",121,"Pa762_H57TJBGXX_ATGTCA_read253","MuTIR_3",94.017,117,7,0,28,144,1,117,2.74e-49,178,"CCGTTTTTT","+"
"87",122,"Pa762_H57TJBGXX_ATGTCA_read259","MuTIR_3",93.162,117,8,0,34,150,1,117,1.27e-47,172,"GTTTCCCAA","+"
"89",124,"Pa762_H57TJBGXX_ATGTCA_read262","MuTIR_3",88.971,136,10,3,19,151,1,134,7.66e-45,163,"TCCTGTTCT","+"
"98",133,"Pa762_H57TJBGXX_ATGTCA_read277","MuTIR_3",95.726,117,5,0,34,150,1,117,1.26e-52,189,"ACTGACGGG","+"
"99",134,"Pa762_H57TJBGXX_ATGTCA_read279","MuTIR_3",90.164,122,12,0,28,149,1,122,9.91e-44,159,"CCTCTAGAG","+"
"103",139,"Pa762_H57TJBGXX_ATGTCA_read291","MuTIR_3",93.701,127,8,0,24,150,1,127,3.51e-53,191,"GACCCTTTG","+"
"104",140,"Pa762_H57TJBGXX_ATGTCA_read292","MuTIR_3",91.011,89,8,0,57,145,1,89,4.68e-32,121,"AGTTACGCC","+"
"105",141,"Pa762_H57TJBGXX_ATGTCA_read293","MuTIR_3",94.853,136,7,0,15,150,1,136,7.5e-60,213,"CCGCGCAGA","+"
"106",142,"Pa762_H57TJBGXX_ATGTCA_read296","MuTIR_3",95,100,5,0,52,151,1,100,3.56e-43,158,"TCTGCGCGG","+"
"107",143,"Pa762_H57TJBGXX_ATGTCA_read297","MuTIR_3",93.023,129,9,0,23,151,1,129,1.26e-52,189,"TCTGCGCGG","+"
"108",144,"Pa762_H57TJBGXX_ATGTCA_read298","MuTIR_3",89.655,116,12,0,36,151,1,116,2.15e-40,148,"GGGACGGGG","+"
"115",157,"Pa762_H57TJBGXX_ATGTCA_read313","MuTIR_3",90.141,71,7,0,60,130,1,71,1.02e-23,93.5,"GCCCTCAAA","+"
"118",189,"Pa762_H57TJBGXX_ATGTCA_read371","MuTIR_4",92.5,120,9,0,31,150,1,120,3.54e-48,174,"GCAAGAGAG","+"
"119",190,"Pa762_H57TJBGXX_ATGTCA_read372","MuTIR_4",93.478,92,6,0,60,151,1,92,4.64e-37,137,"GCAAGAGAG","+"
"121",192,"Pa762_H57TJBGXX_ATGTCA_read377","MuTIR_4",94.643,56,3,0,87,142,1,56,4.74e-22,87.9,"CCGAAGACT","+"
"122",193,"Pa762_H57TJBGXX_ATGTCA_read378","MuTIR_4",91,100,9,0,38,137,1,100,1.67e-36,135,"CTCGACATA","+"
"123",194,"Pa762_H57TJBGXX_ATGTCA_read380","MuTIR_4",88.372,129,15,0,14,142,1,129,3.56e-43,158,"CTCTCTTGC","+"
"124",195,"Pa762_H57TJBGXX_ATGTCA_read381","MuTIR_4",90.698,129,12,0,18,146,1,129,3.54e-48,174,"CATGAGCTG","+"
"133",210,"Pa762_H57TJBGXX_ATGTCA_read437","MuTIR_5",100,30,0,0,22,51,1,30,1.34e-12,56.5,"ACCTTGACA","+"
"134",211,"Pa762_H57TJBGXX_ATGTCA_read440","MuTIR_5",88,75,7,1,79,151,1,75,1.32e-22,89.8,"ATTGAGCCC","+"
"136",213,"Pa762_H57TJBGXX_ATGTCA_read443","MuTIR_5",100,30,0,0,41,70,1,30,1.34e-12,56.5,"ACTGGCGAG","-"
"139",216,"Pa762_H57TJBGXX_ATGTCA_read459","MuTIR_6",96.639,119,4,0,25,143,1,119,2.1e-55,198,"TGCACTACG","+"
"140",217,"Pa762_H57TJBGXX_ATGTCA_read460","MuTIR_6",96.774,62,2,0,90,151,1,62,4.71e-27,104,"TGCACTATG","+"
"141",218,"Pa762_H57TJBGXX_ATGTCA_read462","MuTIR_6",93.6,125,8,0,27,151,1,125,4.55e-52,187,"TGCACTACA","+"
"146",223,"Pa762_H57TJBGXX_ATGTCA_read478","MuTIR_6",94.928,138,7,0,14,151,1,138,5.8e-61,217,"TCCTAGGCT","+"
"151",237,"Pa762_H57TJBGXX_ATGTCA_read514","MuTIR_7",89.888,89,9,0,35,123,1,89,1.68e-31,119,"TCGTACCGC","+"
"156",243,"Pa762_HLCY2CCXX_L6_read1","MuTIR_1",92.708,96,6,1,55,150,1,95,4.61e-37,137,"GATCTGAGA","+"
"157",244,"Pa762_HLCY2CCXX_L6_read2","MuTIR_1",94.203,69,3,1,82,150,1,68,4.68e-27,104,"CAAGGTGGG","+"
"158",245,"Pa762_HLCY2CCXX_L6_read4","MuTIR_1",95.556,90,3,1,61,150,1,89,9.91e-39,143,"CAAGGTGGG","+"
"159",246,"Pa762_HLCY2CCXX_L6_read5","MuTIR_1",93.651,126,6,2,24,149,1,124,4.51e-52,187,"GTCGCCAGC","+"
"160",247,"Pa762_HLCY2CCXX_L6_read6","MuTIR_1",95.122,82,3,1,69,150,1,81,2.77e-34,128,"CCTTCCCTT","+"
"161",248,"Pa762_HLCY2CCXX_L6_read7","MuTIR_1",95.556,90,3,1,61,150,1,89,9.91e-39,143,"CAAGGTGGG","+"
"162",249,"Pa762_HLCY2CCXX_L6_read8","MuTIR_1",95.238,84,3,1,67,150,1,83,2.15e-35,132,"GCTGGCGAC","+"
"163",250,"Pa762_HLCY2CCXX_L6_read9","MuTIR_1",88.889,135,14,1,16,150,1,134,2.11e-45,165,"CTCTCTTTC","+"
"164",251,"Pa762_HLCY2CCXX_L6_read12","MuTIR_1",94.737,95,4,1,40,134,1,94,7.66e-40,147,"ACTCCAAAC","+"
"165",252,"Pa762_HLCY2CCXX_L6_read13","MuTIR_1",97.183,71,1,1,71,141,1,70,1.67e-31,119,"AAGGGAAGG","+"
"166",253,"Pa762_HLCY2CCXX_L6_read14","MuTIR_1",90.654,107,5,2,49,150,1,107,4.61e-37,137,"GTTTGCAGT","+"
"167",254,"Pa762_HLCY2CCXX_L6_read15","MuTIR_1",96,75,1,2,76,150,1,73,4.64e-32,121,"AAGGGAAGG","+"
"168",255,"Pa762_HLCY2CCXX_L6_read18","MuTIR_1",94.805,77,3,1,69,145,1,76,1.67e-31,119,"GATCTGAGA","+"
"169",256,"Pa762_HLCY2CCXX_L6_read20","MuTIR_1",92.857,112,7,1,33,144,1,111,2.74e-44,161,"ATTGAAAGG","+"
"170",257,"Pa762_HLCY2CCXX_L6_read25","MuTIR_1",93.636,110,6,1,40,149,1,109,7.61e-45,163,"TTTTTTGTG","+"
"171",258,"Pa762_HLCY2CCXX_L6_read27","MuTIR_1",100,42,0,0,109,150,1,42,2.83e-19,78.7,"GCTGCGCTC","+"
"172",259,"Pa762_HLCY2CCXX_L6_read28","MuTIR_1",96.341,82,2,1,69,150,1,81,5.96e-36,134,"ACTCCAAAC","+"
"173",260,"Pa762_HLCY2CCXX_L6_read30","MuTIR_1",95.789,95,3,1,30,124,1,94,1.65e-41,152,"CAAGGTGGG","+"
"174",261,"Pa762_HLCY2CCXX_L6_read32","MuTIR_1",94.737,95,4,1,51,145,1,94,7.66e-40,147,"ACTCCAAAC","+"
"175",262,"Pa762_HLCY2CCXX_L6_read33","MuTIR_1",95.238,84,3,1,67,150,1,83,2.15e-35,132,"GCTGGCGAC","+"
"176",263,"Pa762_HLCY2CCXX_L6_read34","MuTIR_1",93.548,93,5,1,58,150,1,92,4.61e-37,137,"GAATACAAC","+"
"177",264,"Pa762_HLCY2CCXX_L6_read35","MuTIR_1",92.913,127,8,1,22,148,1,126,5.84e-51,183,"GATCTGAGA","+"
"178",265,"Pa762_HLCY2CCXX_L6_read37","MuTIR_1",93.805,113,6,1,38,150,1,112,1.63e-46,169,"ATTGAAAGG","+"
"179",266,"Pa762_HLCY2CCXX_L6_read38","MuTIR_1",98.485,66,0,1,85,150,1,65,2.16e-30,115,"GAGAGCCTC","+"
"180",267,"Pa762_HLCY2CCXX_L6_read40","MuTIR_1",93.571,140,8,1,11,150,1,139,3.46e-58,207,"GAGGCTCTC","+"
"181",268,"Pa762_HLCY2CCXX_L6_read41","MuTIR_1",93.056,72,4,1,79,150,1,71,4.68e-27,104,"CAAGGTGGG","+"
"182",269,"Pa762_HLCY2CCXX_L6_read42","MuTIR_1",93.913,115,6,1,36,150,1,114,1.26e-47,172,"TTCGGCAGG","+"
"184",271,"Pa762_HLCY2CCXX_L6_read45","MuTIR_1",97.183,71,1,1,80,150,1,70,1.67e-31,119,"CCTTCCCTT","+"
"185",272,"Pa762_HLCY2CCXX_L6_read46","MuTIR_1",93.985,133,7,1,18,150,1,132,5.8e-56,200,"CCTTCCCTT","+"
"186",273,"Pa762_HLCY2CCXX_L6_read47","MuTIR_1",96.25,80,2,1,71,150,1,79,7.71e-35,130,"GTCGCCAGC","+"
"187",274,"Pa762_HLCY2CCXX_L6_read48","MuTIR_1",93.75,80,4,1,71,150,1,79,1.67e-31,119,"GTCGCCAGC","+"
"188",275,"Pa762_HLCY2CCXX_L6_read49","MuTIR_1",95.833,48,2,0,100,147,1,48,2.83e-19,78.7,"GCTGGCGAC","+"
"189",276,"Pa762_HLCY2CCXX_L6_read50","MuTIR_1",95.833,48,2,0,100,147,1,48,2.83e-19,78.7,"GCTGGCGAC","+"
"190",277,"Pa762_HLCY2CCXX_L6_read51","MuTIR_1",92.391,92,6,1,59,150,1,91,7.71e-35,130,"GATCTGAGA","+"
"191",278,"Pa762_HLCY2CCXX_L6_read53","MuTIR_1",93.798,129,7,1,22,150,1,128,9.7e-54,193,"TTCGGCAGG","+"
"192",279,"Pa762_HLCY2CCXX_L6_read54","MuTIR_1",93.525,139,8,1,11,149,1,138,1.25e-57,206,"GAAAAGTAG","+"
"193",280,"Pa762_HLCY2CCXX_L6_read55","MuTIR_1",90.323,93,8,1,58,150,1,92,4.64e-32,121,"GAATACAAC","+"
"194",281,"Pa762_HLCY2CCXX_L6_read56","MuTIR_1",95.349,86,3,1,64,149,1,85,1.66e-36,135,"GCTGGCGAC","+"
"195",282,"Pa762_HLCY2CCXX_L6_read57","MuTIR_1",95.833,48,2,0,100,147,1,48,2.83e-19,78.7,"GCTGGCGAC","+"
"196",283,"Pa762_HLCY2CCXX_L6_read58","MuTIR_1",96.226,53,1,1,95,147,1,52,1.69e-21,86.1,"CTCTCTTTC","+"
"197",284,"Pa762_HLCY2CCXX_L6_read60","MuTIR_1",100,43,0,0,104,146,1,43,7.88e-20,80.5,"GCTGCGCTC","+"
"198",285,"Pa762_HLCY2CCXX_L6_read61","MuTIR_1",93.023,86,5,1,64,149,1,85,3.59e-33,124,"GATCTGAGA","+"
"199",286,"Pa762_HLCY2CCXX_L6_read62","MuTIR_1",94.737,95,4,1,32,126,1,94,7.66e-40,147,"TTTTCCTAA","-"
"203",290,"Pa762_HLCY2CCXX_L6_read68","MuTIR_1",95.789,95,3,1,7,101,1,94,1.65e-41,152,"TCTTTCTGA","-"
"204",291,"Pa762_HLCY2CCXX_L6_read69","MuTIR_1",94.737,95,4,1,35,129,1,94,7.66e-40,147,"TCTTCCTGA","-"
"211",298,"Pa762_HLCY2CCXX_L6_read80","MuTIR_1",100,43,0,0,3,45,1,43,7.88e-20,80.5,"GCCCGCCCA","-"
"214",301,"Pa762_HLCY2CCXX_L6_read85","MuTIR_1",95.789,95,3,1,4,98,1,94,1.65e-41,152,"TCTTTCTGA","-"
"215",302,"Pa762_HLCY2CCXX_L6_read86","MuTIR_1",94.737,95,4,1,35,129,1,94,7.66e-40,147,"TCTTCCTGA","-"
"221",308,"Pa762_HLCY2CCXX_L6_read94","MuTIR_1",95.789,95,3,1,22,116,1,94,1.65e-41,152,"TCTTTCTGA","-"
"227",314,"Pa762_HLCY2CCXX_L6_read104","MuTIR_1",95.789,95,3,1,40,134,1,94,1.65e-41,152,"TCTTTCTGA","-"
"230",317,"Pa762_HLCY2CCXX_L6_read108","MuTIR_1",94.737,95,4,1,41,135,1,94,7.66e-40,147,"TATTCCTGA","-"
"232",319,"Pa762_HLCY2CCXX_L6_read111","MuTIR_1",90.526,95,8,1,20,114,1,94,3.59e-33,124,"TATTCCTGA","-"
"235",322,"Pa762_HLCY2CCXX_L6_read114","MuTIR_1",100,43,0,0,40,82,1,43,7.88e-20,80.5,"GCCCGCCCA","-"
"239",327,"Pa762_HLCY2CCXX_L6_read124","MuTIR_1",89.247,93,9,1,58,150,1,92,2.16e-30,115,"GAATACAAC","+"
"240",329,"Pa762_HLCY2CCXX_L6_read128","MuTIR_1",97.619,42,1,0,107,148,1,42,1.32e-17,73.1,"CCCTCCCCA","+"
"241",330,"Pa762_HLCY2CCXX_L6_read129","MuTIR_1",95.652,92,3,1,52,143,1,91,7.66e-40,147,"CCCTCCCCA","+"
"242",331,"Pa762_HLCY2CCXX_L6_read130","MuTIR_1",95.652,92,3,1,59,150,1,91,7.66e-40,147,"CCCTCCCCA","+"
"246",405,"Pa762_HLCY2CCXX_L6_read277","MuTIR_2",95.455,88,4,0,63,150,1,88,3.56e-38,141,"CTTACAAAG","+"
"248",407,"Pa762_HLCY2CCXX_L6_read282","MuTIR_2",93.976,83,5,0,68,150,1,83,9.98e-34,126,"GTCAACGAG","+"
"249",408,"Pa762_HLCY2CCXX_L6_read284","MuTIR_2",92.857,126,9,0,25,150,1,126,5.84e-51,183,"CTTACAAAG","+"
"250",409,"Pa762_HLCY2CCXX_L6_read285","MuTIR_2",92.105,76,6,0,75,150,1,76,3.61e-28,108,"CTACTCGGT","+"
"251",410,"Pa762_HLCY2CCXX_L6_read286","MuTIR_2",90.244,82,7,1,70,150,1,82,1.3e-27,106,"GCTGGGAAG","+"
"252",411,"Pa762_HLCY2CCXX_L6_read289","MuTIR_2",91.667,72,6,0,79,150,1,72,6.05e-26,100,"TTAACAAGG","+"
"253",412,"Pa762_HLCY2CCXX_L6_read290","MuTIR_2",83.824,136,22,0,13,148,1,136,7.71e-35,130,"GGAGAAGTG","+"
"254",413,"Pa762_HLCY2CCXX_L6_read294","MuTIR_2",91.463,82,7,0,66,147,1,82,7.77e-30,113,"CACGGGTGG","+"
"255",414,"Pa762_HLCY2CCXX_L6_read300","MuTIR_2",87.097,93,12,0,55,147,1,93,1.3e-27,106,"GGAGAAGTG","+"
"256",415,"Pa762_HLCY2CCXX_L6_read301","MuTIR_2",88.281,128,15,0,23,150,1,128,4.58e-42,154,"ACCCAACTG","+"
"257",416,"Pa762_HLCY2CCXX_L6_read302","MuTIR_2",88.095,126,15,0,25,150,1,126,5.92e-41,150,"AGTTTTAGG","+"
"258",417,"Pa762_HLCY2CCXX_L6_read305","MuTIR_2",91.667,108,9,0,43,150,1,108,5.92e-41,150,"TTAACAAGG","+"
"259",418,"Pa762_HLCY2CCXX_L6_read306","MuTIR_2",91.667,120,10,0,28,147,1,120,5.88e-46,167,"TTAACAAGG","+"
"260",419,"Pa762_HLCY2CCXX_L6_read307","MuTIR_2",88.281,128,15,0,14,141,1,128,4.58e-42,154,"GCCGCACTG","+"
"261",420,"Pa762_HLCY2CCXX_L6_read312","MuTIR_2",94.891,137,5,2,15,150,1,136,7.45e-60,213,"CTTTGTAAG","+"
"262",421,"Pa762_HLCY2CCXX_L6_read314","MuTIR_2",88.281,128,15,0,15,142,1,128,4.58e-42,154,"ACCCAACTG","+"
"264",423,"Pa762_HLCY2CCXX_L6_read318","MuTIR_2",93.284,134,7,2,18,150,1,133,7.5e-55,196,"TGCCGCCGC","+"
"265",424,"Pa762_HLCY2CCXX_L6_read319","MuTIR_2",96.591,88,3,0,63,150,1,88,7.66e-40,147,"CTTTGTAAG","+"
"266",425,"Pa762_HLCY2CCXX_L6_read323","MuTIR_2",98.113,53,1,0,95,147,1,53,1.01e-23,93.5,"TTCCTCGCC","+"
"267",426,"Pa762_HLCY2CCXX_L6_read328","MuTIR_2",92.453,53,4,0,98,150,1,53,1.02e-18,76.8,"TGGATCAAG","+"
"268",427,"Pa762_HLCY2CCXX_L6_read337","MuTIR_2",88.034,117,14,0,25,141,1,117,1.28e-37,139,"AGTTTTAGG","+"
"269",428,"Pa762_HLCY2CCXX_L6_read338","MuTIR_2",91.589,107,9,0,41,147,1,107,2.13e-40,148,"TCCAACGAG","+"
"270",429,"Pa762_HLCY2CCXX_L6_read345","MuTIR_2",88.636,132,15,0,19,150,1,132,2.74e-44,161,"GCTGGGAAG","+"
"271",430,"Pa762_HLCY2CCXX_L6_read346","MuTIR_2",93.798,129,8,0,11,139,1,129,2.7e-54,195,"CCCAGAGCC","+"
"272",431,"Pa762_HLCY2CCXX_L6_read347","MuTIR_2",95.946,74,3,0,77,150,1,74,4.64e-32,121,"CTTACAAAG","+"
"273",432,"Pa762_HLCY2CCXX_L6_read348","MuTIR_2",91.667,108,9,0,41,148,1,108,5.92e-41,150,"TGCAATGAT","+"
"274",433,"Pa762_HLCY2CCXX_L6_read350","MuTIR_2",93.976,83,5,0,68,150,1,83,9.98e-34,126,"GTCAACGAG","+"
"275",434,"Pa762_HLCY2CCXX_L6_read352","MuTIR_2",91.589,107,9,0,41,147,1,107,2.13e-40,148,"TCCAACGAG","+"
"276",435,"Pa762_HLCY2CCXX_L6_read355","MuTIR_2",89.313,131,14,0,20,150,1,131,2.11e-45,165,"GGCTCTGGG","+"
"277",436,"Pa762_HLCY2CCXX_L6_read356","MuTIR_2",97.368,38,1,0,113,150,1,38,2.21e-15,65.8,"GCGACCTCC","+"
"278",437,"Pa762_HLCY2CCXX_L6_read357","MuTIR_2",98,50,1,0,101,150,1,50,4.71e-22,87.9,"TTCCTCGCC","+"
"279",438,"Pa762_HLCY2CCXX_L6_read359","MuTIR_2",91.453,117,10,0,34,150,1,117,2.74e-44,161,"GTGTTTCCT","+"
"280",439,"Pa762_HLCY2CCXX_L6_read361","MuTIR_2",89.167,120,13,0,30,149,1,120,5.92e-41,150,"GCTGGGAAG","+"
"281",440,"Pa762_HLCY2CCXX_L6_read362","MuTIR_2",85.714,126,18,0,25,150,1,126,5.96e-36,134,"GCAGGGAGG","+"
"282",441,"Pa762_HLCY2CCXX_L6_read366","MuTIR_2",88.542,96,10,1,50,145,1,95,2.16e-30,115,"TGGATCAAG","+"
"283",442,"Pa762_HLCY2CCXX_L6_read370","MuTIR_2",93.333,90,6,0,58,147,1,90,5.96e-36,134,"CTTAGAAAG","+"
"284",443,"Pa762_HLCY2CCXX_L6_read371","MuTIR_2",85.714,126,18,0,25,150,1,126,5.96e-36,134,"GCAGGGAGG","+"
"294",453,"Pa762_HLCY2CCXX_L6_read392","MuTIR_2",90.625,128,12,0,1,128,1,128,4.55e-47,171,"CAGTAGTGA","-"
"300",459,"Pa762_HLCY2CCXX_L6_read417","MuTIR_2",90.625,128,12,0,1,128,1,128,4.55e-47,171,"CAGTAGTGA","-"
"317",483,"Pa762_HLCY2CCXX_L6_read472","MuTIR_2",90.698,129,11,1,16,143,1,129,4.55e-47,171,"GATAGCGTG","+"
"318",484,"Pa762_HLCY2CCXX_L6_read473","MuTIR_2",91.473,129,10,1,11,138,1,129,9.77e-49,176,"GATAGCGTG","+"
"322",500,"Pa762_HLCY2CCXX_L6_read517","MuTIR_2",89.062,128,14,0,18,145,1,128,9.84e-44,159,"TCCAACGAG","+"
"326",515,"Pa762_HLCY2CCXX_L6_read562","MuTIR_2",89.167,120,13,0,28,147,1,120,5.92e-41,150,"TCCTTGGAC","+"
"327",517,"Pa762_HLCY2CCXX_L6_read564","MuTIR_2",88.281,128,15,0,22,149,1,128,4.58e-42,154,"TCCTTGGAC","+"
"330",524,"Pa762_HLCY2CCXX_L6_read594","MuTIR_3",89.855,138,14,0,12,149,1,138,2.72e-49,178,"TCTAGGTTC","+"
"332",526,"Pa762_HLCY2CCXX_L6_read597","MuTIR_3",92.92,113,8,0,38,150,1,113,2.11e-45,165,"CCGTTTTTC","+"
"334",528,"Pa762_HLCY2CCXX_L6_read607","MuTIR_3",93.103,58,4,0,93,150,1,58,1.69e-21,86.1,"GAACCTAGA","+"
"335",529,"Pa762_HLCY2CCXX_L6_read609","MuTIR_3",92.157,102,6,2,48,148,1,101,9.91e-39,143,"CCCTGCGAG","+"
"336",530,"Pa762_HLCY2CCXX_L6_read613","MuTIR_3",97.872,47,1,0,96,142,1,47,2.19e-20,82.4,"TCTAGGTTC","+"
"337",531,"Pa762_HLCY2CCXX_L6_read614","MuTIR_3",97.872,47,1,0,103,149,1,47,2.19e-20,82.4,"CATATGTAC","+"
"338",532,"Pa762_HLCY2CCXX_L6_read615","MuTIR_3",92.623,122,9,0,28,149,1,122,9.77e-49,176,"GTTTCCCAA","+"
"339",533,"Pa762_HLCY2CCXX_L6_read616","MuTIR_3",92.126,127,10,0,24,150,1,127,7.55e-50,180,"GTTTCCCAA","+"
"340",534,"Pa762_HLCY2CCXX_L6_read617","MuTIR_3",93.396,106,7,0,45,150,1,106,3.54e-43,158,"CCGTTTTTT","+"
"356",556,"Pa762_HLCY2CCXX_L6_read660","MuTIR_3",92.481,133,10,0,13,145,1,133,3.49e-53,191,"GTTCTGTAC","+"
"357",557,"Pa762_HLCY2CCXX_L6_read663","MuTIR_3",92.308,104,8,0,45,148,1,104,2.13e-40,148,"CCAGTGCAG","+"
"358",558,"Pa762_HLCY2CCXX_L6_read664","MuTIR_3",92.784,97,7,0,47,143,1,97,3.56e-38,141,"GTCGTCAGC","+"
"359",559,"Pa762_HLCY2CCXX_L6_read666","MuTIR_3",95.588,68,3,0,83,150,1,68,1.01e-28,110,"ACTGACGGG","+"
"360",560,"Pa762_HLCY2CCXX_L6_read670","MuTIR_3",90.909,121,11,0,29,149,1,121,7.61e-45,163,"GTCGTCAGC","+"
"361",561,"Pa762_HLCY2CCXX_L6_read673","MuTIR_3",92.481,133,10,0,13,145,1,133,3.49e-53,191,"GTTCTGTAC","+"
"367",571,"Pa762_HLCY2CCXX_L6_read704","MuTIR_3",93.617,94,6,0,57,150,1,94,3.56e-38,141,"GACCTCAAA","+"
"368",572,"Pa762_HLCY2CCXX_L6_read705","MuTIR_3",93.421,76,5,0,75,150,1,76,7.77e-30,113,"GACCTCAAA","+"
"369",573,"Pa762_HLCY2CCXX_L6_read706","MuTIR_3",91.509,106,9,0,42,147,1,106,7.66e-40,147,"GGGACGGGG","+"
"370",574,"Pa762_HLCY2CCXX_L6_read707","MuTIR_3",91.358,81,7,0,70,150,1,81,2.79e-29,111,"CTCGTGGAG","+"
"371",576,"Pa762_HLCY2CCXX_L6_read711","MuTIR_3",95.082,122,6,0,29,150,1,122,9.7e-54,193,"CCGCGCAGA","+"
"372",577,"Pa762_HLCY2CCXX_L6_read712","MuTIR_3",92.647,68,5,0,83,150,1,68,2.18e-25,99,"GACCCTTTG","+"
"373",578,"Pa762_HLCY2CCXX_L6_read713","MuTIR_3",92,75,4,2,76,150,1,73,4.68e-27,104,"CTATCCTGG","+"
"375",581,"Pa762_HLCY2CCXX_L6_read716","MuTIR_3",90.385,104,10,0,47,150,1,104,4.61e-37,137,"CCCGTCCCC","+"
"376",582,"Pa762_HLCY2CCXX_L6_read717","MuTIR_3",94.262,122,7,0,28,149,1,122,4.51e-52,187,"TCTGCGCGG","+"
"377",583,"Pa762_HLCY2CCXX_L6_read719","MuTIR_3",92.045,88,7,0,58,145,1,88,3.59e-33,124,"CTCGTGGAG","+"
"378",584,"Pa762_HLCY2CCXX_L6_read720","MuTIR_3",91.935,62,5,0,89,150,1,62,4.71e-22,87.9,"CTGCACTGG","+"
"379",585,"Pa762_HLCY2CCXX_L6_read721","MuTIR_3",91.525,118,10,0,32,149,1,118,7.61e-45,163,"CTCGTGGAG","+"
"380",586,"Pa762_HLCY2CCXX_L6_read722","MuTIR_3",95.082,122,6,0,29,150,1,122,9.7e-54,193,"CCGCGCAGA","+"
"392",604,"Pa762_HLCY2CCXX_L6_read748","MuTIR_3",91.803,122,10,0,27,148,1,122,4.55e-47,171,"CTCCAGGAT","+"
"394",666,"Pa762_HLCY2CCXX_L6_read869","MuTIR_4",89.683,126,13,0,25,150,1,126,7.61e-45,163,"CTCGACATA","+"
"396",668,"Pa762_HLCY2CCXX_L6_read871","MuTIR_4",95.652,46,2,0,99,144,1,46,3.67e-18,75,"CGGCCACCG","+"
"397",669,"Pa762_HLCY2CCXX_L6_read872","MuTIR_4",94.595,74,3,1,74,146,1,74,7.77e-30,113,"CCGAAGACT","+"
"398",670,"Pa762_HLCY2CCXX_L6_read874","MuTIR_4",90.698,129,12,0,18,146,1,129,3.51e-48,174,"CATGAGCTG","+"
"400",672,"Pa762_HLCY2CCXX_L6_read877","MuTIR_4",89.565,115,12,0,36,150,1,115,2.13e-40,148,"CTCTCTTGC","+"
"401",673,"Pa762_HLCY2CCXX_L6_read879","MuTIR_4",86.842,114,15,0,37,150,1,114,7.71e-35,130,"GAATGGTGC","+"
"402",674,"Pa762_HLCY2CCXX_L6_read882","MuTIR_4",92.593,81,5,1,70,150,1,80,2.16e-30,115,"CATGAGCTG","+"
"403",675,"Pa762_HLCY2CCXX_L6_read883","MuTIR_4",95.652,46,2,0,99,144,1,46,3.67e-18,75,"CGGCCACCG","+"
"404",676,"Pa762_HLCY2CCXX_L6_read885","MuTIR_4",98.214,56,1,0,92,147,1,56,2.18e-25,99,"CTCGACATA","+"
"405",677,"Pa762_HLCY2CCXX_L6_read887","MuTIR_4",100,32,0,0,119,150,1,32,1.03e-13,60.2,"GTGCCTGTC","+"
"408",680,"Pa762_HLCY2CCXX_L6_read896","MuTIR_4",95.062,81,4,0,58,138,1,81,2.77e-34,128,"AAAATAGGA","-"
"413",685,"Pa762_HLCY2CCXX_L6_read902","MuTIR_4",93.333,120,8,0,13,132,1,120,7.55e-50,180,"CTTTTATGC","-"
"422",698,"Pa762_HLCY2CCXX_L6_read975","MuTIR_4",87.234,94,12,0,57,150,1,94,3.61e-28,108,"GTGTGTGGG","+"
"423",699,"Pa762_HLCY2CCXX_L6_read976","MuTIR_4",86.747,83,11,0,68,150,1,83,1.01e-23,93.5,"GTGTGTGGG","+"
"424",700,"Pa762_HLCY2CCXX_L6_read977","MuTIR_4",86.747,83,11,0,68,150,1,83,1.01e-23,93.5,"GTGTGTGGG","+"
"425",703,"Pa762_HLCY2CCXX_L6_read981","MuTIR_4",87.234,94,12,0,57,150,1,94,3.61e-28,108,"GTGTGTGGG","+"
"428",722,"Pa762_HLCY2CCXX_L6_read1024","MuTIR_5",100,30,0,0,40,69,1,30,1.33e-12,56.5,"ACCTTGACA","+"
"429",723,"Pa762_HLCY2CCXX_L6_read1025","MuTIR_5",100,30,0,0,40,69,1,30,1.33e-12,56.5,"ACCTTGACA","+"
"430",724,"Pa762_HLCY2CCXX_L6_read1029","MuTIR_5",95.918,49,2,0,91,139,1,49,7.88e-20,80.5,"GCTGCAGGA","+"
"431",725,"Pa762_HLCY2CCXX_L6_read1030","MuTIR_5",89.524,105,9,1,28,130,1,105,5.96e-36,134,"ATTGAGCCC","+"
"432",726,"Pa762_HLCY2CCXX_L6_read1032","MuTIR_5",100,30,0,0,50,79,1,30,1.33e-12,56.5,"ACCTTGACA","+"
"433",727,"Pa762_HLCY2CCXX_L6_read1033","MuTIR_5",100,30,0,0,40,69,1,30,1.33e-12,56.5,"ACCTTGACA","+"
"434",728,"Pa762_HLCY2CCXX_L6_read1036","MuTIR_5",100,30,0,0,40,69,1,30,1.33e-12,56.5,"ACCTTGACA","+"
"435",729,"Pa762_HLCY2CCXX_L6_read1037","MuTIR_5",100,30,0,0,40,69,1,30,1.33e-12,56.5,"ACCTTGACA","+"
"436",730,"Pa762_HLCY2CCXX_L6_read1039","MuTIR_5",100,30,0,0,45,74,1,30,1.33e-12,56.5,"ACTGGCGAG","-"
"437",731,"Pa762_HLCY2CCXX_L6_read1041","MuTIR_5",100,30,0,0,45,74,1,30,1.33e-12,56.5,"ACTGGCGAG","-"
"441",735,"Pa762_HLCY2CCXX_L6_read1052","MuTIR_5",100,30,0,0,48,77,1,30,1.33e-12,56.5,"ACTGGCGAG","-"
"442",736,"Pa762_HLCY2CCXX_L6_read1053","MuTIR_5",100,30,0,0,45,74,1,30,1.33e-12,56.5,"ACTGGCGAG","-"
"444",738,"Pa762_HLCY2CCXX_L6_read1058","MuTIR_5",100,30,0,0,72,101,1,30,1.33e-12,56.5,"ACTGGCGAG","-"
"445",739,"Pa762_HLCY2CCXX_L6_read1059","MuTIR_5",100,30,0,0,45,74,1,30,1.33e-12,56.5,"ACTGGCGAG","-"
"446",740,"Pa762_HLCY2CCXX_L6_read1060","MuTIR_5",100,30,0,0,45,74,1,30,1.33e-12,56.5,"ACTGGCGAG","-"
"447",745,"Pa762_HLCY2CCXX_L6_read1088","MuTIR_6",96.591,88,3,0,63,150,1,88,7.66e-40,147,"TGCACTACA","+"
"449",747,"Pa762_HLCY2CCXX_L6_read1093","MuTIR_6",96.512,86,3,0,65,150,1,86,9.91e-39,143,"TGCACTACA","+"
"451",749,"Pa762_HLCY2CCXX_L6_read1101","MuTIR_6",96.19,105,4,0,46,150,1,105,1.26e-47,172,"TGCACTACG","+"
"452",750,"Pa762_HLCY2CCXX_L6_read1102","MuTIR_6",95.098,102,5,0,49,150,1,102,2.74e-44,161,"TGCACTACG","+"
"453",751,"Pa762_HLCY2CCXX_L6_read1104","MuTIR_6",96.19,105,4,0,46,150,1,105,1.26e-47,172,"TGCACTACG","+"
"454",752,"Pa762_HLCY2CCXX_L6_read1108","MuTIR_6",95.238,105,5,0,42,146,1,105,5.88e-46,167,"TGCACTACA","+"
"456",754,"Pa762_HLCY2CCXX_L6_read1111","MuTIR_6",98.214,56,1,0,95,150,1,56,2.18e-25,99,"TGCACTACG","+"
"464",762,"Pa762_HLCY2CCXX_L6_read1134","MuTIR_6",95.312,64,3,0,87,150,1,64,1.68e-26,102,"CCGTAGATC","+"
"465",763,"Pa762_HLCY2CCXX_L6_read1135","MuTIR_6",96.386,83,3,0,68,150,1,83,4.61e-37,137,"TCCTAGGCT","+"
"466",764,"Pa762_HLCY2CCXX_L6_read1137","MuTIR_6",93.069,101,7,0,50,150,1,101,2.13e-40,148,"AGGAGAGGG","+"
"467",765,"Pa762_HLCY2CCXX_L6_read1138","MuTIR_6",96.552,116,4,0,30,145,1,116,9.7e-54,193,"CCGTAGATC","+"
"468",766,"Pa762_HLCY2CCXX_L6_read1139","MuTIR_6",95.455,66,3,0,85,150,1,66,1.3e-27,106,"AGGAGAGGG","+"
"469",767,"Pa762_HLCY2CCXX_L6_read1140","MuTIR_6",96.552,116,4,0,30,145,1,116,9.7e-54,193,"CCGTAGATC","+"
