"","X","qname","sname","percent_identity","alignment_length","mismatches","gap_opens","q_start","q_end","s_start","s_end","evalue","bit_score","tsds","strand"
"1",1,"R4_H3CWKBGXX_GTCCGC_read8","MuTIR_1",92.537,134,9,1,18,151,1,133,3.51e-53,191,"GTCGGCTGG","+"
"2",2,"R4_H3CWKBGXX_GTCCGC_read12","MuTIR_1",96.104,77,2,1,75,151,1,76,3.61e-33,124,"TTTTTTGTG","+"
"3",3,"R4_H3CWKBGXX_GTCCGC_read14","MuTIR_1",96.522,115,3,1,37,151,1,114,1.26e-52,189,"GTTGACCGG","+"
"4",4,"R4_H3CWKBGXX_GTCCGC_read15","MuTIR_1",94.118,68,3,1,84,151,1,67,1.69e-26,102,"CAAGGTGGG","+"
"5",5,"R4_H3CWKBGXX_GTCCGC_read17","MuTIR_1",95.833,120,4,1,27,146,1,119,9.77e-54,193,"CATCCAAAC","+"
"6",6,"R4_H3CWKBGXX_GTCCGC_read18","MuTIR_1",96.512,86,2,1,64,149,1,85,3.59e-38,141,"GAATACAAC","+"
"8",8,"R4_H3CWKBGXX_GTCCGC_read27","MuTIR_1",94.737,95,4,1,35,129,1,94,7.72e-40,147,"TCTTCCTGA","-"
"14",18,"R4_H3CWKBGXX_GTCCGC_read44","MuTIR_1",87.5,120,8,4,36,150,1,118,2.16e-35,132,"CTCTGATCT","+"
"16",45,"R4_H3CWKBGXX_GTCCGC_read101","MuTIR_2",85.95,121,17,0,29,149,1,121,7.77e-35,130,"CTACTCGGT","+"
"17",46,"R4_H3CWKBGXX_GTCCGC_read102","MuTIR_2",91.753,97,8,0,53,149,1,97,1.67e-36,135,"TGCAATGAT","+"
"18",47,"R4_H3CWKBGXX_GTCCGC_read104","MuTIR_2",90,90,9,0,53,142,1,90,6.05e-31,117,"GCCGCACTG","+"
"19",48,"R4_H3CWKBGXX_GTCCGC_read105","MuTIR_2",87.778,90,11,0,62,151,1,90,1.31e-27,106,"GCTGGGAAG","+"
"29",65,"R4_H3CWKBGXX_GTCCGC_read156","MuTIR_3",96.226,53,2,0,95,147,1,53,4.74e-22,87.9,"CCGTTTTTT","+"
"30",66,"R4_H3CWKBGXX_GTCCGC_read157","MuTIR_3",93.443,122,8,0,27,148,1,122,2.11e-50,182,"TGCTACTGG","+"
"34",71,"R4_H3CWKBGXX_GTCCGC_read170","MuTIR_3",88.506,87,10,0,64,150,1,87,1.31e-27,106,"CTTCAGAGA","+"
"35",72,"R4_H3CWKBGXX_GTCCGC_read173","MuTIR_3",92.126,127,10,0,25,151,1,127,7.61e-50,180,"GTTCTGTAC","+"
"36",73,"R4_H3CWKBGXX_GTCCGC_read175","MuTIR_3",89.231,130,14,0,12,141,1,130,7.66e-45,163,"CTTCAGAGA","+"
"40",79,"R4_H3CWKBGXX_GTCCGC_read188","MuTIR_3",95.37,108,5,0,44,151,1,108,1.27e-47,172,"TCAAACAGG","+"
"41",80,"R4_H3CWKBGXX_GTCCGC_read190","MuTIR_3",94.643,112,6,0,24,135,1,112,3.54e-48,174,"ATTTATGAC","+"
"42",81,"R4_H3CWKBGXX_GTCCGC_read191","MuTIR_3",90.805,87,8,0,52,138,1,87,6.05e-31,117,"GCCGACGAA","+"
"47",105,"R4_H3CWKBGXX_GTCCGC_read243","MuTIR_4",93.103,58,4,0,94,151,1,58,1.71e-21,86.1,"CGGCCACCG","+"
"48",106,"R4_H3CWKBGXX_GTCCGC_read245","MuTIR_4",87.692,130,16,0,12,141,1,130,4.61e-42,154,"GTGACTGAG","+"
"53",112,"R4_H3CWKBGXX_GTCCGC_read263","MuTIR_4",91.765,85,7,0,66,150,1,85,1.68e-31,119,"CGGCAGGTG","+"
"56",124,"R4_H3CWKBGXX_GTCCGC_read294","MuTIR_5",97.959,49,1,0,95,143,1,49,1.71e-21,86.1,"ACCTTGACA","+"
"58",127,"R4_H3CWKBGXX_GTCCGC_read312","MuTIR_6",89.076,119,10,2,16,133,1,117,2.77e-39,145,"AATCGATAT","-"
"60",132,"R4_H3CWKBGXX_GTCCGC_read319","MuTIR_6",93.431,137,9,0,15,151,1,137,4.51e-57,204,"AGGTGAGGG","+"
"61",134,"R4_H3CWKBGXX_GTCCGC_read322","MuTIR_6",96.296,81,3,0,70,150,1,81,6.01e-36,134,"ATGCAGATG","+"
"62",135,"R4_H3CWKBGXX_GTCCGC_read323","MuTIR_6",93.846,130,8,0,22,151,1,130,7.55e-55,196,"AGGAGAGGG","+"
"66",148,"R4_H3CWKBGXX_GTCCGC_read349","MuTIR_7",90.385,52,5,0,97,148,1,52,1.33e-17,73.1,"TACCTAGTT","+"
"68",155,"R4_HLCY2CCXX_L4_read2","MuTIR_1",95.614,114,4,1,37,150,1,113,2.1e-50,182,"CATCCAAAC","+"
"69",156,"R4_HLCY2CCXX_L4_read3","MuTIR_1",89.583,96,5,2,60,150,1,96,6.01e-31,117,"GTTTGCAGT","+"
"70",157,"R4_HLCY2CCXX_L4_read5","MuTIR_1",93,100,6,1,51,150,1,99,2.76e-39,145,"ATTGAAAGG","+"
"71",158,"R4_HLCY2CCXX_L4_read6","MuTIR_1",94.737,95,4,1,53,147,1,94,7.66e-40,147,"ACTCCAAAC","+"
"72",159,"R4_HLCY2CCXX_L4_read12","MuTIR_1",100,30,0,0,118,147,1,30,1.33e-12,56.5,"GTTTGCAGT","+"
"73",160,"R4_HLCY2CCXX_L4_read13","MuTIR_1",96,100,3,1,51,150,1,99,2.74e-44,161,"CCCACCTTG","+"
"74",161,"R4_HLCY2CCXX_L4_read14","MuTIR_1",96.512,86,2,1,64,149,1,85,3.56e-38,141,"GAATACAAC","+"
"75",162,"R4_HLCY2CCXX_L4_read20","MuTIR_1",94.186,86,4,1,65,150,1,85,7.71e-35,130,"CTCTAGGTG","+"
"76",163,"R4_HLCY2CCXX_L4_read22","MuTIR_1",100,32,0,0,118,149,1,32,1.03e-13,60.2,"GCTGGCGAC","+"
"77",164,"R4_HLCY2CCXX_L4_read23","MuTIR_1",92.308,130,9,1,21,150,1,129,5.84e-51,183,"CTCTCTTTC","+"
"78",165,"R4_HLCY2CCXX_L4_read24","MuTIR_1",94.737,95,4,1,14,108,1,94,7.66e-40,147,"ACTCCAAAC","+"
"79",166,"R4_HLCY2CCXX_L4_read25","MuTIR_1",92.632,95,6,1,53,147,1,94,1.66e-36,135,"ACTCCAAAC","+"
"80",167,"R4_HLCY2CCXX_L4_read26","MuTIR_1",93.651,126,6,2,21,146,1,124,4.51e-52,187,"CACCTAGAG","+"
"81",168,"R4_HLCY2CCXX_L4_read27","MuTIR_1",94.737,95,4,1,44,138,1,94,7.66e-40,147,"CTCTAGGTG","+"
"82",169,"R4_HLCY2CCXX_L4_read28","MuTIR_1",100,30,0,0,118,147,1,30,1.33e-12,56.5,"GTTTGCAGT","+"
"83",170,"R4_HLCY2CCXX_L4_read29","MuTIR_1",92.857,140,9,1,11,150,1,139,1.61e-56,202,"GTCGGCTGG","+"
"84",171,"R4_HLCY2CCXX_L4_read32","MuTIR_1",96.104,77,2,1,74,150,1,76,3.59e-33,124,"GTCGGCTGG","+"
"85",172,"R4_HLCY2CCXX_L4_read33","MuTIR_1",98.276,58,0,1,93,150,1,57,6.05e-26,100,"CCGGTCAAC","+"
"86",173,"R4_HLCY2CCXX_L4_read34","MuTIR_1",92.632,95,6,1,44,138,1,94,1.66e-36,135,"CTCTAGGTG","+"
"87",174,"R4_HLCY2CCXX_L4_read36","MuTIR_1",100,44,0,0,107,150,1,44,2.19e-20,82.4,"CCGGTCAAC","+"
"89",176,"R4_HLCY2CCXX_L4_read40","MuTIR_1",93.548,93,5,1,58,150,1,92,4.61e-37,137,"CCGCACTCC","+"
"90",177,"R4_HLCY2CCXX_L4_read41","MuTIR_1",92.908,141,9,1,10,150,1,140,4.48e-57,204,"GTCGGCTGG","+"
"91",178,"R4_HLCY2CCXX_L4_read43","MuTIR_1",93.684,95,5,1,36,130,1,94,3.56e-38,141,"CTCGCACAG","+"
"92",179,"R4_HLCY2CCXX_L4_read44","MuTIR_1",100,32,0,0,116,147,1,32,1.03e-13,60.2,"CCGGTCAAC","+"
"93",180,"R4_HLCY2CCXX_L4_read45","MuTIR_1",94.828,58,2,1,93,150,1,57,1.31e-22,89.8,"CTCTCTACC","+"
"94",181,"R4_HLCY2CCXX_L4_read46","MuTIR_1",93.939,99,5,1,52,150,1,98,2.13e-40,148,"CCGCACTCC","+"
"95",182,"R4_HLCY2CCXX_L4_read47","MuTIR_1",92.754,138,9,1,10,147,1,137,2.09e-55,198,"GTCGGCTGG","+"
"96",183,"R4_HLCY2CCXX_L4_read50","MuTIR_1",96.552,87,2,1,64,150,1,86,9.91e-39,143,"CCCACCGAA","+"
"97",184,"R4_HLCY2CCXX_L4_read52","MuTIR_1",94.309,123,6,1,28,150,1,122,4.51e-52,187,"GAAAGAGAG","+"
"98",185,"R4_HLCY2CCXX_L4_read53","MuTIR_1",98.413,63,0,1,88,150,1,62,1.01e-28,110,"CCGGTCAAC","+"
"100",187,"R4_HLCY2CCXX_L4_read55","MuTIR_1",92.473,93,6,1,58,150,1,92,2.15e-35,132,"CCGCACTCC","+"
"104",191,"R4_HLCY2CCXX_L4_read64","MuTIR_1",94.737,95,4,1,19,113,1,94,7.66e-40,147,"TATTCCTGA","-"
"110",197,"R4_HLCY2CCXX_L4_read75","MuTIR_1",94.737,95,4,1,40,134,1,94,7.66e-40,147,"TCTTCCTGA","-"
"111",198,"R4_HLCY2CCXX_L4_read76","MuTIR_1",94.737,95,4,1,24,118,1,94,7.66e-40,147,"TCTTCCTGA","-"
"112",199,"R4_HLCY2CCXX_L4_read77","MuTIR_1",94.737,95,4,1,19,113,1,94,7.66e-40,147,"TATTCCTGA","-"
"121",208,"R4_HLCY2CCXX_L4_read91","MuTIR_1",88.333,120,13,1,16,135,1,119,9.91e-39,143,"AGATTTGGC","-"
"131",222,"R4_HLCY2CCXX_L4_read111","MuTIR_1",92.941,85,5,1,66,150,1,84,1.29e-32,122,"CTTTGGATG","+"
"132",223,"R4_HLCY2CCXX_L4_read112","MuTIR_1",95.2,125,5,1,26,150,1,124,7.5e-55,196,"GGCTACTGG","+"
"133",224,"R4_HLCY2CCXX_L4_read113","MuTIR_1",93.939,132,6,2,19,150,1,130,2.09e-55,198,"CCCTCCCCA","+"
"134",225,"R4_HLCY2CCXX_L4_read115","MuTIR_1",97.436,39,1,0,112,150,1,39,6.14e-16,67.6,"CCCTCCCCA","+"
"135",226,"R4_HLCY2CCXX_L4_read117","MuTIR_1",93.023,86,5,1,65,150,1,85,3.59e-33,124,"CCAGTAGCC","+"
"138",234,"R4_HLCY2CCXX_L4_read127","MuTIR_1",86.26,131,10,5,25,150,1,128,1.66e-36,135,"CTCTGATCT","+"
"139",243,"R4_HLCY2CCXX_L4_read136","MuTIR_1",89.72,107,9,2,44,149,1,106,1.66e-36,135,"GCTATAAAC","+"
"142",270,"R4_HLCY2CCXX_L4_read196","MuTIR_1",86,100,13,1,51,150,1,99,1.3e-27,106,"GGCTACTGG","+"
"143",296,"R4_HLCY2CCXX_L4_read258","MuTIR_2",94.175,103,6,0,48,150,1,103,3.54e-43,158,"TTCCTCGCC","+"
"144",297,"R4_HLCY2CCXX_L4_read259","MuTIR_2",95.455,66,3,0,85,150,1,66,1.3e-27,106,"CATAATAGC","+"
"145",298,"R4_HLCY2CCXX_L4_read261","MuTIR_2",93.617,47,3,0,103,149,1,47,4.74e-17,71.3,"GCGACCTCC","+"
"146",299,"R4_HLCY2CCXX_L4_read263","MuTIR_2",90,90,9,0,59,148,1,90,6.01e-31,117,"GGCTCTGGG","+"
"147",300,"R4_HLCY2CCXX_L4_read265","MuTIR_2",94.286,105,6,0,46,150,1,105,2.74e-44,161,"AGCAGGGAA","+"
"148",301,"R4_HLCY2CCXX_L4_read269","MuTIR_2",91.15,113,10,0,38,150,1,113,4.58e-42,154,"TTACATTTC","+"
"149",302,"R4_HLCY2CCXX_L4_read270","MuTIR_2",93.701,127,8,0,13,139,1,127,3.49e-53,191,"CCCAGAGCC","+"
"150",303,"R4_HLCY2CCXX_L4_read274","MuTIR_2",92.857,84,6,0,65,148,1,84,1.29e-32,122,"GAGACGAGG","+"
"151",304,"R4_HLCY2CCXX_L4_read275","MuTIR_2",97.436,39,1,0,112,150,1,39,6.14e-16,67.6,"TTCCTCGCC","+"
"152",305,"R4_HLCY2CCXX_L4_read276","MuTIR_2",97.143,35,1,0,116,150,1,35,1.03e-13,60.2,"TTCCTCGCC","+"
"153",306,"R4_HLCY2CCXX_L4_read277","MuTIR_2",90.265,113,11,0,38,150,1,113,2.13e-40,148,"TTACATTTC","+"
"154",307,"R4_HLCY2CCXX_L4_read278","MuTIR_2",97.143,35,1,0,116,150,1,35,1.03e-13,60.2,"AGCAGGGAA","+"
"155",308,"R4_HLCY2CCXX_L4_read280","MuTIR_2",90.226,133,13,0,18,150,1,133,3.51e-48,174,"TGCAATGAT","+"
"156",309,"R4_HLCY2CCXX_L4_read281","MuTIR_2",93,100,5,2,52,150,1,99,2.76e-39,145,"TGCCGCCGC","+"
"157",310,"R4_HLCY2CCXX_L4_read283","MuTIR_2",93.333,90,6,0,60,149,1,90,5.96e-36,134,"GTGTTTCCT","+"
"158",311,"R4_HLCY2CCXX_L4_read284","MuTIR_2",90.226,133,13,0,18,150,1,133,3.51e-48,174,"TGCAATGAT","+"
"159",312,"R4_HLCY2CCXX_L4_read289","MuTIR_2",97.5,40,1,0,111,150,1,40,1.71e-16,69.4,"TTCCTCGCC","+"
"177",330,"R4_HLCY2CCXX_L4_read331","MuTIR_2",90.625,128,12,0,1,128,1,128,4.55e-47,171,"CAGTAGTGA","-"
"182",341,"R4_HLCY2CCXX_L4_read354","MuTIR_2",93.333,120,8,0,30,149,1,120,2.72e-49,178,"CTTACAAAG","+"
"185",353,"R4_HLCY2CCXX_L4_read397","MuTIR_2",87.368,95,10,2,57,150,1,94,3.61e-28,108,"CCTCCTTAA","+"
"186",354,"R4_HLCY2CCXX_L4_read398","MuTIR_2",86.179,123,15,2,29,150,1,122,2.15e-35,132,"CCTCCTTAA","+"
"187",355,"R4_HLCY2CCXX_L4_read399","MuTIR_2",87.963,108,11,2,37,143,1,107,9.98e-34,126,"CCTCCTTAA","+"
"188",357,"R4_HLCY2CCXX_L4_read401","MuTIR_2",89.157,83,7,2,65,146,1,82,1.68e-26,102,"CCTCCTTAA","+"
"196",376,"R4_HLCY2CCXX_L4_read432","MuTIR_2",88.983,118,13,0,33,150,1,118,7.66e-40,147,"TCCTTGGAC","+"
"197",381,"R4_HLCY2CCXX_L4_read461","MuTIR_3",97.541,122,3,0,26,147,1,122,9.63e-59,209,"CTTGTGCGC","+"
"198",382,"R4_HLCY2CCXX_L4_read463","MuTIR_3",93.458,107,7,0,44,150,1,107,9.84e-44,159,"TGCTACTGG","+"
"199",383,"R4_HLCY2CCXX_L4_read465","MuTIR_3",93.617,94,6,0,57,150,1,94,3.56e-38,141,"ACGAGGCAG","+"
"200",384,"R4_HLCY2CCXX_L4_read469","MuTIR_3",92.553,94,7,0,57,150,1,94,1.66e-36,135,"ACGAGGCAG","+"
"202",386,"R4_HLCY2CCXX_L4_read472","MuTIR_3",93.182,88,6,0,63,150,1,88,7.71e-35,130,"AAAAAATGG","+"
"203",387,"R4_HLCY2CCXX_L4_read473","MuTIR_3",96.226,53,2,0,92,144,1,53,4.71e-22,87.9,"AAAAAATGG","+"
"204",388,"R4_HLCY2CCXX_L4_read474","MuTIR_3",93.043,115,8,0,36,150,1,115,1.63e-46,169,"GGCCCCCAC","+"
"205",389,"R4_HLCY2CCXX_L4_read475","MuTIR_3",92.553,94,7,0,57,150,1,94,1.66e-36,135,"ACGAGGCAG","+"
"206",390,"R4_HLCY2CCXX_L4_read476","MuTIR_3",93.407,91,6,0,60,150,1,91,1.66e-36,135,"AAAAAATGG","+"
"207",391,"R4_HLCY2CCXX_L4_read477","MuTIR_3",94,100,6,0,51,150,1,100,1.65e-41,152,"AAAAAATGG","+"
"208",392,"R4_HLCY2CCXX_L4_read479","MuTIR_3",94.068,118,7,0,33,150,1,118,7.55e-50,180,"CCAGTAGCA","+"
"209",393,"R4_HLCY2CCXX_L4_read480","MuTIR_3",95.833,120,5,0,31,150,1,120,2.7e-54,195,"ACGAGGCAG","+"
"212",396,"R4_HLCY2CCXX_L4_read486","MuTIR_3",94.253,87,5,0,64,150,1,87,5.96e-36,134,"AGTGTCCAT","+"
"219",403,"R4_HLCY2CCXX_L4_read502","MuTIR_3",94.737,133,7,0,6,138,1,133,3.46e-58,207,"AACGACGAT","-"
"228",414,"R4_HLCY2CCXX_L4_read523","MuTIR_3",91.473,129,11,0,15,143,1,129,2.72e-49,178,"CCAGTGCAG","+"
"229",415,"R4_HLCY2CCXX_L4_read525","MuTIR_3",93.548,62,4,0,89,150,1,62,1.01e-23,93.5,"CCTTGCATT","+"
"230",417,"R4_HLCY2CCXX_L4_read530","MuTIR_3",93.913,115,7,0,35,149,1,115,3.51e-48,174,"AGTAGAGCA","+"
"231",418,"R4_HLCY2CCXX_L4_read532","MuTIR_3",94.34,106,6,0,45,150,1,106,7.61e-45,163,"CCTTGCATT","+"
"232",419,"R4_HLCY2CCXX_L4_read535","MuTIR_3",90.625,128,12,0,23,150,1,128,4.55e-47,171,"CCAGTGCAG","+"
"237",428,"R4_HLCY2CCXX_L4_read551","MuTIR_3",92.969,128,9,0,13,140,1,128,4.51e-52,187,"TGGATTCAG","-"
"242",442,"R4_HLCY2CCXX_L4_read577","MuTIR_3",91.729,133,11,0,17,149,1,133,1.62e-51,185,"CCTGTTTGA","+"
"245",445,"R4_HLCY2CCXX_L4_read580","MuTIR_3",92.045,88,7,0,63,150,1,88,3.59e-33,124,"CCTGTTTGA","+"
"246",446,"R4_HLCY2CCXX_L4_read581","MuTIR_3",94.118,68,4,0,79,146,1,68,4.68e-27,104,"TCAAACAGG","+"
"248",448,"R4_HLCY2CCXX_L4_read584","MuTIR_3",93.103,58,4,0,93,150,1,58,1.69e-21,86.1,"GAGATTTGG","+"
"249",449,"R4_HLCY2CCXX_L4_read585","MuTIR_3",92.958,71,5,0,78,148,1,71,4.68e-27,104,"GGGACGGGG","+"
"259",477,"R4_HLCY2CCXX_L4_read627","MuTIR_3",87.805,82,10,0,58,139,1,82,7.82e-25,97.1,"GCAGGCTAG","+"
"260",521,"R4_HLCY2CCXX_L4_read722","MuTIR_4",90.909,88,8,0,60,147,1,88,1.67e-31,119,"CACTTAAAC","+"
"261",522,"R4_HLCY2CCXX_L4_read727","MuTIR_4",93.151,73,5,0,78,150,1,73,3.61e-28,108,"CACTTAAAC","+"
"262",523,"R4_HLCY2CCXX_L4_read728","MuTIR_4",92.593,54,4,0,97,150,1,54,2.83e-19,78.7,"CACTTAAAC","+"
"263",524,"R4_HLCY2CCXX_L4_read740","MuTIR_4",93.103,58,4,0,90,147,1,58,1.69e-21,86.1,"GTTAAAAAG","+"
"264",525,"R4_HLCY2CCXX_L4_read743","MuTIR_4",90.551,127,8,2,26,150,1,125,5.88e-46,167,"GACACCCCC","+"
"265",526,"R4_HLCY2CCXX_L4_read744","MuTIR_4",87.692,130,16,0,17,146,1,130,4.58e-42,154,"GTGACTGAG","+"
"271",535,"R4_HLCY2CCXX_L4_read800","MuTIR_4",88.496,113,13,0,30,142,1,113,1.28e-37,139,"GTCGACAGC","+"
"272",536,"R4_HLCY2CCXX_L4_read801","MuTIR_4",89.247,93,10,0,58,150,1,93,6.01e-31,117,"GTCGACAGC","+"
"273",537,"R4_HLCY2CCXX_L4_read802","MuTIR_4",88.182,110,13,0,36,145,1,110,5.96e-36,134,"CGGCAGGTG","+"
"274",538,"R4_HLCY2CCXX_L4_read804","MuTIR_4",91.209,91,8,0,55,145,1,91,3.59e-33,124,"CGGCAGGTG","+"
"281",570,"R4_HLCY2CCXX_L4_read875","MuTIR_5",88.571,105,10,1,39,141,1,105,2.77e-34,128,"ACCTTGACA","+"
"282",571,"R4_HLCY2CCXX_L4_read877","MuTIR_5",88.571,105,10,1,39,141,1,105,2.77e-34,128,"ACCTTGACA","+"
"283",572,"R4_HLCY2CCXX_L4_read878","MuTIR_5",89.744,117,10,1,36,150,1,117,5.92e-41,150,"ATTGAGCCC","+"
"284",573,"R4_HLCY2CCXX_L4_read880","MuTIR_5",88.571,105,10,1,39,141,1,105,2.77e-34,128,"ACCTTGACA","+"
"285",574,"R4_HLCY2CCXX_L4_read884","MuTIR_5",95.918,49,2,0,100,148,1,49,7.88e-20,80.5,"GACGCTCGC","+"
"286",575,"R4_HLCY2CCXX_L4_read885","MuTIR_5",89.744,117,10,1,36,150,1,117,5.92e-41,150,"ATTGAGCCC","+"
"287",576,"R4_HLCY2CCXX_L4_read886","MuTIR_5",89.744,78,6,1,75,150,1,78,6.05e-26,100,"AGCTGCGGC","+"
"288",577,"R4_HLCY2CCXX_L4_read889","MuTIR_5",95.918,49,2,0,97,145,1,49,7.88e-20,80.5,"CGAGACGGC","+"
"289",578,"R4_HLCY2CCXX_L4_read890","MuTIR_5",88.571,105,10,1,39,141,1,105,2.77e-34,128,"ACCTTGACA","+"
"290",579,"R4_HLCY2CCXX_L4_read891","MuTIR_5",88.571,105,10,1,18,120,1,105,2.77e-34,128,"GAATTGATT","-"
"292",581,"R4_HLCY2CCXX_L4_read894","MuTIR_5",88.571,105,10,1,18,120,1,105,2.77e-34,128,"GAATTGATT","-"
"294",583,"R4_HLCY2CCXX_L4_read897","MuTIR_5",88.571,105,10,1,18,120,1,105,2.77e-34,128,"GAATTGATT","-"
"300",589,"R4_HLCY2CCXX_L4_read905","MuTIR_5",88.571,105,10,1,18,120,1,105,2.77e-34,128,"GAATTGATT","-"
"302",594,"R4_HLCY2CCXX_L4_read945","MuTIR_6",95.89,73,3,0,70,142,1,73,1.67e-31,119,"TGCACTACG","+"
"303",595,"R4_HLCY2CCXX_L4_read946","MuTIR_6",98.276,58,1,0,91,148,1,58,1.68e-26,102,"TGTACTACG","+"
"304",596,"R4_HLCY2CCXX_L4_read948","MuTIR_6",96.04,101,4,0,50,150,1,101,2.11e-45,165,"TGCACTACG","+"
"305",597,"R4_HLCY2CCXX_L4_read951","MuTIR_6",94.521,73,4,0,70,142,1,73,7.77e-30,113,"TGCACTACT","+"
"306",598,"R4_HLCY2CCXX_L4_read954","MuTIR_6",89.076,119,10,2,1,118,1,117,2.76e-39,145,"AATCGATAT","-"
"310",602,"R4_HLCY2CCXX_L4_read965","MuTIR_6",89.076,119,10,2,13,130,1,117,2.76e-39,145,"AATCGATAT","-"
"312",607,"R4_HLCY2CCXX_L4_read973","MuTIR_6",94.915,118,6,0,31,148,1,118,1.62e-51,185,"AGGAGAGGG","+"
"313",608,"R4_HLCY2CCXX_L4_read974","MuTIR_6",96.053,76,3,0,75,150,1,76,3.59e-33,124,"AGGAGAGGG","+"
"314",609,"R4_HLCY2CCXX_L4_read976","MuTIR_6",94.048,84,5,0,67,150,1,84,2.77e-34,128,"AGGAGAGGG","+"
"315",610,"R4_HLCY2CCXX_L4_read977","MuTIR_6",93.103,87,6,0,64,150,1,87,2.77e-34,128,"AGGAGAGGG","+"
"316",612,"R4_HLCY2CCXX_L4_read979","MuTIR_6",92.8,125,9,0,26,150,1,125,2.1e-50,182,"AGGAGAGGG","+"
"317",613,"R4_HLCY2CCXX_L4_read980","MuTIR_6",92.537,67,5,0,84,150,1,67,7.82e-25,97.1,"AGGAGAGGG","+"
"328",631,"R4_HLCY2CCXX_L4_read999","MuTIR_3",85.821,134,17,2,15,147,1,133,3.56e-38,141,"GCAGGCTAG","+"
"329",632,"R4_HLCY2CCXX_L4_read1001","MuTIR_3",85.821,134,17,2,8,140,1,133,3.56e-38,141,"AACGTCGAT","-"
