"","X","qname","sname","percent_identity","alignment_length","mismatches","gap_opens","q_start","q_end","s_start","s_end","evalue","bit_score","tsds","strand"
"1",1,"SD40_H57TJBGXX_GAGTGG_read4","MuTIR_1",94.828,58,2,1,94,151,1,57,1.32e-22,89.8,"GTCGGTCTA","+"
"2",2,"SD40_H57TJBGXX_GAGTGG_read5","MuTIR_1",94.4,125,6,1,27,151,1,124,3.51e-53,191,"GTCTCTGTG","+"
"3",3,"SD40_H57TJBGXX_GAGTGG_read6","MuTIR_1",82.979,94,3,2,44,124,1,94,1.33e-17,73.1,"TCGCACGGC","+"
"4",4,"SD40_H57TJBGXX_GAGTGG_read7","MuTIR_1",100,35,0,0,115,149,1,35,2.22e-15,65.8,"TCCTGGGAG","+"
"5",5,"SD40_H57TJBGXX_GAGTGG_read10","MuTIR_1",91.919,99,7,1,53,151,1,98,4.64e-37,137,"GTCTCTGTG","+"
"6",6,"SD40_H57TJBGXX_GAGTGG_read11","MuTIR_1",93.548,93,3,2,11,101,1,92,1.67e-36,135,"GCCGTGCGA","+"
"7",7,"SD40_H57TJBGXX_GAGTGG_read12","MuTIR_1",96,125,4,1,27,151,1,124,1.62e-56,202,"GAGAGCCTC","+"
"8",8,"SD40_H57TJBGXX_GAGTGG_read15","MuTIR_1",97.917,48,1,0,99,146,1,48,6.14e-21,84.2,"GGATACAAC","+"
"9",9,"SD40_H57TJBGXX_GAGTGG_read16","MuTIR_1",93.443,61,3,1,91,151,1,60,1.32e-22,89.8,"CTCCCTGGA","+"
"10",10,"SD40_H57TJBGXX_GAGTGG_read17","MuTIR_1",95.789,95,3,1,12,106,1,94,1.66e-41,152,"CAAGGTGGG","+"
"11",11,"SD40_H57TJBGXX_GAGTGG_read19","MuTIR_1",95.652,92,3,1,37,128,1,91,7.72e-40,147,"GTCGGTCTA","+"
"12",12,"SD40_H57TJBGXX_GAGTGG_read20","MuTIR_1",91.667,96,7,1,56,151,1,95,2.16e-35,132,"ATTGAAAGG","+"
"13",13,"SD40_H57TJBGXX_GAGTGG_read21","MuTIR_1",97.561,82,1,1,70,151,1,81,1.29e-37,139,"GAATACAAC","+"
"14",14,"SD40_H57TJBGXX_GAGTGG_read22","MuTIR_1",92.199,141,9,2,11,151,1,139,2.1e-55,198,"CACCTAGAG","+"
"15",15,"SD40_H57TJBGXX_GAGTGG_read25","MuTIR_1",94.34,53,2,1,99,151,1,52,7.94e-20,80.5,"GAATACAAC","+"
"17",17,"SD40_H57TJBGXX_GAGTGG_read30","MuTIR_1",82.979,94,3,2,55,135,1,94,1.33e-17,73.1,"TATTTCTGA","-"
"21",21,"SD40_H57TJBGXX_GAGTGG_read40","MuTIR_1",95.789,95,3,1,30,124,1,94,1.66e-41,152,"TCTTTCTGA","-"
"26",26,"SD40_H57TJBGXX_GAGTGG_read47","MuTIR_1",82.979,94,3,4,38,118,1,94,1.33e-17,73.1,"TATTTCTGA","-"
"27",27,"SD40_H57TJBGXX_GAGTGG_read48","MuTIR_1",93.684,95,5,1,20,114,1,94,3.59e-38,141,"TTTTCCTAA","-"
"31",31,"SD40_H57TJBGXX_GAGTGG_read53","MuTIR_1",82.796,93,3,2,55,134,1,93,4.78e-17,71.3,"TTATTTCTG","-"
"35",76,"SD40_H57TJBGXX_GAGTGG_read149","MuTIR_2",92.683,82,6,0,68,149,1,82,1.68e-31,119,"TCCAACGAG","+"
"36",77,"SD40_H57TJBGXX_GAGTGG_read152","MuTIR_2",90.909,110,10,0,41,150,1,110,2.15e-40,148,"GTTGGAAGA","+"
"37",78,"SD40_H57TJBGXX_GAGTGG_read153","MuTIR_2",94.118,68,4,0,84,151,1,68,4.71e-27,104,"TGAAGTAAT","+"
"38",79,"SD40_H57TJBGXX_GAGTGG_read154","MuTIR_2",96.104,77,3,0,42,118,1,77,1.01e-33,126,"CCCAGAGCC","+"
"39",80,"SD40_H57TJBGXX_GAGTGG_read160","MuTIR_2",92.913,127,9,0,10,136,1,127,1.63e-51,185,"CCCAGAGCC","+"
"40",81,"SD40_H57TJBGXX_GAGTGG_read162","MuTIR_2",93.506,77,5,0,75,151,1,77,2.18e-30,115,"GTTGGAAGA","+"
"41",82,"SD40_H57TJBGXX_GAGTGG_read167","MuTIR_2",90.278,72,7,0,77,148,1,72,2.83e-24,95.3,"GGAGAAGTG","+"
"42",83,"SD40_H57TJBGXX_GAGTGG_read168","MuTIR_2",85.849,106,15,0,46,151,1,106,7.83e-30,113,"CTGTCAGAG","+"
"43",84,"SD40_H57TJBGXX_GAGTGG_read169","MuTIR_2",97.436,39,1,0,113,151,1,39,6.18e-16,67.6,"TTCCTCGCC","+"
"44",85,"SD40_H57TJBGXX_GAGTGG_read170","MuTIR_2",87.619,105,13,0,47,151,1,105,1.3e-32,122,"GCTGGGAAG","+"
"45",86,"SD40_H57TJBGXX_GAGTGG_read171","MuTIR_2",91.045,67,6,0,83,149,1,67,3.67e-23,91.6,"GGAGAAGTG","+"
"62",109,"SD40_H57TJBGXX_GAGTGG_read237","MuTIR_2",85.586,111,13,2,38,145,1,111,7.83e-30,113,"ATTCGTGTG","+"
"63",116,"SD40_H57TJBGXX_GAGTGG_read254","MuTIR_3",95.041,121,6,0,31,151,1,121,3.51e-53,191,"CTAGTAGCA","+"
"64",117,"SD40_H57TJBGXX_GAGTGG_read255","MuTIR_3",91.892,111,9,0,22,132,1,111,1.28e-42,156,"TCTAGGTTC","+"
"65",118,"SD40_H57TJBGXX_GAGTGG_read256","MuTIR_3",96.078,51,1,1,98,147,1,51,2.21e-20,82.4,"GAACCTAGA","+"
"66",119,"SD40_H57TJBGXX_GAGTGG_read258","MuTIR_3",90.141,142,14,0,10,151,1,142,1.63e-51,185,"TCTAGGTTC","+"
"67",120,"SD40_H57TJBGXX_GAGTGG_read259","MuTIR_3",93.846,65,4,0,87,151,1,65,2.19e-25,99,"AGAGGGGGG","+"
"74",128,"SD40_H57TJBGXX_GAGTGG_read275","MuTIR_3",91.463,82,6,1,68,149,1,81,2.81e-29,111,"ACTGCAGTA","+"
"75",129,"SD40_H57TJBGXX_GAGTGG_read276","MuTIR_3",96.774,62,2,0,90,151,1,62,4.71e-27,104,"GGCGGTGGG","+"
"76",130,"SD40_H57TJBGXX_GAGTGG_read278","MuTIR_3",91.111,90,8,0,52,141,1,90,1.3e-32,122,"AGGGGTCGC","+"
"77",131,"SD40_H57TJBGXX_GAGTGG_read280","MuTIR_3",91.111,90,8,0,52,141,1,90,1.3e-32,122,"AGGGGTCGC","+"
"78",132,"SD40_H57TJBGXX_GAGTGG_read281","MuTIR_3",92.029,138,11,0,12,149,1,138,2.72e-54,195,"GTGGTTTAG","+"
"79",133,"SD40_H57TJBGXX_GAGTGG_read282","MuTIR_3",96.591,88,3,0,56,143,1,88,7.72e-40,147,"GGCGGTGGG","+"
"80",134,"SD40_H57TJBGXX_GAGTGG_read283","MuTIR_3",93.846,65,4,0,84,148,1,65,2.19e-25,99,"ACTGCAGTA","+"
"87",144,"SD40_H57TJBGXX_GAGTGG_read301","MuTIR_3",90.909,132,12,0,20,151,1,132,2.74e-49,178,"GACCCTTTG","+"
"88",148,"SD40_H57TJBGXX_GAGTGG_read306","MuTIR_3",87.85,107,12,1,44,150,1,106,3.61e-33,124,"CACGGGGAC","+"
"89",149,"SD40_H57TJBGXX_GAGTGG_read308","MuTIR_3",91.589,107,9,0,45,151,1,107,2.15e-40,148,"AGTTACGCC","+"
"90",150,"SD40_H57TJBGXX_GAGTGG_read311","MuTIR_3",93.443,61,4,0,90,150,1,61,3.67e-23,91.6,"AGTTACGCC","+"
"91",151,"SD40_H57TJBGXX_GAGTGG_read314","MuTIR_3",92.453,106,8,0,44,149,1,106,1.66e-41,152,"GCTGTAGCC","+"
"98",161,"SD40_H57TJBGXX_GAGTGG_read339","MuTIR_3",87.805,82,10,0,66,147,1,82,7.88e-25,97.1,"GCAGGCTAG","+"
"99",187,"SD40_H57TJBGXX_GAGTGG_read390","MuTIR_4",93.103,58,4,0,93,150,1,58,1.71e-21,86.1,"CACTTAAAC","+"
"100",188,"SD40_H57TJBGXX_GAGTGG_read391","MuTIR_4",92.857,98,7,0,54,151,1,98,9.98e-39,143,"CGGCCACCG","+"
"102",190,"SD40_H57TJBGXX_GAGTGG_read395","MuTIR_4",93.617,94,6,0,55,148,1,94,3.59e-38,141,"CGGCCACCG","+"
"103",191,"SD40_H57TJBGXX_GAGTGG_read404","MuTIR_4",95,100,5,0,52,151,1,100,3.56e-43,158,"CCGAAGACT","+"
"114",208,"SD40_H57TJBGXX_GAGTGG_read476","MuTIR_5",86.923,130,15,1,24,151,1,130,2.77e-39,145,"GACGCTCGC","+"
"115",209,"SD40_H57TJBGXX_GAGTGG_read477","MuTIR_5",87.179,117,13,1,34,148,1,117,2.16e-35,132,"GACGCTCGC","+"
"116",210,"SD40_H57TJBGXX_GAGTGG_read479","MuTIR_5",90.083,121,9,2,22,139,1,121,1.28e-42,156,"CCCGCCGCC","+"
"117",211,"SD40_H57TJBGXX_GAGTGG_read480","MuTIR_5",100,30,0,0,120,149,1,30,1.34e-12,56.5,"ATTGAGCCC","+"
"118",212,"SD40_H57TJBGXX_GAGTGG_read482","MuTIR_5",100,30,0,0,65,94,1,30,1.34e-12,56.5,"TTGGGAATC","+"
"119",213,"SD40_H57TJBGXX_GAGTGG_read484","MuTIR_5",100,30,0,0,122,151,1,30,1.34e-12,56.5,"ATTGAGCCC","+"
"120",214,"SD40_H57TJBGXX_GAGTGG_read486","MuTIR_5",95.652,46,2,0,106,151,1,46,3.69e-18,75,"GACGCTCGC","+"
"132",231,"SD40_H57TJBGXX_GAGTGG_read532","MuTIR_6",96.396,111,4,0,38,148,1,111,5.88e-51,183,"AGGAGAGGG","+"
"134",236,"SD40_HLCY2CCXX_L6_read2","MuTIR_1",91.429,140,9,3,12,150,1,138,1.25e-52,189,"GCCACTAGG","+"
"135",237,"SD40_HLCY2CCXX_L6_read3","MuTIR_1",96.203,79,2,1,70,148,1,78,2.77e-34,128,"CAGGCTCTC","+"
"136",238,"SD40_HLCY2CCXX_L6_read6","MuTIR_1",93.023,86,5,1,65,150,1,85,3.59e-33,124,"GTCTCTGTG","+"
"137",239,"SD40_HLCY2CCXX_L6_read7","MuTIR_1",95.556,90,3,1,61,150,1,89,9.91e-39,143,"CCTAGGCCC","+"
"138",240,"SD40_HLCY2CCXX_L6_read8","MuTIR_1",100,37,0,0,114,150,1,37,1.71e-16,69.4,"GAGGCTCTC","+"
"140",242,"SD40_HLCY2CCXX_L6_read17","MuTIR_1",95.652,115,4,1,35,149,1,114,5.84e-51,183,"GTCGCCAGC","+"
"141",243,"SD40_HLCY2CCXX_L6_read19","MuTIR_1",94.737,95,4,1,26,120,1,94,7.66e-40,147,"TCCTGGGAG","+"
"143",245,"SD40_HLCY2CCXX_L6_read23","MuTIR_1",98.276,58,0,1,93,150,1,57,6.05e-26,100,"GAGGCTCTC","+"
"144",246,"SD40_HLCY2CCXX_L6_read24","MuTIR_1",93.519,108,6,1,43,150,1,107,9.84e-44,159,"GGATACAAC","+"
"145",247,"SD40_HLCY2CCXX_L6_read25","MuTIR_1",96.512,86,2,1,64,149,1,85,3.56e-38,141,"CCCACCTTG","+"
"146",248,"SD40_HLCY2CCXX_L6_read28","MuTIR_1",94.444,126,5,2,21,146,1,124,9.7e-54,193,"GAATACAAC","+"
"147",249,"SD40_HLCY2CCXX_L6_read30","MuTIR_1",93.333,135,7,2,16,149,1,134,2.09e-55,198,"CCGGGAGGC","+"
"148",250,"SD40_HLCY2CCXX_L6_read31","MuTIR_1",96.104,77,2,1,74,150,1,76,3.59e-33,124,"GAGAGCCTC","+"
"149",251,"SD40_HLCY2CCXX_L6_read32","MuTIR_1",96.429,84,2,1,67,150,1,83,4.61e-37,137,"GCCTCCCGG","+"
"150",252,"SD40_HLCY2CCXX_L6_read33","MuTIR_1",92.683,41,3,0,110,150,1,41,1.03e-13,60.2,"CTCCCAGGA","+"
"151",253,"SD40_HLCY2CCXX_L6_read34","MuTIR_1",95.122,41,2,0,110,150,1,41,2.21e-15,65.8,"GAATACAAC","+"
"152",254,"SD40_HLCY2CCXX_L6_read38","MuTIR_1",95.455,110,4,1,41,150,1,109,3.51e-48,174,"GGCTGGCGG","+"
"153",255,"SD40_HLCY2CCXX_L6_read40","MuTIR_1",92.754,138,9,1,13,150,1,137,2.09e-55,198,"CTCTCTTTC","+"
"154",256,"SD40_HLCY2CCXX_L6_read41","MuTIR_1",82.979,94,3,2,30,110,1,94,1.32e-17,73.1,"TCGCACGGC","+"
"155",257,"SD40_HLCY2CCXX_L6_read42","MuTIR_1",95.455,66,2,1,85,150,1,65,4.68e-27,104,"GCTGGCGAC","+"
"156",258,"SD40_HLCY2CCXX_L6_read43","MuTIR_1",96.61,59,1,1,79,137,1,58,7.82e-25,97.1,"CACAGAGAC","+"
"157",259,"SD40_HLCY2CCXX_L6_read44","MuTIR_1",92.958,142,7,3,10,150,1,140,4.48e-57,204,"GAATACAAC","+"
"158",260,"SD40_HLCY2CCXX_L6_read45","MuTIR_1",92.929,99,6,1,52,150,1,98,9.91e-39,143,"CTCTCTTTC","+"
"159",261,"SD40_HLCY2CCXX_L6_read46","MuTIR_1",81.915,94,4,7,43,123,1,94,6.14e-16,67.6,"TCGCACGGC","+"
"160",262,"SD40_HLCY2CCXX_L6_read47","MuTIR_1",82.979,94,3,2,30,110,1,94,1.32e-17,73.1,"TCGCACGGC","+"
"161",263,"SD40_HLCY2CCXX_L6_read49","MuTIR_1",82.979,94,3,2,66,146,1,94,1.32e-17,73.1,"TCGCACGGC","+"
"163",265,"SD40_HLCY2CCXX_L6_read52","MuTIR_1",92.969,128,8,1,23,150,1,127,1.62e-51,185,"GGATACAAC","+"
"164",266,"SD40_HLCY2CCXX_L6_read53","MuTIR_1",93.333,60,1,2,93,150,1,59,1.69e-21,86.1,"GCCGTGCGA","+"
"165",267,"SD40_HLCY2CCXX_L6_read54","MuTIR_1",100,32,0,0,113,144,1,32,1.03e-13,60.2,"TAGACCGAC","+"
"166",268,"SD40_HLCY2CCXX_L6_read55","MuTIR_1",94.737,95,4,1,30,124,1,94,7.66e-40,147,"GCTGGCGAC","+"
"167",269,"SD40_HLCY2CCXX_L6_read56","MuTIR_1",92.157,102,7,1,49,150,1,101,9.91e-39,143,"ATTGAAAGG","+"
"168",270,"SD40_HLCY2CCXX_L6_read57","MuTIR_1",93.684,95,5,1,41,135,1,94,9.91e-39,143,"GCTGGCGAC","+"
"170",272,"SD40_HLCY2CCXX_L6_read61","MuTIR_1",92.683,41,3,0,110,150,1,41,1.03e-13,60.2,"CTCCCAGGA","+"
"171",273,"SD40_HLCY2CCXX_L6_read64","MuTIR_1",96.512,86,2,1,64,149,1,85,3.56e-38,141,"CCCACCTTG","+"
"172",274,"SD40_HLCY2CCXX_L6_read65","MuTIR_1",96.61,59,1,1,79,137,1,58,7.82e-25,97.1,"CACAGAGAC","+"
"173",275,"SD40_HLCY2CCXX_L6_read67","MuTIR_1",95,140,6,1,11,150,1,139,1.6e-61,219,"GGCTGGCGG","+"
"174",276,"SD40_HLCY2CCXX_L6_read68","MuTIR_1",98.276,58,0,1,93,150,1,57,6.05e-26,100,"GAGGCTCTC","+"
"175",277,"SD40_HLCY2CCXX_L6_read69","MuTIR_1",95,100,2,2,53,150,1,99,4.58e-42,154,"GCCGTGCGA","+"
"176",278,"SD40_HLCY2CCXX_L6_read70","MuTIR_1",92.958,142,7,3,10,150,1,140,4.48e-57,204,"GAATACAAC","+"
"177",279,"SD40_HLCY2CCXX_L6_read71","MuTIR_1",94.783,115,5,1,35,149,1,114,2.72e-49,178,"GTCGCCAGC","+"
"178",280,"SD40_HLCY2CCXX_L6_read73","MuTIR_1",93.333,135,8,1,13,147,1,134,2.09e-55,198,"GGCTGGCGG","+"
"179",281,"SD40_HLCY2CCXX_L6_read74","MuTIR_1",92.8,125,8,1,18,142,1,124,7.55e-50,180,"GCCACTAGG","+"
"180",282,"SD40_HLCY2CCXX_L6_read75","MuTIR_1",93.069,101,6,1,50,150,1,100,7.66e-40,147,"CTCTCTTTC","+"
"181",283,"SD40_HLCY2CCXX_L6_read76","MuTIR_1",93.75,128,7,1,23,150,1,127,3.49e-53,191,"GGATACAAC","+"
"191",293,"SD40_HLCY2CCXX_L6_read93","MuTIR_1",82.979,94,3,2,32,112,1,94,1.32e-17,73.1,"TATTTCTGA","-"
"205",307,"SD40_HLCY2CCXX_L6_read113","MuTIR_1",93.182,132,8,1,10,141,1,131,9.7e-54,193,"TATCACTGT","-"
"211",313,"SD40_HLCY2CCXX_L6_read119","MuTIR_1",94.737,95,4,1,42,136,1,94,7.66e-40,147,"TTTTCCTAA","-"
"222",324,"SD40_HLCY2CCXX_L6_read142","MuTIR_1",94.737,95,4,1,43,137,1,94,7.66e-40,147,"TTTTCCTAA","-"
"223",334,"SD40_HLCY2CCXX_L6_read158","MuTIR_1",95.062,81,2,2,71,150,1,80,9.98e-34,126,"CCCTCCCCA","+"
"224",335,"SD40_HLCY2CCXX_L6_read159","MuTIR_1",95.876,97,3,1,54,150,1,96,1.27e-42,156,"CCCTCCCCA","+"
"225",336,"SD40_HLCY2CCXX_L6_read162","MuTIR_1",95.455,66,2,1,85,150,1,65,4.68e-27,104,"CCCTCCCCA","+"
"230",348,"SD40_HLCY2CCXX_L6_read191","MuTIR_1",87.931,116,7,4,40,150,1,114,7.71e-35,130,"GTCTGATCT","+"
"231",349,"SD40_HLCY2CCXX_L6_read192","MuTIR_1",87.931,116,7,4,40,150,1,114,7.71e-35,130,"GTCTGATCT","+"
"232",420,"SD40_HLCY2CCXX_L6_read360","MuTIR_2",91.27,126,11,0,19,144,1,126,1.26e-47,172,"ACAGACTCC","+"
"233",421,"SD40_HLCY2CCXX_L6_read361","MuTIR_2",94.186,86,5,0,55,140,1,86,2.15e-35,132,"GTTGGAAGA","+"
"234",422,"SD40_HLCY2CCXX_L6_read363","MuTIR_2",91.379,116,10,0,33,148,1,116,9.84e-44,159,"GTTGGAAGA","+"
"235",423,"SD40_HLCY2CCXX_L6_read364","MuTIR_2",93.023,129,9,0,18,146,1,129,1.25e-52,189,"CTTACAAAG","+"
"236",424,"SD40_HLCY2CCXX_L6_read366","MuTIR_2",89.247,93,10,0,58,150,1,93,6.01e-31,117,"CTGTCAGAG","+"
"237",425,"SD40_HLCY2CCXX_L6_read369","MuTIR_2",88.776,98,11,0,49,146,1,98,4.64e-32,121,"CTGTCAGAG","+"
"238",426,"SD40_HLCY2CCXX_L6_read371","MuTIR_2",97.561,41,1,0,110,150,1,41,4.74e-17,71.3,"TTCCTCGCC","+"
"239",427,"SD40_HLCY2CCXX_L6_read374","MuTIR_2",93.651,63,4,0,88,150,1,63,2.81e-24,95.3,"GTGTTTCCT","+"
"240",428,"SD40_HLCY2CCXX_L6_read380","MuTIR_2",93.023,129,9,0,18,146,1,129,1.25e-52,189,"CTTACAAAG","+"
"241",429,"SD40_HLCY2CCXX_L6_read381","MuTIR_2",92.982,57,4,0,89,145,1,57,6.09e-21,84.2,"CCCCTCCCG","+"
"242",430,"SD40_HLCY2CCXX_L6_read382","MuTIR_2",90.741,108,10,0,36,143,1,108,2.76e-39,145,"TGAAGTAAT","+"
"244",432,"SD40_HLCY2CCXX_L6_read388","MuTIR_2",89.247,93,10,0,56,148,1,93,6.01e-31,117,"CTGTCAGAG","+"
"245",433,"SD40_HLCY2CCXX_L6_read389","MuTIR_2",89.109,101,11,0,47,147,1,101,9.98e-34,126,"TGAAGTAAT","+"
"246",434,"SD40_HLCY2CCXX_L6_read390","MuTIR_2",89.062,128,14,0,14,141,1,128,9.84e-44,159,"ACCCAACTG","+"
"247",435,"SD40_HLCY2CCXX_L6_read391","MuTIR_2",89.691,97,10,0,49,145,1,97,3.59e-33,124,"TGCAATGAT","+"
"248",436,"SD40_HLCY2CCXX_L6_read392","MuTIR_2",92.683,82,6,0,63,144,1,82,1.67e-31,119,"CCCCTCCCG","+"
"249",437,"SD40_HLCY2CCXX_L6_read394","MuTIR_2",90.769,65,6,0,86,150,1,65,4.71e-22,87.9,"GGAGAAGTG","+"
"250",438,"SD40_HLCY2CCXX_L6_read397","MuTIR_2",94.186,86,5,0,55,140,1,86,2.15e-35,132,"GTTGGAAGA","+"
"251",439,"SD40_HLCY2CCXX_L6_read398","MuTIR_2",93.478,92,5,1,59,150,1,91,1.66e-36,135,"TGCCGCCGC","+"
"252",440,"SD40_HLCY2CCXX_L6_read400","MuTIR_2",97.222,36,1,0,115,150,1,36,2.85e-14,62.1,"CACAGCATC","+"
"253",441,"SD40_HLCY2CCXX_L6_read401","MuTIR_2",88.571,105,12,0,46,150,1,105,2.77e-34,128,"CCCCTCCCG","+"
"254",442,"SD40_HLCY2CCXX_L6_read408","MuTIR_2",93.548,62,4,0,89,150,1,62,1.01e-23,93.5,"CACAGCATC","+"
"255",443,"SD40_HLCY2CCXX_L6_read409","MuTIR_2",92.105,76,6,0,75,150,1,76,3.61e-28,108,"TCCAACGAG","+"
"256",444,"SD40_HLCY2CCXX_L6_read410","MuTIR_2",90.722,97,9,0,49,145,1,97,7.71e-35,130,"TGCAATGAT","+"
"257",445,"SD40_HLCY2CCXX_L6_read412","MuTIR_2",93.75,128,8,0,23,150,1,128,9.7e-54,193,"TTCCTCGCC","+"
"258",446,"SD40_HLCY2CCXX_L6_read414","MuTIR_2",85.294,136,20,0,13,148,1,136,3.56e-38,141,"CTGTCAGGG","+"
"259",447,"SD40_HLCY2CCXX_L6_read418","MuTIR_2",93.056,72,5,0,76,147,1,72,1.3e-27,106,"CTACTCGGT","+"
"260",448,"SD40_HLCY2CCXX_L6_read426","MuTIR_2",94.949,99,5,0,52,150,1,99,1.27e-42,156,"GCTGCTGTG","+"
"261",449,"SD40_HLCY2CCXX_L6_read429","MuTIR_2",91.803,61,5,0,90,150,1,61,1.69e-21,86.1,"CTGTCAGAG","+"
"262",450,"SD40_HLCY2CCXX_L6_read431","MuTIR_2",92.683,82,6,0,63,144,1,82,1.67e-31,119,"CCCCTCCCG","+"
"297",485,"SD40_HLCY2CCXX_L6_read502","MuTIR_2",88.785,107,12,0,33,139,1,107,2.15e-35,132,"CGAACAAGA","-"
"303",492,"SD40_HLCY2CCXX_L6_read523","MuTIR_2",90,120,12,0,28,147,1,120,1.27e-42,156,"CCCCGAGCC","+"
"308",505,"SD40_HLCY2CCXX_L6_read567","MuTIR_2",85.294,136,17,1,16,148,1,136,4.61e-37,137,"CTCGTTGGA","+"
"309",506,"SD40_HLCY2CCXX_L6_read568","MuTIR_2",86.25,80,8,1,74,150,1,80,6.09e-21,84.2,"CTCGTTGGA","+"
"310",507,"SD40_HLCY2CCXX_L6_read569","MuTIR_2",88.136,59,4,1,91,146,1,59,6.14e-16,67.6,"CTCGTTGGA","+"
"313",526,"SD40_HLCY2CCXX_L6_read597","MuTIR_2",88.235,102,10,2,50,150,1,101,4.64e-32,121,"GGAACGAAT","+"
"314",527,"SD40_HLCY2CCXX_L6_read607","MuTIR_2",87.755,98,10,2,54,150,1,97,7.77e-30,113,"GGAACGAAT","+"
"316",531,"SD40_HLCY2CCXX_L6_read628","MuTIR_2",85.833,120,15,1,33,150,1,120,9.98e-34,126,"ATTCGTGTG","+"
"317",540,"SD40_HLCY2CCXX_L6_read686","MuTIR_3",94.697,132,7,0,19,150,1,132,1.25e-57,206,"AAAACATTC","+"
"319",542,"SD40_HLCY2CCXX_L6_read688","MuTIR_3",92.647,68,3,2,79,145,1,67,7.82e-25,97.1,"CATATGTAC","+"
"320",543,"SD40_HLCY2CCXX_L6_read689","MuTIR_3",93.233,133,9,0,17,149,1,133,7.5e-55,196,"AAAAAATGG","+"
"321",544,"SD40_HLCY2CCXX_L6_read690","MuTIR_3",90.58,138,13,0,13,150,1,138,5.84e-51,183,"TCTAGGTTC","+"
"323",546,"SD40_HLCY2CCXX_L6_read693","MuTIR_3",93.443,122,8,0,26,147,1,122,2.1e-50,182,"AGAGGGGGG","+"
"324",547,"SD40_HLCY2CCXX_L6_read694","MuTIR_3",97.727,44,1,0,101,144,1,44,1.02e-18,76.8,"GAACCTAGA","+"
"325",548,"SD40_HLCY2CCXX_L6_read695","MuTIR_3",92.308,104,6,2,48,150,1,103,7.66e-40,147,"CCCTGCGAG","+"
"326",549,"SD40_HLCY2CCXX_L6_read696","MuTIR_3",94.017,117,7,0,31,147,1,117,2.72e-49,178,"AAAAAATGG","+"
"327",550,"SD40_HLCY2CCXX_L6_read699","MuTIR_3",93.478,92,6,0,59,150,1,92,4.61e-37,137,"AAAACATTC","+"
"329",552,"SD40_HLCY2CCXX_L6_read701","MuTIR_3",97.872,47,1,0,101,147,1,47,2.19e-20,82.4,"GAACCTAGA","+"
"339",562,"SD40_HLCY2CCXX_L6_read716","MuTIR_3",91.791,134,9,2,7,139,1,133,1.62e-51,185,"AACGACGAT","-"
"342",565,"SD40_HLCY2CCXX_L6_read720","MuTIR_3",94.737,133,7,0,3,135,1,133,3.46e-58,207,"AACGACGAT","-"
"345",573,"SD40_HLCY2CCXX_L6_read737","MuTIR_3",91.25,80,6,1,71,150,1,79,3.61e-28,108,"AGGGGTCGC","+"
"346",575,"SD40_HLCY2CCXX_L6_read742","MuTIR_3",91.25,80,6,1,71,150,1,79,3.61e-28,108,"AGGGGTCGC","+"
"347",576,"SD40_HLCY2CCXX_L6_read743","MuTIR_3",88.776,98,11,0,53,150,1,98,4.64e-32,121,"CCGCCCGCG","+"
"348",577,"SD40_HLCY2CCXX_L6_read746","MuTIR_3",89.831,118,12,0,33,150,1,118,1.65e-41,152,"ACTGCAGTA","+"
"349",578,"SD40_HLCY2CCXX_L6_read747","MuTIR_3",92.174,115,9,0,36,150,1,115,7.61e-45,163,"GTTCTGTAC","+"
"355",585,"SD40_HLCY2CCXX_L6_read764","MuTIR_3",90.698,129,12,0,13,141,1,129,1.26e-47,172,"GGATTCAGA","-"
"359",599,"SD40_HLCY2CCXX_L6_read787","MuTIR_3",90.09,111,10,1,40,149,1,111,9.91e-39,143,"TCTTGCGGC","+"
"360",601,"SD40_HLCY2CCXX_L6_read791","MuTIR_3",94.231,104,6,0,47,150,1,104,9.84e-44,159,"GACCTCAAA","+"
"361",602,"SD40_HLCY2CCXX_L6_read792","MuTIR_3",89.552,134,14,0,17,150,1,134,4.55e-47,171,"CACGGGGAC","+"
"362",603,"SD40_HLCY2CCXX_L6_read794","MuTIR_3",94.059,101,6,0,50,150,1,101,4.58e-42,154,"GACCCTTTG","+"
"363",604,"SD40_HLCY2CCXX_L6_read795","MuTIR_3",93.684,95,6,0,56,150,1,95,9.91e-39,143,"GACCTCAAA","+"
"364",605,"SD40_HLCY2CCXX_L6_read796","MuTIR_3",92.208,77,6,0,71,147,1,77,1.01e-28,110,"GCTGTAGCC","+"
"365",610,"SD40_HLCY2CCXX_L6_read804","MuTIR_3",93.22,118,8,0,32,149,1,118,3.51e-48,174,"CTCCTCATC","+"
"367",613,"SD40_HLCY2CCXX_L6_read809","MuTIR_3",89.655,116,11,1,33,147,1,116,7.66e-40,147,"TCTTGCGGC","+"
"372",619,"SD40_HLCY2CCXX_L6_read820","MuTIR_3",92.481,133,10,0,2,134,1,133,3.49e-53,191,"AACGACGAC","-"
"381",642,"SD40_HLCY2CCXX_L6_read870","MuTIR_3",87.805,82,10,0,51,132,1,82,7.82e-25,97.1,"GCAGGCTAG","+"
"382",679,"SD40_HLCY2CCXX_L6_read949","MuTIR_4",96,75,3,0,69,143,1,75,1.29e-32,122,"CCGAAGACT","+"
"383",680,"SD40_HLCY2CCXX_L6_read951","MuTIR_4",97.368,38,1,0,110,147,1,38,2.21e-15,65.8,"CCCGCGAGC","+"
"384",681,"SD40_HLCY2CCXX_L6_read952","MuTIR_4",89.773,88,9,0,53,140,1,88,7.77e-30,113,"GTTAAAAAG","+"
"385",682,"SD40_HLCY2CCXX_L6_read959","MuTIR_4",89.147,129,14,0,15,143,1,129,7.61e-45,163,"CTCTCTTGC","+"
"386",683,"SD40_HLCY2CCXX_L6_read969","MuTIR_4",97.436,39,1,0,112,150,1,39,6.14e-16,67.6,"CTCTCTTGC","+"
"387",684,"SD40_HLCY2CCXX_L6_read971","MuTIR_4",94.118,68,3,1,39,105,1,68,1.68e-26,102,"AATGGAAGC","+"
"388",685,"SD40_HLCY2CCXX_L6_read979","MuTIR_4",89.922,129,13,0,14,142,1,129,1.63e-46,169,"CTCGACATA","+"
"389",686,"SD40_HLCY2CCXX_L6_read985","MuTIR_4",89.922,129,13,0,14,142,1,129,1.63e-46,169,"CTCGACATA","+"
"390",687,"SD40_HLCY2CCXX_L6_read986","MuTIR_4",97.368,38,1,0,110,147,1,38,2.21e-15,65.8,"CCCGCGAGC","+"
"391",688,"SD40_HLCY2CCXX_L6_read987","MuTIR_4",91.86,86,7,0,59,144,1,86,4.64e-32,121,"GTGACTGAG","+"
"392",689,"SD40_HLCY2CCXX_L6_read990","MuTIR_4",91.86,86,7,0,61,146,1,86,4.64e-32,121,"GTGACTGAG","+"
"393",690,"SD40_HLCY2CCXX_L6_read991","MuTIR_4",95.294,85,4,0,66,150,1,85,1.66e-36,135,"GTTGTCTAA","+"
"394",691,"SD40_HLCY2CCXX_L6_read992","MuTIR_4",89.773,88,9,0,53,140,1,88,7.77e-30,113,"GTTAAAAAG","+"
"395",692,"SD40_HLCY2CCXX_L6_read993","MuTIR_4",97.436,39,1,0,112,150,1,39,6.14e-16,67.6,"CTCTCTTGC","+"
"402",699,"SD40_HLCY2CCXX_L6_read1017","MuTIR_4",93.023,129,9,0,10,138,1,129,3.49e-53,191,"ACTGCAGAG","-"
"407",704,"SD40_HLCY2CCXX_L6_read1024","MuTIR_4",94.118,68,3,1,6,72,1,68,1.68e-26,102,"TGAAAGGGA","-"
"409",706,"SD40_HLCY2CCXX_L6_read1027","MuTIR_4",86.735,98,13,0,39,136,1,98,1.01e-28,110,"AGGTTTCGT","-"
"410",707,"SD40_HLCY2CCXX_L6_read1028","MuTIR_4",93.878,49,3,0,39,87,1,49,3.67e-18,75,"GAGTTGATA","-"
"411",708,"SD40_HLCY2CCXX_L6_read1030","MuTIR_4",90.833,120,11,0,12,131,1,120,7.61e-45,163,"CTTTTATGC","-"
"421",718,"SD40_HLCY2CCXX_L6_read1057","MuTIR_4",86.735,98,13,0,39,136,1,98,1.01e-28,110,"AGGTTTCGT","-"
"425",729,"SD40_HLCY2CCXX_L6_read1093","MuTIR_4",88.722,133,15,0,18,150,1,133,2.11e-45,165,"GACTTTAGC","+"
"426",738,"SD40_HLCY2CCXX_L6_read1124","MuTIR_4",85.455,110,16,0,41,150,1,110,6.01e-31,117,"GTGTGTGGG","+"
"427",750,"SD40_HLCY2CCXX_L6_read1156","MuTIR_5",87.129,101,11,1,52,150,1,101,7.77e-30,113,"GACGCTCGC","+"
"428",751,"SD40_HLCY2CCXX_L6_read1157","MuTIR_5",91.429,105,7,1,45,147,1,105,2.76e-39,145,"GCTGCAGGA","+"
"429",752,"SD40_HLCY2CCXX_L6_read1159","MuTIR_5",91.429,105,7,1,48,150,1,105,2.76e-39,145,"GCTGCAGGA","+"
"430",753,"SD40_HLCY2CCXX_L6_read1162","MuTIR_5",84.672,137,19,1,12,146,1,137,4.61e-37,137,"ACCTTGACA","+"
"431",754,"SD40_HLCY2CCXX_L6_read1166","MuTIR_5",91.429,105,7,1,45,147,1,105,2.76e-39,145,"GCTGCAGGA","+"
"432",755,"SD40_HLCY2CCXX_L6_read1167","MuTIR_5",89.744,117,10,1,31,145,1,117,5.92e-41,150,"ATTGAGCCC","+"
"433",756,"SD40_HLCY2CCXX_L6_read1168","MuTIR_5",90.756,119,9,1,34,150,1,119,9.84e-44,159,"GCTGCAGGA","+"
"448",774,"SD40_HLCY2CCXX_L6_read1229","MuTIR_6",96,75,3,0,76,150,1,75,1.29e-32,122,"TGCACTACA","+"
"449",776,"SD40_HLCY2CCXX_L6_read1231","MuTIR_6",100,35,0,0,116,150,1,35,2.21e-15,65.8,"TGCACTACA","+"
"451",779,"SD40_HLCY2CCXX_L6_read1238","MuTIR_6",96.296,108,4,0,43,150,1,108,2.72e-49,178,"TGCACTACG","+"
"452",780,"SD40_HLCY2CCXX_L6_read1240","MuTIR_6",98.276,58,1,0,91,148,1,58,1.68e-26,102,"TGCACTACA","+"
"453",781,"SD40_HLCY2CCXX_L6_read1241","MuTIR_6",98,50,1,0,101,150,1,50,4.71e-22,87.9,"TGCACTACA","+"
"456",784,"SD40_HLCY2CCXX_L6_read1251","MuTIR_3",85.821,134,17,2,1,133,1,133,3.56e-38,141,"AACGTCGAT","-"
"458",795,"SD40_HLCY2CCXX_L6_read1271","MuTIR_6",96.491,114,4,0,31,144,1,114,1.25e-52,189,"TCCTAGGCT","+"
"459",797,"SD40_HLCY2CCXX_L6_read1273","MuTIR_6",95.161,62,3,0,89,150,1,62,2.18e-25,99,"TCCTAGGCT","+"
"460",798,"SD40_HLCY2CCXX_L6_read1275","MuTIR_6",95.349,129,6,0,22,150,1,129,1.25e-57,206,"AGGAGAGGG","+"
"461",799,"SD40_HLCY2CCXX_L6_read1277","MuTIR_6",95.349,129,6,0,22,150,1,129,1.25e-57,206,"AGGAGAGGG","+"
"462",800,"SD40_HLCY2CCXX_L6_read1279","MuTIR_6",93.694,111,7,0,39,149,1,111,5.88e-46,167,"AGGAGAGGG","+"
"463",801,"SD40_HLCY2CCXX_L6_read1280","MuTIR_6",95.385,65,3,0,86,150,1,65,4.68e-27,104,"TCCTAGGCT","+"
"464",803,"SD40_HLCY2CCXX_L6_read1283","MuTIR_6",97.368,114,3,0,31,144,1,114,2.7e-54,195,"TCCTAGGCT","+"
"467",807,"SD40_HLCY2CCXX_L6_read1290","MuTIR_6",96.296,108,4,0,43,150,1,108,2.72e-49,178,"TCCTAGGCT","+"
"469",826,"SD40_HLCY2CCXX_L6_read1357","MuTIR_7",91.489,94,7,1,58,150,1,94,2.15e-35,132,"TACCTAGTT","+"
