"","X","qname","sname","percent_identity","alignment_length","mismatches","gap_opens","q_start","q_end","s_start","s_end","evalue","bit_score","tsds","strand"
"1",1,"SD44_H3CWKBGXX_GAGTGG_read3","MuTIR_1",93.519,108,6,1,44,151,1,107,9.91e-44,159,"GAAAGAGAG","+"
"2",2,"SD44_H3CWKBGXX_GAGTGG_read4","MuTIR_1",95.652,115,4,1,37,151,1,114,5.88e-51,183,"GTTCAGAAA","+"
"3",3,"SD44_H3CWKBGXX_GAGTGG_read5","MuTIR_1",95.082,61,2,1,91,151,1,60,2.83e-24,95.3,"GTCGGTCTA","+"
"7",8,"SD44_H3CWKBGXX_GAGTGG_read19","MuTIR_1",95.789,95,3,1,25,119,1,94,1.66e-41,152,"CCAGCAGCC","+"
"8",9,"SD44_H3CWKBGXX_GAGTGG_read20","MuTIR_1",90.476,126,10,2,26,151,1,124,2.13e-45,165,"GGTAGAGAG","+"
"9",16,"SD44_H3CWKBGXX_GAGTGG_read43","MuTIR_2",93.75,80,5,0,72,151,1,80,4.68e-32,121,"CATAATAGC","+"
"10",17,"SD44_H3CWKBGXX_GAGTGG_read44","MuTIR_2",92.5,120,9,0,29,148,1,120,1.27e-47,172,"CATAATAGC","+"
"11",18,"SD44_H3CWKBGXX_GAGTGG_read45","MuTIR_2",93.023,129,9,0,23,151,1,129,1.26e-52,189,"GCTGCTGTG","+"
"12",19,"SD44_H3CWKBGXX_GAGTGG_read46","MuTIR_2",87.5,128,16,0,20,147,1,128,2.15e-40,148,"ACCCAACTG","+"
"14",21,"SD44_H3CWKBGXX_GAGTGG_read51","MuTIR_2",94.03,67,4,0,47,113,1,67,1.69e-26,102,"CCGTGACCC","+"
"15",22,"SD44_H3CWKBGXX_GAGTGG_read53","MuTIR_2",85.981,107,15,0,28,134,1,107,2.18e-30,115,"GGAGAAGTG","+"
"20",28,"SD44_H3CWKBGXX_GAGTGG_read75","MuTIR_2",87.5,128,16,0,15,142,1,128,2.15e-40,148,"CCCACCACG","+"
"21",30,"SD44_H3CWKBGXX_GAGTGG_read83","MuTIR_3",94.915,118,6,0,34,151,1,118,1.63e-51,185,"CTAGTAGCA","+"
"22",31,"SD44_H3CWKBGXX_GAGTGG_read85","MuTIR_3",91.791,134,9,2,19,151,1,133,1.63e-51,185,"CCCTGCGAG","+"
"26",35,"SD44_H3CWKBGXX_GAGTGG_read93","MuTIR_3",92.647,136,10,0,13,148,1,136,7.55e-55,196,"TCGGCAAGC","+"
"27",36,"SD44_H3CWKBGXX_GAGTGG_read94","MuTIR_3",92.754,69,5,0,83,151,1,69,6.09e-26,100,"GACCTAACG","+"
"29",45,"SD44_H3CWKBGXX_GAGTGG_read113","MuTIR_4",91.209,91,8,0,61,151,1,91,3.61e-33,124,"CCGAAGACT","+"
"30",46,"SD44_H3CWKBGXX_GAGTGG_read114","MuTIR_4",90.816,98,9,0,49,146,1,98,2.16e-35,132,"GCCATTAAG","+"
"31",47,"SD44_H3CWKBGXX_GAGTGG_read119","MuTIR_4",98.214,56,1,0,94,149,1,56,2.19e-25,99,"CTCGACATA","+"
"35",52,"SD44_H3CWKBGXX_GAGTGG_read138","MuTIR_4",86.076,79,11,0,41,119,1,79,1.71e-21,86.1,"GTGTGTGGG","+"
"38",56,"SD44_H3CWKBGXX_GAGTGG_read148","MuTIR_5",87.603,121,12,2,14,131,1,121,1.29e-37,139,"GTCGCGGAT","+"
"39",57,"SD44_H3CWKBGXX_GAGTGG_read150","MuTIR_5",85.366,82,10,1,62,141,1,82,6.14e-21,84.2,"GACGCTCGC","+"
"44",67,"SD44_HLCY2CCXX_L4_read4","MuTIR_1",95.588,68,2,1,83,150,1,67,3.61e-28,108,"GAATACAAC","+"
"45",68,"SD44_HLCY2CCXX_L4_read6","MuTIR_1",100,32,0,0,113,144,1,32,1.03e-13,60.2,"CCCACCTTG","+"
"46",69,"SD44_HLCY2CCXX_L4_read11","MuTIR_1",93.284,134,7,2,17,150,1,132,7.5e-55,196,"CCCACCTTG","+"
"49",72,"SD44_HLCY2CCXX_L4_read16","MuTIR_1",92.632,95,6,1,40,134,1,94,1.66e-36,135,"TCGCACGGC","+"
"53",76,"SD44_HLCY2CCXX_L4_read22","MuTIR_1",96.522,115,3,1,34,148,1,114,1.25e-52,189,"GAATACAAC","+"
"55",78,"SD44_HLCY2CCXX_L4_read25","MuTIR_1",96.522,115,3,1,34,148,1,114,1.25e-52,189,"GAATACAAC","+"
"60",83,"SD44_HLCY2CCXX_L4_read41","MuTIR_1",91.579,95,7,1,23,117,1,94,7.71e-35,130,"TATTCCTGA","-"
"66",91,"SD44_HLCY2CCXX_L4_read52","MuTIR_1",90.476,126,10,2,12,137,1,124,2.11e-45,165,"GGTAGAGAG","+"
"67",92,"SD44_HLCY2CCXX_L4_read53","MuTIR_1",90.476,126,10,2,18,143,1,124,2.11e-45,165,"GGTAGAGAG","+"
"69",113,"SD44_HLCY2CCXX_L4_read87","MuTIR_2",84,125,20,0,26,150,1,125,4.64e-32,121,"CTCCTGCGG","+"
"70",114,"SD44_HLCY2CCXX_L4_read89","MuTIR_2",94.737,57,3,0,92,148,1,57,1.31e-22,89.8,"GCGACCTCC","+"
"71",115,"SD44_HLCY2CCXX_L4_read90","MuTIR_2",89.764,127,13,0,24,150,1,127,7.61e-45,163,"CCTAGCCGA","+"
"72",116,"SD44_HLCY2CCXX_L4_read93","MuTIR_2",90.909,99,9,0,52,150,1,99,5.96e-36,134,"TCCAACGAG","+"
"73",117,"SD44_HLCY2CCXX_L4_read96","MuTIR_2",93.023,129,9,0,22,150,1,129,1.25e-52,189,"GCAAGGGAA","+"
"74",118,"SD44_HLCY2CCXX_L4_read98","MuTIR_2",93.939,66,4,0,85,150,1,66,6.05e-26,100,"CCCCTCCCG","+"
"76",120,"SD44_HLCY2CCXX_L4_read102","MuTIR_2",93.939,66,4,0,85,150,1,66,6.05e-26,100,"CCCCTCCCG","+"
"78",122,"SD44_HLCY2CCXX_L4_read104","MuTIR_2",92.405,79,6,0,72,150,1,79,7.77e-30,113,"GTCAACGAG","+"
"80",124,"SD44_HLCY2CCXX_L4_read108","MuTIR_2",89.844,128,13,0,10,137,1,128,2.11e-45,165,"CATCATACT","+"
"81",125,"SD44_HLCY2CCXX_L4_read109","MuTIR_2",91.463,82,7,0,64,145,1,82,7.77e-30,113,"CCTAGCCGA","+"
"83",127,"SD44_HLCY2CCXX_L4_read115","MuTIR_2",84.615,130,13,6,1,124,1,129,1.29e-32,122,"CGGATAGAA","-"
"93",151,"SD44_HLCY2CCXX_L4_read175","MuTIR_2",89.167,120,13,0,31,150,1,120,5.92e-41,150,"TTCCCTTGC","+"
"94",155,"SD44_HLCY2CCXX_L4_read179","MuTIR_2",88.889,90,10,0,56,145,1,90,2.79e-29,111,"CCCACCACG","+"
"96",162,"SD44_HLCY2CCXX_L4_read195","MuTIR_3",90.769,130,10,2,22,150,1,129,1.26e-47,172,"CCCTGCGAG","+"
"98",164,"SD44_HLCY2CCXX_L4_read204","MuTIR_3",90.698,129,12,0,17,145,1,129,1.26e-47,172,"CCGCCCGCG","+"
"99",165,"SD44_HLCY2CCXX_L4_read206","MuTIR_3",88.66,97,11,0,54,150,1,97,1.67e-31,119,"CCTCTAGAG","+"
"100",166,"SD44_HLCY2CCXX_L4_read207","MuTIR_3",90.164,122,12,0,28,149,1,122,9.84e-44,159,"CCTCTAGAG","+"
"102",169,"SD44_HLCY2CCXX_L4_read218","MuTIR_3",92.308,78,4,2,73,150,1,76,1.01e-28,110,"CTATCCTGG","+"
"103",170,"SD44_HLCY2CCXX_L4_read219","MuTIR_3",92.135,89,7,0,62,150,1,89,9.98e-34,126,"GATTAGAGC","+"
"104",171,"SD44_HLCY2CCXX_L4_read220","MuTIR_3",92.647,136,10,0,12,147,1,136,7.5e-55,196,"TCGGCAAGC","+"
"105",172,"SD44_HLCY2CCXX_L4_read221","MuTIR_3",91.026,78,5,2,73,150,1,76,4.68e-27,104,"CTATCCTGG","+"
"106",174,"SD44_HLCY2CCXX_L4_read223","MuTIR_3",89.706,136,13,1,2,136,1,136,1.26e-47,172,"CGACGACCT","-"
"110",178,"SD44_HLCY2CCXX_L4_read228","MuTIR_3",88.971,136,14,1,2,136,1,136,5.88e-46,167,"CGACGACCT","-"
"114",197,"SD44_HLCY2CCXX_L4_read256","MuTIR_4",89.831,118,12,0,33,150,1,118,4.58e-42,154,"GCTGTCGAC","+"
"115",198,"SD44_HLCY2CCXX_L4_read260","MuTIR_4",93,100,7,0,48,147,1,100,7.66e-40,147,"CGGCCACCG","+"
"116",199,"SD44_HLCY2CCXX_L4_read261","MuTIR_4",95.062,81,4,0,69,149,1,81,2.77e-34,128,"CTCGACATA","+"
"117",200,"SD44_HLCY2CCXX_L4_read262","MuTIR_4",95.062,81,4,0,69,149,1,81,2.77e-34,128,"CTCGACATA","+"
"118",201,"SD44_HLCY2CCXX_L4_read263","MuTIR_4",94.118,68,3,1,64,130,1,68,1.68e-26,102,"TGAAAGGGA","-"
"119",202,"SD44_HLCY2CCXX_L4_read266","MuTIR_4",90.833,120,11,0,14,133,1,120,7.61e-45,163,"CTTTTATGC","-"
"120",203,"SD44_HLCY2CCXX_L4_read268","MuTIR_4",88.571,140,16,0,2,141,1,140,1.26e-47,172,"TAATTAGGC","-"
"121",204,"SD44_HLCY2CCXX_L4_read270","MuTIR_4",88.571,140,16,0,2,141,1,140,1.26e-47,172,"TAATTAGGC","-"
"123",215,"SD44_HLCY2CCXX_L4_read307","MuTIR_5",91.667,96,6,1,54,147,1,96,5.96e-36,134,"CGAGACGGC","+"
"131",224,"SD44_HLCY2CCXX_L4_read328","MuTIR_6",95.146,103,5,0,48,150,1,103,7.61e-45,163,"TGCACTATG","+"
"132",225,"SD44_HLCY2CCXX_L4_read336","MuTIR_6",94.175,103,6,0,48,150,1,103,3.54e-43,158,"AGGAGAGGG","+"
"133",228,"SD44_HLCY2CCXX_L4_read357","MuTIR_7",91.228,57,5,0,83,139,1,57,2.19e-20,82.4,"TCGTACCGC","+"
