"","X","qname","sname","percent_identity","alignment_length","mismatches","gap_opens","q_start","q_end","s_start","s_end","evalue","bit_score","tsds","strand"
"5",11,"T232_HB1LCADXX_ATCACG_read38","MuTIR_2",94.231,52,3,0,89,140,1,52,7.94e-20,80.5,"TGCCGCCGC","+"
"6",12,"T232_HB1LCADXX_ATCACG_read39","MuTIR_2",93.333,90,6,0,56,145,1,90,6.01e-36,134,"TGCCGCCGC","+"
"8",14,"T232_HB1LCADXX_ATCACG_read46","MuTIR_2",92.857,84,6,0,65,148,1,84,1.3e-32,122,"GAGACGAGG","+"
"9",15,"T232_HB1LCADXX_ATCACG_read48","MuTIR_2",96.491,57,2,0,95,151,1,57,2.83e-24,95.3,"CCCAGAGCC","+"
"16",27,"T232_HB1LCADXX_ATCACG_read90","MuTIR_3",91.209,91,8,0,61,151,1,91,3.61e-33,124,"GGAATAGGT","+"
"17",28,"T232_HB1LCADXX_ATCACG_read91","MuTIR_3",90.196,102,10,0,50,151,1,102,6.01e-36,134,"CTTCTAGAG","+"
"18",30,"T232_HB1LCADXX_ATCACG_read93","MuTIR_3",93.443,61,4,0,62,122,1,61,3.67e-23,91.6,"GGAATAGGT","+"
"20",34,"T232_HB1LCADXX_ATCACG_read100","MuTIR_3",94.667,75,4,0,72,146,1,75,6.05e-31,117,"CTCCTCATC","+"
"23",54,"T232_HB1LCADXX_ATCACG_read129","MuTIR_4",89.552,134,14,0,18,151,1,134,1.27e-47,172,"CTAGCCTAG","+"
"24",55,"T232_HB1LCADXX_ATCACG_read130","MuTIR_4",84.821,112,15,2,41,151,1,111,7.83e-30,113,"GTGACTGAG","+"
"25",56,"T232_HB1LCADXX_ATCACG_read133","MuTIR_4",93.388,121,8,0,31,151,1,121,2.11e-50,182,"GAGAGCGGT","+"
"26",57,"T232_HB1LCADXX_ATCACG_read135","MuTIR_4",95.062,81,4,0,71,151,1,81,2.79e-34,128,"CTCTCTTGC","+"
"31",74,"T232_HB1LCADXX_ATCACG_read173","MuTIR_5",86.275,102,12,1,48,147,1,102,2.81e-29,111,"ACCTTGACA","+"
"32",75,"T232_HB1LCADXX_ATCACG_read175","MuTIR_5",89.815,108,9,1,44,149,1,108,1.29e-37,139,"ACCTATTCC","+"
"33",76,"T232_HB1LCADXX_ATCACG_read176","MuTIR_5",95.745,47,2,0,91,137,1,47,1.03e-18,76.8,"ATTGAGCCC","+"
"39",82,"T232_HB1LCADXX_ATCACG_read192","MuTIR_6",96.396,111,4,0,38,148,1,111,5.88e-51,183,"AGGAGAGGG","+"
"41",85,"T232_HB1LCADXX_ATCACG_read195","MuTIR_6",94.574,129,7,0,23,151,1,129,5.84e-56,200,"AGGAGAGGG","+"
"42",101,"T232_HB1LCADXX_ATCACG_read216","MuTIR_7",90.323,62,6,0,90,151,1,62,1.71e-21,86.1,"TACCTAGTT","+"
"43",106,"T232_HLCY2CCXX_L2_read5","MuTIR_1",94.958,119,5,1,31,149,1,118,1.62e-51,185,"CTTGGCGAG","+"
"44",107,"T232_HLCY2CCXX_L2_read7","MuTIR_1",92.174,115,8,1,34,148,1,114,2.74e-44,161,"CCCAGCCGC","+"
"45",108,"T232_HLCY2CCXX_L2_read8","MuTIR_1",93.548,124,7,1,27,150,1,123,5.84e-51,183,"CCCAGCCGC","+"
"46",109,"T232_HLCY2CCXX_L2_read9","MuTIR_1",94.737,95,4,1,15,109,1,94,7.66e-40,147,"TAGACCGAC","+"
"47",110,"T232_HLCY2CCXX_L2_read10","MuTIR_1",96.97,66,1,1,85,150,1,65,1.01e-28,110,"CCCACAGAG","+"
"48",111,"T232_HLCY2CCXX_L2_read12","MuTIR_1",95.238,105,4,1,46,150,1,104,2.11e-45,165,"CTCTGTGGG","+"
"49",112,"T232_HLCY2CCXX_L2_read17","MuTIR_1",95.652,92,3,1,59,150,1,91,7.66e-40,147,"GTCGGTCTA","+"
"50",113,"T232_HLCY2CCXX_L2_read19","MuTIR_1",93.684,95,5,1,15,109,1,94,3.56e-38,141,"TAGACCGAC","+"
"52",115,"T232_HLCY2CCXX_L2_read27","MuTIR_1",93.684,95,5,1,15,109,1,94,3.56e-38,141,"TAGACCGAC","+"
"53",116,"T232_HLCY2CCXX_L2_read29","MuTIR_1",96.429,56,1,1,90,145,1,55,3.64e-23,91.6,"GAAAGAGAG","+"
"54",117,"T232_HLCY2CCXX_L2_read30","MuTIR_1",93.671,79,4,1,72,150,1,78,6.01e-31,117,"CTCTCTTTC","+"
"55",118,"T232_HLCY2CCXX_L2_read36","MuTIR_1",95.082,61,2,1,89,149,1,60,2.81e-24,95.3,"GCTGGCGAC","+"
"56",119,"T232_HLCY2CCXX_L2_read37","MuTIR_1",93.671,79,4,1,72,150,1,78,6.01e-31,117,"CTCTCTTTC","+"
"57",120,"T232_HLCY2CCXX_L2_read38","MuTIR_1",94.643,112,5,1,39,150,1,111,1.26e-47,172,"GAAAGAGAG","+"
"58",121,"T232_HLCY2CCXX_L2_read40","MuTIR_1",96.25,80,2,1,71,150,1,79,7.71e-35,130,"GTCGGTCTA","+"
"59",122,"T232_HLCY2CCXX_L2_read43","MuTIR_1",94.737,95,4,1,27,121,1,94,7.66e-40,147,"CATCCATTT","+"
"61",124,"T232_HLCY2CCXX_L2_read47","MuTIR_1",94.737,57,2,1,94,150,1,56,4.71e-22,87.9,"TAGACCGAC","+"
"78",142,"T232_HLCY2CCXX_L2_read91","MuTIR_1",94.872,78,3,1,73,150,1,77,4.64e-32,121,"CCCTCCCCA","+"
"79",144,"T232_HLCY2CCXX_L2_read94","MuTIR_1",95.745,94,3,1,55,148,1,93,5.92e-41,150,"CTCCTGGAC","+"
"80",145,"T232_HLCY2CCXX_L2_read95","MuTIR_1",96.512,86,2,1,62,147,1,85,3.56e-38,141,"CTCCTGGAC","+"
"81",146,"T232_HLCY2CCXX_L2_read96","MuTIR_1",94.643,56,2,1,95,150,1,55,1.69e-21,86.1,"CCCTCCCCA","+"
"87",200,"T232_HLCY2CCXX_L2_read247","MuTIR_2",85.938,128,18,0,17,144,1,128,4.61e-37,137,"CTGTCAGAG","+"
"88",201,"T232_HLCY2CCXX_L2_read248","MuTIR_2",97.059,68,2,0,35,102,1,68,2.16e-30,115,"GGCCGGGCG","+"
"89",202,"T232_HLCY2CCXX_L2_read249","MuTIR_2",93.827,81,5,0,70,150,1,81,1.29e-32,122,"TTCTGCCTC","+"
"90",203,"T232_HLCY2CCXX_L2_read253","MuTIR_2",89,100,11,0,51,150,1,100,3.59e-33,124,"GAGGCAGAA","+"
"91",204,"T232_HLCY2CCXX_L2_read254","MuTIR_2",92.126,127,10,0,24,150,1,127,7.55e-50,180,"ACAGACTCC","+"
"92",205,"T232_HLCY2CCXX_L2_read257","MuTIR_2",94.444,108,6,0,41,148,1,108,5.88e-46,167,"CCCAGAGCC","+"
"93",206,"T232_HLCY2CCXX_L2_read258","MuTIR_2",97.059,68,2,0,39,106,1,68,2.16e-30,115,"GGCCGGGCG","+"
"94",207,"T232_HLCY2CCXX_L2_read264","MuTIR_2",91.453,117,10,0,29,145,1,117,2.74e-44,161,"TGCAATGAT","+"
"95",208,"T232_HLCY2CCXX_L2_read269","MuTIR_2",92.683,82,6,0,66,147,1,82,1.67e-31,119,"CTACTCGGT","+"
"96",209,"T232_HLCY2CCXX_L2_read272","MuTIR_2",92.593,81,6,0,70,150,1,81,6.01e-31,117,"TTCTGCCTC","+"
"98",211,"T232_HLCY2CCXX_L2_read274","MuTIR_2",97.222,36,1,0,115,150,1,36,2.85e-14,62.1,"CACAGCATC","+"
"99",212,"T232_HLCY2CCXX_L2_read279","MuTIR_2",96.104,77,3,0,74,150,1,77,9.98e-34,126,"GCTGCTGTG","+"
"100",213,"T232_HLCY2CCXX_L2_read282","MuTIR_2",91.753,97,8,0,52,148,1,97,1.66e-36,135,"TGCAATGAT","+"
"102",215,"T232_HLCY2CCXX_L2_read286","MuTIR_2",94.444,126,5,2,26,150,1,125,9.7e-54,193,"CTTTGTAAG","+"
"103",216,"T232_HLCY2CCXX_L2_read287","MuTIR_2",91.406,128,11,0,11,138,1,128,9.77e-49,176,"TGAAGTAAT","+"
"104",217,"T232_HLCY2CCXX_L2_read288","MuTIR_2",92.105,76,6,0,75,150,1,76,3.61e-28,108,"GCTGGGAAG","+"
"105",218,"T232_HLCY2CCXX_L2_read289","MuTIR_2",91.667,108,9,0,43,150,1,108,5.92e-41,150,"GAGACGAGG","+"
"108",221,"T232_HLCY2CCXX_L2_read295","MuTIR_2",87.402,127,16,0,24,150,1,127,7.66e-40,147,"CCTCCCGCC","+"
"109",222,"T232_HLCY2CCXX_L2_read300","MuTIR_2",92.683,82,6,0,66,147,1,82,1.67e-31,119,"CTACTCGGT","+"
"110",223,"T232_HLCY2CCXX_L2_read304","MuTIR_2",93.902,82,5,0,68,149,1,82,3.59e-33,124,"TTCTGCCTC","+"
"111",224,"T232_HLCY2CCXX_L2_read305","MuTIR_2",94.186,86,5,0,65,150,1,86,2.15e-35,132,"TGCCGCCGC","+"
"112",225,"T232_HLCY2CCXX_L2_read307","MuTIR_2",95.522,67,3,0,84,150,1,67,3.61e-28,108,"TGCAATGAT","+"
"113",226,"T232_HLCY2CCXX_L2_read309","MuTIR_2",91.736,121,8,2,29,148,1,120,5.88e-46,167,"TGCCGCCGC","+"
"114",227,"T232_HLCY2CCXX_L2_read310","MuTIR_2",92.754,69,5,0,82,150,1,69,6.05e-26,100,"ACTGATAGA","+"
"115",228,"T232_HLCY2CCXX_L2_read313","MuTIR_2",95.098,102,5,0,48,149,1,102,2.74e-44,161,"CCTCCCGCC","+"
"116",229,"T232_HLCY2CCXX_L2_read316","MuTIR_2",91.406,128,11,0,13,140,1,128,9.77e-49,176,"CAGTAGTGA","-"
"120",233,"T232_HLCY2CCXX_L2_read338","MuTIR_2",91.406,128,11,0,13,140,1,128,9.77e-49,176,"CAGTAGTGA","-"
"134",258,"T232_HLCY2CCXX_L2_read414","MuTIR_2",86.792,106,14,0,45,150,1,106,1.67e-31,119,"CACGGACGC","+"
"135",259,"T232_HLCY2CCXX_L2_read416","MuTIR_2",86.792,106,14,0,45,150,1,106,1.67e-31,119,"CACGGACGC","+"
"140",276,"T232_HLCY2CCXX_L2_read496","MuTIR_3",95,100,5,0,51,150,1,100,3.54e-43,158,"CAAACATTC","+"
"141",277,"T232_HLCY2CCXX_L2_read501","MuTIR_3",93.333,105,7,0,46,150,1,105,1.27e-42,156,"AAAAAATGG","+"
"143",279,"T232_HLCY2CCXX_L2_read506","MuTIR_3",93.182,132,9,0,11,142,1,132,2.7e-54,195,"AAAAAATGG","+"
"144",280,"T232_HLCY2CCXX_L2_read507","MuTIR_3",95.312,128,6,0,23,150,1,128,4.48e-57,204,"CAAACATTC","+"
"145",281,"T232_HLCY2CCXX_L2_read509","MuTIR_3",94,100,6,0,51,150,1,100,1.65e-41,152,"CAAACATTC","+"
"146",282,"T232_HLCY2CCXX_L2_read510","MuTIR_3",95.312,128,6,0,23,150,1,128,4.48e-57,204,"CAAACATTC","+"
"148",284,"T232_HLCY2CCXX_L2_read512","MuTIR_3",92.308,130,10,0,21,150,1,130,1.62e-51,185,"CCGTTTTTT","+"
"149",285,"T232_HLCY2CCXX_L2_read513","MuTIR_3",95.489,133,6,0,10,142,1,133,7.45e-60,213,"CAAACATTC","+"
"150",286,"T232_HLCY2CCXX_L2_read519","MuTIR_3",95.082,61,3,0,90,150,1,61,7.82e-25,97.1,"TTGACAGGT","+"
"157",293,"T232_HLCY2CCXX_L2_read532","MuTIR_3",94.737,133,7,0,6,138,1,133,3.46e-58,207,"AACTACGAT","-"
"158",296,"T232_HLCY2CCXX_L2_read537","MuTIR_3",92.623,122,9,0,28,149,1,122,9.77e-49,176,"TTCCTCAAC","+"
"159",297,"T232_HLCY2CCXX_L2_read538","MuTIR_3",92.982,114,8,0,37,150,1,114,5.88e-46,167,"GGCTGCCGC","+"
"160",298,"T232_HLCY2CCXX_L2_read540","MuTIR_3",94.783,115,6,0,33,147,1,115,7.55e-50,180,"CCTTGCATT","+"
"161",299,"T232_HLCY2CCXX_L2_read543","MuTIR_3",93.694,111,7,0,40,150,1,111,5.88e-46,167,"TTCCTCAAC","+"
"162",300,"T232_HLCY2CCXX_L2_read544","MuTIR_3",92.623,122,9,0,17,138,1,122,9.77e-49,176,"GGCTGCCGC","+"
"163",301,"T232_HLCY2CCXX_L2_read545","MuTIR_3",93.333,45,3,0,106,150,1,45,6.14e-16,67.6,"GGAATAGGT","+"
"164",302,"T232_HLCY2CCXX_L2_read546","MuTIR_3",91.406,128,11,0,23,150,1,128,9.77e-49,176,"CCAGTGCAG","+"
"165",303,"T232_HLCY2CCXX_L2_read548","MuTIR_3",88.372,129,15,0,12,140,1,129,1.27e-42,156,"CTTCTAGAG","+"
"166",304,"T232_HLCY2CCXX_L2_read549","MuTIR_3",92.708,96,7,0,55,150,1,96,1.28e-37,139,"CCAGTGCAG","+"
"167",305,"T232_HLCY2CCXX_L2_read550","MuTIR_3",92.982,114,8,0,37,150,1,114,5.88e-46,167,"GGCTGCCGC","+"
"168",306,"T232_HLCY2CCXX_L2_read551","MuTIR_3",91.473,129,11,0,20,148,1,129,2.72e-49,178,"CCTACAATG","+"
"169",307,"T232_HLCY2CCXX_L2_read552","MuTIR_3",91.304,115,10,0,35,149,1,115,3.54e-43,158,"CTTCTAGAG","+"
"170",309,"T232_HLCY2CCXX_L2_read555","MuTIR_3",92.553,94,7,0,55,148,1,94,1.66e-36,135,"CCAGTGCAG","+"
"171",310,"T232_HLCY2CCXX_L2_read558","MuTIR_3",92.079,101,8,0,47,147,1,101,9.91e-39,143,"GGAATAGGT","+"
"172",311,"T232_HLCY2CCXX_L2_read559","MuTIR_3",88.889,108,12,0,41,148,1,108,5.96e-36,134,"GTACAGAAC","+"
"174",313,"T232_HLCY2CCXX_L2_read561","MuTIR_3",90.977,133,12,0,9,141,1,133,7.55e-50,180,"AATGACAAT","-"
"181",326,"T232_HLCY2CCXX_L2_read580","MuTIR_3",93.333,105,7,0,46,150,1,105,1.27e-42,156,"CCTTGAGTA","+"
"183",328,"T232_HLCY2CCXX_L2_read582","MuTIR_3",92.424,66,5,0,85,150,1,66,2.81e-24,95.3,"CCTTGAGTA","+"
"184",329,"T232_HLCY2CCXX_L2_read584","MuTIR_3",90.323,124,10,2,27,150,1,122,2.74e-44,161,"CTATCCTGG","+"
"192",343,"T232_HLCY2CCXX_L2_read607","MuTIR_3",91.667,60,5,0,91,150,1,60,6.09e-21,84.2,"CTCCAGGAT","+"
"195",402,"T232_HLCY2CCXX_L2_read715","MuTIR_4",93.478,46,3,0,105,150,1,46,1.71e-16,69.4,"GCAAGAGAG","+"
"196",403,"T232_HLCY2CCXX_L2_read716","MuTIR_4",93.478,46,3,0,105,150,1,46,1.71e-16,69.4,"GCAAGAGAG","+"
"197",404,"T232_HLCY2CCXX_L2_read719","MuTIR_4",86.614,127,17,0,24,150,1,127,9.91e-39,143,"GTGACTGAG","+"
"198",405,"T232_HLCY2CCXX_L2_read721","MuTIR_4",98.276,58,1,0,87,144,1,58,1.68e-26,102,"GAGAGCGGT","+"
"200",407,"T232_HLCY2CCXX_L2_read727","MuTIR_4",93.333,75,5,0,76,150,1,75,2.79e-29,111,"CGGCCACCG","+"
"201",408,"T232_HLCY2CCXX_L2_read732","MuTIR_4",95.522,67,3,0,84,150,1,67,3.61e-28,108,"CCGAAGACT","+"
"202",409,"T232_HLCY2CCXX_L2_read735","MuTIR_4",91.86,86,7,0,48,133,1,86,4.64e-32,121,"GTGACTGAG","+"
"203",410,"T232_HLCY2CCXX_L2_read736","MuTIR_4",93.333,75,5,0,76,150,1,75,2.79e-29,111,"CGGCCACCG","+"
"204",411,"T232_HLCY2CCXX_L2_read737","MuTIR_4",91.86,86,7,0,53,138,1,86,4.64e-32,121,"GTGACTGAG","+"
"205",412,"T232_HLCY2CCXX_L2_read738","MuTIR_4",87.179,117,15,0,31,147,1,117,1.66e-36,135,"GTGACTGAG","+"
"206",413,"T232_HLCY2CCXX_L2_read741","MuTIR_4",86.614,127,17,0,24,150,1,127,9.91e-39,143,"GTGACTGAG","+"
"207",414,"T232_HLCY2CCXX_L2_read742","MuTIR_4",93.333,120,8,0,13,132,1,120,7.55e-50,180,"GCAAGAGAG","+"
"213",420,"T232_HLCY2CCXX_L2_read758","MuTIR_4",94.186,86,5,0,51,136,1,86,2.15e-35,132,"CGGACGTGG","-"
"215",422,"T232_HLCY2CCXX_L2_read761","MuTIR_4",87.597,129,15,1,2,130,1,128,5.92e-41,150,"GCAGAGCCG","-"
"218",425,"T232_HLCY2CCXX_L2_read770","MuTIR_4",86.822,129,16,1,2,130,1,128,2.76e-39,145,"GCAGAGCCG","-"
"226",433,"T232_HLCY2CCXX_L2_read790","MuTIR_4",86.923,130,17,0,9,138,1,130,2.13e-40,148,"CTGCAGATA","-"
"229",436,"T232_HLCY2CCXX_L2_read793","MuTIR_4",87.597,129,15,1,2,130,1,128,5.92e-41,150,"GCAGAGCCG","-"
"233",470,"T232_HLCY2CCXX_L2_read891","MuTIR_5",90.625,96,7,1,56,149,1,96,2.77e-34,128,"ACCTATTCC","+"
"234",471,"T232_HLCY2CCXX_L2_read892","MuTIR_5",92.188,64,3,1,89,150,1,64,3.64e-23,91.6,"CGAGACGGC","+"
"235",472,"T232_HLCY2CCXX_L2_read893","MuTIR_5",83.942,137,20,1,10,144,1,137,2.15e-35,132,"ACCTTGACA","+"
"236",473,"T232_HLCY2CCXX_L2_read895","MuTIR_5",91.463,82,5,1,70,149,1,82,7.77e-30,113,"GGTATACAA","+"
"238",475,"T232_HLCY2CCXX_L2_read900","MuTIR_5",90.099,101,8,1,52,150,1,101,2.15e-35,132,"ATTGAGCCC","+"
"239",476,"T232_HLCY2CCXX_L2_read902","MuTIR_5",90.909,121,9,1,31,149,1,121,7.61e-45,163,"GCTGCAGGA","+"
"240",477,"T232_HLCY2CCXX_L2_read904","MuTIR_5",86.466,133,16,1,18,148,1,133,2.76e-39,145,"GACGCTCGC","+"
"241",478,"T232_HLCY2CCXX_L2_read905","MuTIR_5",92.188,64,3,1,89,150,1,64,3.64e-23,91.6,"CGAGACGGC","+"
"242",479,"T232_HLCY2CCXX_L2_read909","MuTIR_5",90.909,121,9,1,31,149,1,121,7.61e-45,163,"GCTGCAGGA","+"
"244",481,"T232_HLCY2CCXX_L2_read911","MuTIR_5",86.275,102,12,1,50,149,1,102,2.79e-29,111,"ACCTTGACA","+"
"257",495,"T232_HLCY2CCXX_L2_read990","MuTIR_6",94.697,132,7,0,19,150,1,132,1.25e-57,206,"TGCACTATG","+"
"258",496,"T232_HLCY2CCXX_L2_read991","MuTIR_6",94.697,132,7,0,19,150,1,132,1.25e-57,206,"TGCACTATG","+"
"259",497,"T232_HLCY2CCXX_L2_read997","MuTIR_6",96.97,66,2,0,83,148,1,66,2.79e-29,111,"TGCACTATG","+"
"260",498,"T232_HLCY2CCXX_L2_read1001","MuTIR_6",89.524,105,9,1,46,150,1,103,2.15e-35,132,"GGGAGGGAG","+"
"263",502,"T232_HLCY2CCXX_L2_read1029","MuTIR_6",96.262,107,4,0,44,150,1,107,9.77e-49,176,"AGGAGAGGG","+"
"264",503,"T232_HLCY2CCXX_L2_read1032","MuTIR_6",94.898,98,4,1,52,148,1,98,1.65e-41,152,"ATGCAGATG","+"
"265",504,"T232_HLCY2CCXX_L2_read1033","MuTIR_6",96.262,107,4,0,44,150,1,107,9.77e-49,176,"AGGAGAGGG","+"
"266",505,"T232_HLCY2CCXX_L2_read1034","MuTIR_6",96.262,107,4,0,44,150,1,107,9.77e-49,176,"AGGAGAGGG","+"
"267",506,"T232_HLCY2CCXX_L2_read1039","MuTIR_6",93.13,131,9,0,20,150,1,131,9.7e-54,193,"AGGAGAGGG","+"
"268",507,"T232_HLCY2CCXX_L2_read1041","MuTIR_6",96.552,116,4,0,34,149,1,116,9.7e-54,193,"CCGTAGATC","+"
"279",544,"T232_HLCY2CCXX_L2_read1116","MuTIR_7",85.849,106,6,1,43,148,1,97,3.61e-28,108,"TGTGGAGGA","+"
"280",545,"T232_HLCY2CCXX_L2_read1118","MuTIR_7",85.849,106,6,1,43,148,1,97,3.61e-28,108,"TGTGGAGGA","+"
"281",546,"T232_HLCY2CCXX_L2_read1120","MuTIR_7",85.714,126,7,3,20,145,1,115,9.98e-34,126,"TGTGGAGGA","+"
"282",547,"T232_HLCY2CCXX_L2_read1121","MuTIR_7",92,50,4,0,101,150,1,50,3.67e-18,75,"TACCTAGTT","+"
"286",554,"T232_HLCY2CCXX_L2_read1132","MuTIR_7",90.588,85,7,1,67,150,1,85,2.16e-30,115,"TACCTAGTT","+"
"287",555,"T232_HLCY2CCXX_L2_read1133","MuTIR_7",90.588,85,7,1,67,150,1,85,2.16e-30,115,"TACCTAGTT","+"
"293",592,"T232_HB1JEADXX_ATCACG_read2","MuTIR_1",95.312,64,2,1,88,151,1,63,6.09e-26,100,"CCCACCTTG","+"
"294",593,"T232_HB1JEADXX_ATCACG_read5","MuTIR_1",93.617,94,4,2,29,121,1,93,1.29e-37,139,"GAAAGAGAG","+"
"295",594,"T232_HB1JEADXX_ATCACG_read7","MuTIR_1",92.481,133,7,3,20,151,1,131,4.55e-52,187,"GTCGGTCTA","+"
"296",595,"T232_HB1JEADXX_ATCACG_read9","MuTIR_1",96.907,97,2,1,55,151,1,96,2.76e-44,161,"GTGTTAGGT","+"
"298",597,"T232_HB1JEADXX_ATCACG_read14","MuTIR_1",95.789,95,3,1,21,115,1,94,1.66e-41,152,"TCTTTCTGA","-"
"301",606,"T232_HB1JEADXX_ATCACG_read39","MuTIR_2",93.023,129,9,0,19,147,1,129,1.26e-52,189,"CCCAGAGCC","+"
"302",607,"T232_HB1JEADXX_ATCACG_read41","MuTIR_2",91.379,116,10,0,36,151,1,116,9.91e-44,159,"CATCATACT","+"
"304",610,"T232_HB1JEADXX_ATCACG_read52","MuTIR_2",87.778,90,11,0,62,151,1,90,1.31e-27,106,"CACGGACGC","+"
"305",614,"T232_HB1JEADXX_ATCACG_read69","MuTIR_3",95.455,44,2,0,108,151,1,44,4.78e-17,71.3,"TTGACAGGT","+"
"306",615,"T232_HB1JEADXX_ATCACG_read71","MuTIR_3",94.495,109,6,0,43,151,1,109,1.65e-46,169,"TTGACAGGT","+"
"309",618,"T232_HB1JEADXX_ATCACG_read75","MuTIR_3",93.985,133,8,0,3,135,1,133,1.62e-56,202,"AACTACGAT","-"
"310",620,"T232_HB1JEADXX_ATCACG_read78","MuTIR_3",95.726,117,5,0,30,146,1,117,1.26e-52,189,"ACTGACGGG","+"
"312",622,"T232_HB1JEADXX_ATCACG_read81","MuTIR_3",94.34,106,6,0,46,151,1,106,7.66e-45,163,"ATTTATGAC","+"
"313",623,"T232_HB1JEADXX_ATCACG_read82","MuTIR_3",92.208,77,6,0,67,143,1,77,1.01e-28,110,"GCCAGCGGT","+"
"317",643,"T232_HB1JEADXX_ATCACG_read126","MuTIR_5",95.918,49,2,0,89,137,1,49,7.94e-20,80.5,"AGGCCTAGG","-"
"320",646,"T232_HB1JEADXX_ATCACG_read134","MuTIR_6",89.076,119,10,2,16,133,1,117,2.77e-39,145,"GGGAGGGAG","+"
