"","X","qname","sname","percent_identity","alignment_length","mismatches","gap_opens","q_start","q_end","s_start","s_end","evalue","bit_score","tsds","strand"
"1",1,"Tx303_HFFGKADXX_AGTTCC_read2","MuTIR_1",98.387,62,0,1,90,151,1,61,3.64e-28,108,"GAGGCTCTC","+"
"2",2,"Tx303_HFFGKADXX_AGTTCC_read4","MuTIR_1",98.551,69,0,1,83,151,1,68,4.68e-32,121,"GAGGCTCTC","+"
"3",3,"Tx303_HFFGKADXX_AGTTCC_read7","MuTIR_1",95.082,61,2,1,91,151,1,60,2.83e-24,95.3,"GCTGGCGAC","+"
"4",4,"Tx303_HFFGKADXX_AGTTCC_read9","MuTIR_1",95.455,44,2,0,96,139,1,44,4.78e-17,71.3,"GTCGCCAGC","+"
"8",9,"Tx303_HFFGKADXX_AGTTCC_read19","MuTIR_1",96.386,83,2,1,69,151,1,82,1.67e-36,135,"CCCTCCCCA","+"
"12",20,"Tx303_HFFGKADXX_AGTTCC_read44","MuTIR_2",85.849,106,15,0,46,151,1,106,7.83e-30,113,"GGAGAAGTG","+"
"13",21,"Tx303_HFFGKADXX_AGTTCC_read46","MuTIR_2",96.429,56,2,0,96,151,1,56,1.02e-23,93.5,"CCCAGAGCC","+"
"14",22,"Tx303_HFFGKADXX_AGTTCC_read47","MuTIR_2",89.844,128,13,0,23,150,1,128,2.13e-45,165,"GTTGGAAGA","+"
"15",23,"Tx303_HFFGKADXX_AGTTCC_read48","MuTIR_2",89.844,128,13,0,10,137,1,128,2.13e-45,165,"GTTGGAAGA","+"
"17",25,"Tx303_HFFGKADXX_AGTTCC_read50","MuTIR_2",90.37,135,13,0,17,151,1,135,2.74e-49,178,"GGCTCTGGG","+"
"18",26,"Tx303_HFFGKADXX_AGTTCC_read52","MuTIR_2",94.118,119,7,0,33,151,1,119,2.11e-50,182,"AGCAGGGAA","+"
"25",39,"Tx303_HFFGKADXX_AGTTCC_read75","MuTIR_2",88.312,77,7,2,76,151,1,76,3.67e-23,91.6,"CCTCCTTAA","+"
"26",45,"Tx303_HFFGKADXX_AGTTCC_read86","MuTIR_3",91.525,118,10,0,32,149,1,118,7.66e-45,163,"TCCTACAGG","+"
"27",46,"Tx303_HFFGKADXX_AGTTCC_read87","MuTIR_3",92.135,89,7,0,63,151,1,89,1.01e-33,126,"AGAGGGGGG","+"
"32",51,"Tx303_HFFGKADXX_AGTTCC_read96","MuTIR_3",93.75,64,4,0,88,151,1,64,7.88e-25,97.1,"ACTGCAGTA","+"
"37",68,"Tx303_HFFGKADXX_AGTTCC_read124","MuTIR_4",95.062,81,4,0,68,148,1,81,2.79e-34,128,"CACGAGCTG","+"
"38",69,"Tx303_HFFGKADXX_AGTTCC_read125","MuTIR_4",94.118,68,4,0,84,151,1,68,4.71e-27,104,"CTCTCTTGC","+"
"39",70,"Tx303_HFFGKADXX_AGTTCC_read126","MuTIR_4",86.777,121,16,0,23,143,1,121,4.64e-37,137,"GTGACTGGG","+"
"40",71,"Tx303_HFFGKADXX_AGTTCC_read127","MuTIR_4",98.214,56,1,0,88,143,1,56,2.19e-25,99,"CTCGACATA","+"
"42",73,"Tx303_HFFGKADXX_AGTTCC_read130","MuTIR_4",96.552,58,2,0,93,150,1,58,7.88e-25,97.1,"GCTTCGGCG","+"
"46",77,"Tx303_HFFGKADXX_AGTTCC_read137","MuTIR_4",87.5,64,8,0,11,74,1,64,3.69e-18,75,"TTTTTTTTT","-"
"49",86,"Tx303_HFFGKADXX_AGTTCC_read175","MuTIR_6",96.774,62,2,0,90,151,1,62,4.71e-27,104,"TGCACTATG","+"
"50",87,"Tx303_HFFGKADXX_AGTTCC_read177","MuTIR_6",96.117,103,4,0,48,150,1,103,1.65e-46,169,"TGCACTACA","+"
"51",88,"Tx303_HFFGKADXX_AGTTCC_read178","MuTIR_6",96,125,5,0,27,151,1,125,4.51e-57,204,"TGCACTACG","+"
"52",89,"Tx303_HFFGKADXX_AGTTCC_read179","MuTIR_6",96.774,62,2,0,90,151,1,62,4.71e-27,104,"TGCACTACG","+"
"53",90,"Tx303_HFFGKADXX_AGTTCC_read180","MuTIR_6",96,75,3,0,77,151,1,75,1.3e-32,122,"TGCACTACG","+"
"54",91,"Tx303_HFFGKADXX_AGTTCC_read182","MuTIR_6",97.959,49,1,0,103,151,1,49,1.71e-21,86.1,"TGCACTACA","+"
"58",95,"Tx303_HFFGKADXX_AGTTCC_read187","MuTIR_6",96.386,83,3,0,69,151,1,83,4.64e-37,137,"CCGTAGATC","+"
"60",97,"Tx303_HFFGKADXX_AGTTCC_read202","MuTIR_7",90.226,133,11,2,20,151,1,132,9.84e-49,176,"TACCTAGTT","+"
"61",101,"Tx303_HBEN2ADXX_AGTTCC_read3","MuTIR_1",94.488,127,6,1,25,151,1,126,2.72e-54,195,"ATCTCTGAG","+"
"62",102,"Tx303_HBEN2ADXX_AGTTCC_read5","MuTIR_1",97.5,120,2,1,32,151,1,119,4.51e-57,204,"CCAAAGTAG","+"
"63",103,"Tx303_HBEN2ADXX_AGTTCC_read6","MuTIR_1",96.269,134,4,1,18,151,1,133,1.61e-61,219,"AGATTTGAT","+"
"64",104,"Tx303_HBEN2ADXX_AGTTCC_read7","MuTIR_1",92.701,137,9,1,15,151,1,136,7.55e-55,196,"CTCTCTTTC","+"
"65",105,"Tx303_HBEN2ADXX_AGTTCC_read8","MuTIR_1",93.684,95,5,1,28,122,1,94,3.59e-38,141,"TCGCACGGC","+"
"66",106,"Tx303_HBEN2ADXX_AGTTCC_read11","MuTIR_1",97.561,41,1,0,111,151,1,41,4.78e-17,71.3,"CCAAAGTAG","+"
"67",107,"Tx303_HBEN2ADXX_AGTTCC_read12","MuTIR_1",90.845,142,12,1,10,151,1,141,1.26e-52,189,"CTATGAAAG","+"
"68",108,"Tx303_HBEN2ADXX_AGTTCC_read13","MuTIR_1",96.296,81,2,1,71,151,1,80,2.16e-35,132,"TTTTTTGTG","+"
"75",116,"Tx303_HBEN2ADXX_AGTTCC_read29","MuTIR_1",95.652,92,3,1,60,151,1,91,7.72e-40,147,"CTGTGCGAG","+"
"76",117,"Tx303_HBEN2ADXX_AGTTCC_read30","MuTIR_1",95.294,85,3,1,67,151,1,84,6.01e-36,134,"GTGAGTGAG","+"
"78",140,"Tx303_HBEN2ADXX_AGTTCC_read83","MuTIR_2",96.97,66,2,0,86,151,1,66,2.81e-29,111,"GGCCGGGCG","+"
"79",141,"Tx303_HBEN2ADXX_AGTTCC_read84","MuTIR_2",97.959,49,1,0,103,151,1,49,1.71e-21,86.1,"TTCCTCGCC","+"
"80",142,"Tx303_HBEN2ADXX_AGTTCC_read85","MuTIR_2",94.828,58,3,0,94,151,1,58,3.67e-23,91.6,"TGCAATGAT","+"
"81",143,"Tx303_HBEN2ADXX_AGTTCC_read86","MuTIR_2",90.909,110,10,0,42,151,1,110,2.15e-40,148,"CACCTCAGG","+"
"82",144,"Tx303_HBEN2ADXX_AGTTCC_read88","MuTIR_2",93.458,107,5,2,46,151,1,106,3.56e-43,158,"TGCCGCCGC","+"
"83",145,"Tx303_HBEN2ADXX_AGTTCC_read90","MuTIR_2",96.721,61,2,0,91,151,1,61,1.69e-26,102,"GGCCGGGCG","+"
"84",146,"Tx303_HBEN2ADXX_AGTTCC_read91","MuTIR_2",93.023,86,6,0,64,149,1,86,1.01e-33,126,"TGAAGTAAT","+"
"85",147,"Tx303_HBEN2ADXX_AGTTCC_read93","MuTIR_2",90.816,98,9,0,54,151,1,98,2.16e-35,132,"TTCTGCCTC","+"
"86",148,"Tx303_HBEN2ADXX_AGTTCC_read94","MuTIR_2",89.024,82,9,0,62,143,1,82,1.69e-26,102,"GGAGAAGTG","+"
"87",149,"Tx303_HBEN2ADXX_AGTTCC_read95","MuTIR_2",90.476,105,10,0,47,151,1,105,1.29e-37,139,"CCAATGAGG","+"
"88",150,"Tx303_HBEN2ADXX_AGTTCC_read96","MuTIR_2",91.803,61,5,0,91,151,1,61,1.71e-21,86.1,"TCCAACGAG","+"
"90",152,"Tx303_HBEN2ADXX_AGTTCC_read101","MuTIR_2",93.651,63,4,0,89,151,1,63,2.83e-24,95.3,"TTAAGGAGG","+"
"98",160,"Tx303_HBEN2ADXX_AGTTCC_read111","MuTIR_2",97.059,68,2,0,54,121,1,68,2.18e-30,115,"TGAAAGGGA","-"
"104",166,"Tx303_HBEN2ADXX_AGTTCC_read119","MuTIR_2",89.844,128,13,0,9,136,1,128,2.13e-45,165,"CAGTAGTGA","-"
"107",169,"Tx303_HBEN2ADXX_AGTTCC_read127","MuTIR_2",87.85,107,13,0,27,133,1,107,1.01e-33,126,"GAGGCAGAA","+"
"108",172,"Tx303_HBEN2ADXX_AGTTCC_read130","MuTIR_2",87.5,72,6,1,83,151,1,72,7.94e-20,80.5,"CTCGTTGGA","+"
"109",178,"Tx303_HBEN2ADXX_AGTTCC_read137","MuTIR_2",88.75,80,7,2,64,142,1,79,7.88e-25,97.1,"CCTCCTTAA","+"
"110",180,"Tx303_HBEN2ADXX_AGTTCC_read140","MuTIR_2",88.136,59,5,2,94,151,1,58,1.72e-16,69.4,"CCTCCTTAA","+"
"113",191,"Tx303_HBEN2ADXX_AGTTCC_read153","MuTIR_2",87.037,108,12,2,41,147,1,107,4.68e-32,121,"CCTGAGGTG","+"
"115",199,"Tx303_HBEN2ADXX_AGTTCC_read167","MuTIR_3",93.103,87,6,0,65,151,1,87,2.79e-34,128,"AAAAAATGG","+"
"117",201,"Tx303_HBEN2ADXX_AGTTCC_read170","MuTIR_3",93.22,118,8,0,30,147,1,118,3.54e-48,174,"CCCCCCTCT","+"
"118",202,"Tx303_HBEN2ADXX_AGTTCC_read172","MuTIR_3",93.233,133,9,0,19,151,1,133,7.55e-55,196,"CCGTTTTTT","+"
"119",203,"Tx303_HBEN2ADXX_AGTTCC_read173","MuTIR_3",94.34,53,3,0,99,151,1,53,2.21e-20,82.4,"TCCTACAGG","+"
"127",211,"Tx303_HBEN2ADXX_AGTTCC_read183","MuTIR_3",90.977,133,12,0,10,142,1,133,7.61e-50,180,"AACGACGCT","-"
"128",213,"Tx303_HBEN2ADXX_AGTTCC_read187","MuTIR_3",90.244,123,12,0,29,151,1,123,2.76e-44,161,"CCGCCCGCG","+"
"130",215,"Tx303_HBEN2ADXX_AGTTCC_read190","MuTIR_3",93.478,138,8,1,11,147,1,138,4.51e-57,204,"CCTTGCATT","+"
"131",217,"Tx303_HBEN2ADXX_AGTTCC_read192","MuTIR_3",92.593,81,5,1,50,130,1,80,2.18e-30,115,"ACTGCAGTA","+"
"132",218,"Tx303_HBEN2ADXX_AGTTCC_read195","MuTIR_3",95.402,87,4,0,56,142,1,87,1.29e-37,139,"CCTTGCATT","+"
"136",226,"Tx303_HBEN2ADXX_AGTTCC_read209","MuTIR_3",94.872,117,6,0,35,151,1,117,5.88e-51,183,"GACCCTTTG","+"
"137",227,"Tx303_HBEN2ADXX_AGTTCC_read210","MuTIR_3",93.407,91,6,0,61,151,1,91,1.67e-36,135,"GACCTCAAA","+"
"138",228,"Tx303_HBEN2ADXX_AGTTCC_read211","MuTIR_3",89.888,89,9,0,44,132,1,89,2.18e-30,115,"TCTTGCGGC","+"
"140",230,"Tx303_HBEN2ADXX_AGTTCC_read213","MuTIR_3",94.444,72,4,0,80,151,1,72,2.81e-29,111,"CCTGCAGCC","+"
"142",238,"Tx303_HBEN2ADXX_AGTTCC_read223","MuTIR_3",87.805,82,10,0,66,147,1,82,7.88e-25,97.1,"GCAGGCTAG","+"
"143",253,"Tx303_HBEN2ADXX_AGTTCC_read252","MuTIR_4",94.872,78,4,0,74,151,1,78,1.3e-32,122,"CTCGACATA","+"
"144",254,"Tx303_HBEN2ADXX_AGTTCC_read253","MuTIR_4",86.777,121,16,0,29,149,1,121,4.64e-37,137,"GTGACTGAG","+"
"145",255,"Tx303_HBEN2ADXX_AGTTCC_read255","MuTIR_4",87.77,139,17,0,13,151,1,139,2.13e-45,165,"GCCATTAAG","+"
"146",256,"Tx303_HBEN2ADXX_AGTTCC_read257","MuTIR_4",96,50,2,0,102,151,1,50,2.21e-20,82.4,"CCGAAGACT","+"
"147",257,"Tx303_HBEN2ADXX_AGTTCC_read260","MuTIR_4",90,130,13,0,21,150,1,130,4.58e-47,171,"CGGCCCGTG","+"
"149",261,"Tx303_HBEN2ADXX_AGTTCC_read314","MuTIR_4",82.963,135,23,0,17,151,1,135,3.61e-33,124,"CCCCACGCG","+"
"151",264,"Tx303_HBEN2ADXX_AGTTCC_read329","MuTIR_5",91.667,96,6,1,57,150,1,96,6.01e-36,134,"CGAGACGGC","+"
"154",269,"Tx303_HBEN2ADXX_AGTTCC_read344","MuTIR_6",96.552,116,4,0,34,149,1,116,9.77e-54,193,"CCGTAGATC","+"
"156",272,"Tx303_HBEN2ADXX_AGTTCC_read349","MuTIR_6",96.552,116,4,0,36,151,1,116,9.77e-54,193,"CCGTAGATC","+"
"161",287,"Tx303_HBEN2ADXX_AGTTCC_read389","MuTIR_7",95.876,97,4,0,52,148,1,97,2.76e-44,161,"CCAGATGTG","+"
"163",299,"Tx303_HL5WNCCXX_L5_read1","MuTIR_1",95.294,85,3,1,60,144,1,84,5.96e-36,134,"CCGAGAGAG","+"
"164",300,"Tx303_HL5WNCCXX_L5_read3","MuTIR_1",97.917,48,1,0,103,150,1,48,6.09e-21,84.2,"CTCTCTTTC","+"
"165",301,"Tx303_HL5WNCCXX_L5_read6","MuTIR_1",97.917,48,1,0,103,150,1,48,6.09e-21,84.2,"CTCTCTTTC","+"
"166",302,"Tx303_HL5WNCCXX_L5_read9","MuTIR_1",91.489,141,9,3,11,150,1,139,3.49e-53,191,"GTCGGTCTA","+"
"168",304,"Tx303_HL5WNCCXX_L5_read12","MuTIR_1",95.522,67,2,1,84,150,1,66,1.3e-27,106,"GTCGCCAGC","+"
"169",305,"Tx303_HL5WNCCXX_L5_read13","MuTIR_1",94.643,112,5,1,39,150,1,111,1.26e-47,172,"CCGAGAGAG","+"
"170",306,"Tx303_HL5WNCCXX_L5_read14","MuTIR_1",96.154,78,2,1,73,150,1,77,9.98e-34,126,"TTTTTTGTG","+"
"172",308,"Tx303_HL5WNCCXX_L5_read17","MuTIR_1",94.118,119,6,1,30,148,1,118,7.55e-50,180,"GTCGCCAGC","+"
"173",309,"Tx303_HL5WNCCXX_L5_read18","MuTIR_1",93.636,110,6,1,40,149,1,109,7.61e-45,163,"TTTTTTGTG","+"
"174",310,"Tx303_HL5WNCCXX_L5_read19","MuTIR_1",97.273,110,2,1,41,150,1,109,1.62e-51,185,"CCAAAGTAG","+"
"175",311,"Tx303_HL5WNCCXX_L5_read20","MuTIR_1",95.122,41,2,0,104,144,1,41,2.21e-15,65.8,"GCTGGCGAC","+"
"176",312,"Tx303_HL5WNCCXX_L5_read26","MuTIR_1",97.345,113,2,1,38,150,1,112,3.49e-53,191,"CCAAAGTAG","+"
"177",313,"Tx303_HL5WNCCXX_L5_read27","MuTIR_1",94.937,79,3,1,72,150,1,78,1.29e-32,122,"CCGAGAGAG","+"
"178",314,"Tx303_HL5WNCCXX_L5_read29","MuTIR_1",98.824,85,0,1,66,150,1,84,5.92e-41,150,"CTCTCTCGG","+"
"179",315,"Tx303_HL5WNCCXX_L5_read30","MuTIR_1",100,45,0,0,106,150,1,45,6.09e-21,84.2,"GAGGCTCTC","+"
"180",316,"Tx303_HL5WNCCXX_L5_read31","MuTIR_1",94.828,116,5,1,35,150,1,115,7.55e-50,180,"ATCTCTGAG","+"
"181",317,"Tx303_HL5WNCCXX_L5_read34","MuTIR_1",95.181,83,3,1,63,145,1,82,7.71e-35,130,"ATTGAAAGG","+"
"182",318,"Tx303_HL5WNCCXX_L5_read35","MuTIR_1",96.33,109,3,1,42,150,1,108,2.72e-49,178,"AGATTTGAT","+"
"183",319,"Tx303_HL5WNCCXX_L5_read36","MuTIR_1",95.775,71,2,1,80,150,1,70,7.77e-30,113,"GCTGGCGAC","+"
"184",320,"Tx303_HL5WNCCXX_L5_read37","MuTIR_1",97.101,69,1,1,73,141,1,68,2.16e-30,115,"CCGCACTCC","+"
"185",321,"Tx303_HL5WNCCXX_L5_read38","MuTIR_1",96.33,109,3,1,42,150,1,108,2.72e-49,178,"GAATACAAC","+"
"186",322,"Tx303_HL5WNCCXX_L5_read44","MuTIR_1",100,34,0,0,117,150,1,34,7.94e-15,63.9,"GAGAGCCTC","+"
"187",323,"Tx303_HL5WNCCXX_L5_read45","MuTIR_1",96.33,109,3,1,42,150,1,108,2.72e-49,178,"AGATTTGAT","+"
"188",324,"Tx303_HL5WNCCXX_L5_read47","MuTIR_1",96.124,129,4,1,21,149,1,128,9.63e-59,209,"GAGAGCCTC","+"
"189",325,"Tx303_HL5WNCCXX_L5_read48","MuTIR_1",98.077,52,0,1,99,150,1,51,1.31e-22,89.8,"GAGGCTCTC","+"
"190",326,"Tx303_HL5WNCCXX_L5_read50","MuTIR_1",96.296,108,3,1,43,150,1,107,9.77e-49,176,"GAATACAAC","+"
"191",327,"Tx303_HL5WNCCXX_L5_read51","MuTIR_1",98.485,66,0,1,85,150,1,65,2.16e-30,115,"CTCTCTCGG","+"
"192",328,"Tx303_HL5WNCCXX_L5_read52","MuTIR_1",98.246,57,0,1,94,150,1,56,2.18e-25,99,"GAGGCTCTC","+"
"193",329,"Tx303_HL5WNCCXX_L5_read53","MuTIR_1",93.75,80,4,1,71,150,1,79,1.67e-31,119,"CTCGCACAG","+"
"194",330,"Tx303_HL5WNCCXX_L5_read54","MuTIR_1",93.204,103,6,1,45,147,1,102,5.92e-41,150,"GTTCAGAAA","+"
"195",331,"Tx303_HL5WNCCXX_L5_read55","MuTIR_1",100,45,0,0,106,150,1,45,6.09e-21,84.2,"GAGGCTCTC","+"
"196",332,"Tx303_HL5WNCCXX_L5_read57","MuTIR_1",97.391,115,2,1,36,150,1,114,2.7e-54,195,"CCAAAGTAG","+"
"197",333,"Tx303_HL5WNCCXX_L5_read59","MuTIR_1",96.296,81,2,1,70,150,1,80,2.15e-35,132,"GAGGCTCTC","+"
"198",334,"Tx303_HL5WNCCXX_L5_read63","MuTIR_1",93.684,95,5,1,53,147,1,94,3.56e-38,141,"CTCGCACAG","+"
"199",335,"Tx303_HL5WNCCXX_L5_read64","MuTIR_1",95.161,62,2,1,89,150,1,61,7.82e-25,97.1,"GTCGGTCTA","+"
"200",336,"Tx303_HL5WNCCXX_L5_read65","MuTIR_1",93.458,107,6,1,44,150,1,106,3.54e-43,158,"CCGCACTCC","+"
"201",337,"Tx303_HL5WNCCXX_L5_read66","MuTIR_1",96.739,92,2,1,59,150,1,91,1.65e-41,152,"CCAAAGTAG","+"
"202",338,"Tx303_HL5WNCCXX_L5_read67","MuTIR_1",98.113,53,0,1,98,150,1,52,3.64e-23,91.6,"CTCTCTCGG","+"
"203",339,"Tx303_HL5WNCCXX_L5_read69","MuTIR_1",94.737,95,4,1,12,106,1,94,7.66e-40,147,"TAGACCGAC","+"
"204",340,"Tx303_HL5WNCCXX_L5_read70","MuTIR_1",96.739,92,2,1,59,150,1,91,1.65e-41,152,"CCAAAGTAG","+"
"205",341,"Tx303_HL5WNCCXX_L5_read71","MuTIR_1",96.296,81,2,1,70,150,1,80,2.15e-35,132,"GAGGCTCTC","+"
"206",342,"Tx303_HL5WNCCXX_L5_read72","MuTIR_1",98.485,66,0,1,85,150,1,65,2.16e-30,115,"CTCTCTCGG","+"
"207",343,"Tx303_HL5WNCCXX_L5_read73","MuTIR_1",93.684,95,5,1,14,108,1,94,3.56e-38,141,"TCGCACGGC","+"
"208",344,"Tx303_HL5WNCCXX_L5_read76","MuTIR_1",93.684,95,5,1,53,147,1,94,3.56e-38,141,"CTCGCACAG","+"
"209",345,"Tx303_HL5WNCCXX_L5_read77","MuTIR_1",93.684,95,5,1,14,108,1,94,3.56e-38,141,"TCGCACGGC","+"
"210",346,"Tx303_HL5WNCCXX_L5_read78","MuTIR_1",94.737,95,4,1,23,117,1,94,7.66e-40,147,"GCTGGCGAC","+"
"215",351,"Tx303_HL5WNCCXX_L5_read86","MuTIR_1",94.737,95,4,1,44,138,1,94,7.66e-40,147,"TTTTCCTAA","-"
"221",357,"Tx303_HL5WNCCXX_L5_read94","MuTIR_1",95.789,95,3,1,36,130,1,94,1.65e-41,152,"TCTTCCTGA","-"
"232",368,"Tx303_HL5WNCCXX_L5_read117","MuTIR_1",93.525,139,8,1,3,141,1,138,1.25e-57,206,"CGTTTACCG","-"
"245",383,"Tx303_HL5WNCCXX_L5_read140","MuTIR_1",95.349,86,3,1,62,147,1,85,1.66e-36,135,"GTGAGTGAG","+"
"246",384,"Tx303_HL5WNCCXX_L5_read142","MuTIR_1",94.828,116,5,1,35,150,1,115,7.55e-50,180,"CCCTCCCCA","+"
"247",385,"Tx303_HL5WNCCXX_L5_read143","MuTIR_1",95.455,110,4,1,41,150,1,109,3.51e-48,174,"CTGTGCGAG","+"
"248",386,"Tx303_HL5WNCCXX_L5_read144","MuTIR_1",89.623,106,6,2,48,148,1,106,7.71e-35,130,"CAAGGACGC","+"
"249",387,"Tx303_HL5WNCCXX_L5_read145","MuTIR_1",95.604,91,3,1,60,150,1,90,2.76e-39,145,"CCCTCCCCA","+"
"251",454,"Tx303_HL5WNCCXX_L5_read290","MuTIR_2",89.13,92,10,0,59,150,1,92,2.16e-30,115,"TTCTGCCTC","+"
"252",455,"Tx303_HL5WNCCXX_L5_read292","MuTIR_2",89.32,103,11,0,48,150,1,103,7.71e-35,130,"GGCTCTGGG","+"
"253",456,"Tx303_HL5WNCCXX_L5_read294","MuTIR_2",88.889,81,8,1,71,150,1,81,2.18e-25,99,"ACAAACCCC","+"
"254",457,"Tx303_HL5WNCCXX_L5_read295","MuTIR_2",93.805,113,7,0,30,142,1,113,4.55e-47,171,"AGCAGGGAA","+"
"255",458,"Tx303_HL5WNCCXX_L5_read297","MuTIR_2",91.111,90,8,0,56,145,1,90,1.29e-32,122,"CACCTCAGG","+"
"256",459,"Tx303_HL5WNCCXX_L5_read298","MuTIR_2",90.217,92,9,0,56,147,1,92,4.64e-32,121,"GAGGCAGAA","+"
"257",460,"Tx303_HL5WNCCXX_L5_read299","MuTIR_2",91.026,78,7,0,73,150,1,78,1.3e-27,106,"TGCAATGAT","+"
"258",461,"Tx303_HL5WNCCXX_L5_read301","MuTIR_2",91.566,83,7,0,66,148,1,83,2.16e-30,115,"CCAATGAGG","+"
"259",462,"Tx303_HL5WNCCXX_L5_read302","MuTIR_2",89.423,104,11,0,47,150,1,104,2.15e-35,132,"GAGGCAGAA","+"
"260",463,"Tx303_HL5WNCCXX_L5_read304","MuTIR_2",88.785,107,12,0,33,139,1,107,2.15e-35,132,"CTACTCGGT","+"
"261",464,"Tx303_HL5WNCCXX_L5_read305","MuTIR_2",97.059,68,2,0,78,145,1,68,2.16e-30,115,"GGCCGGGCG","+"
"262",465,"Tx303_HL5WNCCXX_L5_read306","MuTIR_2",92,100,8,0,51,150,1,100,3.56e-38,141,"TGAAGTAAT","+"
"263",466,"Tx303_HL5WNCCXX_L5_read308","MuTIR_2",93.878,98,6,0,53,150,1,98,2.13e-40,148,"AGCAGGGAA","+"
"264",467,"Tx303_HL5WNCCXX_L5_read309","MuTIR_2",89.899,99,10,0,52,150,1,99,2.77e-34,128,"TTAAGGAGG","+"
"265",468,"Tx303_HL5WNCCXX_L5_read310","MuTIR_2",91.667,60,5,0,91,150,1,60,6.09e-21,84.2,"TCCAACGAG","+"
"266",469,"Tx303_HL5WNCCXX_L5_read312","MuTIR_2",96.078,51,2,0,94,144,1,51,6.09e-21,84.2,"AGCAGGGAA","+"
"267",470,"Tx303_HL5WNCCXX_L5_read313","MuTIR_2",93.388,121,6,2,31,150,1,120,2.72e-49,178,"TGCCGCCGC","+"
"268",471,"Tx303_HL5WNCCXX_L5_read314","MuTIR_2",91.566,83,7,0,62,144,1,83,2.16e-30,115,"TTAAGGAGG","+"
"269",472,"Tx303_HL5WNCCXX_L5_read316","MuTIR_2",92.035,113,9,0,38,150,1,113,9.84e-44,159,"CTGTTTAGG","+"
"270",473,"Tx303_HL5WNCCXX_L5_read317","MuTIR_2",89.423,104,11,0,47,150,1,104,2.15e-35,132,"GAGGCAGAA","+"
"271",474,"Tx303_HL5WNCCXX_L5_read318","MuTIR_2",94.186,86,5,0,63,148,1,86,2.15e-35,132,"TCATCAGCC","+"
"272",475,"Tx303_HL5WNCCXX_L5_read322","MuTIR_2",94.048,84,5,0,67,150,1,84,2.77e-34,128,"CTGTTTAGG","+"
"273",476,"Tx303_HL5WNCCXX_L5_read323","MuTIR_2",97.222,72,2,0,79,150,1,72,1.29e-32,122,"TTCCCTGCC","+"
"274",477,"Tx303_HL5WNCCXX_L5_read325","MuTIR_2",95.946,74,3,0,77,150,1,74,4.64e-32,121,"CCCTGGCGC","+"
"275",478,"Tx303_HL5WNCCXX_L5_read326","MuTIR_2",96.078,51,2,0,94,144,1,51,6.09e-21,84.2,"AGCAGGGAA","+"
"276",479,"Tx303_HL5WNCCXX_L5_read329","MuTIR_2",91.406,128,11,0,13,140,1,128,9.77e-49,176,"TTCTGCCTC","+"
"277",480,"Tx303_HL5WNCCXX_L5_read330","MuTIR_2",90.217,92,9,0,56,147,1,92,4.64e-32,121,"GAGGCAGAA","+"
"278",481,"Tx303_HL5WNCCXX_L5_read331","MuTIR_2",94.4,125,7,0,26,150,1,125,9.7e-54,193,"TTCCCTGCC","+"
"279",482,"Tx303_HL5WNCCXX_L5_read332","MuTIR_2",94.262,122,7,0,29,150,1,122,4.51e-52,187,"AGCAGGGAA","+"
"280",483,"Tx303_HL5WNCCXX_L5_read336","MuTIR_2",95.833,72,3,0,79,150,1,72,6.01e-31,117,"AGCAGGGAA","+"
"281",484,"Tx303_HL5WNCCXX_L5_read338","MuTIR_2",88.785,107,12,0,43,149,1,107,2.15e-35,132,"CTACTCGGT","+"
"282",485,"Tx303_HL5WNCCXX_L5_read339","MuTIR_2",90.476,105,10,0,46,150,1,105,1.28e-37,139,"GTTGGAAGA","+"
"283",486,"Tx303_HL5WNCCXX_L5_read340","MuTIR_2",96.078,51,2,0,94,144,1,51,6.09e-21,84.2,"AGCAGGGAA","+"
"284",487,"Tx303_HL5WNCCXX_L5_read341","MuTIR_2",91.304,92,8,0,59,150,1,92,9.98e-34,126,"TTCTGCCTC","+"
"285",488,"Tx303_HL5WNCCXX_L5_read344","MuTIR_2",95.556,90,4,0,55,144,1,90,2.76e-39,145,"CCCTGGCGC","+"
"286",489,"Tx303_HL5WNCCXX_L5_read349","MuTIR_2",89.844,128,13,0,20,147,1,128,2.11e-45,165,"GTTGGAAGA","+"
"287",490,"Tx303_HL5WNCCXX_L5_read351","MuTIR_2",98.148,54,1,0,97,150,1,54,2.81e-24,95.3,"TTCCCTGCC","+"
"288",491,"Tx303_HL5WNCCXX_L5_read352","MuTIR_2",98,50,1,0,101,150,1,50,4.71e-22,87.9,"TTCCTCGCC","+"
"289",492,"Tx303_HL5WNCCXX_L5_read354","MuTIR_2",92.857,98,7,0,53,150,1,98,9.91e-39,143,"AGCAGGGAA","+"
"290",493,"Tx303_HL5WNCCXX_L5_read355","MuTIR_2",92.593,81,6,0,70,150,1,81,6.01e-31,117,"TGCAATGAT","+"
"291",494,"Tx303_HL5WNCCXX_L5_read356","MuTIR_2",95.556,90,4,0,57,146,1,90,2.76e-39,145,"CCCTGGCGC","+"
"292",495,"Tx303_HL5WNCCXX_L5_read357","MuTIR_2",94.574,129,7,0,21,149,1,129,5.8e-56,200,"GCGCCAGGG","+"
"320",523,"Tx303_HL5WNCCXX_L5_read404","MuTIR_2",97.059,68,2,0,70,137,1,68,2.16e-30,115,"TGAAAGGGA","-"
"322",525,"Tx303_HL5WNCCXX_L5_read407","MuTIR_2",90.625,128,12,0,2,129,1,128,4.55e-47,171,"CAGTAGTGA","-"
"329",540,"Tx303_HL5WNCCXX_L5_read454","MuTIR_2",84.483,116,15,1,38,150,1,116,2.79e-29,111,"CTCGTTGGA","+"
"330",541,"Tx303_HL5WNCCXX_L5_read455","MuTIR_2",85.926,135,16,1,19,150,1,135,3.56e-38,141,"CTCGTTGGA","+"
"335",554,"Tx303_HL5WNCCXX_L5_read477","MuTIR_2",88.35,103,10,2,48,149,1,102,1.29e-32,122,"CCTCATTGG","+"
"336",555,"Tx303_HL5WNCCXX_L5_read487","MuTIR_2",86.822,129,15,2,14,141,1,128,9.91e-39,143,"ACTCATTGG","+"
"340",560,"Tx303_HL5WNCCXX_L5_read505","MuTIR_2",86.822,129,15,2,11,138,1,128,9.91e-39,143,"CAGTAGTGA","-"
"341",570,"Tx303_HL5WNCCXX_L5_read520","MuTIR_2",86.047,129,16,2,15,142,1,128,4.61e-37,137,"CCTGAGGTG","+"
"342",571,"Tx303_HL5WNCCXX_L5_read521","MuTIR_2",88.235,68,6,2,79,145,1,67,7.88e-20,80.5,"CCTGAGGTG","+"
"343",572,"Tx303_HL5WNCCXX_L5_read522","MuTIR_2",86.842,76,8,2,76,150,1,75,6.09e-21,84.2,"CCTGAGGTG","+"
"345",574,"Tx303_HL5WNCCXX_L5_read524","MuTIR_2",86.047,129,16,2,6,133,1,128,4.61e-37,137,"TAGTAGTGA","-"
"347",576,"Tx303_HL5WNCCXX_L5_read526","MuTIR_2",86.047,129,16,2,6,133,1,128,4.61e-37,137,"TAGTAGTGA","-"
"349",578,"Tx303_HL5WNCCXX_L5_read529","MuTIR_2",86.047,129,16,2,6,133,1,128,4.61e-37,137,"TAGTAGTGA","-"
"350",591,"Tx303_HL5WNCCXX_L5_read561","MuTIR_3",95.69,116,5,0,35,150,1,116,4.51e-52,187,"AGTGTCCAT","+"
"351",592,"Tx303_HL5WNCCXX_L5_read562","MuTIR_3",94.262,122,7,0,29,150,1,122,4.51e-52,187,"AAAACATTC","+"
"352",593,"Tx303_HL5WNCCXX_L5_read563","MuTIR_3",94.828,116,6,0,35,150,1,116,2.1e-50,182,"AGTGTCCAT","+"
"353",594,"Tx303_HL5WNCCXX_L5_read565","MuTIR_3",97.872,47,1,0,102,148,1,47,2.19e-20,82.4,"CCGTTTTTT","+"
"354",595,"Tx303_HL5WNCCXX_L5_read566","MuTIR_3",91.071,112,10,0,39,150,1,112,1.65e-41,152,"TCCTACAGG","+"
"355",596,"Tx303_HL5WNCCXX_L5_read568","MuTIR_3",92.754,138,10,0,13,150,1,138,5.8e-56,200,"CTAGTAGCA","+"
"356",597,"Tx303_HL5WNCCXX_L5_read569","MuTIR_3",93.651,63,4,0,88,150,1,63,2.81e-24,95.3,"TCCTACAGG","+"
"357",598,"Tx303_HL5WNCCXX_L5_read570","MuTIR_3",90.435,115,11,0,36,150,1,115,1.65e-41,152,"TCCTACAGG","+"
"358",599,"Tx303_HL5WNCCXX_L5_read571","MuTIR_3",90.179,112,11,0,39,150,1,112,7.66e-40,147,"TCCTACAGG","+"
"359",600,"Tx303_HL5WNCCXX_L5_read573","MuTIR_3",92.754,138,10,0,13,150,1,138,5.8e-56,200,"CTAGTAGCA","+"
"360",601,"Tx303_HL5WNCCXX_L5_read575","MuTIR_3",93.233,133,9,0,18,150,1,133,7.5e-55,196,"CCGTTTTTT","+"
"361",602,"Tx303_HL5WNCCXX_L5_read580","MuTIR_3",97.541,122,3,0,28,149,1,122,9.63e-59,209,"CTCGTGCGC","+"
"362",603,"Tx303_HL5WNCCXX_L5_read582","MuTIR_3",93.578,109,7,0,42,150,1,109,7.61e-45,163,"AGAGGGGGG","+"
"367",608,"Tx303_HL5WNCCXX_L5_read593","MuTIR_3",93.985,133,8,0,8,140,1,133,1.61e-56,202,"AACTACGAT","-"
"372",622,"Tx303_HL5WNCCXX_L5_read612","MuTIR_3",95.652,115,5,0,33,147,1,115,1.62e-51,185,"CCTTGCATT","+"
"374",624,"Tx303_HL5WNCCXX_L5_read616","MuTIR_3",93.421,76,5,0,73,148,1,76,7.77e-30,113,"TTCCTCAAC","+"
"375",625,"Tx303_HL5WNCCXX_L5_read617","MuTIR_3",91.597,119,10,0,32,150,1,119,2.11e-45,165,"CCTACAATG","+"
"376",627,"Tx303_HL5WNCCXX_L5_read620","MuTIR_3",94.366,71,4,0,70,140,1,71,1.01e-28,110,"ACTGCAGTA","+"
"377",628,"Tx303_HL5WNCCXX_L5_read621","MuTIR_3",91.803,122,10,0,29,150,1,122,4.55e-47,171,"GTCCGCGTG","+"
"378",629,"Tx303_HL5WNCCXX_L5_read622","MuTIR_3",92.647,68,5,0,83,150,1,68,2.18e-25,99,"CCTACAATG","+"
"380",631,"Tx303_HL5WNCCXX_L5_read625","MuTIR_3",94.783,115,6,0,36,150,1,115,7.55e-50,180,"GGCGGTGGG","+"
"381",632,"Tx303_HL5WNCCXX_L5_read630","MuTIR_3",93.233,133,9,0,15,147,1,133,7.5e-55,196,"GGCGGTGGG","+"
"392",657,"Tx303_HL5WNCCXX_L5_read664","MuTIR_3",94.595,111,6,0,37,147,1,111,1.26e-47,172,"CCTGCAGCC","+"
"393",658,"Tx303_HL5WNCCXX_L5_read665","MuTIR_3",90.588,85,8,0,65,149,1,85,7.77e-30,113,"TCTTGCGGC","+"
"394",659,"Tx303_HL5WNCCXX_L5_read668","MuTIR_3",94.444,108,6,0,43,150,1,108,5.88e-46,167,"CCTGCAGCC","+"
"395",660,"Tx303_HL5WNCCXX_L5_read669","MuTIR_3",93.443,122,8,0,28,149,1,122,2.1e-50,182,"GACCTCAAA","+"
"396",661,"Tx303_HL5WNCCXX_L5_read670","MuTIR_3",90.164,122,12,0,27,148,1,122,9.84e-44,159,"TCTTGCGGC","+"
"397",662,"Tx303_HL5WNCCXX_L5_read671","MuTIR_3",93.043,115,8,0,36,150,1,115,1.63e-46,169,"GGCTGCAGG","+"
"398",663,"Tx303_HL5WNCCXX_L5_read674","MuTIR_3",94.175,103,6,0,48,150,1,103,3.54e-43,158,"GACCTCAAA","+"
"399",664,"Tx303_HL5WNCCXX_L5_read675","MuTIR_3",94.444,72,4,0,79,150,1,72,2.79e-29,111,"CCTGCAGCC","+"
"411",729,"Tx303_HL5WNCCXX_L5_read786","MuTIR_4",94.286,70,4,0,81,150,1,70,3.61e-28,108,"CTCGACATA","+"
"412",730,"Tx303_HL5WNCCXX_L5_read788","MuTIR_4",94.203,69,4,0,82,150,1,69,1.3e-27,106,"CTCGACATA","+"
"413",731,"Tx303_HL5WNCCXX_L5_read789","MuTIR_4",86.777,121,16,0,10,130,1,121,4.61e-37,137,"GTGACTGGG","+"
"414",732,"Tx303_HL5WNCCXX_L5_read790","MuTIR_4",94.643,56,3,0,95,150,1,56,4.71e-22,87.9,"CTCTCTTGC","+"
"415",733,"Tx303_HL5WNCCXX_L5_read796","MuTIR_4",94.203,69,4,0,82,150,1,69,1.3e-27,106,"CTCGACATA","+"
"417",735,"Tx303_HL5WNCCXX_L5_read802","MuTIR_4",100,32,0,0,114,145,1,32,1.03e-13,60.2,"CGGCCACCG","+"
"418",736,"Tx303_HL5WNCCXX_L5_read807","MuTIR_4",93.388,121,8,0,30,150,1,121,2.1e-50,182,"CCGAAGACT","+"
"419",737,"Tx303_HL5WNCCXX_L5_read808","MuTIR_4",93.333,120,8,0,12,131,1,120,7.55e-50,180,"GAGAGCGGT","+"
"420",738,"Tx303_HL5WNCCXX_L5_read811","MuTIR_4",91.86,86,7,0,54,139,1,86,4.64e-32,121,"GTGACTGGG","+"
"421",739,"Tx303_HL5WNCCXX_L5_read815","MuTIR_4",100,32,0,0,114,145,1,32,1.03e-13,60.2,"CGGCCACCG","+"
"422",740,"Tx303_HL5WNCCXX_L5_read817","MuTIR_4",95.062,81,4,0,70,150,1,81,2.77e-34,128,"CACGAGCTG","+"
"423",741,"Tx303_HL5WNCCXX_L5_read820","MuTIR_4",95.161,62,3,0,89,150,1,62,2.18e-25,99,"CCGAAGACT","+"
"424",742,"Tx303_HL5WNCCXX_L5_read822","MuTIR_4",95.385,65,3,0,86,150,1,65,4.68e-27,104,"CCGAAGACT","+"
"425",743,"Tx303_HL5WNCCXX_L5_read824","MuTIR_4",94.286,70,4,0,81,150,1,70,3.61e-28,108,"CTCGACATA","+"
"430",748,"Tx303_HL5WNCCXX_L5_read837","MuTIR_4",86.923,130,17,0,9,138,1,130,2.13e-40,148,"CTGCAGATA","-"
"445",764,"Tx303_HL5WNCCXX_L5_read874","MuTIR_4",85.833,120,16,1,31,150,1,119,2.77e-34,128,"AGCGACGAG","+"
"448",785,"Tx303_HL5WNCCXX_L5_read968","MuTIR_4",82.443,131,23,0,20,150,1,131,6.01e-31,117,"CCCCACGCG","+"
"449",786,"Tx303_HL5WNCCXX_L5_read969","MuTIR_4",88.372,86,10,0,44,129,1,86,4.68e-27,104,"CCCCACGCG","+"
"451",797,"Tx303_HL5WNCCXX_L5_read999","MuTIR_5",84.27,89,12,1,41,127,1,89,1.69e-21,86.1,"CGAGAAGGC","+"
"453",799,"Tx303_HL5WNCCXX_L5_read1002","MuTIR_5",89.524,105,9,1,44,146,1,105,5.96e-36,134,"ACCTTGACA","+"
"454",800,"Tx303_HL5WNCCXX_L5_read1004","MuTIR_5",88.571,105,10,1,44,146,1,105,2.77e-34,128,"ACCTTGACA","+"
"455",801,"Tx303_HL5WNCCXX_L5_read1005","MuTIR_5",88.571,105,10,1,41,143,1,105,2.77e-34,128,"ACCTTGACA","+"
"456",802,"Tx303_HL5WNCCXX_L5_read1008","MuTIR_5",88.571,105,10,1,31,133,1,105,2.77e-34,128,"ACCTTGACA","+"
"459",805,"Tx303_HL5WNCCXX_L5_read1020","MuTIR_5",88.571,105,10,1,34,136,1,105,2.77e-34,128,"GAATTGATT","-"
"460",807,"Tx303_HL5WNCCXX_L5_read1042","MuTIR_6",96.25,80,3,0,71,150,1,80,2.15e-35,132,"TGCACTACA","+"
"461",808,"Tx303_HL5WNCCXX_L5_read1045","MuTIR_6",96.703,91,3,0,60,150,1,91,1.65e-41,152,"TGCACTACG","+"
"462",809,"Tx303_HL5WNCCXX_L5_read1049","MuTIR_6",94.326,141,8,0,10,150,1,141,5.76e-61,217,"TGCACTATG","+"
"463",810,"Tx303_HL5WNCCXX_L5_read1054","MuTIR_6",97.959,49,1,0,102,150,1,49,1.69e-21,86.1,"TGCACTACG","+"
"466",813,"Tx303_HL5WNCCXX_L5_read1064","MuTIR_6",94.737,76,4,0,75,150,1,76,1.67e-31,119,"TGCACTATG","+"
"478",827,"Tx303_HL5WNCCXX_L5_read1095","MuTIR_6",96.386,83,3,0,68,150,1,83,4.61e-37,137,"AGGAGAGGG","+"
"480",830,"Tx303_HL5WNCCXX_L5_read1099","MuTIR_6",95.385,65,3,0,83,147,1,65,4.68e-27,104,"TCCTAGGCT","+"
"486",839,"Tx303_HL5WNCCXX_L5_read1112","MuTIR_6",95.495,111,5,0,30,140,1,111,2.72e-49,178,"TATAACACC","-"
"489",844,"Tx303_HL5WNCCXX_L5_read1126","MuTIR_6",91.304,138,12,0,13,150,1,138,1.25e-52,189,"AACGCAGAA","+"
"492",859,"Tx303_HL5WNCCXX_L5_read1184","MuTIR_7",95,60,3,0,91,150,1,60,2.18e-25,99,"CCAGATGTG","+"
