"","X","qname","sname","percent_identity","alignment_length","mismatches","gap_opens","q_start","q_end","s_start","s_end","evalue","bit_score","tsds","strand"
"1",1,"Tzi9_HADTMADXX_read2","MuTIR_1",93.103,145,9,1,54,198,1,144,3.61e-59,211,"GAGGCTCTC","+"
"2",2,"Tzi9_HADTMADXX_read3","MuTIR_1",87.919,149,11,4,35,177,1,148,2.2e-46,169,"GTTTGCAGT","+"
"3",3,"Tzi9_HADTMADXX_read4","MuTIR_1",87.919,149,11,4,30,172,1,148,2.2e-46,169,"GTTTGCAGT","+"
"4",4,"Tzi9_HADTMADXX_read5","MuTIR_1",93.985,133,5,2,11,141,1,132,2.81e-55,198,"GTGTGAGTG","+"
"5",5,"Tzi9_HADTMADXX_read8","MuTIR_1",95.973,149,5,1,12,160,1,148,4.6e-68,241,"AGATTTGAT","+"
"6",6,"Tzi9_HADTMADXX_read9","MuTIR_1",96.454,141,4,1,61,201,1,140,2.77e-65,231,"AGATTTGAT","+"
"8",8,"Tzi9_HADTMADXX_read11","MuTIR_1",97.619,42,1,0,160,201,1,42,1.78e-17,73.1,"CTCTCTTTC","+"
"9",9,"Tzi9_HADTMADXX_read12","MuTIR_1",95.349,86,3,1,102,187,1,85,2.23e-36,135,"GCCTGAAGG","+"
"10",10,"Tzi9_HADTMADXX_read13","MuTIR_1",94.737,95,4,1,72,166,1,94,1.03e-39,147,"TCCTGGGAG","+"
"11",11,"Tzi9_HADTMADXX_read14","MuTIR_1",89.933,149,12,3,36,183,1,147,1.69e-52,189,"CTCCCAGGA","+"
"12",12,"Tzi9_HADTMADXX_read15","MuTIR_1",100,32,0,0,167,198,1,32,1.38e-13,60.2,"GTCGCCAGC","+"
"13",13,"Tzi9_HADTMADXX_read18","MuTIR_1",95.495,111,4,1,18,128,1,110,1.32e-48,176,"GAGAGCCTC","+"
"14",14,"Tzi9_HADTMADXX_read20","MuTIR_1",94.483,145,7,1,52,196,1,144,1.67e-62,222,"CCGCACTCC","+"
"15",15,"Tzi9_HADTMADXX_read21","MuTIR_1",87.919,149,11,6,49,191,1,148,2.2e-46,169,"GTTTGCAGT","+"
"16",16,"Tzi9_HADTMADXX_read22","MuTIR_1",96.203,79,2,1,24,102,1,78,3.74e-34,128,"GTCGCCAGC","+"
"17",17,"Tzi9_HADTMADXX_read23","MuTIR_1",91.946,149,11,1,11,159,1,148,4.67e-58,207,"GGAGTGCGG","+"
"19",19,"Tzi9_HADTMADXX_read25","MuTIR_1",91.946,149,11,1,32,180,1,148,4.67e-58,207,"GGAGTGCGG","+"
"20",20,"Tzi9_HADTMADXX_read26","MuTIR_1",95.181,83,3,1,119,201,1,82,1.04e-34,130,"GCCTGAAGG","+"
"21",21,"Tzi9_HADTMADXX_read28","MuTIR_1",94.958,119,5,1,13,131,1,118,2.19e-51,185,"GCCTGAAGG","+"
"27",27,"Tzi9_HADTMADXX_read38","MuTIR_1",94.737,95,4,1,41,135,1,94,1.03e-39,147,"TATTCCTGA","-"
"30",30,"Tzi9_HADTMADXX_read41","MuTIR_1",94.483,145,7,1,3,147,1,144,1.67e-62,222,"CAATATCCT","-"
"31",31,"Tzi9_HADTMADXX_read42","MuTIR_1",87.919,149,11,4,24,166,1,148,2.2e-46,169,"GTCCTTTCA","-"
"34",34,"Tzi9_HADTMADXX_read45","MuTIR_1",91.946,149,11,1,23,171,1,148,4.67e-58,207,"GTCCTGTCA","-"
"37",37,"Tzi9_HADTMADXX_read49","MuTIR_1",92.632,95,6,1,22,116,1,94,2.23e-36,135,"TCCTGGGAG","+"
"39",48,"Tzi9_HADTMADXX_read94","MuTIR_2",88.591,149,17,0,43,191,1,149,2.83e-50,182,"TTCCACTTG","+"
"40",49,"Tzi9_HADTMADXX_read96","MuTIR_2",91.333,150,10,3,53,200,1,149,2.17e-56,202,"CTCCACTGA","+"
"41",50,"Tzi9_HADTMADXX_read97","MuTIR_2",88.591,149,17,0,12,160,1,149,2.83e-50,182,"TTCCACTTG","+"
"42",51,"Tzi9_HADTMADXX_read99","MuTIR_2",94.03,67,4,0,132,198,1,67,2.27e-26,102,"CCCCTCCTG","+"
"43",52,"Tzi9_HADTMADXX_read104","MuTIR_2",90,120,12,0,19,138,1,120,1.72e-42,156,"CTGGAGAAG","+"
"44",53,"Tzi9_HADTMADXX_read105","MuTIR_2",90.789,76,7,0,27,102,1,76,2.27e-26,102,"GTAGCTACT","+"
"45",54,"Tzi9_HADTMADXX_read106","MuTIR_2",89.933,149,14,1,34,181,1,149,4.7e-53,191,"TCGGCTAGG","+"
"46",55,"Tzi9_HADTMADXX_read108","MuTIR_2",93.798,129,8,0,43,171,1,129,3.63e-54,195,"CTTACAAAG","+"
"47",56,"Tzi9_HADTMADXX_read109","MuTIR_2",90.625,128,12,0,43,170,1,128,6.12e-47,171,"AGTTTTAGG","+"
"48",57,"Tzi9_HADTMADXX_read112","MuTIR_2",89.262,149,16,0,26,174,1,149,6.08e-52,187,"TCACCTACC","+"
"49",58,"Tzi9_HADTMADXX_read113","MuTIR_2",91.406,128,11,0,47,174,1,128,1.32e-48,176,"CTCGTCAGC","+"
"50",59,"Tzi9_HADTMADXX_read114","MuTIR_2",88.591,149,17,0,13,161,1,149,2.83e-50,182,"GTGGGAGAC","+"
"51",60,"Tzi9_HADTMADXX_read115","MuTIR_2",94.631,149,8,0,28,176,1,149,2.77e-65,231,"GCGTAGAAA","+"
"52",61,"Tzi9_HADTMADXX_read118","MuTIR_2",95.238,105,5,0,97,201,1,105,7.92e-46,167,"TTCCCTGCC","+"
"53",62,"Tzi9_HADTMADXX_read120","MuTIR_2",97.436,39,1,0,127,165,1,39,8.27e-16,67.6,"GCGCCAGGG","+"
"54",63,"Tzi9_HADTMADXX_read121","MuTIR_2",90.698,129,12,0,53,181,1,129,1.7e-47,172,"CGGATAGAA","-"
"55",64,"Tzi9_HADTMADXX_read123","MuTIR_2",88.591,149,17,0,21,169,1,149,2.83e-50,182,"TCAGTGATA","-"
"56",65,"Tzi9_HADTMADXX_read125","MuTIR_2",88.591,149,17,0,41,189,1,149,2.83e-50,182,"TCAGTGATA","-"
"59",68,"Tzi9_HADTMADXX_read132","MuTIR_2",90,120,12,0,32,151,1,120,1.72e-42,156,"GCAATCACC","-"
"61",70,"Tzi9_HADTMADXX_read135","MuTIR_2",90.625,128,12,0,33,160,1,128,6.12e-47,171,"CAGTAGTGA","-"
"63",72,"Tzi9_HADTMADXX_read141","MuTIR_2",89.262,149,16,0,13,161,1,149,6.08e-52,187,"CCAGTGATA","-"
"64",73,"Tzi9_HADTMADXX_read142","MuTIR_2",91.406,128,11,0,56,183,1,128,1.32e-48,176,"CAGTAGTGA","-"
"65",74,"Tzi9_HADTMADXX_read145","MuTIR_2",95.302,149,7,0,11,159,1,149,5.95e-67,237,"CCAGTGATA","-"
"68",86,"Tzi9_HADTMADXX_read175","MuTIR_2",87.952,83,7,1,113,192,1,83,3.79e-24,95.3,"CTCGTTGGA","+"
"69",87,"Tzi9_HADTMADXX_read177","MuTIR_2",86.577,149,17,1,34,179,1,149,3.69e-44,161,"CTAGTGATA","-"
"70",88,"Tzi9_HADTMADXX_read179","MuTIR_2",86.822,129,15,2,28,155,1,128,1.34e-38,143,"AATGACGAT","+"
"71",89,"Tzi9_HADTMADXX_read181","MuTIR_2",89,100,11,0,102,201,1,100,4.84e-33,124,"CCTAGCCGA","+"
"72",90,"Tzi9_HADTMADXX_read183","MuTIR_2",86.822,129,15,2,43,170,1,128,1.34e-38,143,"AATGACGAT","+"
"74",94,"Tzi9_HADTMADXX_read190","MuTIR_2",88,150,16,1,21,168,1,150,1.32e-48,176,"ATTCGTGTG","+"
"75",107,"Tzi9_HADTMADXX_read214","MuTIR_3",92.481,133,10,0,11,143,1,133,4.7e-53,191,"CCCAGCGAC","+"
"76",108,"Tzi9_HADTMADXX_read215","MuTIR_3",94.521,73,4,0,129,201,1,73,1.05e-29,113,"CAACTCAGG","+"
"77",109,"Tzi9_HADTMADXX_read216","MuTIR_3",94.068,118,5,2,73,189,1,117,3.66e-49,178,"CATATGTAC","+"
"78",110,"Tzi9_HADTMADXX_read217","MuTIR_3",94.697,132,7,0,30,161,1,132,1.68e-57,206,"AAAACATTC","+"
"79",111,"Tzi9_HADTMADXX_read218","MuTIR_3",93.333,90,6,0,64,153,1,90,8.04e-36,134,"CCTGAGTTG","+"
"81",113,"Tzi9_HADTMADXX_read221","MuTIR_3",93.519,108,7,0,94,201,1,108,3.69e-44,161,"GTCGCTGGG","+"
"82",114,"Tzi9_HADTMADXX_read222","MuTIR_3",93.458,107,7,0,12,118,1,107,1.33e-43,159,"CAACTCAGG","+"
"83",115,"Tzi9_HADTMADXX_read223","MuTIR_3",94.737,133,7,0,30,162,1,133,4.67e-58,207,"AAAACATTC","+"
"84",116,"Tzi9_HADTMADXX_read224","MuTIR_3",95.238,42,2,0,106,147,1,42,8.27e-16,67.6,"CCCAGCGAC","+"
"85",117,"Tzi9_HADTMADXX_read225","MuTIR_3",90.667,150,14,0,36,185,1,150,2.17e-56,202,"TTGTTGAAA","-"
"93",126,"Tzi9_HADTMADXX_read235","MuTIR_3",90.11,91,9,0,109,199,1,91,2.25e-31,119,"CCTACAATG","+"
"94",127,"Tzi9_HADTMADXX_read236","MuTIR_3",94.245,139,8,0,43,181,1,139,1e-59,213,"CCTTGCATT","+"
"95",128,"Tzi9_HADTMADXX_read238","MuTIR_3",92.969,128,9,0,57,184,1,128,6.08e-52,187,"TCCTCGAAC","+"
"96",129,"Tzi9_HADTMADXX_read239","MuTIR_3",87.654,81,9,1,121,201,1,80,1.36e-23,93.5,"CCTGTAGAG","+"
"97",130,"Tzi9_HADTMADXX_read240","MuTIR_3",93.043,115,8,0,85,199,1,115,2.2e-46,169,"TTCCTCAAC","+"
"98",131,"Tzi9_HADTMADXX_read241","MuTIR_3",94.828,58,3,0,92,149,1,58,4.91e-23,91.6,"CCTTGCATT","+"
"99",133,"Tzi9_HADTMADXX_read245","MuTIR_3",87.356,87,11,0,95,181,1,87,8.15e-26,100,"CCTCTAGAG","+"
"100",134,"Tzi9_HADTMADXX_read246","MuTIR_3",90.11,91,9,0,25,115,1,91,2.25e-31,119,"CAGTCCGGT","-"
"107",142,"Tzi9_HADTMADXX_read260","MuTIR_3",89.116,147,16,0,31,177,1,147,7.87e-51,183,"GGTTTTCCA","+"
"108",143,"Tzi9_HADTMADXX_read262","MuTIR_3",91.525,118,10,0,84,201,1,118,1.02e-44,163,"GGTTTTCCA","+"
"110",145,"Tzi9_HADTMADXX_read265","MuTIR_3",89.116,147,16,0,26,172,1,147,7.87e-51,183,"ACCTGGTTC","-"
"113",168,"Tzi9_HADTMADXX_read315","MuTIR_4",85.034,147,22,0,42,188,1,147,2.22e-41,152,"GTGACTGAG","+"
"114",169,"Tzi9_HADTMADXX_read317","MuTIR_4",89.167,120,13,0,62,181,1,120,2.22e-41,152,"CGGCCACCG","+"
"115",170,"Tzi9_HADTMADXX_read318","MuTIR_4",93.023,86,6,0,114,199,1,86,1.34e-33,126,"GCTGTCGAC","+"
"116",171,"Tzi9_HADTMADXX_read319","MuTIR_4",89.381,113,12,0,89,201,1,113,3.71e-39,145,"GCTTCGGCG","+"
"117",172,"Tzi9_HADTMADXX_read320","MuTIR_4",90,120,12,0,57,176,1,120,4.77e-43,158,"GCTGTCGAC","+"
"118",173,"Tzi9_HADTMADXX_read321","MuTIR_4",89.167,120,13,0,39,158,1,120,2.22e-41,152,"CGGCCACCG","+"
"119",174,"Tzi9_HADTMADXX_read322","MuTIR_4",93.651,63,4,0,139,201,1,63,3.79e-24,95.3,"GCAAGAGAG","+"
"120",175,"Tzi9_HADTMADXX_read323","MuTIR_4",89.167,120,13,0,45,164,1,120,2.22e-41,152,"CTTTTATGC","-"
"121",176,"Tzi9_HADTMADXX_read324","MuTIR_4",89.167,120,13,0,46,165,1,120,2.22e-41,152,"CTTTTATGC","-"
"123",178,"Tzi9_HADTMADXX_read330","MuTIR_4",88.764,89,9,1,33,120,1,89,4.87e-28,108,"GTCGACAGC","+"
"125",187,"Tzi9_HADTMADXX_read350","MuTIR_5",90,130,11,1,14,141,1,130,2.2e-46,169,"GCTGCAGGA","+"
"126",188,"Tzi9_HADTMADXX_read352","MuTIR_5",87.5,120,13,1,59,176,1,120,6.21e-37,137,"ACCGCCCCA","+"
"127",189,"Tzi9_HADTMADXX_read354","MuTIR_5",89.167,120,11,1,20,137,1,120,2.87e-40,148,"ACCGCCCCA","+"
"128",190,"Tzi9_HADTMADXX_read355","MuTIR_5",89.256,121,10,2,76,193,1,121,7.98e-41,150,"CCCCAATCC","+"
"129",191,"Tzi9_HADTMADXX_read356","MuTIR_5",86.667,150,16,3,39,185,1,149,2.85e-45,165,"CTCTATTAC","+"
"131",193,"Tzi9_HADTMADXX_read358","MuTIR_5",86,150,17,4,23,169,1,149,1.33e-43,159,"GGATTGGGG","+"
"134",196,"Tzi9_HADTMADXX_read364","MuTIR_5",89.167,120,11,1,41,158,1,120,2.87e-40,148,"CTGTTATGG","-"
"135",197,"Tzi9_HADTMADXX_read366","MuTIR_5",89.167,120,11,1,10,127,1,120,2.87e-40,148,"CTGTTATGG","-"
"136",201,"Tzi9_HADTMADXX_read385","MuTIR_6",92.771,83,5,1,17,99,1,82,2.25e-31,119,"TGCACTATG","+"
"137",202,"Tzi9_HADTMADXX_read386","MuTIR_6",96.053,76,3,0,126,201,1,76,4.84e-33,124,"TGCACTACG","+"
"140",206,"Tzi9_HADTMADXX_read392","MuTIR_6",94,150,9,0,20,169,1,150,3.58e-64,228,"AGGAGAGGG","+"
"141",207,"Tzi9_HADTMADXX_read393","MuTIR_6",94.366,71,4,0,131,201,1,71,1.35e-28,110,"AGGAGAGGG","+"
"142",208,"Tzi9_HADTMADXX_read395","MuTIR_6",96.491,114,4,0,48,161,1,114,1.69e-52,189,"TCCTAGGCT","+"
"143",209,"Tzi9_HADTMADXX_read397","MuTIR_6",94,150,9,0,19,168,1,150,3.58e-64,228,"CACTAAAAC","-"
"146",212,"Tzi9_HADTMADXX_read402","MuTIR_6",96.491,114,4,0,77,190,1,114,1.69e-52,189,"AACACCTCC","-"
"147",223,"Tzi9_HA5R1ADXX_CCGTCC_read1","MuTIR_1",97.222,36,1,0,111,146,1,36,3.85e-14,62.1,"CCTTCAGGC","+"
"148",224,"Tzi9_HA5R1ADXX_CCGTCC_read2","MuTIR_1",92.617,149,10,1,17,165,1,148,1e-59,213,"CCTTCAGGC","+"
"149",225,"Tzi9_HA5R1ADXX_CCGTCC_read3","MuTIR_1",95.973,149,5,1,45,193,1,148,4.6e-68,241,"AGATTTGAT","+"
"150",226,"Tzi9_HA5R1ADXX_CCGTCC_read4","MuTIR_1",92.537,134,7,3,61,193,1,132,1.69e-52,189,"GTCGCCAGC","+"
"151",227,"Tzi9_HA5R1ADXX_CCGTCC_read6","MuTIR_1",100,32,0,0,151,182,1,32,1.38e-13,60.2,"GTCGGTCTA","+"
"152",228,"Tzi9_HA5R1ADXX_CCGTCC_read8","MuTIR_1",95.714,70,2,1,74,143,1,69,3.77e-29,111,"CCTTCAGGC","+"
"153",229,"Tzi9_HA5R1ADXX_CCGTCC_read9","MuTIR_1",96.528,144,4,1,49,192,1,143,5.95e-67,237,"AGATTTGAT","+"
"154",230,"Tzi9_HA5R1ADXX_CCGTCC_read10","MuTIR_1",92.537,134,7,3,45,177,1,132,1.69e-52,189,"GTCGCCAGC","+"
"163",239,"Tzi9_HA5R1ADXX_CCGTCC_read21","MuTIR_1",92.537,134,7,3,38,170,1,132,1.69e-52,189,"ACAATTCTC","-"
"164",246,"Tzi9_HA5R1ADXX_CCGTCC_read34","MuTIR_2",92.647,68,5,0,88,155,1,68,2.93e-25,99,"ACCCAACTG","+"
"165",247,"Tzi9_HA5R1ADXX_CCGTCC_read35","MuTIR_2",91.667,72,6,0,91,162,1,72,8.15e-26,100,"TCCAACGAG","+"
"166",248,"Tzi9_HA5R1ADXX_CCGTCC_read41","MuTIR_2",94.03,67,4,0,132,198,1,67,2.27e-26,102,"CCCCTCCTG","+"
"167",249,"Tzi9_HA5R1ADXX_CCGTCC_read42","MuTIR_2",90.625,128,12,0,72,199,1,128,6.12e-47,171,"CCTAGCCGA","+"
"168",250,"Tzi9_HA5R1ADXX_CCGTCC_read45","MuTIR_2",93.548,62,4,0,140,201,1,62,1.36e-23,93.5,"TGAAGTAAT","+"
"173",255,"Tzi9_HA5R1ADXX_CCGTCC_read59","MuTIR_2",91.406,128,11,0,15,142,1,128,1.32e-48,176,"CAGTAGTGA","-"
"174",261,"Tzi9_HA5R1ADXX_CCGTCC_read76","MuTIR_2",86.822,129,15,2,22,149,1,128,1.34e-38,143,"TAATAGTGA","-"
"175",270,"Tzi9_HA5R1ADXX_CCGTCC_read93","MuTIR_3",94.262,122,7,0,78,199,1,122,6.08e-52,187,"CCCCCTATG","+"
"176",271,"Tzi9_HA5R1ADXX_CCGTCC_read95","MuTIR_3",93.75,64,4,0,138,201,1,64,1.05e-24,97.1,"GTCGCTGGG","+"
"177",272,"Tzi9_HA5R1ADXX_CCGTCC_read96","MuTIR_3",93.233,133,9,0,55,187,1,133,1.01e-54,196,"TCCTACAGG","+"
"180",276,"Tzi9_HA5R1ADXX_CCGTCC_read107","MuTIR_3",91.538,130,11,0,41,170,1,130,1.02e-49,180,"AGTAACGAC","-"
"181",288,"Tzi9_HA5R1ADXX_CCGTCC_read123","MuTIR_4",94.03,67,3,1,104,170,1,66,8.15e-26,100,"CATGAGCTG","+"
"183",294,"Tzi9_HA5R1ADXX_CCGTCC_read137","MuTIR_4",88.608,79,9,0,117,195,1,79,1.05e-24,97.1,"GTGTGTGGG","+"
"185",297,"Tzi9_HA5R1ADXX_CCGTCC_read143","MuTIR_5",90.984,122,9,1,47,166,1,122,2.85e-45,165,"CTCTATTAC","+"
"188",300,"Tzi9_HA5R1ADXX_CCGTCC_read146","MuTIR_5",87.5,120,13,1,18,135,1,120,1.73e-37,139,"CCGTTACAT","-"
"190",306,"Tzi9_HJ7HFCCXX_L8_read1","MuTIR_1",95.489,133,5,1,18,150,1,132,2.68e-59,211,"GAGAGCCTC","+"
"191",307,"Tzi9_HJ7HFCCXX_L8_read3","MuTIR_1",89.247,93,5,2,61,148,1,93,2.79e-29,111,"GTTTGCAGT","+"
"192",308,"Tzi9_HJ7HFCCXX_L8_read5","MuTIR_1",93.75,48,3,0,101,148,1,48,1.32e-17,73.1,"GTTTGCAGT","+"
"193",309,"Tzi9_HJ7HFCCXX_L8_read6","MuTIR_1",98.113,53,0,1,98,150,1,52,3.64e-23,91.6,"TATTTGTGG","+"
"194",310,"Tzi9_HJ7HFCCXX_L8_read7","MuTIR_1",90.4,125,9,2,16,138,1,124,2.74e-44,161,"GTCGTGCAC","+"
"195",311,"Tzi9_HJ7HFCCXX_L8_read9","MuTIR_1",97.143,35,0,1,112,146,1,34,3.69e-13,58.4,"GTTTGCAGT","+"
"196",312,"Tzi9_HJ7HFCCXX_L8_read10","MuTIR_1",93.548,93,5,1,15,107,1,92,4.61e-37,137,"CTCGCACAG","+"
"197",313,"Tzi9_HJ7HFCCXX_L8_read12","MuTIR_1",98.305,59,0,1,92,150,1,58,1.68e-26,102,"GTGTGAGTG","+"
"198",314,"Tzi9_HJ7HFCCXX_L8_read13","MuTIR_1",93.651,126,6,2,25,150,1,124,4.51e-52,187,"GTCGCCAGC","+"
"199",315,"Tzi9_HJ7HFCCXX_L8_read19","MuTIR_1",93.75,48,3,0,101,148,1,48,1.32e-17,73.1,"GTTTGCAGT","+"
"200",316,"Tzi9_HJ7HFCCXX_L8_read20","MuTIR_1",95.294,85,3,1,66,150,1,84,5.96e-36,134,"CCGCACTCC","+"
"201",317,"Tzi9_HJ7HFCCXX_L8_read21","MuTIR_1",96.364,110,2,2,40,149,1,108,7.55e-50,180,"TATTTGTGG","+"
"202",318,"Tzi9_HJ7HFCCXX_L8_read22","MuTIR_1",93.75,48,3,0,101,148,1,48,1.32e-17,73.1,"GTTTGCAGT","+"
"203",319,"Tzi9_HJ7HFCCXX_L8_read24","MuTIR_1",93.75,80,4,1,71,150,1,79,1.67e-31,119,"CTCCCAGGA","+"
"210",326,"Tzi9_HJ7HFCCXX_L8_read32","MuTIR_1",93.22,59,3,1,81,139,1,58,1.69e-21,86.1,"TTCTCTGTT","-"
"218",335,"Tzi9_HJ7HFCCXX_L8_read47","MuTIR_1",93.478,92,5,1,59,150,1,91,1.66e-36,135,"GCTGGCGAC","+"
"219",336,"Tzi9_HJ7HFCCXX_L8_read48","MuTIR_1",90.441,136,8,2,20,150,1,136,3.51e-48,174,"CAAGGACGC","+"
"220",337,"Tzi9_HJ7HFCCXX_L8_read49","MuTIR_1",95.745,47,2,0,104,150,1,47,1.02e-18,76.8,"CTGTGCGAG","+"
"224",349,"Tzi9_HJ7HFCCXX_L8_read125","MuTIR_2",94.444,126,7,0,25,150,1,126,2.7e-54,195,"AGCAGGGAA","+"
"225",350,"Tzi9_HJ7HFCCXX_L8_read126","MuTIR_2",85.827,127,18,0,24,150,1,127,1.66e-36,135,"GTAGCTACT","+"
"226",351,"Tzi9_HJ7HFCCXX_L8_read128","MuTIR_2",95.05,101,5,0,50,150,1,101,9.84e-44,159,"TTCCCTGCC","+"
"227",352,"Tzi9_HJ7HFCCXX_L8_read129","MuTIR_2",89.189,111,12,0,37,147,1,111,1.28e-37,139,"TTCCACTTG","+"
"228",353,"Tzi9_HJ7HFCCXX_L8_read131","MuTIR_2",91.406,128,11,0,13,140,1,128,9.77e-49,176,"TGAAGTAAT","+"
"229",354,"Tzi9_HJ7HFCCXX_L8_read132","MuTIR_2",92.683,82,6,0,68,149,1,82,1.67e-31,119,"GAGGCAGAA","+"
"230",355,"Tzi9_HJ7HFCCXX_L8_read133","MuTIR_2",91.736,121,8,2,31,150,1,120,5.88e-46,167,"TGCCGCCGC","+"
"231",356,"Tzi9_HJ7HFCCXX_L8_read134","MuTIR_2",94.828,58,3,0,93,150,1,58,3.64e-23,91.6,"TTCTGCCTC","+"
"232",357,"Tzi9_HJ7HFCCXX_L8_read135","MuTIR_2",94.828,58,3,0,93,150,1,58,3.64e-23,91.6,"TTCTGCCTC","+"
"233",358,"Tzi9_HJ7HFCCXX_L8_read137","MuTIR_2",95,120,6,0,27,146,1,120,1.25e-52,189,"GCGCCAGGG","+"
"234",359,"Tzi9_HJ7HFCCXX_L8_read140","MuTIR_2",92.405,79,6,0,72,150,1,79,7.77e-30,113,"TGAAGTAAT","+"
"235",360,"Tzi9_HJ7HFCCXX_L8_read141","MuTIR_2",94.167,120,7,0,28,147,1,120,5.84e-51,183,"CTTACAAAG","+"
"236",361,"Tzi9_HJ7HFCCXX_L8_read143","MuTIR_2",91.379,116,10,0,28,143,1,116,9.84e-44,159,"AGTTTGAAC","+"
"237",362,"Tzi9_HJ7HFCCXX_L8_read145","MuTIR_2",92,125,10,0,26,150,1,125,9.77e-49,176,"GCTGCTGTG","+"
"238",363,"Tzi9_HJ7HFCCXX_L8_read146","MuTIR_2",95.062,81,3,1,66,145,1,81,9.98e-34,126,"GCGTAGAAA","+"
"240",365,"Tzi9_HJ7HFCCXX_L8_read148","MuTIR_2",95.588,68,3,0,83,150,1,68,1.01e-28,110,"CCCTGGCGC","+"
"241",366,"Tzi9_HJ7HFCCXX_L8_read149","MuTIR_2",95.05,101,5,0,50,150,1,101,9.84e-44,159,"TTCCCTGCC","+"
"242",367,"Tzi9_HJ7HFCCXX_L8_read150","MuTIR_2",92.8,125,9,0,26,150,1,125,2.1e-50,182,"GCTGCTGTG","+"
"243",368,"Tzi9_HJ7HFCCXX_L8_read151","MuTIR_2",93.056,72,5,0,77,148,1,72,1.3e-27,106,"CCCCTCCTG","+"
"244",369,"Tzi9_HJ7HFCCXX_L8_read152","MuTIR_2",89.922,129,13,0,16,144,1,129,5.88e-46,167,"CACAGCATC","+"
"246",371,"Tzi9_HJ7HFCCXX_L8_read154","MuTIR_2",97.872,47,1,0,102,148,1,47,2.19e-20,82.4,"CCCAGAGCC","+"
"247",372,"Tzi9_HJ7HFCCXX_L8_read155","MuTIR_2",97.436,39,1,0,112,150,1,39,6.14e-16,67.6,"CACAGCATC","+"
"248",373,"Tzi9_HJ7HFCCXX_L8_read156","MuTIR_2",85.827,127,18,0,24,150,1,127,1.66e-36,135,"GTAGCTACT","+"
"249",374,"Tzi9_HJ7HFCCXX_L8_read159","MuTIR_2",92.683,82,6,0,68,149,1,82,1.67e-31,119,"GAGGCAGAA","+"
"250",375,"Tzi9_HJ7HFCCXX_L8_read161","MuTIR_2",93.827,81,5,0,70,150,1,81,1.29e-32,122,"TGCAATGAT","+"
"251",376,"Tzi9_HJ7HFCCXX_L8_read162","MuTIR_2",95.385,65,3,0,83,147,1,65,4.68e-27,104,"AGCAGGGAA","+"
"252",377,"Tzi9_HJ7HFCCXX_L8_read163","MuTIR_2",90.37,135,13,0,14,148,1,135,2.72e-49,178,"GTCCCTGCT","+"
"253",378,"Tzi9_HJ7HFCCXX_L8_read164","MuTIR_2",91.045,67,6,0,84,150,1,67,3.64e-23,91.6,"GGCTCTGGG","+"
"254",379,"Tzi9_HJ7HFCCXX_L8_read165","MuTIR_2",92,125,10,0,26,150,1,125,9.77e-49,176,"GCTGCTGTG","+"
"255",380,"Tzi9_HJ7HFCCXX_L8_read166","MuTIR_2",96.591,88,3,0,58,145,1,88,7.66e-40,147,"TTCCTCGCC","+"
"256",381,"Tzi9_HJ7HFCCXX_L8_read171","MuTIR_2",93.333,60,4,0,91,150,1,60,1.31e-22,89.8,"TCACCTACC","+"
"257",382,"Tzi9_HJ7HFCCXX_L8_read172","MuTIR_2",83.824,136,22,0,12,147,1,136,7.71e-35,130,"GGAGAAGTG","+"
"259",384,"Tzi9_HJ7HFCCXX_L8_read175","MuTIR_2",91.589,107,9,0,43,149,1,107,2.13e-40,148,"TCCAACGAG","+"
"264",389,"Tzi9_HJ7HFCCXX_L8_read182","MuTIR_2",91.406,128,11,0,1,128,1,128,9.77e-49,176,"CAGTAGTGA","-"
"284",414,"Tzi9_HJ7HFCCXX_L8_read229","MuTIR_2",95.455,88,4,0,62,149,1,88,3.56e-38,141,"TTCCTCGCC","+"
"290",446,"Tzi9_HJ7HFCCXX_L8_read281","MuTIR_2",88.235,102,10,2,50,150,1,101,4.64e-32,121,"AGCAGGGAC","+"
"291",448,"Tzi9_HJ7HFCCXX_L8_read285","MuTIR_2",86.992,123,14,2,27,148,1,122,4.61e-37,137,"AGCAGGGAC","+"
"294",453,"Tzi9_HJ7HFCCXX_L8_read292","MuTIR_2",83.594,128,21,0,11,138,1,128,4.64e-32,121,"GAGATTATT","-"
"295",462,"Tzi9_HJ7HFCCXX_L8_read325","MuTIR_3",93.893,131,8,0,18,148,1,131,2.09e-55,198,"GTCGCTGGG","+"
"296",463,"Tzi9_HJ7HFCCXX_L8_read328","MuTIR_3",95.312,64,3,0,87,150,1,64,1.68e-26,102,"AGTGTCCAT","+"
"297",464,"Tzi9_HJ7HFCCXX_L8_read329","MuTIR_3",97.674,43,1,0,108,150,1,43,3.67e-18,75,"AAAAAATGG","+"
"298",465,"Tzi9_HJ7HFCCXX_L8_read330","MuTIR_3",92.623,122,9,0,26,147,1,122,9.77e-49,176,"TCCTACAGG","+"
"299",466,"Tzi9_HJ7HFCCXX_L8_read331","MuTIR_3",92.623,122,9,0,29,150,1,122,9.77e-49,176,"CATAGGGGG","+"
"304",474,"Tzi9_HJ7HFCCXX_L8_read348","MuTIR_3",90.769,130,12,0,21,150,1,130,3.51e-48,174,"AGGGGTCGC","+"
"306",476,"Tzi9_HJ7HFCCXX_L8_read351","MuTIR_3",95.327,107,5,0,44,150,1,107,4.55e-47,171,"GTAATAGAG","+"
"308",478,"Tzi9_HJ7HFCCXX_L8_read353","MuTIR_3",92.562,121,9,0,30,150,1,121,3.51e-48,174,"TTCCTCAAC","+"
"319",493,"Tzi9_HJ7HFCCXX_L8_read379","MuTIR_3",92.035,113,7,2,37,149,1,111,3.54e-43,158,"CTATCCTGG","+"
"321",495,"Tzi9_HJ7HFCCXX_L8_read381","MuTIR_3",92.593,108,6,2,41,148,1,106,4.58e-42,154,"CTATCCTGG","+"
"322",496,"Tzi9_HJ7HFCCXX_L8_read382","MuTIR_3",93.902,82,4,1,70,150,1,82,1.29e-32,122,"CCGGTGAGG","+"
"323",497,"Tzi9_HJ7HFCCXX_L8_read383","MuTIR_3",88.506,87,10,0,64,150,1,87,1.3e-27,106,"TGACCAAGA","+"
"324",498,"Tzi9_HJ7HFCCXX_L8_read385","MuTIR_3",93.902,82,4,1,70,150,1,82,1.29e-32,122,"CCGGTGAGG","+"
"325",500,"Tzi9_HJ7HFCCXX_L8_read387","MuTIR_3",94.444,90,5,0,61,150,1,90,1.28e-37,139,"GACCCTTTG","+"
"326",501,"Tzi9_HJ7HFCCXX_L8_read388","MuTIR_3",93.846,65,4,0,86,150,1,65,2.18e-25,99,"GACCTCAAA","+"
"329",504,"Tzi9_HJ7HFCCXX_L8_read392","MuTIR_3",89.855,138,11,3,5,141,1,136,3.51e-48,174,"CGACGACCT","-"
"336",526,"Tzi9_HJ7HFCCXX_L8_read421","MuTIR_3",86.614,127,17,0,18,144,1,127,3.56e-38,141,"TCCTCTAGC","+"
"338",535,"Tzi9_HJ7HFCCXX_L8_read435","MuTIR_3",84.722,72,6,2,79,150,1,67,6.14e-16,67.6,"GTGCCGGAG","+"
"342",559,"Tzi9_HJ7HFCCXX_L8_read494","MuTIR_4",86.822,129,16,1,22,150,1,128,2.76e-39,145,"GTTTTTACA","+"
"343",560,"Tzi9_HJ7HFCCXX_L8_read495","MuTIR_4",86.777,121,16,0,29,149,1,121,4.61e-37,137,"GTGACTGAG","+"
"344",561,"Tzi9_HJ7HFCCXX_L8_read498","MuTIR_4",92.553,94,7,0,40,133,1,94,1.66e-36,135,"CGGCCACCG","+"
"345",562,"Tzi9_HJ7HFCCXX_L8_read501","MuTIR_4",94.444,72,4,0,79,150,1,72,2.79e-29,111,"GCAAGAGAG","+"
"346",563,"Tzi9_HJ7HFCCXX_L8_read502","MuTIR_4",91.86,86,7,0,63,148,1,86,4.64e-32,121,"GTGACTGAG","+"
"347",564,"Tzi9_HJ7HFCCXX_L8_read503","MuTIR_4",94.643,56,3,0,95,150,1,56,4.71e-22,87.9,"GCTGTCGAC","+"
"348",565,"Tzi9_HJ7HFCCXX_L8_read504","MuTIR_4",93.023,86,6,0,58,143,1,86,9.98e-34,126,"GCTGTCGAC","+"
"351",568,"Tzi9_HJ7HFCCXX_L8_read510","MuTIR_4",89.167,120,13,0,11,130,1,120,1.65e-41,152,"CTTTTATGC","-"
"353",570,"Tzi9_HJ7HFCCXX_L8_read513","MuTIR_4",93.333,120,8,0,12,131,1,120,7.55e-50,180,"CTTTTATGC","-"
"357",574,"Tzi9_HJ7HFCCXX_L8_read519","MuTIR_4",86.735,98,13,0,17,114,1,98,1.01e-28,110,"AGGTTTCGT","-"
"361",578,"Tzi9_HJ7HFCCXX_L8_read525","MuTIR_4",89.706,68,7,0,75,142,1,68,4.71e-22,87.9,"GACTTTAGC","+"
"363",580,"Tzi9_HJ7HFCCXX_L8_read530","MuTIR_4",88.496,113,13,0,27,139,1,113,1.28e-37,139,"GCAGTCGTT","-"
"364",586,"Tzi9_HJ7HFCCXX_L8_read545","MuTIR_5",100,30,0,0,117,146,1,30,1.33e-12,56.5,"ATTGAGCCC","+"
"365",587,"Tzi9_HJ7HFCCXX_L8_read546","MuTIR_5",90.244,82,6,1,70,149,1,82,3.61e-28,108,"CTCTATTAC","+"
"366",588,"Tzi9_HJ7HFCCXX_L8_read547","MuTIR_5",90,90,7,1,62,149,1,90,6.01e-31,117,"CTCAGAAAG","+"
"367",589,"Tzi9_HJ7HFCCXX_L8_read548","MuTIR_5",89.362,94,8,1,33,124,1,94,1.67e-31,119,"TTCTTTACT","+"
"368",590,"Tzi9_HJ7HFCCXX_L8_read551","MuTIR_5",87.736,106,11,1,43,146,1,106,3.59e-33,124,"CTCAGAAAG","+"
"369",591,"Tzi9_HJ7HFCCXX_L8_read552","MuTIR_5",90,90,7,1,62,149,1,90,6.01e-31,117,"CTCAGAAAG","+"
"370",592,"Tzi9_HJ7HFCCXX_L8_read553","MuTIR_5",91.15,113,8,1,38,148,1,113,4.58e-42,154,"GCTGCAGGA","+"
"371",593,"Tzi9_HJ7HFCCXX_L8_read555","MuTIR_5",89.362,94,8,1,33,124,1,94,1.67e-31,119,"TTCTTTACT","+"
"372",594,"Tzi9_HJ7HFCCXX_L8_read556","MuTIR_5",91.489,94,6,1,57,148,1,94,7.71e-35,130,"CCCCAATCC","+"
"373",595,"Tzi9_HJ7HFCCXX_L8_read557","MuTIR_5",89.362,94,8,1,33,124,1,94,1.67e-31,119,"TTCTTTACT","+"
"374",596,"Tzi9_HJ7HFCCXX_L8_read558","MuTIR_5",92.632,95,5,1,58,150,1,95,4.61e-37,137,"GCTGCAGGA","+"
"375",597,"Tzi9_HJ7HFCCXX_L8_read559","MuTIR_5",90.265,113,9,1,35,145,1,113,2.13e-40,148,"CCCCAATCC","+"
"378",600,"Tzi9_HJ7HFCCXX_L8_read563","MuTIR_5",89.362,94,8,1,39,130,1,94,1.67e-31,119,"ACGAAGCGT","-"
"381",603,"Tzi9_HJ7HFCCXX_L8_read569","MuTIR_5",89.362,94,8,1,39,130,1,94,1.67e-31,119,"ACGAAGCGT","-"
"384",606,"Tzi9_HJ7HFCCXX_L8_read572","MuTIR_5",89.362,94,8,1,39,130,1,94,1.67e-31,119,"ACGAAGCGT","-"
"386",612,"Tzi9_HJ7HFCCXX_L8_read597","MuTIR_6",92.771,83,6,0,67,149,1,83,4.64e-32,121,"TGCACTATG","+"
"387",613,"Tzi9_HJ7HFCCXX_L8_read598","MuTIR_6",97.826,46,1,0,105,150,1,46,7.88e-20,80.5,"TGCACTACG","+"
"389",615,"Tzi9_HJ7HFCCXX_L8_read603","MuTIR_6",95.146,103,5,0,46,148,1,103,7.61e-45,163,"TGCACTATG","+"
"390",616,"Tzi9_HJ7HFCCXX_L8_read605","MuTIR_6",94.964,139,7,0,12,150,1,139,1.6e-61,219,"TGCACTATG","+"
"393",619,"Tzi9_HJ7HFCCXX_L8_read613","MuTIR_6",94.872,78,4,0,73,150,1,78,1.29e-32,122,"AGGAGAGGG","+"
"394",620,"Tzi9_HJ7HFCCXX_L8_read616","MuTIR_6",93.13,131,9,0,18,148,1,131,9.7e-54,193,"AGGAGAGGG","+"
"395",621,"Tzi9_HJ7HFCCXX_L8_read617","MuTIR_6",95.876,97,4,0,54,150,1,97,3.54e-43,158,"AGGAGAGGG","+"
"396",622,"Tzi9_HJ7HFCCXX_L8_read618","MuTIR_6",94.531,128,7,0,23,150,1,128,2.09e-55,198,"AGGAGAGGG","+"
"398",624,"Tzi9_HJ7HFCCXX_L8_read623","MuTIR_6",93.75,64,4,0,75,138,1,64,7.82e-25,97.1,"CTTTGCTTG","-"
"399",625,"Tzi9_HJ7HFCCXX_L8_read626","MuTIR_6",90,100,9,1,52,150,1,100,2.77e-34,128,"GACGTGAAC","+"
"400",626,"Tzi9_HJ7HFCCXX_L8_read627","MuTIR_6",90,100,9,1,52,150,1,100,2.77e-34,128,"GACGTGAAC","+"
"401",633,"Tzi9_HJ7HFCCXX_L8_read638","MuTIR_6",88.991,109,12,0,8,116,1,109,1.66e-36,135,"TCATCATCA","-"
"404",659,"Tzi9_HLFTVCCXX_L8_read3","MuTIR_1",94.231,52,2,1,99,150,1,51,2.83e-19,78.7,"CCTTCAGGC","+"
"405",660,"Tzi9_HLFTVCCXX_L8_read4","MuTIR_1",96.296,81,2,1,70,150,1,80,2.15e-35,132,"GTGTGAGTG","+"
"406",661,"Tzi9_HLFTVCCXX_L8_read5","MuTIR_1",100,46,0,0,105,150,1,46,1.69e-21,86.1,"TATTTGTGG","+"
"407",662,"Tzi9_HLFTVCCXX_L8_read6","MuTIR_1",94.737,95,4,1,41,135,1,94,7.66e-40,147,"GCTGGCGAC","+"
"408",663,"Tzi9_HLFTVCCXX_L8_read7","MuTIR_1",94.643,112,5,1,39,150,1,111,1.26e-47,172,"CCTTCAGGC","+"
"409",664,"Tzi9_HLFTVCCXX_L8_read8","MuTIR_1",95.402,87,3,1,64,150,1,86,4.61e-37,137,"TCCTGGGAG","+"
"410",665,"Tzi9_HLFTVCCXX_L8_read10","MuTIR_1",93.684,95,5,1,36,130,1,94,3.56e-38,141,"CTCGCACAG","+"
"411",666,"Tzi9_HLFTVCCXX_L8_read12","MuTIR_1",96.226,106,3,1,45,150,1,105,1.26e-47,172,"AGATTTGAT","+"
"412",667,"Tzi9_HLFTVCCXX_L8_read13","MuTIR_1",93.75,48,3,0,100,147,1,48,1.32e-17,73.1,"CTCCCAGGA","+"
"413",668,"Tzi9_HLFTVCCXX_L8_read14","MuTIR_1",96.429,112,3,1,36,147,1,111,5.84e-51,183,"GAGAGCCTC","+"
"414",669,"Tzi9_HLFTVCCXX_L8_read17","MuTIR_1",96.364,55,1,1,96,150,1,54,1.31e-22,89.8,"GCCTGAAGG","+"
"416",671,"Tzi9_HLFTVCCXX_L8_read21","MuTIR_1",96.04,101,3,1,50,150,1,100,7.61e-45,163,"AGATTTGAT","+"
"417",672,"Tzi9_HLFTVCCXX_L8_read23","MuTIR_1",93.684,95,5,1,36,130,1,94,3.56e-38,141,"CTCGCACAG","+"
"418",673,"Tzi9_HLFTVCCXX_L8_read25","MuTIR_1",97.222,36,1,0,114,149,1,36,2.85e-14,62.1,"CCGCACTCC","+"
"419",674,"Tzi9_HLFTVCCXX_L8_read26","MuTIR_1",94.737,95,4,1,41,135,1,94,7.66e-40,147,"GCTGGCGAC","+"
"420",675,"Tzi9_HLFTVCCXX_L8_read27","MuTIR_1",95.588,68,2,1,83,150,1,67,3.61e-28,108,"GCTGGCGAC","+"
"421",676,"Tzi9_HLFTVCCXX_L8_read29","MuTIR_1",96.078,102,3,1,49,150,1,101,2.11e-45,165,"GAGAGCCTC","+"
"422",677,"Tzi9_HLFTVCCXX_L8_read30","MuTIR_1",100,30,0,0,118,147,1,30,1.33e-12,56.5,"CTCCCAGGA","+"
"423",678,"Tzi9_HLFTVCCXX_L8_read31","MuTIR_1",96.667,60,1,1,91,150,1,59,2.18e-25,99,"GCCTGAAGG","+"
"424",679,"Tzi9_HLFTVCCXX_L8_read32","MuTIR_1",96.226,106,3,1,45,150,1,105,1.26e-47,172,"GTCGGTCTA","+"
"425",680,"Tzi9_HLFTVCCXX_L8_read33","MuTIR_1",96.154,52,1,1,99,150,1,51,6.09e-21,84.2,"CCTTCAGGC","+"
"426",681,"Tzi9_HLFTVCCXX_L8_read35","MuTIR_1",98.734,79,0,1,65,143,1,78,1.28e-37,139,"TATTTGTGG","+"
"427",682,"Tzi9_HLFTVCCXX_L8_read36","MuTIR_1",95.652,92,3,1,59,150,1,91,7.66e-40,147,"GAGGCTCTC","+"
"431",686,"Tzi9_HLFTVCCXX_L8_read42","MuTIR_1",94.737,95,4,1,16,110,1,94,7.66e-40,147,"TCTTCCTGA","-"
"433",688,"Tzi9_HLFTVCCXX_L8_read44","MuTIR_1",94.737,95,4,1,42,136,1,94,7.66e-40,147,"TATTCCTGA","-"
"434",689,"Tzi9_HLFTVCCXX_L8_read45","MuTIR_1",88.333,120,13,1,20,139,1,119,9.91e-39,143,"AGATTTGGC","-"
"438",693,"Tzi9_HLFTVCCXX_L8_read52","MuTIR_1",94.737,95,4,1,16,110,1,94,7.66e-40,147,"TCTTCCTGA","-"
"448",704,"Tzi9_HLFTVCCXX_L8_read67","MuTIR_1",94.34,106,4,2,46,150,1,105,2.74e-44,161,"CTGTGCGAG","+"
"449",705,"Tzi9_HLFTVCCXX_L8_read68","MuTIR_1",89.189,111,7,2,43,148,1,111,5.96e-36,134,"CAAGGACGC","+"
"451",720,"Tzi9_HLFTVCCXX_L8_read129","MuTIR_2",85.981,107,15,0,40,146,1,107,2.16e-30,115,"GGAGAAGTG","+"
"452",721,"Tzi9_HLFTVCCXX_L8_read133","MuTIR_2",95.556,90,4,0,60,149,1,90,2.76e-39,145,"GCGTAGAAA","+"
"453",722,"Tzi9_HLFTVCCXX_L8_read134","MuTIR_2",92.537,67,5,0,82,148,1,67,7.82e-25,97.1,"GTAGCTACT","+"
"454",723,"Tzi9_HLFTVCCXX_L8_read135","MuTIR_2",90.698,129,12,0,14,142,1,129,1.26e-47,172,"CACAGCATC","+"
"455",724,"Tzi9_HLFTVCCXX_L8_read136","MuTIR_2",85.981,107,15,0,40,146,1,107,2.16e-30,115,"GGAGAAGTG","+"
"456",725,"Tzi9_HLFTVCCXX_L8_read137","MuTIR_2",90.991,111,10,0,40,150,1,111,5.92e-41,150,"AGTTTGAAC","+"
"457",726,"Tzi9_HLFTVCCXX_L8_read138","MuTIR_2",90.625,128,12,0,13,140,1,128,4.55e-47,171,"CCTAGCCGA","+"
"458",727,"Tzi9_HLFTVCCXX_L8_read139","MuTIR_2",90.278,72,7,0,79,150,1,72,2.81e-24,95.3,"GGAGAAGTG","+"
"459",728,"Tzi9_HLFTVCCXX_L8_read140","MuTIR_2",98.113,53,1,0,97,149,1,53,1.01e-23,93.5,"TTCCCTCCC","+"
"460",729,"Tzi9_HLFTVCCXX_L8_read141","MuTIR_2",90,90,9,0,57,146,1,90,6.01e-31,117,"GGCTCTGGG","+"
"462",731,"Tzi9_HLFTVCCXX_L8_read145","MuTIR_2",97.619,42,1,0,109,150,1,42,1.32e-17,73.1,"TTCCCTGCC","+"
"463",732,"Tzi9_HLFTVCCXX_L8_read147","MuTIR_2",93.798,129,8,0,19,147,1,129,2.7e-54,195,"TTCCTCGCC","+"
"464",733,"Tzi9_HLFTVCCXX_L8_read148","MuTIR_2",91.071,56,5,0,95,150,1,56,1.02e-18,76.8,"CCTAGCCGA","+"
"465",734,"Tzi9_HLFTVCCXX_L8_read149","MuTIR_2",94.845,97,5,0,54,150,1,97,1.65e-41,152,"GCGCCAGGG","+"
"466",735,"Tzi9_HLFTVCCXX_L8_read152","MuTIR_2",95.556,45,2,0,106,150,1,45,1.32e-17,73.1,"AGCAGGGAA","+"
"467",736,"Tzi9_HLFTVCCXX_L8_read154","MuTIR_2",90.278,72,7,0,79,150,1,72,2.81e-24,95.3,"GGAGAAGTG","+"
"468",737,"Tzi9_HLFTVCCXX_L8_read155","MuTIR_2",93.333,60,4,0,91,150,1,60,1.31e-22,89.8,"CCCCTCCTG","+"
"469",738,"Tzi9_HLFTVCCXX_L8_read156","MuTIR_2",90.698,129,12,0,16,144,1,129,1.26e-47,172,"CACAGCATC","+"
"489",763,"Tzi9_HLFTVCCXX_L8_read217","MuTIR_2",83.962,106,17,0,45,150,1,106,1.68e-26,102,"TGGATGGGC","+"
"491",769,"Tzi9_HLFTVCCXX_L8_read245","MuTIR_3",95.902,122,5,0,27,148,1,122,2.09e-55,198,"AGTGTCCAT","+"
"492",770,"Tzi9_HLFTVCCXX_L8_read246","MuTIR_3",95.37,108,5,0,43,150,1,108,1.26e-47,172,"TTGACAGGT","+"
"494",772,"Tzi9_HLFTVCCXX_L8_read249","MuTIR_3",90.625,128,12,0,23,150,1,128,4.55e-47,171,"CCTGAGTTG","+"
"495",773,"Tzi9_HLFTVCCXX_L8_read251","MuTIR_3",95.556,90,4,0,58,147,1,90,2.76e-39,145,"TTGACAGGT","+"
"500",781,"Tzi9_HLFTVCCXX_L8_read265","MuTIR_3",93.13,131,9,0,18,148,1,131,9.7e-54,193,"TCCTCGAAC","+"
"501",782,"Tzi9_HLFTVCCXX_L8_read266","MuTIR_3",91.954,87,7,0,61,147,1,87,1.29e-32,122,"GTTCTGTAC","+"
"502",783,"Tzi9_HLFTVCCXX_L8_read267","MuTIR_3",92.453,106,8,0,45,150,1,106,1.65e-41,152,"TCATCTCTC","+"
"503",784,"Tzi9_HLFTVCCXX_L8_read268","MuTIR_3",92.424,132,10,0,19,150,1,132,1.25e-52,189,"GTTCTGTAC","+"
"504",785,"Tzi9_HLFTVCCXX_L8_read269","MuTIR_3",92.174,115,9,0,35,149,1,115,7.61e-45,163,"CCTACAATG","+"
"505",786,"Tzi9_HLFTVCCXX_L8_read270","MuTIR_3",87.597,129,16,0,22,150,1,129,5.92e-41,150,"CCTCTAGAG","+"
"510",797,"Tzi9_HLFTVCCXX_L8_read288","MuTIR_3",91.549,71,6,0,77,147,1,71,2.18e-25,99,"CTCCGGCAC","+"
"518",832,"Tzi9_HLFTVCCXX_L8_read358","MuTIR_4",93.22,59,3,1,16,74,1,58,1.69e-21,86.1,"GCAAGAGAG","+"
"520",834,"Tzi9_HLFTVCCXX_L8_read361","MuTIR_4",86.923,130,17,0,10,139,1,130,2.13e-40,148,"GTGACTGAG","+"
"522",836,"Tzi9_HLFTVCCXX_L8_read369","MuTIR_4",85.95,121,17,0,30,150,1,121,2.15e-35,132,"GTGACTGAG","+"
"527",843,"Tzi9_HLFTVCCXX_L8_read379","MuTIR_4",89.109,101,11,0,38,138,1,101,9.98e-34,126,"GTCGACAGC","+"
"528",845,"Tzi9_HLFTVCCXX_L8_read381","MuTIR_4",89.109,101,11,0,38,138,1,101,9.98e-34,126,"GTCGACAGC","+"
"529",846,"Tzi9_HLFTVCCXX_L8_read382","MuTIR_4",88.182,110,13,0,41,150,1,110,5.96e-36,134,"GTCGACAGC","+"
"534",852,"Tzi9_HLFTVCCXX_L8_read404","MuTIR_5",89.167,120,11,1,21,138,1,120,2.13e-40,148,"ACCGCCCCA","+"
"535",853,"Tzi9_HLFTVCCXX_L8_read405","MuTIR_5",88.991,109,10,1,44,150,1,109,1.66e-36,135,"GGATTGGGG","+"
"536",854,"Tzi9_HLFTVCCXX_L8_read406","MuTIR_5",90.678,118,9,1,35,150,1,118,3.54e-43,158,"GCTGCAGGA","+"
"538",856,"Tzi9_HLFTVCCXX_L8_read412","MuTIR_5",90,120,10,1,24,141,1,120,1.27e-42,156,"TCCCATTAG","-"
"539",861,"Tzi9_HLFTVCCXX_L8_read440","MuTIR_6",96.19,105,4,0,46,150,1,105,1.26e-47,172,"TGCACTACG","+"
"540",862,"Tzi9_HLFTVCCXX_L8_read441","MuTIR_6",95.455,110,5,0,41,150,1,110,9.77e-49,176,"TGCACTACG","+"
"542",864,"Tzi9_HLFTVCCXX_L8_read450","MuTIR_6",96.226,106,4,0,45,150,1,106,3.51e-48,174,"AGGAGAGGG","+"
"543",865,"Tzi9_HLFTVCCXX_L8_read451","MuTIR_6",94.203,138,8,0,12,149,1,138,2.68e-59,211,"AGGAGAGGG","+"
"544",866,"Tzi9_HLFTVCCXX_L8_read452","MuTIR_6",95.294,85,4,0,66,150,1,85,1.66e-36,135,"AGGAGAGGG","+"
