"","X","qname","sname","percent_identity","alignment_length","mismatches","gap_opens","q_start","q_end","s_start","s_end","evalue","bit_score","tsds","strand"
"1",1,"VA102_HFFGKADXX_AGTTCC_read3","MuTIR_1",96.512,86,2,1,64,149,1,85,3.59e-38,141,"GTTCAGAAA","+"
"2",2,"VA102_HFFGKADXX_AGTTCC_read4","MuTIR_1",90.654,107,8,2,46,151,1,106,3.59e-38,141,"CTTTGAGAG","+"
"6",6,"VA102_HFFGKADXX_AGTTCC_read12","MuTIR_1",95.789,95,3,1,32,126,1,94,1.66e-41,152,"TCTTTCTGA","-"
"7",20,"VA102_HFFGKADXX_AGTTCC_read51","MuTIR_2",97.059,68,2,0,62,129,1,68,2.18e-30,115,"GGCCGGGCG","+"
"14",27,"VA102_HFFGKADXX_AGTTCC_read62","MuTIR_2",97.059,68,2,0,22,89,1,68,2.18e-30,115,"TGAAAGGGA","-"
"16",35,"VA102_HFFGKADXX_AGTTCC_read77","MuTIR_2",88.889,63,5,2,90,151,1,62,1.03e-18,76.8,"CCTCCTTAA","+"
"19",41,"VA102_HFFGKADXX_AGTTCC_read92","MuTIR_3",92.308,104,8,0,48,151,1,104,2.15e-40,148,"TCCTACAGG","+"
"20",42,"VA102_HFFGKADXX_AGTTCC_read93","MuTIR_3",96.226,53,2,0,92,144,1,53,4.74e-22,87.9,"AAAAAATGG","+"
"21",43,"VA102_HFFGKADXX_AGTTCC_read96","MuTIR_3",94.958,119,6,0,28,146,1,119,4.55e-52,187,"TGGCGAACC","+"
"22",44,"VA102_HFFGKADXX_AGTTCC_read97","MuTIR_3",93.548,124,8,0,28,151,1,124,1.63e-51,185,"GGCCCCCAC","+"
"23",45,"VA102_HFFGKADXX_AGTTCC_read99","MuTIR_3",93.233,133,9,0,8,140,1,133,7.55e-55,196,"AACGACGCT","-"
"24",46,"VA102_HFFGKADXX_AGTTCC_read100","MuTIR_3",94.737,133,7,0,9,141,1,133,3.49e-58,207,"AACGACGAT","-"
"25",47,"VA102_HFFGKADXX_AGTTCC_read101","MuTIR_3",90.977,133,12,0,1,133,1,133,7.61e-50,180,"AATGACAAT","-"
"29",51,"VA102_HFFGKADXX_AGTTCC_read111","MuTIR_3",89.333,75,8,0,66,140,1,75,2.83e-24,95.3,"CCTCTAGAG","+"
"30",52,"VA102_HFFGKADXX_AGTTCC_read112","MuTIR_3",90.984,122,11,0,27,148,1,122,2.13e-45,165,"TCATCTCTC","+"
"31",53,"VA102_HFFGKADXX_AGTTCC_read114","MuTIR_3",92.593,81,5,1,71,151,1,80,2.18e-30,115,"GTTCTGTAC","+"
"32",54,"VA102_HFFGKADXX_AGTTCC_read115","MuTIR_3",92.105,114,9,0,33,146,1,114,2.76e-44,161,"TCATCTCTC","+"
"37",63,"VA102_HFFGKADXX_AGTTCC_read127","MuTIR_3",92.623,122,9,0,28,149,1,122,9.84e-49,176,"TCGGCAAGC","+"
"38",64,"VA102_HFFGKADXX_AGTTCC_read128","MuTIR_3",93.694,111,7,0,40,150,1,111,5.92e-46,167,"GAGAGAGAG","+"
"42",80,"VA102_HFFGKADXX_AGTTCC_read160","MuTIR_4",93.388,121,8,0,28,148,1,121,2.11e-50,182,"CCGAAGACT","+"
"43",81,"VA102_HFFGKADXX_AGTTCC_read163","MuTIR_4",91.358,81,7,0,70,150,1,81,2.81e-29,111,"GTTAAAAAG","+"
"46",88,"VA102_HFFGKADXX_AGTTCC_read192","MuTIR_5",89.655,87,7,1,67,151,1,87,2.81e-29,111,"ATTGAGCCC","+"
"48",93,"VA102_HFFGKADXX_AGTTCC_read216","MuTIR_6",95.775,71,3,0,81,151,1,71,2.18e-30,115,"TCCTAGGCT","+"
"50",96,"VA102_HL5WNCCXX_L4_read2","MuTIR_1",98.824,85,0,1,63,147,1,84,5.92e-41,150,"CTCCCAGTG","+"
"51",97,"VA102_HL5WNCCXX_L4_read6","MuTIR_1",95,80,3,1,71,150,1,79,3.59e-33,124,"GCTACATCT","+"
"52",98,"VA102_HL5WNCCXX_L4_read7","MuTIR_1",100,32,0,0,119,150,1,32,1.03e-13,60.2,"CACTGGGAG","+"
"53",99,"VA102_HL5WNCCXX_L4_read11","MuTIR_1",94.872,78,3,1,73,150,1,77,4.64e-32,121,"CTCGCGCAG","+"
"54",100,"VA102_HL5WNCCXX_L4_read12","MuTIR_1",95.789,95,3,1,13,107,1,94,1.65e-41,152,"CAAGGTGGG","+"
"55",101,"VA102_HL5WNCCXX_L4_read13","MuTIR_1",96.947,131,3,1,16,146,1,130,1.6e-61,219,"CACTGGGAG","+"
"56",102,"VA102_HL5WNCCXX_L4_read14","MuTIR_1",89.231,130,13,1,21,150,1,129,2.74e-44,161,"CTATGAAAG","+"
"57",103,"VA102_HL5WNCCXX_L4_read15","MuTIR_1",95.556,90,3,1,61,150,1,89,9.91e-39,143,"CCCACCTTG","+"
"58",104,"VA102_HL5WNCCXX_L4_read16","MuTIR_1",95.2,125,5,1,26,150,1,124,7.5e-55,196,"ACCTAACAC","+"
"59",105,"VA102_HL5WNCCXX_L4_read19","MuTIR_1",91.729,133,10,1,18,150,1,132,5.84e-51,183,"CTCTCTTTC","+"
"60",106,"VA102_HL5WNCCXX_L4_read20","MuTIR_1",100,37,0,0,114,150,1,37,1.71e-16,69.4,"TATTTGTGG","+"
"61",107,"VA102_HL5WNCCXX_L4_read21","MuTIR_1",94.118,136,7,1,15,150,1,135,1.25e-57,206,"TTTCTGAAC","+"
"62",108,"VA102_HL5WNCCXX_L4_read24","MuTIR_1",97.849,93,1,1,58,150,1,92,9.84e-44,159,"TATTTGTGG","+"
"63",109,"VA102_HL5WNCCXX_L4_read27","MuTIR_1",93.59,78,4,1,73,150,1,77,2.16e-30,115,"CTCGCACAG","+"
"64",110,"VA102_HL5WNCCXX_L4_read29","MuTIR_1",96.947,131,3,1,16,146,1,130,1.6e-61,219,"CACTGGGAG","+"
"65",111,"VA102_HL5WNCCXX_L4_read30","MuTIR_1",94.118,136,7,1,15,150,1,135,1.25e-57,206,"TTTCTGAAC","+"
"66",112,"VA102_HL5WNCCXX_L4_read32","MuTIR_1",95.349,86,3,1,65,150,1,85,1.66e-36,135,"AGATGTAGC","+"
"67",113,"VA102_HL5WNCCXX_L4_read35","MuTIR_1",98.701,77,0,1,74,150,1,76,1.66e-36,135,"CTCCCAGTG","+"
"68",114,"VA102_HL5WNCCXX_L4_read36","MuTIR_1",94.118,136,7,1,15,150,1,135,1.25e-57,206,"TTTCTGAAC","+"
"69",115,"VA102_HL5WNCCXX_L4_read39","MuTIR_1",94.964,139,6,1,12,150,1,138,5.76e-61,217,"AGATGTAGC","+"
"70",116,"VA102_HL5WNCCXX_L4_read41","MuTIR_1",95.05,101,4,1,49,149,1,100,3.54e-43,158,"AGATGTAGC","+"
"71",117,"VA102_HL5WNCCXX_L4_read47","MuTIR_1",96.639,119,3,1,32,150,1,118,7.5e-55,196,"CTCCCAGTG","+"
"72",118,"VA102_HL5WNCCXX_L4_read49","MuTIR_1",91.729,133,10,1,18,150,1,132,5.84e-51,183,"CTCTCTTTC","+"
"73",119,"VA102_HL5WNCCXX_L4_read52","MuTIR_1",94.872,78,3,1,73,150,1,77,4.64e-32,121,"CTCTCTGAT","+"
"74",120,"VA102_HL5WNCCXX_L4_read55","MuTIR_1",97.674,43,1,0,108,150,1,43,3.67e-18,75,"GAAAGAGAG","+"
"75",121,"VA102_HL5WNCCXX_L4_read56","MuTIR_1",97.479,119,2,1,26,144,1,118,1.61e-56,202,"CACTGGGAG","+"
"76",122,"VA102_HL5WNCCXX_L4_read57","MuTIR_1",95.652,115,4,1,36,150,1,114,5.84e-51,183,"GTTCAGAAA","+"
"77",123,"VA102_HL5WNCCXX_L4_read59","MuTIR_1",94.828,116,5,1,35,150,1,115,7.55e-50,180,"AGATTTGAT","+"
"78",124,"VA102_HL5WNCCXX_L4_read61","MuTIR_1",95.05,101,4,1,49,149,1,100,3.54e-43,158,"AGATGTAGC","+"
"79",125,"VA102_HL5WNCCXX_L4_read63","MuTIR_1",95.789,95,3,1,51,145,1,94,1.65e-41,152,"CAAGGTGGG","+"
"80",126,"VA102_HL5WNCCXX_L4_read65","MuTIR_1",95.789,95,3,1,51,145,1,94,1.65e-41,152,"CAAGGTGGG","+"
"82",128,"VA102_HL5WNCCXX_L4_read69","MuTIR_1",98.701,77,0,1,74,150,1,76,1.66e-36,135,"CTCCCAGTG","+"
"83",129,"VA102_HL5WNCCXX_L4_read70","MuTIR_1",97.479,119,2,1,26,144,1,118,1.61e-56,202,"CACTGGGAG","+"
"84",130,"VA102_HL5WNCCXX_L4_read71","MuTIR_1",97.26,73,1,1,76,148,1,72,1.29e-32,122,"CACAAATAG","+"
"85",131,"VA102_HL5WNCCXX_L4_read76","MuTIR_1",94.245,139,7,1,12,150,1,138,2.68e-59,211,"GCTACATCT","+"
"86",132,"VA102_HL5WNCCXX_L4_read77","MuTIR_1",97.778,45,1,0,82,126,1,45,2.83e-19,78.7,"GAAAGAGAG","+"
"87",133,"VA102_HL5WNCCXX_L4_read78","MuTIR_1",95.614,114,4,1,37,150,1,113,2.1e-50,182,"GTTCAGAAA","+"
"88",134,"VA102_HL5WNCCXX_L4_read79","MuTIR_1",98.462,65,0,1,86,150,1,64,7.77e-30,113,"TATTTGTGG","+"
"89",135,"VA102_HL5WNCCXX_L4_read80","MuTIR_1",94.872,117,5,1,34,150,1,116,2.1e-50,182,"AGATTTGAT","+"
"90",136,"VA102_HL5WNCCXX_L4_read81","MuTIR_1",100,37,0,0,114,150,1,37,1.71e-16,69.4,"TATTTGTGG","+"
"91",137,"VA102_HL5WNCCXX_L4_read82","MuTIR_1",96.947,131,3,1,16,146,1,130,1.6e-61,219,"CACTGGGAG","+"
"92",138,"VA102_HL5WNCCXX_L4_read83","MuTIR_1",94.805,77,3,1,74,150,1,76,1.67e-31,119,"GCTACATCT","+"
"97",143,"VA102_HL5WNCCXX_L4_read94","MuTIR_1",93.684,95,5,1,46,140,1,94,3.56e-38,141,"TCTTTCTGA","-"
"110",156,"VA102_HL5WNCCXX_L4_read111","MuTIR_1",92.632,95,6,1,46,140,1,94,1.66e-36,135,"TCTTTCTGA","-"
"128",174,"VA102_HL5WNCCXX_L4_read136","MuTIR_1",93.684,95,5,1,39,133,1,94,3.56e-38,141,"TCTTTCTGA","-"
"157",208,"VA102_HL5WNCCXX_L4_read193","MuTIR_1",94.737,95,4,1,15,109,1,94,7.66e-40,147,"TCTTTCTGA","-"
"158",209,"VA102_HL5WNCCXX_L4_read198","MuTIR_1",90.076,131,8,2,25,150,1,131,2.11e-45,165,"CAAGGACGC","+"
"159",210,"VA102_HL5WNCCXX_L4_read200","MuTIR_1",93.846,65,3,1,80,144,1,64,7.82e-25,97.1,"CTGTGCGAG","+"
"160",211,"VA102_HL5WNCCXX_L4_read204","MuTIR_1",89.231,65,6,1,86,150,1,64,7.88e-20,80.5,"CTGTGCGAG","+"
"161",215,"VA102_HL5WNCCXX_L4_read219","MuTIR_1",93.846,65,3,1,71,135,1,64,7.82e-25,97.1,"GTTGGCGTT","-"
"164",277,"VA102_HL5WNCCXX_L4_read409","MuTIR_2",94.186,86,5,0,65,150,1,86,2.15e-35,132,"GTTGGCTAG","+"
"165",278,"VA102_HL5WNCCXX_L4_read410","MuTIR_2",91.139,79,7,0,72,150,1,79,3.61e-28,108,"ATCCACCAC","+"
"166",279,"VA102_HL5WNCCXX_L4_read413","MuTIR_2",85.294,136,20,0,14,149,1,136,3.56e-38,141,"ATCTAGGCC","+"
"167",280,"VA102_HL5WNCCXX_L4_read414","MuTIR_2",94.048,84,5,0,67,150,1,84,2.77e-34,128,"CCCACAGGG","+"
"168",281,"VA102_HL5WNCCXX_L4_read415","MuTIR_2",92.771,83,6,0,68,150,1,83,4.64e-32,121,"AGTTTTAGG","+"
"169",282,"VA102_HL5WNCCXX_L4_read416","MuTIR_2",95.588,68,3,0,81,148,1,68,1.01e-28,110,"CCCACAGGG","+"
"171",284,"VA102_HL5WNCCXX_L4_read420","MuTIR_2",85,140,21,0,10,149,1,140,9.91e-39,143,"ATCTAGGCC","+"
"173",286,"VA102_HL5WNCCXX_L4_read426","MuTIR_2",88.889,108,12,0,41,148,1,108,5.96e-36,134,"GTGGGAGAC","+"
"174",287,"VA102_HL5WNCCXX_L4_read430","MuTIR_2",91.111,90,8,0,56,145,1,90,1.29e-32,122,"TTAAGGAGG","+"
"175",288,"VA102_HL5WNCCXX_L4_read434","MuTIR_2",94.167,120,7,0,29,148,1,120,5.84e-51,183,"TTCCTCGCC","+"
"177",290,"VA102_HL5WNCCXX_L4_read437","MuTIR_2",97.059,68,2,0,16,83,1,68,2.16e-30,115,"GGCCGGGCG","+"
"178",291,"VA102_HL5WNCCXX_L4_read438","MuTIR_2",91.509,106,9,0,45,150,1,106,7.66e-40,147,"TCCAACGAG","+"
"179",292,"VA102_HL5WNCCXX_L4_read439","MuTIR_2",94.167,120,7,0,29,148,1,120,5.84e-51,183,"TTCCTCGCC","+"
"180",293,"VA102_HL5WNCCXX_L4_read442","MuTIR_2",90.789,76,7,0,67,142,1,76,1.68e-26,102,"ACATGGTGG","+"
"181",294,"VA102_HL5WNCCXX_L4_read443","MuTIR_2",86.719,128,17,0,23,150,1,128,9.91e-39,143,"CTACTCGGT","+"
"182",295,"VA102_HL5WNCCXX_L4_read444","MuTIR_2",94.167,120,7,0,29,148,1,120,5.84e-51,183,"TTCCTCGCC","+"
"183",296,"VA102_HL5WNCCXX_L4_read448","MuTIR_2",92.857,112,8,0,39,150,1,112,7.61e-45,163,"GTTGGCTAG","+"
"184",297,"VA102_HL5WNCCXX_L4_read449","MuTIR_2",93.333,120,8,0,30,149,1,120,2.72e-49,178,"GTTGGCTAG","+"
"185",298,"VA102_HL5WNCCXX_L4_read453","MuTIR_2",90.789,76,7,0,67,142,1,76,1.68e-26,102,"ACATGGTGG","+"
"186",299,"VA102_HL5WNCCXX_L4_read454","MuTIR_2",91.667,72,6,0,78,149,1,72,6.05e-26,100,"ATCCACCAC","+"
"187",300,"VA102_HL5WNCCXX_L4_read457","MuTIR_2",92.126,127,10,0,24,150,1,127,7.55e-50,180,"GTTGGATCA","+"
"188",301,"VA102_HL5WNCCXX_L4_read458","MuTIR_2",93.162,117,8,0,29,145,1,117,1.26e-47,172,"GCAAGGGAA","+"
"189",302,"VA102_HL5WNCCXX_L4_read460","MuTIR_2",95.588,68,3,0,34,101,1,68,1.01e-28,110,"GGCCGGGCG","+"
"190",303,"VA102_HL5WNCCXX_L4_read462","MuTIR_2",90.164,61,6,0,90,150,1,61,7.88e-20,80.5,"ATCTAGGCC","+"
"191",304,"VA102_HL5WNCCXX_L4_read463","MuTIR_2",91.803,61,5,0,90,150,1,61,1.69e-21,86.1,"ATCTAGGCC","+"
"193",306,"VA102_HL5WNCCXX_L4_read467","MuTIR_2",97.059,68,2,0,34,101,1,68,2.16e-30,115,"GGCCGGGCG","+"
"194",307,"VA102_HL5WNCCXX_L4_read470","MuTIR_2",89.796,98,10,0,53,150,1,98,9.98e-34,126,"TTAAGGAGG","+"
"195",308,"VA102_HL5WNCCXX_L4_read472","MuTIR_2",97.059,68,2,0,41,108,1,68,2.16e-30,115,"GGCCGGGCG","+"
"196",309,"VA102_HL5WNCCXX_L4_read473","MuTIR_2",97.059,68,2,0,16,83,1,68,2.16e-30,115,"GGCCGGGCG","+"
"197",310,"VA102_HL5WNCCXX_L4_read474","MuTIR_2",92.683,82,6,0,61,142,1,82,1.67e-31,119,"CTACTCGGT","+"
"198",311,"VA102_HL5WNCCXX_L4_read476","MuTIR_2",94.382,89,5,0,62,150,1,89,4.61e-37,137,"TTCTGCTAG","+"
"199",312,"VA102_HL5WNCCXX_L4_read479","MuTIR_2",94.382,89,5,0,62,150,1,89,4.61e-37,137,"TTCTGCTAG","+"
"200",313,"VA102_HL5WNCCXX_L4_read482","MuTIR_2",97.403,77,2,0,73,149,1,77,2.15e-35,132,"TTCCTCGCC","+"
"201",314,"VA102_HL5WNCCXX_L4_read483","MuTIR_2",93.75,112,7,0,39,150,1,112,1.63e-46,169,"TTCCTCGCC","+"
"203",316,"VA102_HL5WNCCXX_L4_read488","MuTIR_2",95.062,81,3,1,71,150,1,81,9.98e-34,126,"CCCAGAGCC","+"
"204",317,"VA102_HL5WNCCXX_L4_read489","MuTIR_2",92.424,132,10,0,19,150,1,132,1.25e-52,189,"TTAACAAGG","+"
"205",318,"VA102_HL5WNCCXX_L4_read490","MuTIR_2",91.429,105,9,0,46,150,1,105,2.76e-39,145,"CCCACAGGG","+"
"206",319,"VA102_HL5WNCCXX_L4_read491","MuTIR_2",91.071,112,10,0,39,150,1,112,1.65e-41,152,"CCCACAGGG","+"
"207",320,"VA102_HL5WNCCXX_L4_read493","MuTIR_2",96.825,63,2,0,88,150,1,63,1.3e-27,106,"CCCAGAGCC","+"
"208",321,"VA102_HL5WNCCXX_L4_read494","MuTIR_2",85,140,21,0,10,149,1,140,9.91e-39,143,"ATCTAGGCC","+"
"211",324,"VA102_HL5WNCCXX_L4_read501","MuTIR_2",89.062,128,14,0,9,136,1,128,9.84e-44,159,"CAGTAGTGA","-"
"223",336,"VA102_HL5WNCCXX_L4_read528","MuTIR_2",97.059,68,2,0,72,139,1,68,2.16e-30,115,"TGAAAGGGA","-"
"231",344,"VA102_HL5WNCCXX_L4_read542","MuTIR_2",93.798,129,8,0,9,137,1,129,2.7e-54,195,"CGGATAGAA","-"
"248",386,"VA102_HL5WNCCXX_L4_read629","MuTIR_2",86.747,83,8,1,68,147,1,83,1.31e-22,89.8,"CTCGTTGGA","+"
"251",403,"VA102_HL5WNCCXX_L4_read656","MuTIR_2",86.179,123,15,2,29,150,1,122,2.15e-35,132,"GTCTCCCAC","+"
"252",404,"VA102_HL5WNCCXX_L4_read658","MuTIR_2",86.179,123,15,2,29,150,1,122,2.15e-35,132,"GTCTCCCAC","+"
"253",407,"VA102_HL5WNCCXX_L4_read666","MuTIR_2",87.963,108,11,2,40,146,1,107,9.98e-34,126,"CCTCCTTAA","+"
"254",409,"VA102_HL5WNCCXX_L4_read669","MuTIR_2",86.822,129,15,2,16,143,1,128,9.91e-39,143,"CCTCCTTAA","+"
"258",419,"VA102_HL5WNCCXX_L4_read696","MuTIR_2",89.706,68,7,0,77,144,1,68,4.71e-22,87.9,"TTCCCTTGC","+"
"259",421,"VA102_HL5WNCCXX_L4_read698","MuTIR_2",85.833,120,15,1,30,147,1,120,9.98e-34,126,"ATTCGTGTG","+"
"260",422,"VA102_HL5WNCCXX_L4_read699","MuTIR_2",89.706,68,7,0,77,144,1,68,4.71e-22,87.9,"TTCCCTTGC","+"
"261",423,"VA102_HL5WNCCXX_L4_read700","MuTIR_2",89.706,68,7,0,77,144,1,68,4.71e-22,87.9,"TTCCCTTGC","+"
"264",441,"VA102_HL5WNCCXX_L4_read728","MuTIR_2",88.889,90,10,0,59,148,1,90,2.79e-29,111,"TTCTGCTAG","+"
"265",445,"VA102_HL5WNCCXX_L4_read732","MuTIR_2",87.879,99,12,0,52,150,1,99,6.01e-31,117,"TCCTTGGAC","+"
"266",446,"VA102_HL5WNCCXX_L4_read734","MuTIR_2",88.281,128,15,0,11,138,1,128,4.58e-42,154,"TCCTTGGAC","+"
"268",458,"VA102_HL5WNCCXX_L4_read795","MuTIR_3",93.233,133,9,0,10,142,1,133,7.5e-55,196,"TGGTTCGCC","+"
"269",459,"VA102_HL5WNCCXX_L4_read796","MuTIR_3",94.545,110,6,0,41,150,1,110,4.55e-47,171,"AAAACATTC","+"
"270",460,"VA102_HL5WNCCXX_L4_read797","MuTIR_3",93.913,115,7,0,36,150,1,115,3.51e-48,174,"GGCCCCCAC","+"
"271",461,"VA102_HL5WNCCXX_L4_read799","MuTIR_3",96,50,2,0,101,150,1,50,2.19e-20,82.4,"TGGTTCGCC","+"
"272",462,"VA102_HL5WNCCXX_L4_read801","MuTIR_3",94.697,132,7,0,19,150,1,132,1.25e-57,206,"AAAAAATGG","+"
"273",463,"VA102_HL5WNCCXX_L4_read802","MuTIR_3",91.791,134,7,4,19,150,1,132,5.84e-51,183,"CATATGTAC","+"
"274",464,"VA102_HL5WNCCXX_L4_read803","MuTIR_3",92.308,117,9,0,31,147,1,117,5.88e-46,167,"GTTTCCCAA","+"
"275",465,"VA102_HL5WNCCXX_L4_read804","MuTIR_3",94.545,110,6,0,41,150,1,110,4.55e-47,171,"AAAACATTC","+"
"276",466,"VA102_HL5WNCCXX_L4_read805","MuTIR_3",87.069,116,6,3,37,144,1,115,1.29e-32,122,"CTCGCATGG","+"
"277",467,"VA102_HL5WNCCXX_L4_read806","MuTIR_3",93.204,103,5,2,49,150,1,102,5.92e-41,150,"CATATGTAC","+"
"278",468,"VA102_HL5WNCCXX_L4_read807","MuTIR_3",96.154,52,2,0,93,144,1,52,1.69e-21,86.1,"CATATGTAC","+"
"279",469,"VA102_HL5WNCCXX_L4_read808","MuTIR_3",91.837,98,6,2,54,150,1,97,1.66e-36,135,"CCCTGCGAG","+"
"280",470,"VA102_HL5WNCCXX_L4_read809","MuTIR_3",91.398,93,8,0,58,150,1,93,2.77e-34,128,"CCGTTTTTT","+"
"281",471,"VA102_HL5WNCCXX_L4_read812","MuTIR_3",93.913,115,7,0,36,150,1,115,3.51e-48,174,"GGCCCCCAC","+"
"283",473,"VA102_HL5WNCCXX_L4_read815","MuTIR_3",93.86,114,5,2,37,149,1,113,4.55e-47,171,"CATATGTAC","+"
"286",476,"VA102_HL5WNCCXX_L4_read820","MuTIR_3",94.545,110,6,0,41,150,1,110,4.55e-47,171,"AAAACATTC","+"
"287",477,"VA102_HL5WNCCXX_L4_read822","MuTIR_3",93.407,91,6,0,60,150,1,91,1.66e-36,135,"TGGCGAACC","+"
"294",484,"VA102_HL5WNCCXX_L4_read837","MuTIR_3",92.481,133,10,0,6,138,1,133,3.49e-53,191,"AACGACGAT","-"
"296",486,"VA102_HL5WNCCXX_L4_read840","MuTIR_3",94.737,133,7,0,4,136,1,133,3.46e-58,207,"AACGACGAT","-"
"304",500,"VA102_HL5WNCCXX_L4_read856","MuTIR_3",90.323,93,9,0,58,150,1,93,1.29e-32,122,"CACGGAAGG","+"
"305",501,"VA102_HL5WNCCXX_L4_read857","MuTIR_3",94.366,71,4,0,80,150,1,71,1.01e-28,110,"CACGGAAGG","+"
"306",502,"VA102_HL5WNCCXX_L4_read858","MuTIR_3",96.053,76,3,0,75,150,1,76,3.59e-33,124,"ACTGACGGG","+"
"307",503,"VA102_HL5WNCCXX_L4_read860","MuTIR_3",94.318,88,5,0,63,150,1,88,1.66e-36,135,"ACTGACGGG","+"
"308",504,"VA102_HL5WNCCXX_L4_read861","MuTIR_3",90.323,93,9,0,58,150,1,93,1.29e-32,122,"CACGGAAGG","+"
"309",505,"VA102_HL5WNCCXX_L4_read862","MuTIR_3",94.318,88,5,0,63,150,1,88,1.66e-36,135,"ACTGACGGG","+"
"310",506,"VA102_HL5WNCCXX_L4_read863","MuTIR_3",95.062,81,3,1,70,150,1,80,9.98e-34,126,"ACTGACGGG","+"
"311",507,"VA102_HL5WNCCXX_L4_read867","MuTIR_3",90.84,131,12,0,19,149,1,131,9.77e-49,176,"CACGGAAGG","+"
"312",508,"VA102_HL5WNCCXX_L4_read868","MuTIR_3",90.722,97,9,0,54,150,1,97,7.71e-35,130,"AGGGGTCGC","+"
"313",509,"VA102_HL5WNCCXX_L4_read870","MuTIR_3",90.323,93,9,0,58,150,1,93,1.29e-32,122,"CACGGAAGG","+"
"318",515,"VA102_HL5WNCCXX_L4_read879","MuTIR_3",92.969,128,9,0,13,140,1,128,4.51e-52,187,"TGGATTCAG","-"
"328",545,"VA102_HL5WNCCXX_L4_read925","MuTIR_3",91.935,62,5,0,89,150,1,62,4.71e-22,87.9,"CTCTCTCTC","+"
"329",548,"VA102_HL5WNCCXX_L4_read928","MuTIR_3",92.623,122,9,0,28,149,1,122,9.77e-49,176,"TCGGCAAGC","+"
"330",549,"VA102_HL5WNCCXX_L4_read929","MuTIR_3",90.805,87,8,0,64,150,1,87,6.01e-31,117,"GGGACGGGG","+"
"332",552,"VA102_HL5WNCCXX_L4_read933","MuTIR_3",93.694,111,7,0,39,149,1,111,5.88e-46,167,"GAGAGAGAG","+"
"333",553,"VA102_HL5WNCCXX_L4_read934","MuTIR_3",93.506,77,5,0,72,148,1,77,2.16e-30,115,"GCAAACCAA","+"
"334",554,"VA102_HL5WNCCXX_L4_read935","MuTIR_3",92.391,92,7,0,59,150,1,92,2.15e-35,132,"CTCTCTCTC","+"
"336",556,"VA102_HL5WNCCXX_L4_read937","MuTIR_3",91.803,61,5,0,90,150,1,61,1.69e-21,86.1,"CTCTCTCTC","+"
"337",557,"VA102_HL5WNCCXX_L4_read938","MuTIR_3",92.308,130,10,0,21,150,1,130,1.62e-51,185,"TCGGCAAGC","+"
"338",558,"VA102_HL5WNCCXX_L4_read939","MuTIR_3",91.919,99,8,0,52,150,1,99,1.28e-37,139,"CCCGTCCCC","+"
"353",653,"VA102_HL5WNCCXX_L4_read1105","MuTIR_4",95.455,66,3,0,85,150,1,66,1.3e-27,106,"CCGAAGACT","+"
"354",654,"VA102_HL5WNCCXX_L4_read1110","MuTIR_4",90.741,108,10,0,43,150,1,108,7.66e-40,147,"CTCTCTTGC","+"
"355",655,"VA102_HL5WNCCXX_L4_read1111","MuTIR_4",93.75,64,4,0,87,150,1,64,7.82e-25,97.1,"CGGCCCGTG","+"
"356",656,"VA102_HL5WNCCXX_L4_read1117","MuTIR_4",87.129,101,13,0,49,149,1,101,2.16e-30,115,"GTTAAAAAG","+"
"357",657,"VA102_HL5WNCCXX_L4_read1122","MuTIR_4",92.857,70,5,0,81,150,1,70,1.68e-26,102,"GCTGTCGAC","+"
"358",658,"VA102_HL5WNCCXX_L4_read1123","MuTIR_4",90.833,120,11,0,11,130,1,120,7.61e-45,163,"CGGCCACCG","+"
"359",659,"VA102_HL5WNCCXX_L4_read1125","MuTIR_4",89.076,119,13,0,32,150,1,119,5.92e-41,150,"CGGCCACCG","+"
"360",660,"VA102_HL5WNCCXX_L4_read1128","MuTIR_4",91.892,111,9,0,40,150,1,111,3.54e-43,158,"CGGCCACCG","+"
"361",661,"VA102_HL5WNCCXX_L4_read1130","MuTIR_4",91.892,111,9,0,40,150,1,111,3.54e-43,158,"CGGCCACCG","+"
"362",662,"VA102_HL5WNCCXX_L4_read1135","MuTIR_4",92.424,66,5,0,85,150,1,66,2.81e-24,95.3,"GTTAAAAAG","+"
"363",663,"VA102_HL5WNCCXX_L4_read1136","MuTIR_4",93.75,64,4,0,87,150,1,64,7.82e-25,97.1,"CGGCCCGTG","+"
"364",664,"VA102_HL5WNCCXX_L4_read1139","MuTIR_4",94.286,70,4,0,81,150,1,70,3.61e-28,108,"GCTGTCGAC","+"
"365",665,"VA102_HL5WNCCXX_L4_read1141","MuTIR_4",93.684,95,4,2,53,147,1,93,3.56e-38,141,"CGGCCCGTG","+"
"366",666,"VA102_HL5WNCCXX_L4_read1142","MuTIR_4",87.179,117,15,0,32,148,1,117,1.66e-36,135,"GTGACTGAG","+"
"367",667,"VA102_HL5WNCCXX_L4_read1144","MuTIR_4",94.231,52,3,0,99,150,1,52,7.88e-20,80.5,"GCTGTCGAC","+"
"368",668,"VA102_HL5WNCCXX_L4_read1148","MuTIR_4",94.545,55,3,0,96,150,1,55,1.69e-21,86.1,"CGGCCCGTG","+"
"384",698,"VA102_HL5WNCCXX_L4_read1274","MuTIR_4",86.822,129,17,0,22,150,1,129,7.66e-40,147,"GTGTGTGGG","+"
"388",727,"VA102_HL5WNCCXX_L4_read1327","MuTIR_5",95.918,49,2,0,97,145,1,49,7.88e-20,80.5,"CGAGACGGC","+"
"389",728,"VA102_HL5WNCCXX_L4_read1328","MuTIR_5",89.744,117,10,1,30,144,1,117,5.92e-41,150,"ATTGAGCCC","+"
"390",729,"VA102_HL5WNCCXX_L4_read1330","MuTIR_5",91.15,113,8,1,37,147,1,113,4.58e-42,154,"CGAGACGGC","+"
"391",730,"VA102_HL5WNCCXX_L4_read1338","MuTIR_5",93.333,45,3,0,106,150,1,45,6.14e-16,67.6,"GACGCTCGC","+"
"392",731,"VA102_HL5WNCCXX_L4_read1343","MuTIR_5",85.47,117,15,1,35,149,1,117,1.29e-32,122,"ACCTTGACA","+"
"397",737,"VA102_HL5WNCCXX_L4_read1422","MuTIR_6",96.97,66,2,0,85,150,1,66,2.79e-29,111,"TGCACTACG","+"
"398",738,"VA102_HL5WNCCXX_L4_read1430","MuTIR_6",95.876,97,4,0,54,150,1,97,3.54e-43,158,"TGCACTACA","+"
"399",739,"VA102_HL5WNCCXX_L4_read1434","MuTIR_6",96.117,103,4,0,48,150,1,103,1.63e-46,169,"TGCACTACA","+"
"400",740,"VA102_HL5WNCCXX_L4_read1435","MuTIR_6",95.699,93,4,0,55,147,1,93,5.92e-41,150,"TGCACTACG","+"
"401",741,"VA102_HL5WNCCXX_L4_read1442","MuTIR_6",95.238,105,5,0,46,150,1,105,5.88e-46,167,"TGCACTACG","+"
"405",745,"VA102_HL5WNCCXX_L4_read1454","MuTIR_6",90.598,117,10,1,7,122,1,117,4.58e-42,154,"AATCGATAT","-"
"408",748,"VA102_HL5WNCCXX_L4_read1469","MuTIR_6",94.805,77,4,0,74,150,1,77,4.64e-32,121,"AGGAGAGGG","+"
"409",749,"VA102_HL5WNCCXX_L4_read1471","MuTIR_6",94.915,118,4,2,30,146,1,117,5.84e-51,183,"CTTTTAGAG","+"
"410",750,"VA102_HL5WNCCXX_L4_read1472","MuTIR_6",93.333,135,7,2,17,150,1,134,2.09e-55,198,"CTTTTAGAG","+"
"411",751,"VA102_HL5WNCCXX_L4_read1476","MuTIR_6",93.333,75,5,0,74,148,1,75,2.79e-29,111,"AGGAGAGGG","+"
"412",752,"VA102_HL5WNCCXX_L4_read1477","MuTIR_6",94.545,110,4,2,42,150,1,109,1.63e-46,169,"CTTTTAGAG","+"
"424",767,"VA102_HL5WNCCXX_L4_read1514","MuTIR_6",92.308,78,6,0,73,150,1,78,2.79e-29,111,"AACGCAGAA","+"
"427",770,"VA102_HL5WNCCXX_L4_read1517","MuTIR_6",93.103,116,8,0,33,148,1,116,4.55e-47,171,"AACGCAGAA","+"
"429",789,"VA102_HL5WNCCXX_L4_read1582","MuTIR_7",93.277,119,7,1,30,148,1,118,2.72e-49,178,"TCGTACCGC","+"
"430",790,"VA102_HL5WNCCXX_L4_read1583","MuTIR_7",93.023,129,8,1,22,150,1,128,3.49e-53,191,"TCGTACCGC","+"
"431",791,"VA102_HL5WNCCXX_L4_read1584","MuTIR_7",91.667,72,6,0,79,150,1,72,4.68e-27,104,"TCGTACCGC","+"
"432",792,"VA102_HL5WNCCXX_L4_read1587","MuTIR_7",92.913,127,8,1,24,150,1,126,4.51e-52,187,"TCGTACCGC","+"
"436",800,"VA102_HB1JCADXX_AGTTCC_read1","MuTIR_1",96.396,111,3,1,41,151,1,110,2.11e-50,182,"GAGAGCCTC","+"
"437",801,"VA102_HB1JCADXX_AGTTCC_read2","MuTIR_1",96.19,105,3,1,47,151,1,104,4.58e-47,171,"GAATACAAC","+"
"438",802,"VA102_HB1JCADXX_AGTTCC_read4","MuTIR_1",97.297,74,1,1,78,151,1,73,3.61e-33,124,"CACTGGGAG","+"
"439",803,"VA102_HB1JCADXX_AGTTCC_read5","MuTIR_1",94.444,90,4,1,62,151,1,89,4.64e-37,137,"ATCAAATCT","+"
"440",804,"VA102_HB1JCADXX_AGTTCC_read7","MuTIR_1",95.604,91,3,1,61,151,1,90,2.77e-39,145,"CCCACCTTG","+"
"441",805,"VA102_HB1JCADXX_AGTTCC_read8","MuTIR_1",97.273,110,1,2,36,145,1,108,1.63e-51,185,"TATTTGTGG","+"
"442",806,"VA102_HB1JCADXX_AGTTCC_read9","MuTIR_1",95.745,141,5,1,11,151,1,140,9.63e-64,226,"CACTGGGAG","+"
"443",807,"VA102_HB1JCADXX_AGTTCC_read10","MuTIR_1",96.721,61,1,1,91,151,1,60,6.09e-26,100,"GTTCAGAAA","+"
"444",808,"VA102_HB1JCADXX_AGTTCC_read11","MuTIR_1",93.976,83,4,1,62,144,1,82,3.61e-33,124,"CTCTCTTTC","+"
"452",817,"VA102_HB1JCADXX_AGTTCC_read34","MuTIR_1",89.474,95,5,2,62,151,1,95,2.18e-30,115,"CAAGGACGC","+"
"453",818,"VA102_HB1JCADXX_AGTTCC_read35","MuTIR_1",93.846,65,3,1,76,140,1,64,7.88e-25,97.1,"GTTGGCGTT","-"
"456",837,"VA102_HB1JCADXX_AGTTCC_read83","MuTIR_2",93.382,136,7,2,17,151,1,135,5.84e-56,200,"TGCCGCCGC","+"
"457",838,"VA102_HB1JCADXX_AGTTCC_read86","MuTIR_2",86.614,127,17,0,18,144,1,127,3.59e-38,141,"CTACTCGGT","+"
"458",839,"VA102_HB1JCADXX_AGTTCC_read89","MuTIR_2",93.798,129,8,0,17,145,1,129,2.72e-54,195,"TTCCTCGCC","+"
"459",840,"VA102_HB1JCADXX_AGTTCC_read90","MuTIR_2",95,120,4,2,33,151,1,119,4.55e-52,187,"CTTTGTAAG","+"
"460",841,"VA102_HB1JCADXX_AGTTCC_read91","MuTIR_2",90.164,122,12,0,27,148,1,122,9.91e-44,159,"TCCAACGAG","+"
"461",842,"VA102_HB1JCADXX_AGTTCC_read92","MuTIR_2",90.789,76,7,0,56,131,1,76,1.69e-26,102,"ACATGGTGG","+"
"462",843,"VA102_HB1JCADXX_AGTTCC_read94","MuTIR_2",91.111,90,8,0,57,146,1,90,1.3e-32,122,"GGCTCTGGG","+"
"468",855,"VA102_HB1JCADXX_AGTTCC_read125","MuTIR_2",89.706,68,5,2,85,151,1,67,1.71e-21,86.1,"CCTCCTTAA","+"
"469",856,"VA102_HB1JCADXX_AGTTCC_read126","MuTIR_2",86.822,129,15,2,13,140,1,128,9.98e-39,143,"CAGTAGTGA","-"
"471",864,"VA102_HB1JCADXX_AGTTCC_read141","MuTIR_3",91.791,134,9,2,15,147,1,133,1.63e-51,185,"CCCTGCGAG","+"
"472",865,"VA102_HB1JCADXX_AGTTCC_read143","MuTIR_3",93.86,114,7,0,38,151,1,114,1.27e-47,172,"CGCGCAGGG","+"
"474",867,"VA102_HB1JCADXX_AGTTCC_read147","MuTIR_3",91.791,134,9,2,15,147,1,133,1.63e-51,185,"CCCTGCGAG","+"
"475",868,"VA102_HB1JCADXX_AGTTCC_read149","MuTIR_3",91.803,122,10,0,27,148,1,122,4.58e-47,171,"GTTTCCCAA","+"
"478",872,"VA102_HB1JCADXX_AGTTCC_read156","MuTIR_3",90.517,116,11,0,36,151,1,116,4.61e-42,154,"TCAGAGAGA","+"
"479",873,"VA102_HB1JCADXX_AGTTCC_read157","MuTIR_3",91.603,131,11,0,19,149,1,131,2.11e-50,182,"CACGGAAGG","+"
"480",874,"VA102_HB1JCADXX_AGTTCC_read158","MuTIR_3",93.421,76,5,0,76,151,1,76,7.83e-30,113,"AGTAGAGCA","+"
"481",875,"VA102_HB1JCADXX_AGTTCC_read160","MuTIR_3",92.969,128,9,0,24,151,1,128,4.55e-52,187,"AGTAGAGCA","+"
"482",876,"VA102_HB1JCADXX_AGTTCC_read161","MuTIR_3",90.805,87,8,0,62,148,1,87,6.05e-31,117,"TCAGAGAGA","+"
"487",883,"VA102_HB1JCADXX_AGTTCC_read174","MuTIR_3",90.164,122,12,0,28,149,1,122,9.91e-44,159,"GGGACGGGG","+"
"489",903,"VA102_HB1JCADXX_AGTTCC_read204","MuTIR_4",92.793,111,8,0,41,151,1,111,7.66e-45,163,"CCGAAGACT","+"
"490",904,"VA102_HB1JCADXX_AGTTCC_read205","MuTIR_4",94.828,58,3,0,94,151,1,58,3.67e-23,91.6,"CTCTCTTGC","+"
"491",905,"VA102_HB1JCADXX_AGTTCC_read206","MuTIR_4",86.719,128,17,0,24,151,1,128,2.77e-39,145,"GTGACTGAG","+"
"492",906,"VA102_HB1JCADXX_AGTTCC_read207","MuTIR_4",96.552,58,2,0,93,150,1,58,7.88e-25,97.1,"CCGAAGACT","+"
"493",907,"VA102_HB1JCADXX_AGTTCC_read208","MuTIR_4",91.045,67,6,0,85,151,1,67,3.67e-23,91.6,"GCCATTAAG","+"
"494",908,"VA102_HB1JCADXX_AGTTCC_read211","MuTIR_4",93.103,58,4,0,92,149,1,58,1.71e-21,86.1,"GTTAAAAAG","+"
"498",912,"VA102_HB1JCADXX_AGTTCC_read221","MuTIR_4",85.586,111,16,0,30,140,1,111,1.68e-31,119,"ATGGATTCT","-"
"501",917,"VA102_HB1JCADXX_AGTTCC_read236","MuTIR_4",88.496,113,13,0,24,136,1,113,1.29e-37,139,"GCAGTCGTT","-"
"503",924,"VA102_HB1JCADXX_AGTTCC_read252","MuTIR_4",91.111,45,4,0,107,151,1,45,2.87e-14,62.1,"GCCATTAAG","+"
"504",927,"VA102_HB1JCADXX_AGTTCC_read259","MuTIR_5",84.615,117,16,1,34,148,1,117,6.05e-31,117,"ACCTTGACA","+"
"505",930,"VA102_HB1JCADXX_AGTTCC_read270","MuTIR_6",96.429,84,3,0,68,151,1,84,1.29e-37,139,"TGCACTACA","+"
"506",931,"VA102_HB1JCADXX_AGTTCC_read272","MuTIR_6",94.488,127,7,0,25,151,1,127,7.55e-55,196,"TGCACTACG","+"
"511",936,"VA102_HB1JCADXX_AGTTCC_read281","MuTIR_6",94.915,118,6,0,32,149,1,118,1.63e-51,185,"AGGAGAGGG","+"
