"","X","qname","sname","percent_identity","alignment_length","mismatches","gap_opens","q_start","q_end","s_start","s_end","evalue","bit_score","tsds","strand"
"1",1,"Va14_HLCY2CCXX_L5_read5","MuTIR_1",93.233,133,7,2,18,150,1,131,2.7e-54,195,"CCCACCTTG","+"
"3",3,"Va14_HLCY2CCXX_L5_read13","MuTIR_1",95.789,95,3,1,38,132,1,94,1.65e-41,152,"TCTTTCTGA","-"
"5",5,"Va14_HLCY2CCXX_L5_read15","MuTIR_1",95.789,95,3,1,38,132,1,94,1.65e-41,152,"TCTTTCTGA","-"
"8",20,"Va14_HLCY2CCXX_L5_read59","MuTIR_2",93.548,62,4,0,89,150,1,62,1.01e-23,93.5,"CTACTCGGT","+"
"9",21,"Va14_HLCY2CCXX_L5_read62","MuTIR_2",91.919,99,8,0,52,150,1,99,1.28e-37,139,"CCCAGAGCC","+"
"10",22,"Va14_HLCY2CCXX_L5_read64","MuTIR_2",93.939,99,6,0,52,150,1,99,5.92e-41,150,"CCCAGAGCC","+"
"11",23,"Va14_HLCY2CCXX_L5_read65","MuTIR_2",92.537,134,8,2,18,150,1,133,3.49e-53,191,"TGCCGCCGC","+"
"12",24,"Va14_HLCY2CCXX_L5_read67","MuTIR_2",96.667,90,3,0,61,150,1,90,5.92e-41,150,"CCGTCTGCG","+"
"14",26,"Va14_HLCY2CCXX_L5_read71","MuTIR_2",85.981,107,15,0,34,140,1,107,2.16e-30,115,"CGAACAAGA","-"
"15",31,"Va14_HLCY2CCXX_L5_read76","MuTIR_2",85.345,116,14,1,31,143,1,116,6.01e-31,117,"CTCGTTGGA","+"
"18",46,"Va14_HLCY2CCXX_L5_read120","MuTIR_3",91.954,87,7,0,64,150,1,87,1.29e-32,122,"AAAAAATGG","+"
"19",47,"Va14_HLCY2CCXX_L5_read121","MuTIR_3",92.405,79,6,0,72,150,1,79,7.77e-30,113,"CCGTTTTTT","+"
"23",51,"Va14_HLCY2CCXX_L5_read129","MuTIR_3",89.922,129,13,0,16,144,1,129,5.88e-46,167,"CCTCTAGAG","+"
"24",52,"Va14_HLCY2CCXX_L5_read131","MuTIR_3",89.024,82,8,1,67,148,1,81,6.05e-26,100,"CCTCTAGAG","+"
"25",53,"Va14_HLCY2CCXX_L5_read132","MuTIR_3",91.304,115,10,0,36,150,1,115,3.54e-43,158,"ACTGCAGTA","+"
"31",63,"Va14_HLCY2CCXX_L5_read154","MuTIR_3",92.647,136,10,0,15,150,1,136,7.5e-55,196,"GACCTCAAA","+"
"34",83,"Va14_HLCY2CCXX_L5_read202","MuTIR_4",90.217,92,9,0,59,150,1,92,4.64e-32,121,"GCCATTAAG","+"
"35",84,"Va14_HLCY2CCXX_L5_read206","MuTIR_4",89.552,67,7,0,84,150,1,67,1.69e-21,86.1,"GCAAGAGAG","+"
"38",89,"Va14_HLCY2CCXX_L5_read231","MuTIR_4",87.234,94,12,0,54,147,1,94,3.61e-28,108,"GTGTGTGGG","+"
"40",97,"Va14_HLCY2CCXX_L5_read244","MuTIR_5",88.889,117,11,1,27,141,1,117,2.76e-39,145,"GGCTACATC","+"
"41",98,"Va14_HLCY2CCXX_L5_read245","MuTIR_5",89.051,137,13,1,10,144,1,137,4.55e-47,171,"ATTGAGCCC","+"
"42",99,"Va14_HLCY2CCXX_L5_read247","MuTIR_5",89.764,127,11,1,13,137,1,127,7.61e-45,163,"CGAGACGGC","+"
"43",100,"Va14_HLCY2CCXX_L5_read248","MuTIR_5",88.991,109,10,1,44,150,1,109,1.66e-36,135,"TAAACCACC","+"
"44",101,"Va14_HLCY2CCXX_L5_read249","MuTIR_5",89.051,137,13,1,10,144,1,137,4.55e-47,171,"ATTGAGCCC","+"
"45",102,"Va14_HLCY2CCXX_L5_read250","MuTIR_5",87.736,106,11,1,47,150,1,106,3.59e-33,124,"TAAACCACC","+"
"50",107,"Va14_HLCY2CCXX_L5_read256","MuTIR_5",88.43,121,11,2,20,137,1,121,2.76e-39,145,"TCCCATTAG","-"
"53",111,"Va14_HLCY2CCXX_L5_read268","MuTIR_6",96.923,65,2,0,86,150,1,65,1.01e-28,110,"TGCACTATG","+"
"54",112,"Va14_HLCY2CCXX_L5_read269","MuTIR_6",95.122,82,4,0,69,150,1,82,7.71e-35,130,"TGCACTATG","+"
"58",117,"Va14_HLCY2CCXX_L5_read284","MuTIR_6",97.368,114,3,0,20,133,1,114,2.7e-54,195,"TCCTAGGCT","+"
"59",118,"Va14_HLCY2CCXX_L5_read285","MuTIR_6",95.312,64,3,0,19,82,1,64,1.68e-26,102,"GACGACGAT","-"
"60",119,"Va14_HLCY2CCXX_L5_read288","MuTIR_6",97.368,114,3,0,28,141,1,114,2.7e-54,195,"AACACCTCC","-"
"61",124,"Va14_HLCY2CCXX_L5_read309","MuTIR_7",90,90,9,0,61,150,1,90,4.64e-32,121,"TCGTACCGC","+"
"62",128,"Va14_H57TJBGXX_ACAGTG_read1","MuTIR_1",93.827,81,4,1,51,131,1,80,4.68e-32,121,"CTCTCTTTC","+"
"63",129,"Va14_H57TJBGXX_ACAGTG_read2","MuTIR_1",94.4,125,6,1,21,145,1,124,3.51e-53,191,"GTCTCTGTG","+"
"64",130,"Va14_H57TJBGXX_ACAGTG_read4","MuTIR_1",95.789,95,3,1,30,124,1,94,1.66e-41,152,"GCCGTAGTG","+"
"65",131,"Va14_H57TJBGXX_ACAGTG_read5","MuTIR_1",100,44,0,0,108,151,1,44,2.21e-20,82.4,"GAGGCTCTC","+"
"66",132,"Va14_H57TJBGXX_ACAGTG_read6","MuTIR_1",94.4,125,6,1,21,145,1,124,3.51e-53,191,"GTCTCTGTG","+"
"68",134,"Va14_H57TJBGXX_ACAGTG_read9","MuTIR_1",95.789,95,3,1,38,132,1,94,1.66e-41,152,"TCTTCCTGA","-"
"70",136,"Va14_H57TJBGXX_ACAGTG_read12","MuTIR_1",95.789,95,3,1,41,135,1,94,1.66e-41,152,"TCTTCCTGA","-"
"72",139,"Va14_H57TJBGXX_ACAGTG_read15","MuTIR_1",94.872,117,5,1,10,126,1,116,2.11e-50,182,"CTGTGCGAG","+"
"73",143,"Va14_H57TJBGXX_ACAGTG_read28","MuTIR_2",92.727,110,6,2,42,150,1,109,3.56e-43,158,"TGCCGCCGC","+"
"77",149,"Va14_H57TJBGXX_ACAGTG_read53","MuTIR_3",92.481,133,10,0,10,142,1,133,3.51e-53,191,"AAAAAATGG","+"
"80",152,"Va14_H57TJBGXX_ACAGTG_read66","MuTIR_3",94.118,102,6,0,50,151,1,102,1.28e-42,156,"GACCCTTTG","+"
"82",159,"Va14_H57TJBGXX_ACAGTG_read78","MuTIR_4",93.023,86,6,0,53,138,1,86,1.01e-33,126,"GCTGTCGAC","+"
"83",160,"Va14_H57TJBGXX_ACAGTG_read79","MuTIR_4",94.444,126,7,0,23,148,1,126,7.55e-55,196,"GTTGTCTAA","+"
"86",164,"Va14_H57TJBGXX_ACAGTG_read93","MuTIR_5",87.218,133,15,1,18,148,1,133,1.66e-41,152,"GGCTACATC","+"
"87",166,"Va14_H57TJBGXX_ACAGTG_read101","MuTIR_6",96.639,119,4,0,30,148,1,119,2.1e-55,198,"TGCACTACG","+"
"89",172,"Va14_H57TJBGXX_ACAGTG_read109","MuTIR_6",95.455,66,3,0,86,151,1,66,1.31e-27,106,"TCCTAGGCT","+"
