"","X","qname","sname","percent_identity","alignment_length","mismatches","gap_opens","q_start","q_end","s_start","s_end","evalue","bit_score","tsds","strand"
"1",1,"Va17_HB1JCADXX_ATGTCA_read4","MuTIR_1",96.226,53,1,1,99,151,1,52,1.71e-21,86.1,"GGCTGGCGG","+"
"2",2,"Va17_HB1JCADXX_ATGTCA_read6","MuTIR_1",96.203,79,2,1,73,151,1,78,2.79e-34,128,"GAGGCTCTC","+"
"3",3,"Va17_HB1JCADXX_ATGTCA_read7","MuTIR_1",95.588,68,2,1,84,151,1,67,3.64e-28,108,"CTCTCTTTC","+"
"4",4,"Va17_HB1JCADXX_ATGTCA_read8","MuTIR_1",86.364,110,14,1,38,147,1,109,1.68e-31,119,"GTCGCCGAC","+"
"7",7,"Va17_HB1JCADXX_ATGTCA_read17","MuTIR_1",93.684,95,5,1,47,141,1,94,3.59e-38,141,"TCTTTCTGA","-"
"11",20,"Va17_HB1JCADXX_ATGTCA_read58","MuTIR_2",95,60,3,0,92,151,1,60,2.83e-24,95.3,"TGCCGCCGC","+"
"12",21,"Va17_HB1JCADXX_ATGTCA_read62","MuTIR_2",93.182,132,7,2,21,151,1,131,9.77e-54,193,"TGCCGCCGC","+"
"13",22,"Va17_HB1JCADXX_ATGTCA_read69","MuTIR_2",88.785,107,12,0,43,149,1,107,2.16e-35,132,"CTACTCGGT","+"
"14",23,"Va17_HB1JCADXX_ATGTCA_read70","MuTIR_2",88.073,109,13,0,43,151,1,109,7.77e-35,130,"GCTGGGAAG","+"
"19",34,"Va17_HB1JCADXX_ATGTCA_read93","MuTIR_2",86.047,129,16,2,1,128,1,128,4.64e-37,137,"CAGTAGTGA","-"
"20",35,"Va17_HB1JCADXX_ATGTCA_read113","MuTIR_3",94.656,131,7,0,21,151,1,131,4.51e-57,204,"AAAAAATGG","+"
"21",36,"Va17_HB1JCADXX_ATGTCA_read117","MuTIR_3",94,100,6,0,52,151,1,100,1.66e-41,152,"AAAACATTC","+"
"25",40,"Va17_HB1JCADXX_ATGTCA_read131","MuTIR_3",92.308,130,10,0,21,150,1,130,1.63e-51,185,"GTGGTTTAG","+"
"26",41,"Va17_HB1JCADXX_ATGTCA_read132","MuTIR_3",93.75,112,7,0,40,151,1,112,1.65e-46,169,"GTGGTTTAG","+"
"27",42,"Va17_HB1JCADXX_ATGTCA_read134","MuTIR_3",88.889,99,11,0,53,151,1,99,1.3e-32,122,"CTTCAGAGA","+"
"30",48,"Va17_HB1JCADXX_ATGTCA_read144","MuTIR_3",92.424,132,10,0,20,151,1,132,1.26e-52,189,"CACTAGTGC","+"
"31",49,"Va17_HB1JCADXX_ATGTCA_read145","MuTIR_3",94.915,118,6,0,32,149,1,118,1.63e-51,185,"GACCCTTTG","+"
"32",58,"Va17_HB1JCADXX_ATGTCA_read168","MuTIR_4",87.129,101,13,0,45,145,1,101,2.18e-30,115,"GTTAAAAAG","+"
"33",59,"Va17_HB1JCADXX_ATGTCA_read169","MuTIR_4",91.86,86,7,0,44,129,1,86,4.68e-32,121,"GTGACTGAG","+"
"35",63,"Va17_HB1JCADXX_ATGTCA_read183","MuTIR_4",85.106,141,21,0,11,151,1,141,7.72e-40,147,"GTGTGTGGG","+"
"36",64,"Va17_HB1JCADXX_ATGTCA_read188","MuTIR_5",95.918,49,2,0,90,138,1,49,7.94e-20,80.5,"CGAGACGGC","+"
"37",65,"Va17_HB1JCADXX_ATGTCA_read189","MuTIR_5",92.958,71,3,1,83,151,1,71,4.71e-27,104,"CGAGACGGC","+"
"38",66,"Va17_HB1JCADXX_ATGTCA_read192","MuTIR_5",89.764,127,11,1,11,135,1,127,7.66e-45,163,"CGTTGTTAT","-"
"39",70,"Va17_HB1JCADXX_ATGTCA_read201","MuTIR_6",100,42,0,0,109,150,1,42,2.85e-19,78.7,"TGCACTACG","+"
"40",71,"Va17_HB1JCADXX_ATGTCA_read205","MuTIR_6",94.595,111,6,0,38,148,1,111,1.27e-47,172,"AGGAGAGGG","+"
"41",76,"Va17_HLCY2CCXX_L8_read2","MuTIR_1",93.023,86,5,1,62,147,1,85,3.59e-33,124,"AGAAGAAGC","+"
"42",77,"Va17_HLCY2CCXX_L8_read3","MuTIR_1",97.917,48,1,0,101,148,1,48,6.09e-21,84.2,"GAAAGAGAG","+"
"43",78,"Va17_HLCY2CCXX_L8_read4","MuTIR_1",92.143,140,10,1,11,150,1,139,7.5e-55,196,"ATTGAAAGG","+"
"44",79,"Va17_HLCY2CCXX_L8_read5","MuTIR_1",94.444,54,2,1,97,150,1,53,2.19e-20,82.4,"TAGACCGAC","+"
"45",80,"Va17_HLCY2CCXX_L8_read6","MuTIR_1",92.857,140,9,1,11,150,1,139,1.61e-56,202,"ATCAGAGAG","+"
"46",81,"Va17_HLCY2CCXX_L8_read10","MuTIR_1",95.455,110,4,1,38,147,1,109,3.51e-48,174,"GAGGCTCTC","+"
"47",82,"Va17_HLCY2CCXX_L8_read11","MuTIR_1",95.789,95,3,1,25,119,1,94,1.65e-41,152,"CAAGGTGGG","+"
"48",83,"Va17_HLCY2CCXX_L8_read12","MuTIR_1",92.908,141,7,3,11,150,1,139,1.61e-56,202,"GAATACAAC","+"
"50",85,"Va17_HLCY2CCXX_L8_read15","MuTIR_1",92.473,93,6,1,58,150,1,92,2.15e-35,132,"GGAAGCGAG","+"
"51",86,"Va17_HLCY2CCXX_L8_read17","MuTIR_1",92.105,114,8,1,37,150,1,113,9.84e-44,159,"ATTGAAAGG","+"
"52",87,"Va17_HLCY2CCXX_L8_read19","MuTIR_1",95.455,44,2,0,107,150,1,44,4.74e-17,71.3,"CAAGGTGGG","+"
"53",88,"Va17_HLCY2CCXX_L8_read24","MuTIR_1",92.632,95,6,1,20,114,1,94,1.66e-36,135,"TCGCACGGC","+"
"54",89,"Va17_HLCY2CCXX_L8_read25","MuTIR_1",92.632,95,6,1,12,106,1,94,1.66e-36,135,"TCGCACGGC","+"
"55",90,"Va17_HLCY2CCXX_L8_read27","MuTIR_1",96.721,61,1,1,90,150,1,60,6.05e-26,100,"GTCGGCTGG","+"
"56",91,"Va17_HLCY2CCXX_L8_read29","MuTIR_1",94.444,54,2,1,97,150,1,53,2.19e-20,82.4,"CCCACCTTG","+"
"57",92,"Va17_HLCY2CCXX_L8_read32","MuTIR_1",95.833,120,4,1,30,149,1,119,9.7e-54,193,"TTTCTGAAC","+"
"58",93,"Va17_HLCY2CCXX_L8_read34","MuTIR_1",100,41,0,0,110,150,1,41,1.02e-18,76.8,"GAGAGCCTC","+"
"59",94,"Va17_HLCY2CCXX_L8_read36","MuTIR_1",94.545,110,5,1,38,147,1,109,1.63e-46,169,"GAGGCTCTC","+"
"60",95,"Va17_HLCY2CCXX_L8_read40","MuTIR_1",92.143,140,10,1,11,150,1,139,7.5e-55,196,"ATTGAAAGG","+"
"61",96,"Va17_HLCY2CCXX_L8_read43","MuTIR_1",95.455,44,2,0,107,150,1,44,4.74e-17,71.3,"CAAGGTGGG","+"
"62",97,"Va17_HLCY2CCXX_L8_read46","MuTIR_1",100,32,0,0,118,149,1,32,1.03e-13,60.2,"CCCACCTTG","+"
"63",98,"Va17_HLCY2CCXX_L8_read48","MuTIR_1",97.917,48,1,0,101,148,1,48,6.09e-21,84.2,"GAAAGAGAG","+"
"64",99,"Va17_HLCY2CCXX_L8_read50","MuTIR_1",94.958,119,5,1,21,139,1,118,1.62e-51,185,"GCCGTGCGA","+"
"66",101,"Va17_HLCY2CCXX_L8_read52","MuTIR_1",95.455,44,2,0,107,150,1,44,4.74e-17,71.3,"CAAGGTGGG","+"
"68",103,"Va17_HLCY2CCXX_L8_read60","MuTIR_1",92.632,95,6,1,15,109,1,94,1.66e-36,135,"TCGCACGGC","+"
"69",104,"Va17_HLCY2CCXX_L8_read65","MuTIR_1",100,41,0,0,110,150,1,41,1.02e-18,76.8,"GAGAGCCTC","+"
"70",105,"Va17_HLCY2CCXX_L8_read66","MuTIR_1",93.548,93,5,1,58,150,1,92,4.61e-37,137,"ATTGAAAGG","+"
"72",107,"Va17_HLCY2CCXX_L8_read68","MuTIR_1",93.103,87,5,1,62,148,1,86,9.98e-34,126,"TCGCACGGC","+"
"73",108,"Va17_HLCY2CCXX_L8_read70","MuTIR_1",98.551,69,0,1,76,144,1,68,4.64e-32,121,"GAGAGCCTC","+"
"74",109,"Va17_HLCY2CCXX_L8_read71","MuTIR_1",100,41,0,0,110,150,1,41,1.02e-18,76.8,"GAGAGCCTC","+"
"97",137,"Va17_HLCY2CCXX_L8_read140","MuTIR_1",94.737,114,5,1,37,150,1,113,2.72e-49,178,"CTGTGCGAG","+"
"99",139,"Va17_HLCY2CCXX_L8_read142","MuTIR_1",94.34,53,2,1,98,150,1,52,7.88e-20,80.5,"CTGTGCGAG","+"
"100",140,"Va17_HLCY2CCXX_L8_read143","MuTIR_1",93.86,114,6,1,37,150,1,113,1.26e-47,172,"CTGTGCGAG","+"
"101",141,"Va17_HLCY2CCXX_L8_read144","MuTIR_1",93.86,114,6,1,37,150,1,113,1.26e-47,172,"CTGTGCGAG","+"
"105",179,"Va17_HLCY2CCXX_L8_read292","MuTIR_2",94.444,90,5,0,55,144,1,90,1.28e-37,139,"TGCCGCCGC","+"
"106",180,"Va17_HLCY2CCXX_L8_read297","MuTIR_2",92.771,83,6,0,68,150,1,83,4.64e-32,121,"CCCACAGGG","+"
"107",181,"Va17_HLCY2CCXX_L8_read298","MuTIR_2",87.379,103,13,0,48,150,1,103,1.67e-31,119,"GCTGGGAAG","+"
"108",182,"Va17_HLCY2CCXX_L8_read300","MuTIR_2",90.625,128,12,0,20,147,1,128,4.55e-47,171,"GGCGGGAGG","+"
"109",183,"Va17_HLCY2CCXX_L8_read302","MuTIR_2",90,130,13,0,21,150,1,130,1.63e-46,169,"GGCTCTGGG","+"
"111",185,"Va17_HLCY2CCXX_L8_read307","MuTIR_2",87.619,105,13,0,34,138,1,105,1.29e-32,122,"CTACTCGGT","+"
"112",186,"Va17_HLCY2CCXX_L8_read308","MuTIR_2",90.789,76,7,0,67,142,1,76,1.68e-26,102,"ACATGGTGG","+"
"113",187,"Va17_HLCY2CCXX_L8_read309","MuTIR_2",88.889,90,10,0,61,150,1,90,2.79e-29,111,"GCTGGGAAG","+"
"114",188,"Va17_HLCY2CCXX_L8_read310","MuTIR_2",90,130,13,0,21,150,1,130,1.63e-46,169,"GGCTCTGGG","+"
"115",189,"Va17_HLCY2CCXX_L8_read314","MuTIR_2",91.045,67,6,0,82,148,1,67,3.64e-23,91.6,"GAAAGTAAC","+"
"117",191,"Va17_HLCY2CCXX_L8_read322","MuTIR_2",95.161,62,3,0,89,150,1,62,2.18e-25,99,"AGTTTTAGG","+"
"118",192,"Va17_HLCY2CCXX_L8_read323","MuTIR_2",90.991,111,10,0,40,150,1,111,5.92e-41,150,"TCCAACGAG","+"
"119",193,"Va17_HLCY2CCXX_L8_read326","MuTIR_2",90.625,128,12,0,11,138,1,128,4.55e-47,171,"CCCACAGGG","+"
"120",194,"Va17_HLCY2CCXX_L8_read327","MuTIR_2",88.889,90,10,0,61,150,1,90,2.79e-29,111,"GCTGGGAAG","+"
"122",196,"Va17_HLCY2CCXX_L8_read330","MuTIR_2",88.889,90,10,0,61,150,1,90,2.79e-29,111,"GCTGGGAAG","+"
"123",197,"Va17_HLCY2CCXX_L8_read332","MuTIR_2",90.991,111,10,0,40,150,1,111,5.92e-41,150,"TCCAACGAG","+"
"124",198,"Va17_HLCY2CCXX_L8_read335","MuTIR_2",88.785,107,12,0,42,148,1,107,2.15e-35,132,"CTACTCGGT","+"
"125",199,"Va17_HLCY2CCXX_L8_read340","MuTIR_2",90.991,111,10,0,40,150,1,111,5.92e-41,150,"TCCAACGAG","+"
"126",200,"Va17_HLCY2CCXX_L8_read342","MuTIR_2",88.785,107,12,0,34,140,1,107,2.15e-35,132,"CTACTCGGT","+"
"127",201,"Va17_HLCY2CCXX_L8_read348","MuTIR_2",93.846,65,4,0,86,150,1,65,2.18e-25,99,"CCCCTCCCG","+"
"128",202,"Va17_HLCY2CCXX_L8_read351","MuTIR_2",93.846,65,4,0,86,150,1,65,2.18e-25,99,"CCCCTCCCG","+"
"129",203,"Va17_HLCY2CCXX_L8_read354","MuTIR_2",95.588,68,3,0,79,146,1,68,1.01e-28,110,"CTTATTGTT","+"
"130",204,"Va17_HLCY2CCXX_L8_read355","MuTIR_2",90.991,111,10,0,40,150,1,111,5.92e-41,150,"TCCAACGAG","+"
"131",205,"Va17_HLCY2CCXX_L8_read356","MuTIR_2",95.238,84,4,0,67,150,1,84,5.96e-36,134,"TTCCTCGCC","+"
"142",216,"Va17_HLCY2CCXX_L8_read391","MuTIR_2",85.156,128,19,0,1,128,1,128,2.15e-35,132,"CAGTAGTGA","-"
"146",220,"Va17_HLCY2CCXX_L8_read410","MuTIR_2",88.889,81,8,1,22,101,1,81,2.18e-25,99,"GAGCACGGA","-"
"153",227,"Va17_HLCY2CCXX_L8_read426","MuTIR_2",85.156,128,19,0,1,128,1,128,2.15e-35,132,"CAGTAGTGA","-"
"154",235,"Va17_HLCY2CCXX_L8_read440","MuTIR_2",86.726,113,15,0,37,149,1,113,9.98e-34,126,"AGCGCCGAG","+"
"161",262,"Va17_HLCY2CCXX_L8_read503","MuTIR_2",87.952,83,8,2,61,142,1,82,7.82e-25,97.1,"GTCTCCCAC","+"
"162",263,"Va17_HLCY2CCXX_L8_read505","MuTIR_2",87.879,99,10,2,53,150,1,98,2.16e-30,115,"CCCCCTCCC","+"
"163",264,"Va17_HLCY2CCXX_L8_read506","MuTIR_2",86.316,95,11,2,57,150,1,94,1.68e-26,102,"GTCTCCCAC","+"
"166",283,"Va17_HLCY2CCXX_L8_read561","MuTIR_3",92,100,8,0,49,148,1,100,3.56e-38,141,"AAAAAATGG","+"
"167",284,"Va17_HLCY2CCXX_L8_read562","MuTIR_3",93.204,103,5,2,49,150,1,102,5.92e-41,150,"CATATGTAC","+"
"168",285,"Va17_HLCY2CCXX_L8_read564","MuTIR_3",94.393,107,6,0,44,150,1,107,2.11e-45,165,"AAAACATTC","+"
"169",286,"Va17_HLCY2CCXX_L8_read565","MuTIR_3",94.615,130,7,0,21,150,1,130,1.61e-56,202,"AAAAAATGG","+"
"170",287,"Va17_HLCY2CCXX_L8_read566","MuTIR_3",94.393,107,6,0,44,150,1,107,2.11e-45,165,"AAAACATTC","+"
"173",290,"Va17_HLCY2CCXX_L8_read571","MuTIR_3",92.157,102,8,0,49,150,1,102,2.76e-39,145,"AAAAAATGG","+"
"174",291,"Va17_HLCY2CCXX_L8_read572","MuTIR_3",96.226,53,2,0,91,143,1,53,4.71e-22,87.9,"AAAAAATGG","+"
"175",292,"Va17_HLCY2CCXX_L8_read574","MuTIR_3",94.118,102,6,0,49,150,1,102,1.27e-42,156,"AAAAAATGG","+"
"176",293,"Va17_HLCY2CCXX_L8_read582","MuTIR_3",93.243,74,5,0,77,150,1,74,1.01e-28,110,"AAAAAATGG","+"
"178",295,"Va17_HLCY2CCXX_L8_read585","MuTIR_3",91.729,133,11,0,1,133,1,133,1.62e-51,185,"AACGACGAC","-"
"180",297,"Va17_HLCY2CCXX_L8_read589","MuTIR_3",93.22,118,6,2,25,141,1,117,1.26e-47,172,"TAAACCATT","-"
"185",303,"Va17_HLCY2CCXX_L8_read608","MuTIR_3",95.238,105,5,0,46,150,1,105,5.88e-46,167,"ACTGACGGG","+"
"186",304,"Va17_HLCY2CCXX_L8_read610","MuTIR_3",91.304,92,8,0,59,150,1,92,9.98e-34,126,"AGGGGTCGC","+"
"187",305,"Va17_HLCY2CCXX_L8_read612","MuTIR_3",94.118,85,4,1,67,150,1,85,2.77e-34,128,"CCCACCGCC","+"
"188",307,"Va17_HLCY2CCXX_L8_read616","MuTIR_3",87.826,115,14,0,17,131,1,115,1.66e-36,135,"CCTACAATG","+"
"189",308,"Va17_HLCY2CCXX_L8_read619","MuTIR_3",91.803,122,10,0,27,148,1,122,4.55e-47,171,"CCTACAATG","+"
"190",309,"Va17_HLCY2CCXX_L8_read621","MuTIR_3",91.803,122,10,0,27,148,1,122,4.55e-47,171,"CCTACAATG","+"
"191",310,"Va17_HLCY2CCXX_L8_read623","MuTIR_3",90.566,106,10,0,45,150,1,106,3.56e-38,141,"TCAGAGAGA","+"
"192",311,"Va17_HLCY2CCXX_L8_read625","MuTIR_3",92.958,71,5,0,77,147,1,71,4.68e-27,104,"AGGGGTCGC","+"
"193",312,"Va17_HLCY2CCXX_L8_read627","MuTIR_3",91.803,122,10,0,27,148,1,122,4.55e-47,171,"CCTACAATG","+"
"195",314,"Va17_HLCY2CCXX_L8_read632","MuTIR_3",90.226,133,13,0,15,147,1,133,3.51e-48,174,"AGGGGTCGC","+"
"196",315,"Va17_HLCY2CCXX_L8_read634","MuTIR_3",93.902,82,4,1,69,150,1,81,1.29e-32,122,"ACTGACGGG","+"
"197",316,"Va17_HLCY2CCXX_L8_read636","MuTIR_3",90.977,133,12,0,12,144,1,133,7.55e-50,180,"AGGGGTCGC","+"
"198",317,"Va17_HLCY2CCXX_L8_read640","MuTIR_3",89.024,82,8,1,69,150,1,81,6.05e-26,100,"CCGCCCGCG","+"
"199",318,"Va17_HLCY2CCXX_L8_read642","MuTIR_3",91.803,122,10,0,27,148,1,122,4.55e-47,171,"CCTACAATG","+"
"214",342,"Va17_HLCY2CCXX_L8_read698","MuTIR_3",94.444,108,6,0,37,144,1,108,5.88e-46,167,"AGCAGAGAG","+"
"215",343,"Va17_HLCY2CCXX_L8_read699","MuTIR_3",92.308,130,10,0,21,150,1,130,1.62e-51,185,"CTCCTCATC","+"
"216",344,"Va17_HLCY2CCXX_L8_read700","MuTIR_3",92.793,111,8,0,40,150,1,111,2.74e-44,161,"GCCGACGAA","+"
"217",345,"Va17_HLCY2CCXX_L8_read701","MuTIR_3",92.208,77,6,0,71,147,1,77,1.01e-28,110,"GCACTAGTG","+"
"218",346,"Va17_HLCY2CCXX_L8_read702","MuTIR_3",92.593,108,8,0,43,150,1,108,1.27e-42,156,"CACTAGTGC","+"
"219",347,"Va17_HLCY2CCXX_L8_read703","MuTIR_3",92.793,111,8,0,40,150,1,111,2.74e-44,161,"GCCGACGAA","+"
"220",348,"Va17_HLCY2CCXX_L8_read705","MuTIR_3",93.269,104,7,0,47,150,1,104,4.58e-42,154,"TCGGCAAGC","+"
"221",349,"Va17_HLCY2CCXX_L8_read708","MuTIR_3",93.103,58,4,0,93,150,1,58,1.69e-21,86.1,"GACCTCAAA","+"
"222",350,"Va17_HLCY2CCXX_L8_read710","MuTIR_3",92.208,77,6,0,71,147,1,77,1.01e-28,110,"GCACTAGTG","+"
"223",351,"Va17_HLCY2CCXX_L8_read711","MuTIR_3",90.441,136,13,0,15,150,1,136,7.55e-50,180,"CACGGGGAC","+"
"224",353,"Va17_HLCY2CCXX_L8_read713","MuTIR_3",95.413,109,5,0,42,150,1,109,3.51e-48,174,"GACCCTTTG","+"
"234",381,"Va17_HLCY2CCXX_L8_read752","MuTIR_3",87.805,82,10,0,53,134,1,82,7.82e-25,97.1,"CTAGAGGAA","-"
"235",382,"Va17_HLCY2CCXX_L8_read753","MuTIR_3",87.805,82,10,0,53,134,1,82,7.82e-25,97.1,"CTAGAGGAA","-"
"236",426,"Va17_HLCY2CCXX_L8_read878","MuTIR_4",92.857,56,4,0,95,150,1,56,2.19e-20,82.4,"CGGCCACCG","+"
"237",427,"Va17_HLCY2CCXX_L8_read884","MuTIR_4",95.122,82,4,0,69,150,1,82,7.71e-35,130,"TGGCCCGTG","+"
"238",428,"Va17_HLCY2CCXX_L8_read885","MuTIR_4",88.034,117,14,0,34,150,1,117,3.56e-38,141,"GAATGGTGC","+"
"239",429,"Va17_HLCY2CCXX_L8_read887","MuTIR_4",87.179,117,15,0,34,150,1,117,1.66e-36,135,"GAATGGTGC","+"
"240",430,"Va17_HLCY2CCXX_L8_read890","MuTIR_4",88.034,117,14,0,34,150,1,117,3.56e-38,141,"GAATGGTGC","+"
"241",431,"Va17_HLCY2CCXX_L8_read891","MuTIR_4",89.831,118,12,0,33,150,1,118,4.58e-42,154,"GCTGTCGAC","+"
"242",432,"Va17_HLCY2CCXX_L8_read894","MuTIR_4",89.412,85,9,0,65,149,1,85,3.61e-28,108,"GTGCCTGTC","+"
"243",433,"Va17_HLCY2CCXX_L8_read895","MuTIR_4",89.381,113,12,0,38,150,1,113,2.76e-39,145,"GCCATTAAG","+"
"244",434,"Va17_HLCY2CCXX_L8_read898","MuTIR_4",91.86,86,7,0,64,149,1,86,4.64e-32,121,"GTGACTGAG","+"
"245",435,"Va17_HLCY2CCXX_L8_read899","MuTIR_4",93.827,81,5,0,70,150,1,81,1.29e-32,122,"CGGCCACCG","+"
"252",445,"Va17_HLCY2CCXX_L8_read943","MuTIR_4",88.496,113,13,0,30,142,1,113,1.28e-37,139,"GTCGACAGC","+"
"261",475,"Va17_HLCY2CCXX_L8_read1027","MuTIR_5",95.918,49,2,0,102,150,1,49,7.88e-20,80.5,"CGAGACGGC","+"
"262",476,"Va17_HLCY2CCXX_L8_read1028","MuTIR_5",91.765,85,5,1,67,149,1,85,1.67e-31,119,"CGAGACGGC","+"
"263",477,"Va17_HLCY2CCXX_L8_read1029","MuTIR_5",89.32,103,9,1,50,150,1,103,7.71e-35,130,"GGCTACATC","+"
"271",485,"Va17_HLCY2CCXX_L8_read1046","MuTIR_5",95.918,49,2,0,92,140,1,49,7.88e-20,80.5,"AGGCCTAGG","-"
"278",495,"Va17_HLCY2CCXX_L8_read1093","MuTIR_6",98.214,56,1,0,95,150,1,56,2.18e-25,99,"TGCACTATG","+"
"279",496,"Va17_HLCY2CCXX_L8_read1094","MuTIR_6",95.798,119,5,0,30,148,1,119,9.7e-54,193,"TGCACTATG","+"
"280",497,"Va17_HLCY2CCXX_L8_read1096","MuTIR_6",96.703,91,3,0,60,150,1,91,1.65e-41,152,"TGCACTACG","+"
"286",503,"Va17_HLCY2CCXX_L8_read1121","MuTIR_6",95.312,128,6,0,12,139,1,128,4.48e-57,204,"CCGTAGATC","+"
"287",504,"Va17_HLCY2CCXX_L8_read1123","MuTIR_6",95.312,128,6,0,12,139,1,128,4.48e-57,204,"CCGTAGATC","+"
"288",505,"Va17_HLCY2CCXX_L8_read1125","MuTIR_6",94.915,118,6,0,28,145,1,118,1.62e-51,185,"AGGAGAGGG","+"
"289",506,"Va17_HLCY2CCXX_L8_read1126","MuTIR_6",95.652,92,4,0,51,142,1,92,2.13e-40,148,"CCGTAGATC","+"
"290",507,"Va17_HLCY2CCXX_L8_read1127","MuTIR_6",95.312,128,6,0,12,139,1,128,4.48e-57,204,"CCGTAGATC","+"
"291",508,"Va17_HLCY2CCXX_L8_read1128","MuTIR_6",97.368,114,3,0,35,148,1,114,2.7e-54,195,"TCCTAGGCT","+"
"292",509,"Va17_HLCY2CCXX_L8_read1129","MuTIR_6",94.068,118,7,0,28,145,1,118,7.55e-50,180,"AGGAGAGGG","+"
"293",510,"Va17_HLCY2CCXX_L8_read1130","MuTIR_6",95.763,118,5,0,28,145,1,118,3.49e-53,191,"AGGAGAGGG","+"
"294",511,"Va17_HLCY2CCXX_L8_read1131","MuTIR_6",95.763,118,5,0,28,145,1,118,3.49e-53,191,"AGGAGAGGG","+"
"295",512,"Va17_HLCY2CCXX_L8_read1132","MuTIR_6",94.565,92,5,0,51,142,1,92,9.91e-39,143,"CCGTAGATC","+"
"302",549,"Va17_HBEN2ADXX_ATGTCA_read2","MuTIR_1",95.238,105,4,1,47,151,1,104,2.13e-45,165,"AGATTTGAT","+"
"306",553,"Va17_HBEN2ADXX_ATGTCA_read9","MuTIR_1",94.958,119,5,1,23,141,1,118,1.63e-51,185,"CTCAATTAG","-"
"307",563,"Va17_HBEN2ADXX_ATGTCA_read40","MuTIR_2",92.5,80,6,0,72,151,1,80,2.18e-30,115,"CTACTCGGT","+"
"309",565,"Va17_HBEN2ADXX_ATGTCA_read54","MuTIR_2",90.833,120,11,0,11,130,1,120,2.76e-44,161,"TGCGTGGAC","+"
"310",566,"Va17_HBEN2ADXX_ATGTCA_read57","MuTIR_2",90.278,72,7,0,80,151,1,72,2.83e-24,95.3,"GAAAGTAAC","+"
"316",578,"Va17_HBEN2ADXX_ATGTCA_read92","MuTIR_2",87.778,90,10,1,61,149,1,90,4.71e-27,104,"CCCACCACG","+"
"317",579,"Va17_HBEN2ADXX_ATGTCA_read98","MuTIR_3",94.118,102,6,0,50,151,1,102,1.28e-42,156,"AAAACATTC","+"
"318",580,"Va17_HBEN2ADXX_ATGTCA_read99","MuTIR_3",93.103,87,6,0,64,150,1,87,2.79e-34,128,"TTCTTGAGG","+"
"319",581,"Va17_HBEN2ADXX_ATGTCA_read105","MuTIR_3",95.833,72,3,0,80,151,1,72,6.05e-31,117,"ACTGACGGG","+"
"320",582,"Va17_HBEN2ADXX_ATGTCA_read106","MuTIR_3",94.898,98,5,0,54,151,1,98,4.61e-42,154,"ACTGACGGG","+"
"322",584,"Va17_HBEN2ADXX_ATGTCA_read108","MuTIR_3",87.597,129,16,0,12,140,1,129,5.96e-41,150,"TTCGCCCGA","+"
"325",588,"Va17_HBEN2ADXX_ATGTCA_read115","MuTIR_3",92.661,109,8,0,43,151,1,109,3.56e-43,158,"CACTAGTGC","+"
"326",589,"Va17_HBEN2ADXX_ATGTCA_read116","MuTIR_3",91.379,116,10,0,36,151,1,116,9.91e-44,159,"GCACTAGTG","+"
"328",604,"Va17_HBEN2ADXX_ATGTCA_read147","MuTIR_4",84.685,111,17,0,30,140,1,111,7.83e-30,113,"GTTAAAAAG","+"
"329",605,"Va17_HBEN2ADXX_ATGTCA_read149","MuTIR_4",92.308,52,4,0,98,149,1,52,3.69e-18,75,"GTTAAAAAG","+"
"330",606,"Va17_HBEN2ADXX_ATGTCA_read150","MuTIR_4",87.597,129,16,0,10,138,1,129,1.66e-41,152,"GTGCCTGTC","+"
"331",607,"Va17_HBEN2ADXX_ATGTCA_read154","MuTIR_4",84.685,111,17,0,30,140,1,111,7.83e-30,113,"ATGGATTCT","-"
"332",608,"Va17_HBEN2ADXX_ATGTCA_read156","MuTIR_4",87.597,129,16,0,1,129,1,129,1.66e-41,152,"ACTGAGATC","-"
"333",609,"Va17_HBEN2ADXX_ATGTCA_read163","MuTIR_4",86.047,129,18,0,23,151,1,129,3.59e-38,141,"GTCGACAGC","+"
"334",611,"Va17_HBEN2ADXX_ATGTCA_read177","MuTIR_5",91.525,59,3,1,90,146,1,59,7.94e-20,80.5,"AGCTGCGGC","+"
"336",613,"Va17_HBEN2ADXX_ATGTCA_read179","MuTIR_5",91.579,95,6,1,59,151,1,95,2.16e-35,132,"GCTGCAGGA","+"
"337",614,"Va17_HBEN2ADXX_ATGTCA_read180","MuTIR_5",89.011,91,8,1,63,151,1,91,7.83e-30,113,"GGCTACATC","+"
"338",615,"Va17_HBEN2ADXX_ATGTCA_read181","MuTIR_5",91.304,92,6,1,62,151,1,92,1.01e-33,126,"GCTGCAGGA","+"
"342",622,"Va17_HBEN2ADXX_ATGTCA_read193","MuTIR_6",90.141,71,7,0,81,151,1,71,1.02e-23,93.5,"GGGAGGGAG","+"
