"","X","qname","sname","percent_identity","alignment_length","mismatches","gap_opens","q_start","q_end","s_start","s_end","evalue","bit_score","tsds","strand"
"1",1,"Va59_H57TJBGXX_GTTTCG_read2","MuTIR_1",94.059,101,5,1,51,151,1,100,1.66e-41,152,"GCTACATCT","+"
"5",5,"Va59_H57TJBGXX_GTTTCG_read9","MuTIR_1",97.059,102,2,1,50,151,1,101,4.58e-47,171,"GTGTTAGGC","+"
"6",6,"Va59_H57TJBGXX_GTTTCG_read12","MuTIR_1",95.588,68,2,1,84,151,1,67,3.64e-28,108,"GAATACAAC","+"
"7",7,"Va59_H57TJBGXX_GTTTCG_read13","MuTIR_1",95.349,86,3,1,66,151,1,85,1.67e-36,135,"GAAAGAGAG","+"
"8",8,"Va59_H57TJBGXX_GTTTCG_read15","MuTIR_1",94.681,94,4,1,58,151,1,93,2.77e-39,145,"AGATTTGAT","+"
"9",9,"Va59_H57TJBGXX_GTTTCG_read16","MuTIR_1",93.684,95,5,1,34,128,1,94,3.59e-38,141,"TCGCACGGC","+"
"10",10,"Va59_H57TJBGXX_GTTTCG_read17","MuTIR_1",92,125,9,1,27,151,1,124,3.54e-48,174,"ATTGAAAGG","+"
"11",11,"Va59_H57TJBGXX_GTTTCG_read18","MuTIR_1",96.429,112,3,1,35,146,1,111,5.88e-51,183,"CTCCCAGTG","+"
"13",13,"Va59_H57TJBGXX_GTTTCG_read22","MuTIR_1",92.806,139,9,1,13,151,1,138,5.84e-56,200,"CTCTCTGAT","+"
"14",14,"Va59_H57TJBGXX_GTTTCG_read23","MuTIR_1",94.545,55,2,1,89,143,1,54,6.14e-21,84.2,"GCCGTGCGA","+"
"15",15,"Va59_H57TJBGXX_GTTTCG_read25","MuTIR_1",96.471,85,2,1,67,151,1,84,1.29e-37,139,"CACTGGGAG","+"
"16",16,"Va59_H57TJBGXX_GTTTCG_read27","MuTIR_1",98.837,86,0,1,64,149,1,85,1.66e-41,152,"TATTTGTGG","+"
"17",17,"Va59_H57TJBGXX_GTTTCG_read30","MuTIR_1",95.238,63,2,1,64,126,1,62,2.19e-25,99,"CAAGGTGGG","+"
"19",19,"Va59_H57TJBGXX_GTTTCG_read33","MuTIR_1",95.789,95,3,1,4,98,1,94,1.66e-41,152,"TCTTTCTGA","-"
"31",56,"Va59_H57TJBGXX_GTTTCG_read142","MuTIR_2",90.4,125,12,0,18,142,1,125,2.13e-45,165,"AGTTTTAGG","+"
"32",57,"Va59_H57TJBGXX_GTTTCG_read144","MuTIR_2",91.935,124,10,0,14,137,1,124,3.54e-48,174,"GAGACGAGG","+"
"33",58,"Va59_H57TJBGXX_GTTTCG_read145","MuTIR_2",85.401,137,17,3,15,149,1,136,1.29e-37,139,"ACATGGTGG","+"
"35",60,"Va59_H57TJBGXX_GTTTCG_read147","MuTIR_2",86.735,98,13,0,54,151,1,98,1.01e-28,110,"GGAGAAGTG","+"
"36",61,"Va59_H57TJBGXX_GTTTCG_read149","MuTIR_2",96.591,88,3,0,56,143,1,88,7.72e-40,147,"TTCCTCGCC","+"
"37",62,"Va59_H57TJBGXX_GTTTCG_read150","MuTIR_2",89.796,98,10,0,53,150,1,98,1.01e-33,126,"GCTGGGAAG","+"
"38",63,"Va59_H57TJBGXX_GTTTCG_read152","MuTIR_2",92.5,120,9,0,30,149,1,120,1.27e-47,172,"GTTGGCTAG","+"
"39",64,"Va59_H57TJBGXX_GTTTCG_read154","MuTIR_2",92.593,108,8,0,44,151,1,108,1.28e-42,156,"CCGTCTGCG","+"
"40",65,"Va59_H57TJBGXX_GTTTCG_read155","MuTIR_2",93.388,121,6,2,29,148,1,120,2.74e-49,178,"TGCCGCCGC","+"
"41",66,"Va59_H57TJBGXX_GTTTCG_read156","MuTIR_2",93.59,78,5,0,74,151,1,78,6.05e-31,117,"GTTGGAAGA","+"
"43",68,"Va59_H57TJBGXX_GTTTCG_read158","MuTIR_2",95.588,68,3,0,79,146,1,68,1.01e-28,110,"CATAATAGC","+"
"44",69,"Va59_H57TJBGXX_GTTTCG_read159","MuTIR_2",93.077,130,9,0,22,151,1,130,3.51e-53,191,"GCAAGGGAA","+"
"45",70,"Va59_H57TJBGXX_GTTTCG_read160","MuTIR_2",92.727,110,8,0,42,151,1,110,9.91e-44,159,"GTTGGCTAG","+"
"46",71,"Va59_H57TJBGXX_GTTTCG_read164","MuTIR_2",87.64,89,11,0,47,135,1,89,4.71e-27,104,"AACCAACTG","+"
"47",72,"Va59_H57TJBGXX_GTTTCG_read165","MuTIR_2",93.284,134,9,0,18,151,1,134,2.1e-55,198,"GCAAGGGAA","+"
"48",73,"Va59_H57TJBGXX_GTTTCG_read167","MuTIR_2",93.443,61,4,0,88,148,1,61,3.67e-23,91.6,"TTAACAAGG","+"
"49",74,"Va59_H57TJBGXX_GTTTCG_read168","MuTIR_2",92.537,67,5,0,83,149,1,67,7.88e-25,97.1,"CCTTCCGTG","+"
"50",75,"Va59_H57TJBGXX_GTTTCG_read169","MuTIR_2",94.118,68,4,0,84,151,1,68,4.71e-27,104,"AGTTTTAGG","+"
"51",76,"Va59_H57TJBGXX_GTTTCG_read170","MuTIR_2",87.963,108,13,0,40,147,1,108,2.79e-34,128,"GTGGGAGAC","+"
"52",77,"Va59_H57TJBGXX_GTTTCG_read174","MuTIR_2",96.078,51,2,0,101,151,1,51,6.14e-21,84.2,"TGCCGCCGC","+"
"53",78,"Va59_H57TJBGXX_GTTTCG_read178","MuTIR_2",97.727,44,1,0,108,151,1,44,1.03e-18,76.8,"CCCAGAGCC","+"
"56",81,"Va59_H57TJBGXX_GTTTCG_read184","MuTIR_2",95.588,68,3,0,73,140,1,68,1.01e-28,110,"GGCGGGAGG","+"
"57",82,"Va59_H57TJBGXX_GTTTCG_read185","MuTIR_2",89.916,119,12,0,33,151,1,119,4.61e-42,154,"GGCGGGAGG","+"
"65",90,"Va59_H57TJBGXX_GTTTCG_read197","MuTIR_2",94.186,86,5,0,49,134,1,86,2.16e-35,132,"AGAACAACC","-"
"71",96,"Va59_H57TJBGXX_GTTTCG_read204","MuTIR_2",90.789,76,7,0,59,134,1,76,1.69e-26,102,"AAAAAAAAT","-"
"73",98,"Va59_H57TJBGXX_GTTTCG_read207","MuTIR_2",90.625,128,12,0,15,142,1,128,4.58e-47,171,"CAGTAGTGA","-"
"85",127,"Va59_H57TJBGXX_GTTTCG_read273","MuTIR_2",89.062,128,14,0,21,148,1,128,9.91e-44,159,"TTCCCTTGC","+"
"86",128,"Va59_H57TJBGXX_GTTTCG_read274","MuTIR_2",86.486,111,13,1,42,150,1,111,4.68e-32,121,"ATTCGTGTG","+"
"88",142,"Va59_H57TJBGXX_GTTTCG_read316","MuTIR_3",91.964,112,7,2,41,151,1,111,1.28e-42,156,"CCCTGCGAG","+"
"89",143,"Va59_H57TJBGXX_GTTTCG_read317","MuTIR_3",94.34,53,3,0,97,149,1,53,2.21e-20,82.4,"AAAAAATGG","+"
"90",144,"Va59_H57TJBGXX_GTTTCG_read319","MuTIR_3",91.139,79,7,0,73,151,1,79,3.64e-28,108,"CCGTTTTTT","+"
"91",145,"Va59_H57TJBGXX_GTTTCG_read320","MuTIR_3",94.615,130,7,0,22,151,1,130,1.62e-56,202,"AAAAAATGG","+"
"92",146,"Va59_H57TJBGXX_GTTTCG_read321","MuTIR_3",93.798,129,8,0,22,150,1,129,2.72e-54,195,"TTCTTGAGG","+"
"93",147,"Va59_H57TJBGXX_GTTTCG_read322","MuTIR_3",94.444,90,5,0,59,148,1,90,1.29e-37,139,"CCTCAAGAA","+"
"94",148,"Va59_H57TJBGXX_GTTTCG_read323","MuTIR_3",94.737,76,4,0,76,151,1,76,1.68e-31,119,"TTCTTGAGG","+"
"95",149,"Va59_H57TJBGXX_GTTTCG_read326","MuTIR_3",96.296,54,2,0,98,151,1,54,1.32e-22,89.8,"TGGTTCGCC","+"
"96",150,"Va59_H57TJBGXX_GTTTCG_read328","MuTIR_3",93.519,108,7,0,42,149,1,108,2.76e-44,161,"CCTCAAGAA","+"
"97",151,"Va59_H57TJBGXX_GTTTCG_read330","MuTIR_3",94.737,133,7,0,2,134,1,133,3.49e-58,207,"AACGACGAT","-"
"103",158,"Va59_H57TJBGXX_GTTTCG_read344","MuTIR_3",93.421,76,5,0,65,140,1,76,7.83e-30,113,"GTATCCTAC","+"
"104",159,"Va59_H57TJBGXX_GTTTCG_read345","MuTIR_3",88.506,87,10,0,63,149,1,87,1.31e-27,106,"CCTCTAGAG","+"
"105",160,"Va59_H57TJBGXX_GTTTCG_read347","MuTIR_3",89.565,115,11,1,36,149,1,115,2.77e-39,145,"CTGACAGAT","+"
"106",161,"Va59_H57TJBGXX_GTTTCG_read348","MuTIR_3",89.147,129,14,0,11,139,1,129,2.76e-44,161,"CCTCTAGAG","+"
"107",162,"Va59_H57TJBGXX_GTTTCG_read349","MuTIR_3",90.11,91,9,0,61,151,1,91,1.68e-31,119,"CACGGAAGG","+"
"108",163,"Va59_H57TJBGXX_GTTTCG_read350","MuTIR_3",95.122,82,3,1,69,150,1,81,2.79e-34,128,"ACTGACGGG","+"
"109",164,"Va59_H57TJBGXX_GTTTCG_read351","MuTIR_3",87.85,107,13,0,36,142,1,107,1.01e-33,126,"CGATTTTTA","+"
"110",165,"Va59_H57TJBGXX_GTTTCG_read352","MuTIR_3",95.89,73,3,0,46,118,1,73,1.68e-31,119,"ACTGACGGG","+"
"111",166,"Va59_H57TJBGXX_GTTTCG_read353","MuTIR_3",93.75,80,4,1,72,151,1,79,1.68e-31,119,"ACTGACGGG","+"
"113",168,"Va59_H57TJBGXX_GTTTCG_read355","MuTIR_3",94.667,75,4,0,77,151,1,75,6.05e-31,117,"TTAAAAAAC","+"
"114",169,"Va59_H57TJBGXX_GTTTCG_read356","MuTIR_3",94.667,75,4,0,77,151,1,75,6.05e-31,117,"TTAAAAAAC","+"
"122",178,"Va59_H57TJBGXX_GTTTCG_read372","MuTIR_3",90.769,130,12,0,12,141,1,130,3.54e-48,174,"AGTAACGAC","-"
"125",181,"Va59_H57TJBGXX_GTTTCG_read377","MuTIR_3",91.473,129,11,0,12,140,1,129,2.74e-49,178,"GGATTCAGA","-"
"127",189,"Va59_H57TJBGXX_GTTTCG_read389","MuTIR_3",94.667,75,4,0,68,142,1,75,6.05e-31,117,"CTCCTCATC","+"
"128",191,"Va59_H57TJBGXX_GTTTCG_read391","MuTIR_3",93.421,76,5,0,76,151,1,76,7.83e-30,113,"GACCTCAAA","+"
"130",193,"Va59_H57TJBGXX_GTTTCG_read397","MuTIR_3",94.595,74,4,0,78,151,1,74,2.18e-30,115,"GACCCTTTG","+"
"131",194,"Va59_H57TJBGXX_GTTTCG_read398","MuTIR_3",89.773,88,9,0,64,151,1,88,7.83e-30,113,"CTCCTCATC","+"
"133",196,"Va59_H57TJBGXX_GTTTCG_read400","MuTIR_3",90.551,127,12,0,25,151,1,127,1.65e-46,169,"CCCGTCCCC","+"
"134",197,"Va59_H57TJBGXX_GTTTCG_read401","MuTIR_3",93.827,81,5,0,65,145,1,81,1.3e-32,122,"GACCTCAAA","+"
"143",248,"Va59_H57TJBGXX_GTTTCG_read511","MuTIR_4",95.652,46,2,0,99,144,1,46,3.69e-18,75,"CGGCCACCG","+"
"144",249,"Va59_H57TJBGXX_GTTTCG_read512","MuTIR_4",85.586,111,16,0,41,151,1,111,1.68e-31,119,"GTTAAAAAG","+"
"145",250,"Va59_H57TJBGXX_GTTTCG_read513","MuTIR_4",94.366,71,4,0,81,151,1,71,1.01e-28,110,"GCTGTCGAC","+"
"146",251,"Va59_H57TJBGXX_GTTTCG_read515","MuTIR_4",85.586,111,16,0,30,140,1,111,1.68e-31,119,"GTTAAAAAG","+"
"147",252,"Va59_H57TJBGXX_GTTTCG_read519","MuTIR_4",86.607,112,15,0,40,151,1,112,1.01e-33,126,"GTGACTGAG","+"
"149",254,"Va59_H57TJBGXX_GTTTCG_read525","MuTIR_4",91.304,69,6,0,83,151,1,69,2.83e-24,95.3,"GTTAAAAAG","+"
"150",255,"Va59_H57TJBGXX_GTTTCG_read527","MuTIR_4",91.86,86,7,0,46,131,1,86,4.68e-32,121,"GTGACTGGG","+"
"151",256,"Va59_H57TJBGXX_GTTTCG_read530","MuTIR_4",85.586,111,16,0,24,134,1,111,1.68e-31,119,"GTTAAAAAG","+"
"153",258,"Va59_H57TJBGXX_GTTTCG_read535","MuTIR_4",90,120,12,0,10,129,1,120,3.56e-43,158,"CTTTTATGC","-"
"155",260,"Va59_H57TJBGXX_GTTTCG_read539","MuTIR_4",85.586,111,16,0,20,130,1,111,1.68e-31,119,"ATGGATTCT","-"
"158",263,"Va59_H57TJBGXX_GTTTCG_read543","MuTIR_4",86.777,121,16,0,4,124,1,121,4.64e-37,137,"GTAAGCCTC","-"
"164",269,"Va59_H57TJBGXX_GTTTCG_read556","MuTIR_4",86.777,121,16,0,22,142,1,121,4.64e-37,137,"GTAAGCCTC","-"
"166",272,"Va59_H57TJBGXX_GTTTCG_read574","MuTIR_4",88.235,119,14,0,31,149,1,119,2.77e-39,145,"CTCTAAAAG","+"
"167",273,"Va59_H57TJBGXX_GTTTCG_read575","MuTIR_4",87.097,124,16,0,28,151,1,124,9.98e-39,143,"CTCTAAAAG","+"
"170",282,"Va59_H57TJBGXX_GTTTCG_read603","MuTIR_4",85.87,92,13,0,60,151,1,92,2.19e-25,99,"GTGTGTGGG","+"
"172",293,"Va59_H57TJBGXX_GTTTCG_read633","MuTIR_5",95.652,46,2,0,101,146,1,46,3.69e-18,75,"GACGCTCGC","+"
"173",294,"Va59_H57TJBGXX_GTTTCG_read635","MuTIR_5",95.918,49,2,0,102,150,1,49,7.94e-20,80.5,"CGAGACGGC","+"
"174",295,"Va59_H57TJBGXX_GTTTCG_read636","MuTIR_5",86.486,74,8,1,80,151,1,74,2.21e-20,82.4,"ATTGAGCCC","+"
"175",296,"Va59_H57TJBGXX_GTTTCG_read638","MuTIR_5",91.011,89,6,1,65,151,1,89,4.68e-32,121,"CGAGACGGC","+"
"176",297,"Va59_H57TJBGXX_GTTTCG_read641","MuTIR_5",85.714,112,14,1,42,151,1,112,1.68e-31,119,"ACCTTGACA","+"
"178",299,"Va59_H57TJBGXX_GTTTCG_read645","MuTIR_5",89.474,95,8,1,59,151,1,95,4.68e-32,121,"GGCTACATC","+"
"179",300,"Va59_H57TJBGXX_GTTTCG_read646","MuTIR_5",87.218,133,15,1,21,151,1,133,5.96e-41,150,"GACGCTCGC","+"
"180",301,"Va59_H57TJBGXX_GTTTCG_read647","MuTIR_5",87.5,72,7,1,82,151,1,72,6.14e-21,84.2,"ATTGAGCCC","+"
"181",302,"Va59_H57TJBGXX_GTTTCG_read648","MuTIR_5",87.218,133,15,1,21,151,1,133,5.96e-41,150,"GACGCTCGC","+"
"183",304,"Va59_H57TJBGXX_GTTTCG_read652","MuTIR_5",89.764,127,11,1,6,130,1,127,7.66e-45,163,"CGTTGTTAT","-"
"186",307,"Va59_H57TJBGXX_GTTTCG_read662","MuTIR_5",95.918,49,2,0,89,137,1,49,7.94e-20,80.5,"AGACCTAGG","-"
"188",314,"Va59_H57TJBGXX_GTTTCG_read692","MuTIR_6",96.923,65,2,0,87,151,1,65,1.01e-28,110,"TGCACTACG","+"
"189",315,"Va59_H57TJBGXX_GTTTCG_read694","MuTIR_6",96.97,66,2,0,80,145,1,66,2.81e-29,111,"TGCACTACG","+"
"194",320,"Va59_H57TJBGXX_GTTTCG_read709","MuTIR_6",90.598,117,10,1,13,128,1,117,4.61e-42,154,"AATCGATAT","-"
"196",323,"Va59_H57TJBGXX_GTTTCG_read716","MuTIR_6",94.928,138,7,0,14,151,1,138,5.8e-61,217,"TCCTAGGCT","+"
"197",324,"Va59_H57TJBGXX_GTTTCG_read717","MuTIR_6",96.396,111,4,0,39,149,1,111,5.88e-51,183,"AGGAGAGGG","+"
"198",325,"Va59_H57TJBGXX_GTTTCG_read718","MuTIR_6",94.574,129,7,0,22,150,1,129,5.84e-56,200,"AGGAGAGGG","+"
"203",336,"Va59_H57TJBGXX_GTTTCG_read763","MuTIR_7",86.957,115,14,1,35,149,1,114,2.16e-35,132,"TCGAACCGC","+"
"204",342,"Va59_HLCY2CCXX_L5_read2","MuTIR_1",96.078,102,3,1,49,150,1,101,2.11e-45,165,"GAGAGCCTC","+"
"205",343,"Va59_HLCY2CCXX_L5_read3","MuTIR_1",97.03,101,2,1,47,147,1,100,1.63e-46,169,"CTCCCAGTG","+"
"206",344,"Va59_HLCY2CCXX_L5_read5","MuTIR_1",97.101,69,1,1,82,150,1,68,2.16e-30,115,"GCTACATCT","+"
"209",347,"Va59_HLCY2CCXX_L5_read10","MuTIR_1",100,30,0,0,115,144,1,30,1.33e-12,56.5,"GCCGTGCGA","+"
"210",348,"Va59_HLCY2CCXX_L5_read13","MuTIR_1",97.917,48,1,0,100,147,1,48,6.09e-21,84.2,"AGATGTAGC","+"
"211",349,"Va59_HLCY2CCXX_L5_read14","MuTIR_1",95.604,91,3,1,60,150,1,90,2.76e-39,145,"GAATACAAC","+"
"212",350,"Va59_HLCY2CCXX_L5_read15","MuTIR_1",93.684,95,5,1,17,111,1,94,3.56e-38,141,"TCGCACGGC","+"
"215",353,"Va59_HLCY2CCXX_L5_read18","MuTIR_1",93.617,94,5,1,55,148,1,93,1.28e-37,139,"CTCTCTGAT","+"
"216",354,"Va59_HLCY2CCXX_L5_read20","MuTIR_1",96.694,121,3,1,30,150,1,120,5.8e-56,200,"CTCCCAGTG","+"
"217",355,"Va59_HLCY2CCXX_L5_read21","MuTIR_1",94.737,57,2,1,94,150,1,56,4.71e-22,87.9,"AGATTTGAT","+"
"218",356,"Va59_HLCY2CCXX_L5_read23","MuTIR_1",95.726,117,4,1,34,150,1,116,4.51e-52,187,"TTTCTGAAC","+"
"219",357,"Va59_HLCY2CCXX_L5_read27","MuTIR_1",95.2,125,5,1,23,147,1,124,7.5e-55,196,"TTTCTGAAC","+"
"220",358,"Va59_HLCY2CCXX_L5_read29","MuTIR_1",96.512,86,2,1,64,149,1,85,3.56e-38,141,"GAGGCTCTC","+"
"221",359,"Va59_HLCY2CCXX_L5_read32","MuTIR_1",100,33,0,0,118,150,1,33,2.85e-14,62.1,"CTCCCAGTG","+"
"222",360,"Va59_HLCY2CCXX_L5_read33","MuTIR_1",94.656,131,6,1,15,145,1,130,1.61e-56,202,"ACCTAACAC","+"
"224",362,"Va59_HLCY2CCXX_L5_read37","MuTIR_1",94.958,119,5,1,21,139,1,118,1.62e-51,185,"GCCGTGCGA","+"
"225",363,"Va59_HLCY2CCXX_L5_read41","MuTIR_1",93.684,95,5,1,17,111,1,94,3.56e-38,141,"TCGCACGGC","+"
"226",364,"Va59_HLCY2CCXX_L5_read43","MuTIR_1",100,31,0,0,120,150,1,31,3.69e-13,58.4,"GAATACAAC","+"
"227",365,"Va59_HLCY2CCXX_L5_read46","MuTIR_1",94.34,106,5,1,45,150,1,105,2.74e-44,161,"GAAAGAGAG","+"
"228",366,"Va59_HLCY2CCXX_L5_read47","MuTIR_1",100,31,0,0,120,150,1,31,3.69e-13,58.4,"GAATACAAC","+"
"230",368,"Va59_HLCY2CCXX_L5_read51","MuTIR_1",96.907,97,2,1,54,150,1,96,2.74e-44,161,"CTCCCAGTG","+"
"231",369,"Va59_HLCY2CCXX_L5_read52","MuTIR_1",97.101,69,1,1,81,149,1,68,2.16e-30,115,"GAAAGAGAG","+"
"232",370,"Va59_HLCY2CCXX_L5_read54","MuTIR_1",91.228,57,4,1,91,147,1,56,1.02e-18,76.8,"GAAAAAGAG","+"
"233",371,"Va59_HLCY2CCXX_L5_read55","MuTIR_1",92.424,132,9,1,12,143,1,131,4.51e-52,187,"GTCTCTGTG","+"
"235",373,"Va59_HLCY2CCXX_L5_read59","MuTIR_1",92.632,95,6,1,39,133,1,94,1.66e-36,135,"TCGCACGGC","+"
"236",374,"Va59_HLCY2CCXX_L5_read60","MuTIR_1",94.643,56,2,1,95,150,1,55,1.69e-21,86.1,"AGATTTGAT","+"
"237",375,"Va59_HLCY2CCXX_L5_read62","MuTIR_1",93.22,118,7,1,33,150,1,117,1.26e-47,172,"GAAAGAGAG","+"
"238",376,"Va59_HLCY2CCXX_L5_read65","MuTIR_1",94.643,56,2,1,95,150,1,55,1.69e-21,86.1,"AGATTTGAT","+"
"240",378,"Va59_HLCY2CCXX_L5_read69","MuTIR_1",94.958,119,5,1,21,139,1,118,1.62e-51,185,"GCCGTGCGA","+"
"241",379,"Va59_HLCY2CCXX_L5_read71","MuTIR_1",91.729,133,10,1,18,150,1,132,5.84e-51,183,"ATTGAAAGG","+"
"242",380,"Va59_HLCY2CCXX_L5_read72","MuTIR_1",94.643,56,2,1,95,150,1,55,1.69e-21,86.1,"AGATTTGAT","+"
"243",381,"Va59_HLCY2CCXX_L5_read73","MuTIR_1",94.964,139,6,1,12,150,1,138,5.76e-61,217,"GAAAGAGAG","+"
"244",382,"Va59_HLCY2CCXX_L5_read75","MuTIR_1",100,47,0,0,104,150,1,47,4.71e-22,87.9,"GAGAGCCTC","+"
"245",383,"Va59_HLCY2CCXX_L5_read76","MuTIR_1",97.101,69,1,1,80,148,1,68,2.16e-30,115,"GAAAGAGAG","+"
"246",384,"Va59_HLCY2CCXX_L5_read78","MuTIR_1",95.536,112,4,1,39,150,1,111,2.72e-49,178,"ACCTAACAC","+"
"274",412,"Va59_HLCY2CCXX_L5_read121","MuTIR_1",93.684,95,5,1,18,112,1,94,3.56e-38,141,"TATTCCTGG","-"
"290",428,"Va59_HLCY2CCXX_L5_read144","MuTIR_1",92.632,95,6,1,38,132,1,94,1.66e-36,135,"TATTCCTGG","-"
"294",432,"Va59_HLCY2CCXX_L5_read159","MuTIR_1",95.745,47,2,0,104,150,1,47,1.02e-18,76.8,"CTCCTGGAC","+"
"295",433,"Va59_HLCY2CCXX_L5_read161","MuTIR_1",95.604,91,3,1,60,150,1,90,2.76e-39,145,"CTCCTGGAC","+"
"296",434,"Va59_HLCY2CCXX_L5_read163","MuTIR_1",95.833,48,2,0,101,148,1,48,2.83e-19,78.7,"CTCCTGGAC","+"
"298",449,"Va59_HLCY2CCXX_L5_read210","MuTIR_1",88.496,113,12,1,37,149,1,112,1.66e-36,135,"CTATGAAAG","+"
"299",512,"Va59_HLCY2CCXX_L5_read392","MuTIR_2",96.226,53,2,0,98,150,1,53,4.71e-22,87.9,"CCCAGAGCC","+"
"300",513,"Va59_HLCY2CCXX_L5_read395","MuTIR_2",92.241,116,9,0,31,146,1,116,2.11e-45,165,"CCCACAGGG","+"
"301",514,"Va59_HLCY2CCXX_L5_read399","MuTIR_2",97.333,75,2,0,76,150,1,75,2.77e-34,128,"GCGCCAGGG","+"
"302",515,"Va59_HLCY2CCXX_L5_read402","MuTIR_2",92.647,68,5,0,83,150,1,68,2.18e-25,99,"ACCCAACTG","+"
"304",517,"Va59_HLCY2CCXX_L5_read404","MuTIR_2",94.068,118,7,0,33,150,1,118,7.55e-50,180,"CCCAGAGCC","+"
"305",518,"Va59_HLCY2CCXX_L5_read406","MuTIR_2",84,125,20,0,26,150,1,125,4.64e-32,121,"CTCCTGCGG","+"
"306",519,"Va59_HLCY2CCXX_L5_read407","MuTIR_2",93.023,86,6,0,50,135,1,86,9.98e-34,126,"GTTGGAAGA","+"
"307",520,"Va59_HLCY2CCXX_L5_read413","MuTIR_2",96.721,61,2,0,90,150,1,61,1.68e-26,102,"CCCAGAGCC","+"
"309",522,"Va59_HLCY2CCXX_L5_read417","MuTIR_2",91.463,82,7,0,61,142,1,82,7.77e-30,113,"TGGATCAAG","+"
"310",523,"Va59_HLCY2CCXX_L5_read418","MuTIR_2",91.111,90,8,0,56,145,1,90,1.29e-32,122,"GGCTCTGGG","+"
"311",524,"Va59_HLCY2CCXX_L5_read419","MuTIR_2",97.917,48,1,0,103,150,1,48,6.09e-21,84.2,"TTCCTCGCC","+"
"312",525,"Va59_HLCY2CCXX_L5_read426","MuTIR_2",89.683,126,13,0,25,150,1,126,2.74e-44,161,"GGCTCTGGG","+"
"313",526,"Va59_HLCY2CCXX_L5_read427","MuTIR_2",96.667,90,3,0,56,145,1,90,5.92e-41,150,"GCGCCAGGG","+"
"314",527,"Va59_HLCY2CCXX_L5_read428","MuTIR_2",95.556,90,4,0,59,148,1,90,2.76e-39,145,"CCCTGGCGC","+"
"315",528,"Va59_HLCY2CCXX_L5_read432","MuTIR_2",93.671,79,5,0,72,150,1,79,1.67e-31,119,"GTTGGAAGA","+"
"316",529,"Va59_HLCY2CCXX_L5_read434","MuTIR_2",91.667,120,10,0,25,144,1,120,5.88e-46,167,"CCCACAGGG","+"
"317",530,"Va59_HLCY2CCXX_L5_read438","MuTIR_2",95.349,86,4,0,65,150,1,86,4.61e-37,137,"CCCTGGCGC","+"
"318",531,"Va59_HLCY2CCXX_L5_read439","MuTIR_2",89.167,120,13,0,27,146,1,120,5.92e-41,150,"ACCCAACTG","+"
"320",533,"Va59_HLCY2CCXX_L5_read442","MuTIR_2",92.241,116,9,0,31,146,1,116,2.11e-45,165,"CCCACAGGG","+"
"322",535,"Va59_HLCY2CCXX_L5_read445","MuTIR_2",95.098,102,5,0,49,150,1,102,2.74e-44,161,"GCGCCAGGG","+"
"324",537,"Va59_HLCY2CCXX_L5_read451","MuTIR_2",89.247,93,10,0,48,140,1,93,6.01e-31,117,"ATCCACCAC","+"
"325",538,"Va59_HLCY2CCXX_L5_read452","MuTIR_2",95.37,108,5,0,41,148,1,108,1.26e-47,172,"GCGCCAGGG","+"
"326",539,"Va59_HLCY2CCXX_L5_read453","MuTIR_2",91.473,129,11,0,11,139,1,129,2.72e-49,178,"CCTCCCGCC","+"
"327",540,"Va59_HLCY2CCXX_L5_read454","MuTIR_2",95.37,108,5,0,41,148,1,108,1.26e-47,172,"GCGCCAGGG","+"
"331",544,"Va59_HLCY2CCXX_L5_read460","MuTIR_2",91.463,82,7,0,68,149,1,82,7.77e-30,113,"ATCCACCAC","+"
"332",545,"Va59_HLCY2CCXX_L5_read463","MuTIR_2",92.537,67,5,0,84,150,1,67,7.82e-25,97.1,"ATCCACCAC","+"
"333",546,"Va59_HLCY2CCXX_L5_read466","MuTIR_2",91.919,99,8,0,52,150,1,99,1.28e-37,139,"CCCACAGGG","+"
"334",547,"Va59_HLCY2CCXX_L5_read467","MuTIR_2",92.537,67,5,0,84,150,1,67,7.82e-25,97.1,"ATCCACCAC","+"
"335",548,"Va59_HLCY2CCXX_L5_read470","MuTIR_2",87.097,93,12,0,55,147,1,93,1.3e-27,106,"GGAGAAGTG","+"
"354",567,"Va59_HLCY2CCXX_L5_read500","MuTIR_2",93.798,129,8,0,5,133,1,129,2.7e-54,195,"CGGATAGAA","-"
"362",575,"Va59_HLCY2CCXX_L5_read513","MuTIR_2",93.798,129,8,0,5,133,1,129,2.7e-54,195,"CGGATAGAA","-"
"377",601,"Va59_HLCY2CCXX_L5_read573","MuTIR_2",92.537,134,10,0,17,150,1,134,9.7e-54,193,"GCAAGGGAA","+"
"378",627,"Va59_HLCY2CCXX_L5_read615","MuTIR_2",89.157,83,7,2,65,146,1,82,1.68e-26,102,"CGGGCCGGC","+"
"380",629,"Va59_HLCY2CCXX_L5_read619","MuTIR_2",86.047,129,16,2,10,137,1,128,4.61e-37,137,"GTCTCCCAC","+"
"381",630,"Va59_HLCY2CCXX_L5_read620","MuTIR_2",85.859,99,12,2,26,123,1,98,4.68e-27,104,"CGGGCCGGC","+"
"382",631,"Va59_HLCY2CCXX_L5_read621","MuTIR_2",87.952,83,8,2,60,141,1,82,7.82e-25,97.1,"GTCTCCCAC","+"
"383",632,"Va59_HLCY2CCXX_L5_read622","MuTIR_2",86.047,129,16,2,10,137,1,128,4.61e-37,137,"GTCTCCCAC","+"
"384",639,"Va59_HLCY2CCXX_L5_read639","MuTIR_2",89.167,120,13,0,31,150,1,120,5.92e-41,150,"TTCCCTTGC","+"
"385",640,"Va59_HLCY2CCXX_L5_read641","MuTIR_2",89.167,120,13,0,31,150,1,120,5.92e-41,150,"TTCCCTTGC","+"
"386",641,"Va59_HLCY2CCXX_L5_read643","MuTIR_2",86.667,120,14,1,30,147,1,120,2.15e-35,132,"ATTCGTGTG","+"
"390",671,"Va59_HLCY2CCXX_L5_read744","MuTIR_3",94.175,103,6,0,48,150,1,103,3.54e-43,158,"TGGTTCGCC","+"
"391",672,"Va59_HLCY2CCXX_L5_read745","MuTIR_3",90.625,64,4,2,88,150,1,63,6.09e-21,84.2,"CCCTGCGAG","+"
"393",674,"Va59_HLCY2CCXX_L5_read750","MuTIR_3",92.857,112,8,0,39,150,1,112,7.61e-45,163,"CCGTTTTTT","+"
"394",675,"Va59_HLCY2CCXX_L5_read751","MuTIR_3",92.593,81,4,2,70,149,1,80,2.16e-30,115,"CATATGTAC","+"
"395",676,"Va59_HLCY2CCXX_L5_read755","MuTIR_3",93.913,115,5,2,37,150,1,114,1.26e-47,172,"CATATGTAC","+"
"396",677,"Va59_HLCY2CCXX_L5_read757","MuTIR_3",93.913,115,5,2,37,150,1,114,1.26e-47,172,"CATATGTAC","+"
"397",678,"Va59_HLCY2CCXX_L5_read758","MuTIR_3",91.765,85,5,2,67,150,1,84,6.01e-31,117,"CATATGTAC","+"
"398",679,"Va59_HLCY2CCXX_L5_read759","MuTIR_3",92.857,112,8,0,39,150,1,112,7.61e-45,163,"CCGTTTTTT","+"
"399",680,"Va59_HLCY2CCXX_L5_read763","MuTIR_3",93.902,82,5,0,66,147,1,82,3.59e-33,124,"TTCTTGAGG","+"
"400",681,"Va59_HLCY2CCXX_L5_read765","MuTIR_3",97.826,46,1,0,105,150,1,46,7.88e-20,80.5,"CCGTTTTTT","+"
"401",682,"Va59_HLCY2CCXX_L5_read766","MuTIR_3",94.231,52,3,0,91,142,1,52,7.88e-20,80.5,"CCCTGCGAG","+"
"402",683,"Va59_HLCY2CCXX_L5_read767","MuTIR_3",96.154,52,2,0,91,142,1,52,1.69e-21,86.1,"CATATGTAC","+"
"403",684,"Va59_HLCY2CCXX_L5_read768","MuTIR_3",96.226,53,2,0,96,148,1,53,4.71e-22,87.9,"AAAAAATGG","+"
"404",685,"Va59_HLCY2CCXX_L5_read770","MuTIR_3",93.86,114,7,0,37,150,1,114,1.26e-47,172,"TGGTTCGCC","+"
"405",686,"Va59_HLCY2CCXX_L5_read771","MuTIR_3",96.154,52,2,0,91,142,1,52,1.69e-21,86.1,"CATATGTAC","+"
"406",687,"Va59_HLCY2CCXX_L5_read774","MuTIR_3",91.358,81,5,2,71,150,1,80,1.01e-28,110,"CCCTGCGAG","+"
"407",688,"Va59_HLCY2CCXX_L5_read775","MuTIR_3",94.828,116,6,0,35,150,1,116,2.1e-50,182,"TGGCGAACC","+"
"408",689,"Va59_HLCY2CCXX_L5_read776","MuTIR_3",93.893,131,8,0,18,148,1,131,2.09e-55,198,"TTCTTGAGG","+"
"417",698,"Va59_HLCY2CCXX_L5_read788","MuTIR_3",94.068,118,5,2,23,139,1,117,2.72e-49,178,"TAAATCATT","-"
"419",700,"Va59_HLCY2CCXX_L5_read793","MuTIR_3",94.068,118,5,2,23,139,1,117,2.72e-49,178,"TAAATCATT","-"
"432",713,"Va59_HLCY2CCXX_L5_read816","MuTIR_3",92.683,82,5,1,67,148,1,81,6.01e-31,117,"GTTCTGTAC","+"
"433",714,"Va59_HLCY2CCXX_L5_read822","MuTIR_3",96.053,76,3,0,74,149,1,76,3.59e-33,124,"ACTGACGGG","+"
"434",715,"Va59_HLCY2CCXX_L5_read824","MuTIR_3",95.146,103,5,0,48,150,1,103,7.61e-45,163,"ACTGACGGG","+"
"435",716,"Va59_HLCY2CCXX_L5_read826","MuTIR_3",93.258,89,6,0,62,150,1,89,2.15e-35,132,"TTAAAAAAC","+"
"436",717,"Va59_HLCY2CCXX_L5_read827","MuTIR_3",94,50,3,0,101,150,1,50,1.02e-18,76.8,"ACTGACGGG","+"
"437",718,"Va59_HLCY2CCXX_L5_read829","MuTIR_3",94.615,130,7,0,21,150,1,130,1.61e-56,202,"TTAAAAAAC","+"
"439",721,"Va59_HLCY2CCXX_L5_read833","MuTIR_3",90.816,98,9,0,53,150,1,98,2.15e-35,132,"TCAGAGAGA","+"
"440",722,"Va59_HLCY2CCXX_L5_read834","MuTIR_3",89.916,119,12,0,32,150,1,119,4.58e-42,154,"CCGCCCGCG","+"
"442",724,"Va59_HLCY2CCXX_L5_read836","MuTIR_3",93.976,83,5,0,62,144,1,83,9.98e-34,126,"TTAAAAAAC","+"
"443",725,"Va59_HLCY2CCXX_L5_read838","MuTIR_3",90.826,109,10,0,40,148,1,109,7.66e-40,147,"TCAGAGAGA","+"
"444",726,"Va59_HLCY2CCXX_L5_read840","MuTIR_3",92.248,129,10,0,18,146,1,129,5.84e-51,183,"GTATCCTAC","+"
"445",727,"Va59_HLCY2CCXX_L5_read841","MuTIR_3",93.75,64,4,0,87,150,1,64,7.82e-25,97.1,"TTAAAAAAC","+"
"446",728,"Va59_HLCY2CCXX_L5_read845","MuTIR_3",93.548,62,4,0,89,150,1,62,1.01e-23,93.5,"TTAAAAAAC","+"
"447",729,"Va59_HLCY2CCXX_L5_read846","MuTIR_3",89.922,129,13,0,13,141,1,129,5.88e-46,167,"CCTCTAGAG","+"
"448",730,"Va59_HLCY2CCXX_L5_read847","MuTIR_3",93.75,64,4,0,87,150,1,64,7.82e-25,97.1,"TTAAAAAAC","+"
"449",731,"Va59_HLCY2CCXX_L5_read848","MuTIR_3",89.565,115,11,1,29,142,1,115,2.76e-39,145,"CTGACAGAT","+"
"450",732,"Va59_HLCY2CCXX_L5_read849","MuTIR_3",93.043,115,8,0,35,149,1,115,1.63e-46,169,"GTTCTGTAC","+"
"451",733,"Va59_HLCY2CCXX_L5_read850","MuTIR_3",96.053,76,3,0,74,149,1,76,3.59e-33,124,"ACTGACGGG","+"
"452",734,"Va59_HLCY2CCXX_L5_read851","MuTIR_3",90.226,133,13,0,10,142,1,133,3.51e-48,174,"TCATCTCTC","+"
"454",736,"Va59_HLCY2CCXX_L5_read853","MuTIR_3",92.481,133,10,0,15,147,1,133,3.49e-53,191,"GTTCTGTAC","+"
"455",737,"Va59_HLCY2CCXX_L5_read854","MuTIR_3",92.248,129,10,0,18,146,1,129,5.84e-51,183,"GTATCCTAC","+"
"456",738,"Va59_HLCY2CCXX_L5_read855","MuTIR_3",91.089,101,9,0,50,150,1,101,4.61e-37,137,"CACGGAAGG","+"
"458",740,"Va59_HLCY2CCXX_L5_read860","MuTIR_3",91.473,129,11,0,11,139,1,129,2.72e-49,178,"GGATTTAGA","-"
"468",751,"Va59_HLCY2CCXX_L5_read880","MuTIR_3",89.922,129,13,0,12,140,1,129,5.88e-46,167,"GGATTCAGA","-"
"473",756,"Va59_HLCY2CCXX_L5_read889","MuTIR_3",88.372,129,15,0,12,140,1,129,1.27e-42,156,"GGATTCAGA","-"
"480",779,"Va59_HLCY2CCXX_L5_read925","MuTIR_3",93.22,59,4,0,92,150,1,59,4.71e-22,87.9,"GACCCTTTG","+"
"482",783,"Va59_HLCY2CCXX_L5_read938","MuTIR_3",92.481,133,10,0,16,148,1,133,3.49e-53,191,"TCTTTTAGA","+"
"483",784,"Va59_HLCY2CCXX_L5_read940","MuTIR_3",94.03,67,4,0,84,150,1,67,1.68e-26,102,"TCGGCAAGC","+"
"491",869,"Va59_HLCY2CCXX_L5_read1134","MuTIR_4",86.777,121,16,0,27,147,1,121,4.61e-37,137,"GTGACTGGG","+"
"493",871,"Va59_HLCY2CCXX_L5_read1136","MuTIR_4",90.083,121,12,0,29,149,1,121,9.84e-44,159,"CGGCCCGTG","+"
"494",872,"Va59_HLCY2CCXX_L5_read1139","MuTIR_4",86.777,121,16,0,15,135,1,121,4.61e-37,137,"GTGACTGGG","+"
"495",873,"Va59_HLCY2CCXX_L5_read1141","MuTIR_4",95.652,46,2,0,99,144,1,46,3.67e-18,75,"CGGCCACCG","+"
"497",875,"Va59_HLCY2CCXX_L5_read1145","MuTIR_4",90,130,13,0,21,150,1,130,4.55e-47,171,"CGGCCCGTG","+"
"498",876,"Va59_HLCY2CCXX_L5_read1150","MuTIR_4",86.923,130,17,0,10,139,1,130,2.13e-40,148,"GTGACTGAG","+"
"500",878,"Va59_HLCY2CCXX_L5_read1157","MuTIR_4",95.161,62,3,0,89,150,1,62,2.18e-25,99,"CCGAAGACT","+"
"501",879,"Va59_HLCY2CCXX_L5_read1159","MuTIR_4",91.964,112,9,0,38,149,1,112,9.84e-44,159,"CGGCCACCG","+"
"502",880,"Va59_HLCY2CCXX_L5_read1164","MuTIR_4",90.722,97,9,0,49,145,1,97,7.71e-35,130,"GCCATTAAG","+"
"503",881,"Va59_HLCY2CCXX_L5_read1167","MuTIR_4",92.982,57,4,0,92,148,1,57,6.09e-21,84.2,"CGGCCACCG","+"
"504",882,"Va59_HLCY2CCXX_L5_read1169","MuTIR_4",91.86,86,7,0,54,139,1,86,4.64e-32,121,"GTGACTGAG","+"
"505",883,"Va59_HLCY2CCXX_L5_read1172","MuTIR_4",94.318,88,5,0,60,147,1,88,1.66e-36,135,"CACGAGCTG","+"
"507",885,"Va59_HLCY2CCXX_L5_read1178","MuTIR_4",87.129,101,13,0,46,146,1,101,2.16e-30,115,"GCTAAAAAG","+"
"513",891,"Va59_HLCY2CCXX_L5_read1188","MuTIR_4",86.923,130,17,0,10,139,1,130,2.13e-40,148,"CTGCAGATA","-"
"516",894,"Va59_HLCY2CCXX_L5_read1198","MuTIR_4",90.833,120,11,0,4,123,1,120,7.61e-45,163,"CTTTTATGC","-"
"527",908,"Va59_HLCY2CCXX_L5_read1264","MuTIR_4",88.732,71,8,0,80,150,1,71,4.71e-22,87.9,"GTCGACAGC","+"
"536",935,"Va59_HLCY2CCXX_L5_read1311","MuTIR_4",85.149,101,15,0,44,144,1,101,4.68e-27,104,"GTGTGTGGG","+"
"539",951,"Va59_HLCY2CCXX_L5_read1355","MuTIR_5",86.275,102,12,1,51,150,1,102,2.79e-29,111,"ACCTTGACA","+"
"540",952,"Va59_HLCY2CCXX_L5_read1356","MuTIR_5",88.889,99,9,1,54,150,1,99,1.29e-32,122,"GGCTACATC","+"
"541",953,"Va59_HLCY2CCXX_L5_read1361","MuTIR_5",90.323,93,7,1,60,150,1,93,1.29e-32,122,"ATTGAGCCC","+"
"550",971,"Va59_HLCY2CCXX_L5_read1439","MuTIR_6",90.598,117,10,1,23,138,1,117,4.58e-42,154,"GGGAGGGAG","+"
"551",972,"Va59_HLCY2CCXX_L5_read1440","MuTIR_6",95.122,123,6,0,28,150,1,123,2.7e-54,195,"TGCACTACA","+"
"553",974,"Va59_HLCY2CCXX_L5_read1450","MuTIR_6",95.556,135,6,0,16,150,1,135,5.76e-61,217,"TGCACTACA","+"
"554",975,"Va59_HLCY2CCXX_L5_read1458","MuTIR_6",95.556,135,6,0,16,150,1,135,5.76e-61,217,"TGCACTACA","+"
"555",976,"Va59_HLCY2CCXX_L5_read1459","MuTIR_6",95.238,126,6,0,25,150,1,126,5.8e-56,200,"TGCACTATG","+"
"556",977,"Va59_HLCY2CCXX_L5_read1461","MuTIR_6",94.737,76,4,0,75,150,1,76,1.67e-31,119,"TGCACTACG","+"
"557",978,"Va59_HLCY2CCXX_L5_read1466","MuTIR_6",95.614,114,5,0,37,150,1,114,5.84e-51,183,"TGCACTATG","+"
"558",979,"Va59_HLCY2CCXX_L5_read1467","MuTIR_6",95.588,136,6,0,15,150,1,136,1.6e-61,219,"TGCACTACG","+"
"559",980,"Va59_HLCY2CCXX_L5_read1480","MuTIR_6",90.598,117,10,1,6,121,1,117,4.58e-42,154,"AATCGATAT","-"
"566",988,"Va59_HLCY2CCXX_L5_read1512","MuTIR_6",95.714,70,3,0,80,149,1,70,7.77e-30,113,"AGGAGAGGG","+"
"567",989,"Va59_HLCY2CCXX_L5_read1513","MuTIR_6",93.13,131,9,0,17,147,1,131,9.7e-54,193,"AGGAGAGGG","+"
"568",991,"Va59_HLCY2CCXX_L5_read1520","MuTIR_6",96.939,98,3,0,53,150,1,98,2.11e-45,165,"TCCTAGGCT","+"
"569",992,"Va59_HLCY2CCXX_L5_read1522","MuTIR_6",96.429,112,4,0,39,150,1,112,1.62e-51,185,"CCGTAGATC","+"
"570",993,"Va59_HLCY2CCXX_L5_read1523","MuTIR_6",94.815,135,7,0,16,150,1,135,2.68e-59,211,"TCCTAGGCT","+"
"571",994,"Va59_HLCY2CCXX_L5_read1524","MuTIR_6",93.893,131,8,0,17,147,1,131,2.09e-55,198,"AGGAGAGGG","+"
"572",995,"Va59_HLCY2CCXX_L5_read1526","MuTIR_6",95.714,70,3,0,80,149,1,70,7.77e-30,113,"AGGAGAGGG","+"
