"","X","qname","sname","percent_identity","alignment_length","mismatches","gap_opens","q_start","q_end","s_start","s_end","evalue","bit_score","tsds","strand"
"1",1,"W64A_HGCJCBGXX_TTAGGC_read2","MuTIR_1",100,30,0,0,122,151,1,30,1.34e-12,56.5,"GAATACAAC","+"
"2",2,"W64A_HGCJCBGXX_TTAGGC_read5","MuTIR_1",95.789,95,3,1,48,142,1,94,1.66e-41,152,"CCTAGGCCC","+"
"3",3,"W64A_HGCJCBGXX_TTAGGC_read6","MuTIR_1",100,48,0,0,103,150,1,48,1.32e-22,89.8,"GAGAGCCTC","+"
"4",4,"W64A_HGCJCBGXX_TTAGGC_read8","MuTIR_1",91.579,95,7,1,57,151,1,94,7.77e-35,130,"GAATACAAC","+"
"5",5,"W64A_HGCJCBGXX_TTAGGC_read10","MuTIR_1",95.652,115,4,1,37,151,1,114,5.88e-51,183,"GTTCAGAAA","+"
"6",6,"W64A_HGCJCBGXX_TTAGGC_read11","MuTIR_1",94.495,109,5,1,43,151,1,108,5.92e-46,167,"GAAAGAGAG","+"
"8",8,"W64A_HGCJCBGXX_TTAGGC_read15","MuTIR_1",90.756,119,4,4,30,142,1,118,1.66e-41,152,"GTTTGCAGT","+"
"9",9,"W64A_HGCJCBGXX_TTAGGC_read16","MuTIR_1",93.333,45,3,0,107,151,1,45,6.18e-16,67.6,"GTTTGCAGT","+"
"10",10,"W64A_HGCJCBGXX_TTAGGC_read17","MuTIR_1",91.589,107,8,1,44,150,1,106,7.72e-40,147,"CTATGAAAG","+"
"11",11,"W64A_HGCJCBGXX_TTAGGC_read18","MuTIR_1",94.737,95,4,1,13,107,1,94,7.72e-40,147,"GCTGGCGAC","+"
"12",12,"W64A_HGCJCBGXX_TTAGGC_read20","MuTIR_1",94.737,95,4,1,34,128,1,94,7.72e-40,147,"GGCCCTGGC","+"
"13",13,"W64A_HGCJCBGXX_TTAGGC_read21","MuTIR_1",96.053,76,2,1,76,151,1,75,1.3e-32,122,"AATAAAAAC","+"
"14",14,"W64A_HGCJCBGXX_TTAGGC_read22","MuTIR_1",95.89,73,2,1,79,151,1,72,6.05e-31,117,"GCCAGGGCC","+"
"15",15,"W64A_HGCJCBGXX_TTAGGC_read24","MuTIR_1",90.511,137,12,1,15,151,1,136,7.61e-50,180,"CTATGAAAG","+"
"16",16,"W64A_HGCJCBGXX_TTAGGC_read28","MuTIR_1",94.737,95,4,1,55,149,1,94,7.72e-40,147,"GCTGGCGAC","+"
"17",17,"W64A_HGCJCBGXX_TTAGGC_read29","MuTIR_1",94.737,57,2,1,95,151,1,56,4.74e-22,87.9,"GCCGTGCGA","+"
"18",18,"W64A_HGCJCBGXX_TTAGGC_read30","MuTIR_1",94.203,69,3,1,83,151,1,68,4.71e-27,104,"GTCGCCAGC","+"
"19",19,"W64A_HGCJCBGXX_TTAGGC_read31","MuTIR_1",95.588,68,2,1,84,151,1,67,3.64e-28,108,"GCTGGCGAC","+"
"21",21,"W64A_HGCJCBGXX_TTAGGC_read33","MuTIR_1",100,32,0,0,115,146,1,32,1.03e-13,60.2,"GTCGGTCTA","+"
"22",22,"W64A_HGCJCBGXX_TTAGGC_read34","MuTIR_1",95.833,48,2,0,101,148,1,48,2.85e-19,78.7,"GGCCCTGGC","+"
"23",23,"W64A_HGCJCBGXX_TTAGGC_read36","MuTIR_1",96.296,81,2,1,71,151,1,80,2.16e-35,132,"GAGAGCCTC","+"
"24",24,"W64A_HGCJCBGXX_TTAGGC_read37","MuTIR_1",91.525,118,5,2,32,144,1,118,3.56e-43,158,"GTTTGCAGT","+"
"25",25,"W64A_HGCJCBGXX_TTAGGC_read38","MuTIR_1",92.623,122,8,1,30,151,1,121,3.54e-48,174,"CTCTCTTTC","+"
"26",26,"W64A_HGCJCBGXX_TTAGGC_read39","MuTIR_1",91.589,107,7,2,46,151,1,106,7.72e-40,147,"CTTTGAGAG","+"
"28",28,"W64A_HGCJCBGXX_TTAGGC_read42","MuTIR_1",95.455,66,2,1,86,151,1,65,4.71e-27,104,"GTCGGTCTA","+"
"50",50,"W64A_HGCJCBGXX_TTAGGC_read81","MuTIR_1",94.737,95,4,1,15,109,1,94,7.72e-40,147,"TCTTCCTGA","-"
"53",56,"W64A_HGCJCBGXX_TTAGGC_read95","MuTIR_1",90.769,130,10,2,12,141,1,128,1.27e-47,172,"GGGCCTAGG","+"
"54",57,"W64A_HGCJCBGXX_TTAGGC_read96","MuTIR_1",93.182,132,7,2,20,151,1,130,9.77e-54,193,"CCCTCCCCA","+"
"55",58,"W64A_HGCJCBGXX_TTAGGC_read98","MuTIR_1",93.846,65,3,1,68,132,1,64,7.88e-25,97.1,"CTGTGCGAG","+"
"56",61,"W64A_HGCJCBGXX_TTAGGC_read104","MuTIR_1",93.846,65,3,1,23,87,1,64,7.88e-25,97.1,"GTTGGCGTT","-"
"57",65,"W64A_HGCJCBGXX_TTAGGC_read112","MuTIR_1",85.821,134,10,6,17,144,1,131,6.01e-36,134,"CTCTGATCT","+"
"58",66,"W64A_HGCJCBGXX_TTAGGC_read113","MuTIR_1",87.719,114,7,4,40,148,1,112,1.01e-33,126,"CTCTGATCT","+"
"63",110,"W64A_HGCJCBGXX_TTAGGC_read211","MuTIR_2",91.111,90,8,0,58,147,1,90,1.3e-32,122,"GGCTCTGGG","+"
"64",111,"W64A_HGCJCBGXX_TTAGGC_read212","MuTIR_2",89.394,132,14,0,20,151,1,132,5.92e-46,167,"GCTGGGAAG","+"
"65",112,"W64A_HGCJCBGXX_TTAGGC_read214","MuTIR_2",91.892,74,6,0,49,122,1,74,1.31e-27,106,"GGCTCTGGG","+"
"66",113,"W64A_HGCJCBGXX_TTAGGC_read215","MuTIR_2",87.755,98,12,0,52,149,1,98,2.18e-30,115,"GCTGGGAAG","+"
"67",114,"W64A_HGCJCBGXX_TTAGGC_read219","MuTIR_2",91.86,86,7,0,66,151,1,86,4.68e-32,121,"CCGTGACCC","+"
"68",115,"W64A_HGCJCBGXX_TTAGGC_read223","MuTIR_2",91.339,127,11,0,15,141,1,127,3.54e-48,174,"CCGTGACCC","+"
"69",116,"W64A_HGCJCBGXX_TTAGGC_read224","MuTIR_2",92.105,76,6,0,76,151,1,76,3.64e-28,108,"TCCAACGAG","+"
"70",117,"W64A_HGCJCBGXX_TTAGGC_read225","MuTIR_2",94.4,125,5,2,28,151,1,124,3.51e-53,191,"CTTTGTAAG","+"
"71",118,"W64A_HGCJCBGXX_TTAGGC_read230","MuTIR_2",94.444,108,6,0,42,149,1,108,5.92e-46,167,"TTCCTCGCC","+"
"72",119,"W64A_HGCJCBGXX_TTAGGC_read234","MuTIR_2",86.029,136,19,0,13,148,1,136,7.72e-40,147,"CTACTCGGT","+"
"73",120,"W64A_HGCJCBGXX_TTAGGC_read235","MuTIR_2",90.37,135,13,0,16,150,1,135,2.74e-49,178,"TTAAGGAGG","+"
"74",121,"W64A_HGCJCBGXX_TTAGGC_read237","MuTIR_2",89.32,103,11,0,49,151,1,103,7.77e-35,130,"GGCTCTGGG","+"
"75",122,"W64A_HGCJCBGXX_TTAGGC_read240","MuTIR_2",93.6,125,8,0,27,151,1,125,4.55e-52,187,"CCCAGAGCC","+"
"76",123,"W64A_HGCJCBGXX_TTAGGC_read241","MuTIR_2",93.6,125,8,0,27,151,1,125,4.55e-52,187,"CCCAGAGCC","+"
"77",124,"W64A_HGCJCBGXX_TTAGGC_read242","MuTIR_2",90.654,107,10,0,45,151,1,107,9.98e-39,143,"ACCGGTGTG","+"
"78",125,"W64A_HGCJCBGXX_TTAGGC_read244","MuTIR_2",91.667,60,5,0,92,151,1,60,6.14e-21,84.2,"CTCGTGTCT","+"
"79",126,"W64A_HGCJCBGXX_TTAGGC_read246","MuTIR_2",92.222,90,7,0,59,148,1,90,2.79e-34,128,"ACCGGTGTG","+"
"80",127,"W64A_HGCJCBGXX_TTAGGC_read248","MuTIR_2",89.474,133,14,0,19,151,1,133,1.65e-46,169,"GGCTCTGGG","+"
"91",138,"W64A_HGCJCBGXX_TTAGGC_read274","MuTIR_2",93.798,129,8,0,2,130,1,129,2.72e-54,195,"CGGATAGAA","-"
"99",148,"W64A_HGCJCBGXX_TTAGGC_read295","MuTIR_2",88.189,127,15,0,25,151,1,127,1.66e-41,152,"GGCGTGATC","+"
"101",155,"W64A_HGCJCBGXX_TTAGGC_read311","MuTIR_2",84.559,136,18,1,18,150,1,136,2.16e-35,132,"CTCGTTGGA","+"
"102",156,"W64A_HGCJCBGXX_TTAGGC_read312","MuTIR_2",85.294,136,17,1,18,150,1,136,4.64e-37,137,"CTCGTTGGA","+"
"103",161,"W64A_HGCJCBGXX_TTAGGC_read328","MuTIR_2",88.333,60,5,2,93,151,1,59,4.78e-17,71.3,"CCTCCTTAA","+"
"104",162,"W64A_HGCJCBGXX_TTAGGC_read333","MuTIR_2",87.85,107,11,2,46,151,1,106,3.61e-33,124,"CCTCCTTAA","+"
"106",168,"W64A_HGCJCBGXX_TTAGGC_read362","MuTIR_2",89.706,68,7,0,84,151,1,68,4.74e-22,87.9,"CCCACCACG","+"
"107",176,"W64A_HGCJCBGXX_TTAGGC_read390","MuTIR_3",87.5,88,11,0,64,151,1,88,1.69e-26,102,"AAAAAATGG","+"
"108",177,"W64A_HGCJCBGXX_TTAGGC_read391","MuTIR_3",95.062,81,4,0,71,151,1,81,2.79e-34,128,"AGTGTCCAT","+"
"109",178,"W64A_HGCJCBGXX_TTAGGC_read396","MuTIR_3",96.226,53,2,0,99,151,1,53,4.74e-22,87.9,"GAACCTAGA","+"
"110",179,"W64A_HGCJCBGXX_TTAGGC_read398","MuTIR_3",94.828,58,3,0,92,149,1,58,3.67e-23,91.6,"GAACCTAGA","+"
"111",180,"W64A_HGCJCBGXX_TTAGGC_read399","MuTIR_3",94.828,116,6,0,36,151,1,116,2.11e-50,182,"AAAAAATGG","+"
"119",190,"W64A_HGCJCBGXX_TTAGGC_read424","MuTIR_3",94.792,96,5,0,56,151,1,96,5.96e-41,150,"ACTGACGGG","+"
"120",191,"W64A_HGCJCBGXX_TTAGGC_read428","MuTIR_3",94.203,138,8,0,13,150,1,138,2.7e-59,211,"ACTGACGGG","+"
"121",192,"W64A_HGCJCBGXX_TTAGGC_read433","MuTIR_3",90.698,86,8,0,66,151,1,86,2.18e-30,115,"CCTACAATG","+"
"122",193,"W64A_HGCJCBGXX_TTAGGC_read437","MuTIR_3",91.463,82,6,1,68,149,1,81,2.81e-29,111,"CCTACAATG","+"
"123",194,"W64A_HGCJCBGXX_TTAGGC_read440","MuTIR_3",96.053,76,3,0,74,149,1,76,3.61e-33,124,"ACTGACGGG","+"
"134",209,"W64A_HGCJCBGXX_TTAGGC_read472","MuTIR_3",91.176,102,9,0,50,151,1,102,1.29e-37,139,"AGTTACGCC","+"
"135",210,"W64A_HGCJCBGXX_TTAGGC_read473","MuTIR_3",94.667,75,4,0,73,147,1,75,6.05e-31,117,"CTCCTCATC","+"
"136",211,"W64A_HGCJCBGXX_TTAGGC_read475","MuTIR_3",93.069,101,7,0,49,149,1,101,2.15e-40,148,"CCTGTTTGA","+"
"137",212,"W64A_HGCJCBGXX_TTAGGC_read477","MuTIR_3",95.495,111,5,0,38,148,1,111,2.74e-49,178,"TCAAACAGG","+"
"138",213,"W64A_HGCJCBGXX_TTAGGC_read478","MuTIR_3",94.03,67,4,0,85,151,1,67,1.69e-26,102,"CTCCTCATC","+"
"139",214,"W64A_HGCJCBGXX_TTAGGC_read479","MuTIR_3",93.694,111,7,0,38,148,1,111,5.92e-46,167,"CTCCTCATC","+"
"140",215,"W64A_HGCJCBGXX_TTAGGC_read480","MuTIR_3",93.548,93,6,0,59,151,1,93,1.29e-37,139,"GACCTCAAA","+"
"141",217,"W64A_HGCJCBGXX_TTAGGC_read482","MuTIR_3",94.667,75,4,0,68,142,1,75,6.05e-31,117,"AGGAAATGC","-"
"142",263,"W64A_HGCJCBGXX_TTAGGC_read575","MuTIR_4",90.833,120,11,0,30,149,1,120,7.66e-45,163,"CGGCCACCG","+"
"143",264,"W64A_HGCJCBGXX_TTAGGC_read576","MuTIR_4",85.385,130,19,0,13,142,1,130,4.64e-37,137,"GTGACTGAG","+"
"144",265,"W64A_HGCJCBGXX_TTAGGC_read577","MuTIR_4",93.878,49,3,0,36,84,1,49,3.69e-18,75,"CCCGCGAGC","+"
"145",266,"W64A_HGCJCBGXX_TTAGGC_read578","MuTIR_4",95,100,5,0,50,149,1,100,3.56e-43,158,"CCGAAGACT","+"
"147",268,"W64A_HGCJCBGXX_TTAGGC_read581","MuTIR_4",90.833,120,11,0,18,137,1,120,7.66e-45,163,"CGGCCACCG","+"
"149",270,"W64A_HGCJCBGXX_TTAGGC_read583","MuTIR_4",90.265,113,11,0,25,137,1,113,5.96e-41,150,"GTTTTTACA","+"
"151",272,"W64A_HGCJCBGXX_TTAGGC_read586","MuTIR_4",93.878,49,3,0,60,108,1,49,3.69e-18,75,"CCCGCGAGC","+"
"152",273,"W64A_HGCJCBGXX_TTAGGC_read587","MuTIR_4",95.161,62,3,0,90,151,1,62,2.19e-25,99,"CACGAGCTG","+"
"153",274,"W64A_HGCJCBGXX_TTAGGC_read593","MuTIR_4",90.833,120,11,0,3,122,1,120,7.66e-45,163,"CTTTTATGC","-"
"158",279,"W64A_HGCJCBGXX_TTAGGC_read605","MuTIR_4",86.923,130,16,1,19,148,1,129,7.72e-40,147,"AGCGACGAG","+"
"162",298,"W64A_HGCJCBGXX_TTAGGC_read649","MuTIR_4",87.5,64,8,0,86,149,1,64,3.69e-18,75,"GTGTGTGGG","+"
"163",300,"W64A_HGCJCBGXX_TTAGGC_read654","MuTIR_4",88.095,84,10,0,68,151,1,84,6.09e-26,100,"GTGTGTGGG","+"
"165",311,"W64A_HGCJCBGXX_TTAGGC_read675","MuTIR_5",88.43,121,11,2,21,138,1,121,2.77e-39,145,"TAAACCACC","+"
"166",312,"W64A_HGCJCBGXX_TTAGGC_read676","MuTIR_5",91.463,82,5,1,72,151,1,82,7.83e-30,113,"GCTGCAGGA","+"
"167",313,"W64A_HGCJCBGXX_TTAGGC_read677","MuTIR_5",91.667,72,4,1,82,151,1,72,6.09e-26,100,"CTCAGAAAG","+"
"168",314,"W64A_HGCJCBGXX_TTAGGC_read680","MuTIR_5",90.476,63,4,1,91,151,1,63,6.14e-21,84.2,"GCTGCAGGA","+"
"169",315,"W64A_HGCJCBGXX_TTAGGC_read681","MuTIR_5",95.833,48,2,0,104,151,1,48,2.85e-19,78.7,"CGAGACGGC","+"
"170",316,"W64A_HGCJCBGXX_TTAGGC_read683","MuTIR_5",87.5,120,13,1,4,121,1,120,1.29e-37,139,"CCGTTACAT","-"
"173",321,"W64A_HGCJCBGXX_TTAGGC_read720","MuTIR_6",91.935,62,5,0,90,151,1,62,4.74e-22,87.9,"AGGAGAGGG","+"
"177",325,"W64A_HGCJCBGXX_TTAGGC_read728","MuTIR_6",89.535,86,9,0,66,151,1,86,1.01e-28,110,"TGCACTATG","+"
"178",330,"W64A_HGCJCBGXX_TTAGGC_read753","MuTIR_7",88.06,67,8,0,85,151,1,67,6.14e-21,84.2,"TCGTACCGC","+"
"183",337,"W64A_HVMFTCCXX_L8_read1","MuTIR_1",94.737,95,4,1,19,113,1,94,7.66e-40,147,"TAGACCGAC","+"
"184",338,"W64A_HVMFTCCXX_L8_read4","MuTIR_1",92.632,95,6,1,34,128,1,94,1.66e-36,135,"ACTCCAAAC","+"
"185",339,"W64A_HVMFTCCXX_L8_read5","MuTIR_1",94.949,99,4,1,52,150,1,98,4.58e-42,154,"GAAAGAGAG","+"
"186",340,"W64A_HVMFTCCXX_L8_read7","MuTIR_1",93.651,126,6,2,21,146,1,124,4.51e-52,187,"GTCGGTCTA","+"
"187",341,"W64A_HVMFTCCXX_L8_read8","MuTIR_1",94.928,138,6,1,11,148,1,137,2.07e-60,215,"TTTCTGAAC","+"
"188",342,"W64A_HVMFTCCXX_L8_read9","MuTIR_1",100,32,0,0,116,147,1,32,1.03e-13,60.2,"GTCGCCAGC","+"
"189",343,"W64A_HVMFTCCXX_L8_read10","MuTIR_1",94.958,119,5,1,27,145,1,118,1.62e-51,185,"GCCAGGGCC","+"
"190",344,"W64A_HVMFTCCXX_L8_read12","MuTIR_1",93.22,59,3,1,83,141,1,58,1.69e-21,86.1,"GTTTGCAGT","+"
"191",345,"W64A_HVMFTCCXX_L8_read13","MuTIR_1",94.505,91,4,1,58,148,1,90,1.28e-37,139,"CTCGCACAG","+"
"192",346,"W64A_HVMFTCCXX_L8_read14","MuTIR_1",91.791,134,8,3,11,143,1,132,5.84e-51,183,"GTCGCCAGC","+"
"193",347,"W64A_HVMFTCCXX_L8_read16","MuTIR_1",94.737,95,4,1,31,125,1,94,7.66e-40,147,"GCTGGCGAC","+"
"194",348,"W64A_HVMFTCCXX_L8_read17","MuTIR_1",92.632,95,6,1,20,114,1,94,1.66e-36,135,"TCGCACGGC","+"
"195",349,"W64A_HVMFTCCXX_L8_read20","MuTIR_1",94.505,91,4,1,60,150,1,90,1.28e-37,139,"GAGAGAAAG","+"
"198",352,"W64A_HVMFTCCXX_L8_read23","MuTIR_1",94.737,95,4,1,31,125,1,94,7.66e-40,147,"GCTGGCGAC","+"
"199",353,"W64A_HVMFTCCXX_L8_read29","MuTIR_1",95.349,86,3,1,63,148,1,85,1.66e-36,135,"CTCGCACAG","+"
"202",356,"W64A_HVMFTCCXX_L8_read34","MuTIR_1",96.923,65,1,1,86,150,1,64,3.61e-28,108,"GAAAGAGAG","+"
"203",357,"W64A_HVMFTCCXX_L8_read35","MuTIR_1",92.308,91,6,1,60,150,1,90,2.77e-34,128,"TCGCACGGC","+"
"204",358,"W64A_HVMFTCCXX_L8_read39","MuTIR_1",97.917,48,1,0,103,150,1,48,6.09e-21,84.2,"GTTCAGAAA","+"
"206",360,"W64A_HVMFTCCXX_L8_read43","MuTIR_1",95.238,84,3,1,67,150,1,83,2.15e-35,132,"GCTGGCGAC","+"
"212",366,"W64A_HVMFTCCXX_L8_read63","MuTIR_1",92.632,95,6,1,27,121,1,94,1.66e-36,135,"TATTCCTGG","-"
"214",368,"W64A_HVMFTCCXX_L8_read72","MuTIR_1",92.632,95,6,1,19,113,1,94,1.66e-36,135,"TATTCCTGG","-"
"222",379,"W64A_HVMFTCCXX_L8_read95","MuTIR_1",93.827,81,4,1,70,150,1,80,4.64e-32,121,"GGTAGAGAG","+"
"224",381,"W64A_HVMFTCCXX_L8_read98","MuTIR_1",95.05,101,4,1,50,150,1,100,3.54e-43,158,"CCCTCCCCA","+"
"225",382,"W64A_HVMFTCCXX_L8_read99","MuTIR_1",90.476,126,10,2,15,140,1,124,2.11e-45,165,"AGGATGTAT","-"
"226",386,"W64A_HVMFTCCXX_L8_read107","MuTIR_1",86.25,80,4,4,76,150,1,78,7.88e-20,80.5,"CTCTGATCT","+"
"228",425,"W64A_HVMFTCCXX_L8_read232","MuTIR_2",88.71,124,14,0,27,150,1,124,1.65e-41,152,"GCTGGGAAG","+"
"229",426,"W64A_HVMFTCCXX_L8_read236","MuTIR_2",95.312,64,3,0,87,150,1,64,1.68e-26,102,"CTTACAAAG","+"
"230",427,"W64A_HVMFTCCXX_L8_read238","MuTIR_2",91.473,129,11,0,21,149,1,129,2.72e-49,178,"GAGACGAGG","+"
"231",428,"W64A_HVMFTCCXX_L8_read242","MuTIR_2",90.517,116,11,0,35,150,1,116,4.58e-42,154,"TTAAGGAGG","+"
"232",429,"W64A_HVMFTCCXX_L8_read244","MuTIR_2",92.308,65,5,0,86,150,1,65,1.01e-23,93.5,"ACCCAACTG","+"
"233",430,"W64A_HVMFTCCXX_L8_read245","MuTIR_2",92,75,6,0,76,150,1,75,1.3e-27,106,"TGAAGTAAT","+"
"235",432,"W64A_HVMFTCCXX_L8_read251","MuTIR_2",90.654,107,10,0,44,150,1,107,9.91e-39,143,"TTAAGGAGG","+"
"236",433,"W64A_HVMFTCCXX_L8_read252","MuTIR_2",92.308,65,5,0,86,150,1,65,1.01e-23,93.5,"ACCCAACTG","+"
"237",434,"W64A_HVMFTCCXX_L8_read253","MuTIR_2",92.222,90,7,0,55,144,1,90,2.77e-34,128,"CCGTGACCC","+"
"238",435,"W64A_HVMFTCCXX_L8_read259","MuTIR_2",90.625,128,12,0,12,139,1,128,4.55e-47,171,"ACCGGTGTG","+"
"239",436,"W64A_HVMFTCCXX_L8_read261","MuTIR_2",96,75,3,0,76,150,1,75,1.29e-32,122,"CTTACAAAG","+"
"240",437,"W64A_HVMFTCCXX_L8_read262","MuTIR_2",93.939,66,4,0,85,150,1,66,6.05e-26,100,"ACCGGTGTG","+"
"241",438,"W64A_HVMFTCCXX_L8_read263","MuTIR_2",97.872,47,1,0,99,145,1,47,2.19e-20,82.4,"GCGACCTCC","+"
"242",439,"W64A_HVMFTCCXX_L8_read267","MuTIR_2",96.875,64,2,0,87,150,1,64,3.61e-28,108,"CTTACAAAG","+"
"243",440,"W64A_HVMFTCCXX_L8_read268","MuTIR_2",89.024,82,9,0,62,143,1,82,1.68e-26,102,"CTCGTGTCT","+"
"244",441,"W64A_HVMFTCCXX_L8_read269","MuTIR_2",94.118,68,4,0,79,146,1,68,4.68e-27,104,"ACCGGTGTG","+"
"252",449,"W64A_HVMFTCCXX_L8_read298","MuTIR_2",90.625,128,12,0,6,133,1,128,4.55e-47,171,"CAGTAGTGA","-"
"253",450,"W64A_HVMFTCCXX_L8_read299","MuTIR_2",93.75,64,4,0,72,135,1,64,7.82e-25,97.1,"TTATTATAA","-"
"259",457,"W64A_HVMFTCCXX_L8_read312","MuTIR_2",88.281,128,15,0,5,132,1,128,4.58e-42,154,"CAGTAGTGA","-"
"260",460,"W64A_HVMFTCCXX_L8_read320","MuTIR_2",86.747,83,8,1,51,130,1,83,1.31e-22,89.8,"CTCGTTGGA","+"
"261",462,"W64A_HVMFTCCXX_L8_read325","MuTIR_2",87.5,96,10,2,56,150,1,95,1.01e-28,110,"CCTCCTTAA","+"
"262",463,"W64A_HVMFTCCXX_L8_read332","MuTIR_2",87.5,96,10,2,56,150,1,95,1.01e-28,110,"CCTCCTTAA","+"
"263",467,"W64A_HVMFTCCXX_L8_read362","MuTIR_2",87.402,127,16,0,24,150,1,127,7.66e-40,147,"CCCACCACG","+"
"265",474,"W64A_HVMFTCCXX_L8_read402","MuTIR_3",94.737,133,7,0,12,144,1,133,3.46e-58,207,"AAAACATTC","+"
"267",476,"W64A_HVMFTCCXX_L8_read404","MuTIR_3",93.22,118,6,2,26,142,1,117,1.26e-47,172,"CCCTGCGAG","+"
"268",477,"W64A_HVMFTCCXX_L8_read407","MuTIR_3",93.182,132,9,0,19,150,1,132,2.7e-54,195,"GGCCCCCAC","+"
"269",478,"W64A_HVMFTCCXX_L8_read408","MuTIR_3",91.954,87,7,0,64,150,1,87,1.29e-32,122,"GGACCTAGA","+"
"270",479,"W64A_HVMFTCCXX_L8_read410","MuTIR_3",96.226,53,2,0,98,150,1,53,4.71e-22,87.9,"AAAAAATGG","+"
"271",480,"W64A_HVMFTCCXX_L8_read411","MuTIR_3",91.398,93,8,0,58,150,1,93,2.77e-34,128,"CCGTTTTTT","+"
"275",484,"W64A_HVMFTCCXX_L8_read421","MuTIR_3",94.615,130,7,0,1,130,1,130,1.61e-56,202,"AGTAACGAC","-"
"277",489,"W64A_HVMFTCCXX_L8_read432","MuTIR_3",92,100,8,0,51,150,1,100,3.56e-38,141,"GTTCTGTAC","+"
"278",490,"W64A_HVMFTCCXX_L8_read435","MuTIR_3",91.473,129,11,0,16,144,1,129,2.72e-49,178,"CCTACAATG","+"
"279",491,"W64A_HVMFTCCXX_L8_read436","MuTIR_3",91.589,107,9,0,44,150,1,107,2.13e-40,148,"CCTACAATG","+"
"281",493,"W64A_HVMFTCCXX_L8_read438","MuTIR_3",92.308,130,10,0,21,150,1,130,1.62e-51,185,"GTTCTGTAC","+"
"282",494,"W64A_HVMFTCCXX_L8_read441","MuTIR_3",92.683,82,5,1,69,150,1,81,6.01e-31,117,"GTTCTGTAC","+"
"283",495,"W64A_HVMFTCCXX_L8_read442","MuTIR_3",93.86,114,7,0,37,150,1,114,1.26e-47,172,"AGTAGAGCA","+"
"284",496,"W64A_HVMFTCCXX_L8_read443","MuTIR_3",93.478,138,9,0,10,147,1,138,1.25e-57,206,"ACTGACGGG","+"
"297",512,"W64A_HVMFTCCXX_L8_read471","MuTIR_3",91.912,136,11,0,10,145,1,136,3.49e-53,191,"GACCTCAAA","+"
"298",513,"W64A_HVMFTCCXX_L8_read472","MuTIR_3",94.068,118,7,0,33,150,1,118,7.55e-50,180,"GACCTCAAA","+"
"312",561,"W64A_HVMFTCCXX_L8_read571","MuTIR_4",90,120,12,0,19,138,1,120,3.54e-43,158,"GCTGTCGAC","+"
"313",562,"W64A_HVMFTCCXX_L8_read572","MuTIR_4",89.831,118,12,0,31,148,1,118,4.58e-42,154,"GCCATTAAG","+"
"315",564,"W64A_HVMFTCCXX_L8_read575","MuTIR_4",93.151,73,5,0,78,150,1,73,3.61e-28,108,"CTCTCTTGC","+"
"316",565,"W64A_HVMFTCCXX_L8_read579","MuTIR_4",91.111,90,8,0,61,150,1,90,1.29e-32,122,"GTTTTTACA","+"
"320",578,"W64A_HVMFTCCXX_L8_read648","MuTIR_4",86.111,108,15,0,43,150,1,108,1.67e-31,119,"GTGTGTGGG","+"
"321",584,"W64A_HVMFTCCXX_L8_read664","MuTIR_4",91.489,47,4,0,102,148,1,47,2.21e-15,65.8,"GCCATTAAG","+"
"322",588,"W64A_HVMFTCCXX_L8_read673","MuTIR_5",92.537,67,3,1,86,150,1,67,7.82e-25,97.1,"CGAGACGGC","+"
"323",589,"W64A_HVMFTCCXX_L8_read674","MuTIR_5",88.158,76,7,1,77,150,1,76,3.64e-23,91.6,"ATTGAGCCC","+"
"324",590,"W64A_HVMFTCCXX_L8_read676","MuTIR_5",100,30,0,0,119,148,1,30,1.33e-12,56.5,"ATTGAGCCC","+"
"325",591,"W64A_HVMFTCCXX_L8_read677","MuTIR_5",91.111,90,6,1,63,150,1,90,1.29e-32,122,"GCTGCAGGA","+"
"326",592,"W64A_HVMFTCCXX_L8_read678","MuTIR_5",93.243,74,3,1,77,148,1,74,1.01e-28,110,"CGAGACGGC","+"
"327",593,"W64A_HVMFTCCXX_L8_read679","MuTIR_5",91.667,72,4,1,79,148,1,72,6.05e-26,100,"GCTGCAGGA","+"
"328",594,"W64A_HVMFTCCXX_L8_read682","MuTIR_5",90.361,83,6,1,70,150,1,83,1.01e-28,110,"ACCTTGACA","+"
"329",595,"W64A_HVMFTCCXX_L8_read684","MuTIR_5",89.764,127,11,1,7,131,1,127,7.61e-45,163,"CGTTGTTAT","-"
"332",602,"W64A_HVMFTCCXX_L8_read713","MuTIR_6",95.536,112,5,0,39,150,1,112,7.55e-50,180,"TGCACTACG","+"
"333",603,"W64A_HVMFTCCXX_L8_read724","MuTIR_6",96.825,63,2,0,88,150,1,63,1.3e-27,106,"TGCACTACG","+"
"342",614,"W64A_HVMFTCCXX_L8_read758","MuTIR_6",94.161,137,8,0,14,150,1,137,9.63e-59,209,"AGGAGAGGG","+"
"343",615,"W64A_HVMFTCCXX_L8_read759","MuTIR_6",94.444,72,4,0,79,150,1,72,2.79e-29,111,"AGGAGAGGG","+"
"344",616,"W64A_HVMFTCCXX_L8_read760","MuTIR_6",95.161,62,3,0,89,150,1,62,2.18e-25,99,"TCCTAGGCT","+"
"345",617,"W64A_HVMFTCCXX_L8_read762","MuTIR_6",94.161,137,8,0,14,150,1,137,9.63e-59,209,"AGGAGAGGG","+"
"353",639,"W64A_HVMFTCCXX_L7_read4","MuTIR_1",95.455,110,4,1,41,150,1,109,3.51e-48,174,"GAGAGAAAG","+"
"355",641,"W64A_HVMFTCCXX_L7_read8","MuTIR_1",96.104,77,2,1,74,150,1,76,3.59e-33,124,"TAGACCGAC","+"
"356",642,"W64A_HVMFTCCXX_L7_read9","MuTIR_1",93.137,102,6,1,49,150,1,101,2.13e-40,148,"CTCGATTTG","+"
"357",643,"W64A_HVMFTCCXX_L7_read11","MuTIR_1",95.082,61,2,1,90,150,1,60,2.81e-24,95.3,"GGCCCTGGC","+"
"358",644,"W64A_HVMFTCCXX_L7_read12","MuTIR_1",95.522,67,2,1,84,150,1,66,1.3e-27,106,"TAGACCGAC","+"
"360",646,"W64A_HVMFTCCXX_L7_read17","MuTIR_1",94.656,131,6,1,19,149,1,130,1.61e-56,202,"GTTCAGAAA","+"
"361",647,"W64A_HVMFTCCXX_L7_read18","MuTIR_1",92.784,97,6,1,54,150,1,96,1.28e-37,139,"CTCTCTTTC","+"
"362",648,"W64A_HVMFTCCXX_L7_read19","MuTIR_1",88.333,120,13,1,12,131,1,119,9.91e-39,143,"CTCGCACAG","+"
"363",649,"W64A_HVMFTCCXX_L7_read20","MuTIR_1",96.053,76,2,1,73,148,1,75,1.29e-32,122,"GCTGGCGAC","+"
"364",650,"W64A_HVMFTCCXX_L7_read23","MuTIR_1",94.444,108,5,1,43,150,1,107,2.11e-45,165,"GAGGCTCTC","+"
"365",651,"W64A_HVMFTCCXX_L7_read26","MuTIR_1",97.917,48,1,0,100,147,1,48,6.09e-21,84.2,"GTTCAGAAA","+"
"366",652,"W64A_HVMFTCCXX_L7_read27","MuTIR_1",95.89,73,2,1,78,150,1,72,6.01e-31,117,"ACTCCAAAC","+"
"367",653,"W64A_HVMFTCCXX_L7_read28","MuTIR_1",94.4,125,6,1,26,150,1,124,3.49e-53,191,"GAAAGAGAG","+"
"368",654,"W64A_HVMFTCCXX_L7_read29","MuTIR_1",97.222,36,1,0,115,150,1,36,2.85e-14,62.1,"CAAATCGAG","+"
"369",655,"W64A_HVMFTCCXX_L7_read31","MuTIR_1",88.435,147,10,4,10,150,1,146,4.55e-47,171,"GTTTGCAGT","+"
"370",656,"W64A_HVMFTCCXX_L7_read32","MuTIR_1",97.143,35,0,1,111,145,1,34,3.69e-13,58.4,"GTTTGCAGT","+"
"371",657,"W64A_HVMFTCCXX_L7_read34","MuTIR_1",95.833,48,2,0,103,150,1,48,2.83e-19,78.7,"GAATACAAC","+"
"372",658,"W64A_HVMFTCCXX_L7_read36","MuTIR_1",93.684,95,5,1,18,112,1,94,3.56e-38,141,"TAGACCGAC","+"
"373",659,"W64A_HVMFTCCXX_L7_read38","MuTIR_1",92.632,95,6,1,39,133,1,94,1.66e-36,135,"TCGCACGGC","+"
"374",660,"W64A_HVMFTCCXX_L7_read39","MuTIR_1",97.674,43,1,0,108,150,1,43,3.67e-18,75,"CTCTCTTTC","+"
"375",661,"W64A_HVMFTCCXX_L7_read40","MuTIR_1",96.512,86,2,1,63,148,1,85,3.56e-38,141,"GAATACAAC","+"
"376",662,"W64A_HVMFTCCXX_L7_read42","MuTIR_1",95.455,66,2,1,78,143,1,65,4.68e-27,104,"CTCTCTACC","+"
"377",663,"W64A_HVMFTCCXX_L7_read43","MuTIR_1",92.437,119,8,1,32,150,1,118,1.63e-46,169,"CTCTCTTTC","+"
"378",664,"W64A_HVMFTCCXX_L7_read45","MuTIR_1",95.652,69,2,1,82,150,1,68,1.01e-28,110,"GAATACAAC","+"
"387",673,"W64A_HVMFTCCXX_L7_read65","MuTIR_1",94.737,95,4,1,36,130,1,94,7.66e-40,147,"TCTTCCTGA","-"
"397",683,"W64A_HVMFTCCXX_L7_read76","MuTIR_1",93.684,95,5,1,5,99,1,94,3.56e-38,141,"TATTCCTGA","-"
"408",696,"W64A_HVMFTCCXX_L7_read103","MuTIR_1",90.476,126,10,2,25,150,1,124,2.11e-45,165,"CCCTCCCCA","+"
"409",697,"W64A_HVMFTCCXX_L7_read104","MuTIR_1",95.745,47,2,0,103,149,1,47,1.02e-18,76.8,"CTGTGCGAG","+"
"410",698,"W64A_HVMFTCCXX_L7_read106","MuTIR_1",93.13,131,7,2,20,150,1,129,3.49e-53,191,"CCCTCCCCA","+"
"412",700,"W64A_HVMFTCCXX_L7_read109","MuTIR_1",93.846,65,3,1,46,110,1,64,7.82e-25,97.1,"GTTGGCGTT","-"
"414",705,"W64A_HVMFTCCXX_L7_read118","MuTIR_1",86.26,131,10,5,12,137,1,128,1.66e-36,135,"TGTATCAGT","-"
"416",771,"W64A_HVMFTCCXX_L7_read246","MuTIR_2",88.785,107,12,0,42,148,1,107,2.15e-35,132,"CCCCTCCCG","+"
"417",772,"W64A_HVMFTCCXX_L7_read248","MuTIR_2",95.161,62,3,0,89,150,1,62,2.18e-25,99,"TGCCGCCGC","+"
"418",773,"W64A_HVMFTCCXX_L7_read249","MuTIR_2",96,75,3,0,76,150,1,75,1.29e-32,122,"CCCAGAGCC","+"
"419",774,"W64A_HVMFTCCXX_L7_read250","MuTIR_2",86.765,136,18,0,14,149,1,136,1.65e-41,152,"GCTGGGAAG","+"
"420",775,"W64A_HVMFTCCXX_L7_read251","MuTIR_2",95.161,62,3,0,89,150,1,62,2.18e-25,99,"TGCCGCCGC","+"
"421",776,"W64A_HVMFTCCXX_L7_read252","MuTIR_2",89.655,116,12,0,35,150,1,116,2.13e-40,148,"ACCCAACTG","+"
"422",777,"W64A_HVMFTCCXX_L7_read254","MuTIR_2",93.023,86,6,0,65,150,1,86,9.98e-34,126,"TGAAGTAAT","+"
"423",778,"W64A_HVMFTCCXX_L7_read255","MuTIR_2",94.118,68,4,0,81,148,1,68,4.68e-27,104,"TTAAGGAGG","+"
"424",779,"W64A_HVMFTCCXX_L7_read257","MuTIR_2",96.104,77,3,0,74,150,1,77,9.98e-34,126,"CTTACAAAG","+"
"425",780,"W64A_HVMFTCCXX_L7_read258","MuTIR_2",96.667,90,3,0,60,149,1,90,5.92e-41,150,"CTTTGTAAG","+"
"427",782,"W64A_HVMFTCCXX_L7_read260","MuTIR_2",93.798,129,8,0,14,142,1,129,2.7e-54,195,"TTCCTCGAC","+"
"428",783,"W64A_HVMFTCCXX_L7_read261","MuTIR_2",90.667,75,7,0,76,150,1,75,6.05e-26,100,"ACCCAACTG","+"
"429",784,"W64A_HVMFTCCXX_L7_read262","MuTIR_2",97.5,40,1,0,111,150,1,40,1.71e-16,69.4,"CTTACAAAG","+"
"430",785,"W64A_HVMFTCCXX_L7_read263","MuTIR_2",93.75,64,4,0,64,127,1,64,7.82e-25,97.1,"GCGACCTCC","+"
"431",786,"W64A_HVMFTCCXX_L7_read265","MuTIR_2",90.244,82,8,0,69,150,1,82,3.61e-28,108,"GCTGGGAAG","+"
"432",787,"W64A_HVMFTCCXX_L7_read266","MuTIR_2",86.735,98,13,0,51,148,1,98,1.01e-28,110,"CTCGTGTCT","+"
"433",788,"W64A_HVMFTCCXX_L7_read268","MuTIR_2",93.976,83,5,0,60,142,1,83,9.98e-34,126,"TGCAATGAT","+"
"434",789,"W64A_HVMFTCCXX_L7_read274","MuTIR_2",95.588,68,3,0,81,148,1,68,1.01e-28,110,"TGCAATGAT","+"
"435",790,"W64A_HVMFTCCXX_L7_read276","MuTIR_2",93.86,114,7,0,37,150,1,114,1.26e-47,172,"CCCAGAGCC","+"
"436",791,"W64A_HVMFTCCXX_L7_read279","MuTIR_2",87.5,104,13,0,47,150,1,104,4.64e-32,121,"GCTGGGAAG","+"
"437",792,"W64A_HVMFTCCXX_L7_read281","MuTIR_2",92.771,83,6,0,68,150,1,83,4.64e-32,121,"TGAAGTAAT","+"
"438",793,"W64A_HVMFTCCXX_L7_read282","MuTIR_2",87.755,98,12,0,53,150,1,98,2.16e-30,115,"GCTGGGAAG","+"
"439",794,"W64A_HVMFTCCXX_L7_read284","MuTIR_2",94.03,67,4,0,84,150,1,67,1.68e-26,102,"TGCCGCCGC","+"
"446",801,"W64A_HVMFTCCXX_L7_read297","MuTIR_2",93.798,129,8,0,12,140,1,129,2.7e-54,195,"CGGATAGAA","-"
"450",805,"W64A_HVMFTCCXX_L7_read308","MuTIR_2",91.406,128,11,0,9,136,1,128,9.77e-49,176,"CAGTAGTGA","-"
"464",819,"W64A_HVMFTCCXX_L7_read333","MuTIR_2",92.683,82,6,0,60,141,1,82,1.67e-31,119,"GCAGGGAAT","-"
"468",823,"W64A_HVMFTCCXX_L7_read342","MuTIR_2",93.798,129,8,0,5,133,1,129,2.7e-54,195,"CGGATAGAA","-"
"471",835,"W64A_HVMFTCCXX_L7_read366","MuTIR_2",83.871,124,17,1,30,150,1,124,2.16e-30,115,"CTCGTTGGA","+"
"472",836,"W64A_HVMFTCCXX_L7_read367","MuTIR_2",86.747,83,8,1,61,140,1,83,1.31e-22,89.8,"AAGATGACA","-"
"475",847,"W64A_HVMFTCCXX_L7_read406","MuTIR_2",89.231,65,7,0,86,150,1,65,2.19e-20,82.4,"CCCACCACG","+"
"476",849,"W64A_HVMFTCCXX_L7_read409","MuTIR_2",89.535,86,9,0,64,149,1,86,1.01e-28,110,"CCCACCACG","+"
"478",854,"W64A_HVMFTCCXX_L7_read444","MuTIR_3",93.182,88,6,0,61,148,1,88,7.71e-35,130,"CAACTCAGG","+"
"479",855,"W64A_HVMFTCCXX_L7_read446","MuTIR_3",90.977,133,12,0,14,146,1,133,7.55e-50,180,"CCTGAGTTG","+"
"480",856,"W64A_HVMFTCCXX_L7_read450","MuTIR_3",96.226,53,2,0,91,143,1,53,4.71e-22,87.9,"AAAAAATGG","+"
"481",857,"W64A_HVMFTCCXX_L7_read455","MuTIR_3",93.182,132,9,0,10,141,1,132,2.7e-54,195,"GACCCTTTG","+"
"482",858,"W64A_HVMFTCCXX_L7_read457","MuTIR_3",94.366,71,4,0,80,150,1,71,1.01e-28,110,"CAACTCAGG","+"
"484",860,"W64A_HVMFTCCXX_L7_read461","MuTIR_3",92.063,126,10,0,25,150,1,126,2.72e-49,178,"TCTAGGTTC","+"
"492",869,"W64A_HVMFTCCXX_L7_read487","MuTIR_3",92.537,134,10,0,14,147,1,134,9.7e-54,193,"GTGGTTTAG","+"
"493",870,"W64A_HVMFTCCXX_L7_read488","MuTIR_3",89,100,11,0,51,150,1,100,3.59e-33,124,"CCGCCCGCG","+"
"494",871,"W64A_HVMFTCCXX_L7_read489","MuTIR_3",93.75,64,4,0,87,150,1,64,7.82e-25,97.1,"ACTGCAGTA","+"
"495",872,"W64A_HVMFTCCXX_L7_read490","MuTIR_3",91.538,130,11,0,20,149,1,130,7.55e-50,180,"ACTGCAGTA","+"
"496",873,"W64A_HVMFTCCXX_L7_read494","MuTIR_3",87.826,115,13,1,34,147,1,115,5.96e-36,134,"CTGACAGAT","+"
"498",875,"W64A_HVMFTCCXX_L7_read502","MuTIR_3",89.922,129,13,0,11,139,1,129,5.88e-46,167,"CCTCTAGAG","+"
"501",878,"W64A_HVMFTCCXX_L7_read512","MuTIR_3",90.977,133,12,0,9,141,1,133,7.55e-50,180,"AATGACAAT","-"
"503",885,"W64A_HVMFTCCXX_L7_read526","MuTIR_3",93.443,122,8,0,26,147,1,122,2.1e-50,182,"GACCTCAAA","+"
"504",886,"W64A_HVMFTCCXX_L7_read527","MuTIR_3",91.549,71,6,0,78,148,1,71,2.18e-25,99,"TCTTGCGGC","+"
"505",887,"W64A_HVMFTCCXX_L7_read530","MuTIR_3",91.549,71,6,0,80,150,1,71,2.18e-25,99,"TCTTGCGGC","+"
"506",888,"W64A_HVMFTCCXX_L7_read532","MuTIR_3",89.344,122,12,1,30,150,1,122,1.65e-41,152,"TCTTGCGGC","+"
"507",889,"W64A_HVMFTCCXX_L7_read533","MuTIR_3",93.913,115,7,0,36,150,1,115,3.51e-48,174,"TCAAACAGG","+"
"508",890,"W64A_HVMFTCCXX_L7_read534","MuTIR_3",95.05,101,5,0,50,150,1,101,9.84e-44,159,"GACCCTTTG","+"
"509",891,"W64A_HVMFTCCXX_L7_read535","MuTIR_3",93.22,59,4,0,92,150,1,59,4.71e-22,87.9,"CTCCTCATC","+"
"510",892,"W64A_HVMFTCCXX_L7_read536","MuTIR_3",88.764,89,9,1,60,147,1,89,3.61e-28,108,"TCTTGCGGC","+"
"511",893,"W64A_HVMFTCCXX_L7_read538","MuTIR_3",94.118,68,4,0,83,150,1,68,4.68e-27,104,"CTCCTCATC","+"
"520",938,"W64A_HVMFTCCXX_L7_read657","MuTIR_4",93.878,49,3,0,50,98,1,49,3.67e-18,75,"CCCGCGAGC","+"
"521",939,"W64A_HVMFTCCXX_L7_read662","MuTIR_4",89.928,139,14,0,12,150,1,139,2.1e-50,182,"CTCTCTTGC","+"
"523",941,"W64A_HVMFTCCXX_L7_read670","MuTIR_4",91.919,99,8,0,52,150,1,99,1.28e-37,139,"GTTTTTACA","+"
"524",942,"W64A_HVMFTCCXX_L7_read672","MuTIR_4",96.552,87,3,0,62,148,1,87,2.76e-39,145,"CCGAAGACT","+"
"525",943,"W64A_HVMFTCCXX_L7_read673","MuTIR_4",94.318,88,5,0,62,149,1,88,1.66e-36,135,"CGGCCACCG","+"
"528",946,"W64A_HVMFTCCXX_L7_read680","MuTIR_4",90,120,12,0,22,141,1,120,3.54e-43,158,"CTTTTCTGC","-"
"529",947,"W64A_HVMFTCCXX_L7_read684","MuTIR_4",90.833,120,11,0,13,132,1,120,7.61e-45,163,"CTTTTATGC","-"
"531",955,"W64A_HVMFTCCXX_L7_read733","MuTIR_4",89.286,84,9,0,67,150,1,84,1.3e-27,106,"GTGTGTGGG","+"
"533",969,"W64A_HVMFTCCXX_L7_read765","MuTIR_5",93.878,49,3,0,98,146,1,49,3.67e-18,75,"CTCAGAAAG","+"
"534",970,"W64A_HVMFTCCXX_L7_read766","MuTIR_5",92.647,68,3,1,85,150,1,68,2.18e-25,99,"CGAGACGGC","+"
"535",971,"W64A_HVMFTCCXX_L7_read768","MuTIR_5",91.15,113,8,1,40,150,1,113,4.58e-42,154,"GCTGCAGGA","+"
"537",973,"W64A_HVMFTCCXX_L7_read771","MuTIR_5",90,130,11,1,17,144,1,130,1.63e-46,169,"GCTGCAGGA","+"
"538",974,"W64A_HVMFTCCXX_L7_read772","MuTIR_5",91.15,113,8,1,39,149,1,113,4.58e-42,154,"CGAGACGGC","+"
"539",975,"W64A_HVMFTCCXX_L7_read773","MuTIR_5",88.571,105,10,1,30,132,1,105,2.77e-34,128,"ACCTTGACA","+"
"541",977,"W64A_HVMFTCCXX_L7_read775","MuTIR_5",88.571,105,10,1,39,141,1,105,2.77e-34,128,"ACCTTGACA","+"
"542",978,"W64A_HVMFTCCXX_L7_read776","MuTIR_5",91.667,96,6,1,54,147,1,96,5.96e-36,134,"GCTGCAGGA","+"
"553",994,"W64A_HVMFTCCXX_L7_read810","MuTIR_6",96.774,62,2,0,89,150,1,62,4.68e-27,104,"TGCACTATG","+"
"554",995,"W64A_HVMFTCCXX_L7_read813","MuTIR_6",96.364,110,4,0,41,150,1,110,2.1e-50,182,"TGCACTACG","+"
"555",996,"W64A_HVMFTCCXX_L7_read815","MuTIR_6",96.97,66,2,0,84,149,1,66,2.79e-29,111,"TGCACTATG","+"
"556",997,"W64A_HVMFTCCXX_L7_read822","MuTIR_6",96.639,119,4,0,30,148,1,119,2.09e-55,198,"TGCACTACG","+"
"557",998,"W64A_HVMFTCCXX_L7_read824","MuTIR_6",96.491,114,4,0,37,150,1,114,1.25e-52,189,"TGCACTACG","+"
