"","X","qname","sname","percent_identity","alignment_length","mismatches","gap_opens","q_start","q_end","s_start","s_end","evalue","bit_score","tsds","strand"
"1",1,"Wf9_HBEN2ADXX_CGATGT_read4","MuTIR_1",96.053,76,2,1,76,151,1,75,1.3e-32,122,"GTTCAGAAA","+"
"2",2,"Wf9_HBEN2ADXX_CGATGT_read5","MuTIR_1",94.915,59,2,1,90,148,1,58,3.67e-23,91.6,"GTCGGTCTA","+"
"3",3,"Wf9_HBEN2ADXX_CGATGT_read7","MuTIR_1",95.122,41,2,0,85,125,1,41,2.22e-15,65.8,"GTCGCCAGC","+"
"4",4,"Wf9_HBEN2ADXX_CGATGT_read8","MuTIR_1",96.429,112,3,1,40,151,1,111,5.88e-51,183,"GTTTTTATT","+"
"5",5,"Wf9_HBEN2ADXX_CGATGT_read10","MuTIR_1",94.231,52,2,1,100,151,1,51,2.85e-19,78.7,"TAGACCGAC","+"
"6",6,"Wf9_HBEN2ADXX_CGATGT_read11","MuTIR_1",96.04,101,3,1,48,148,1,100,7.66e-45,163,"GAGGCTCTC","+"
"7",7,"Wf9_HBEN2ADXX_CGATGT_read12","MuTIR_1",97.561,41,1,0,111,151,1,41,4.78e-17,71.3,"GAGAGCCTC","+"
"14",25,"Wf9_HBEN2ADXX_CGATGT_read61","MuTIR_2",90.278,72,7,0,77,148,1,72,2.83e-24,95.3,"GAAAGTAAC","+"
"15",26,"Wf9_HBEN2ADXX_CGATGT_read62","MuTIR_2",90.909,110,10,0,42,151,1,110,2.15e-40,148,"ACCGGAGTG","+"
"19",30,"Wf9_HBEN2ADXX_CGATGT_read71","MuTIR_2",90.625,128,12,0,6,133,1,128,4.58e-47,171,"CAGTAGTGA","-"
"22",38,"Wf9_HBEN2ADXX_CGATGT_read109","MuTIR_3",91.791,134,9,2,5,137,1,133,1.63e-51,185,"AACGACGAT","-"
"23",39,"Wf9_HBEN2ADXX_CGATGT_read111","MuTIR_3",90.977,133,12,0,18,150,1,133,7.61e-50,180,"AGGGGTCGC","+"
"25",41,"Wf9_HBEN2ADXX_CGATGT_read113","MuTIR_3",95.726,117,5,0,32,148,1,117,1.26e-52,189,"ACTGACGGG","+"
"26",42,"Wf9_HBEN2ADXX_CGATGT_read116","MuTIR_3",94.286,70,4,0,82,151,1,70,3.64e-28,108,"ACTGCAGTA","+"
"30",46,"Wf9_HBEN2ADXX_CGATGT_read120","MuTIR_3",89.216,102,11,0,28,129,1,102,2.79e-34,128,"CCTTAAATG","-"
"32",51,"Wf9_HBEN2ADXX_CGATGT_read127","MuTIR_3",92.857,70,5,0,82,151,1,70,1.69e-26,102,"AGTTACGCC","+"
"33",53,"Wf9_HBEN2ADXX_CGATGT_read129","MuTIR_3",93.443,61,4,0,91,151,1,61,3.67e-23,91.6,"AGCAGAGAG","+"
"34",54,"Wf9_HBEN2ADXX_CGATGT_read130","MuTIR_3",92.366,131,10,0,21,151,1,131,4.55e-52,187,"CTCCTCATC","+"
"35",55,"Wf9_HBEN2ADXX_CGATGT_read131","MuTIR_3",90.09,111,10,1,41,150,1,111,9.98e-39,143,"TCTTGCGGC","+"
"37",62,"Wf9_HBEN2ADXX_CGATGT_read142","MuTIR_3",87.805,82,10,0,64,145,1,82,7.88e-25,97.1,"GCAGGCTAG","+"
"38",69,"Wf9_HBEN2ADXX_CGATGT_read156","MuTIR_4",95,100,5,0,47,146,1,100,3.56e-43,158,"CCGAAGACT","+"
"39",70,"Wf9_HBEN2ADXX_CGATGT_read157","MuTIR_4",94.118,85,5,0,67,151,1,85,7.77e-35,130,"CGGCCACCG","+"
"41",75,"Wf9_HBEN2ADXX_CGATGT_read187","MuTIR_5",91.304,69,4,1,85,151,1,69,2.83e-24,95.3,"GCTGCAGGA","+"
"42",76,"Wf9_HBEN2ADXX_CGATGT_read189","MuTIR_5",89.231,130,12,1,22,149,1,130,7.66e-45,163,"GCTGCAGGA","+"
"44",80,"Wf9_HBEN2ADXX_CGATGT_read200","MuTIR_6",96.471,85,3,0,67,151,1,85,3.59e-38,141,"TGCACTACG","+"
"45",81,"Wf9_HBEN2ADXX_CGATGT_read204","MuTIR_6",96.703,91,3,0,61,151,1,91,1.66e-41,152,"TGCACTACG","+"
"46",82,"Wf9_HBEN2ADXX_CGATGT_read207","MuTIR_6",95.798,119,5,0,32,150,1,119,9.77e-54,193,"TGCACTATG","+"
"47",83,"Wf9_HBEN2ADXX_CGATGT_read209","MuTIR_6",95.312,128,6,0,1,128,1,128,4.51e-57,204,"TGTTGGGGA","-"
"49",85,"Wf9_HBEN2ADXX_CGATGT_read216","MuTIR_6",93.798,129,8,0,23,151,1,129,2.72e-54,195,"AGGAGAGGG","+"
"53",93,"Wf9_HL5WNCCXX_L6_read2","MuTIR_1",95.42,131,5,1,18,148,1,130,3.46e-58,207,"TTTCTGAAC","+"
"54",94,"Wf9_HL5WNCCXX_L6_read3","MuTIR_1",92.473,93,6,1,58,150,1,92,2.15e-35,132,"AGAAGAAGC","+"
"55",95,"Wf9_HL5WNCCXX_L6_read6","MuTIR_1",92.632,95,6,1,45,139,1,94,1.66e-36,135,"TCGCACGGC","+"
"56",96,"Wf9_HL5WNCCXX_L6_read7","MuTIR_1",98.148,54,0,1,97,150,1,53,1.01e-23,93.5,"CTTAAGGAG","+"
"57",97,"Wf9_HL5WNCCXX_L6_read8","MuTIR_1",94.937,79,3,1,72,150,1,78,1.29e-32,122,"GCCGTGCGA","+"
"58",98,"Wf9_HL5WNCCXX_L6_read13","MuTIR_1",93.421,76,3,2,75,150,1,74,2.79e-29,111,"AGAAGAAGC","+"
"60",100,"Wf9_HL5WNCCXX_L6_read21","MuTIR_1",96.491,57,1,1,94,150,1,56,1.01e-23,93.5,"AATAAAAAC","+"
"61",101,"Wf9_HL5WNCCXX_L6_read23","MuTIR_1",98.148,54,0,1,97,150,1,53,1.01e-23,93.5,"CTTAAGGAG","+"
"62",102,"Wf9_HL5WNCCXX_L6_read26","MuTIR_1",95.312,64,2,1,87,150,1,63,6.05e-26,100,"CTCTCTTTC","+"
"63",103,"Wf9_HL5WNCCXX_L6_read28","MuTIR_1",94.737,95,4,1,50,144,1,94,7.66e-40,147,"TAGACCGAC","+"
"65",105,"Wf9_HL5WNCCXX_L6_read33","MuTIR_1",96.104,77,2,1,74,150,1,76,3.59e-33,124,"TAGACCGAC","+"
"66",106,"Wf9_HL5WNCCXX_L6_read34","MuTIR_1",97.778,45,1,0,106,150,1,45,2.83e-19,78.7,"CTCTCTTTC","+"
"68",108,"Wf9_HL5WNCCXX_L6_read43","MuTIR_1",94.186,86,4,1,60,145,1,85,7.71e-35,130,"GGAAGCGAG","+"
"69",109,"Wf9_HL5WNCCXX_L6_read45","MuTIR_1",96.25,80,2,1,71,150,1,79,7.71e-35,130,"GAATACAAC","+"
"70",110,"Wf9_HL5WNCCXX_L6_read48","MuTIR_1",90,110,6,2,46,150,1,110,4.61e-37,137,"CTTAAGGAG","+"
"71",111,"Wf9_HL5WNCCXX_L6_read52","MuTIR_1",95.312,64,2,1,87,150,1,63,6.05e-26,100,"TAGACCGAC","+"
"73",113,"Wf9_HL5WNCCXX_L6_read57","MuTIR_1",94.845,97,4,1,54,150,1,96,5.92e-41,150,"GTTCAGAAA","+"
"74",114,"Wf9_HL5WNCCXX_L6_read58","MuTIR_1",98.305,59,0,1,77,135,1,58,1.68e-26,102,"CTTAAGGAG","+"
"75",115,"Wf9_HL5WNCCXX_L6_read61","MuTIR_1",98.551,69,0,1,81,149,1,68,4.64e-32,121,"GAGAGCCTC","+"
"83",123,"Wf9_HL5WNCCXX_L6_read78","MuTIR_1",94.737,95,4,1,27,121,1,94,7.66e-40,147,"TCTTCCTGA","-"
"87",127,"Wf9_HL5WNCCXX_L6_read82","MuTIR_1",95.789,95,3,1,27,121,1,94,1.65e-41,152,"TCTTCCTGA","-"
"94",134,"Wf9_HL5WNCCXX_L6_read92","MuTIR_1",88.333,120,13,1,10,129,1,119,9.91e-39,143,"AGATTTGGC","-"
"97",137,"Wf9_HL5WNCCXX_L6_read98","MuTIR_1",94.737,95,4,1,40,134,1,94,7.66e-40,147,"TTTTCCTAA","-"
"107",155,"Wf9_HL5WNCCXX_L6_read138","MuTIR_1",95,60,2,1,91,150,1,59,1.01e-23,93.5,"CTGTGCGAG","+"
"108",157,"Wf9_HL5WNCCXX_L6_read140","MuTIR_1",95.122,82,3,1,69,150,1,81,2.77e-34,128,"CTGTGCGAG","+"
"109",158,"Wf9_HL5WNCCXX_L6_read141","MuTIR_1",95,60,2,1,91,150,1,59,1.01e-23,93.5,"CTGTGCGAG","+"
"110",160,"Wf9_HL5WNCCXX_L6_read144","MuTIR_1",94.059,101,5,1,48,148,1,100,1.65e-41,152,"CTGTGCGAG","+"
"111",161,"Wf9_HL5WNCCXX_L6_read145","MuTIR_1",95.181,83,3,1,68,150,1,82,7.71e-35,130,"GGGCCTAGG","+"
"119",178,"Wf9_HL5WNCCXX_L6_read179","MuTIR_1",86.076,79,4,4,77,150,1,77,2.83e-19,78.7,"CTCTGATCT","+"
"120",179,"Wf9_HL5WNCCXX_L6_read180","MuTIR_1",87.368,95,5,4,61,150,1,93,1.68e-26,102,"CTCTGATCT","+"
"122",181,"Wf9_HL5WNCCXX_L6_read182","MuTIR_1",87.719,114,7,4,39,147,1,112,9.98e-34,126,"CTCTGATCT","+"
"123",233,"Wf9_HL5WNCCXX_L6_read341","MuTIR_2",95.556,90,4,0,55,144,1,90,2.76e-39,145,"CCCAGAGCC","+"
"124",234,"Wf9_HL5WNCCXX_L6_read342","MuTIR_2",85.981,107,15,0,37,143,1,107,2.16e-30,115,"GAAAGTAAC","+"
"125",235,"Wf9_HL5WNCCXX_L6_read348","MuTIR_2",97.674,43,1,0,108,150,1,43,3.67e-18,75,"CCCAGAGCC","+"
"126",236,"Wf9_HL5WNCCXX_L6_read350","MuTIR_2",91.111,90,8,0,58,147,1,90,1.29e-32,122,"GGCTCTGGG","+"
"127",237,"Wf9_HL5WNCCXX_L6_read353","MuTIR_2",95.238,63,3,0,88,150,1,63,6.05e-26,100,"TGCCGCCGC","+"
"128",238,"Wf9_HL5WNCCXX_L6_read354","MuTIR_2",88.172,93,11,0,50,142,1,93,2.79e-29,111,"GAAAGTAAC","+"
"129",239,"Wf9_HL5WNCCXX_L6_read356","MuTIR_2",90.566,106,10,0,45,150,1,106,3.56e-38,141,"CCGTGACCC","+"
"130",240,"Wf9_HL5WNCCXX_L6_read357","MuTIR_2",90.789,76,7,0,66,141,1,76,1.68e-26,102,"ACATGGTGG","+"
"131",241,"Wf9_HL5WNCCXX_L6_read359","MuTIR_2",95.556,90,4,0,55,144,1,90,2.76e-39,145,"CCCAGAGCC","+"
"132",242,"Wf9_HL5WNCCXX_L6_read360","MuTIR_2",94.393,107,6,0,44,150,1,107,2.11e-45,165,"TTCCTCGCC","+"
"133",243,"Wf9_HL5WNCCXX_L6_read364","MuTIR_2",93.798,129,8,0,17,145,1,129,2.7e-54,195,"TTCCTCGCC","+"
"134",244,"Wf9_HL5WNCCXX_L6_read366","MuTIR_2",90.654,107,10,0,44,150,1,107,9.91e-39,143,"GTTGGAAGA","+"
"135",245,"Wf9_HL5WNCCXX_L6_read368","MuTIR_2",90.526,95,9,0,56,150,1,95,9.98e-34,126,"TCCAACGAG","+"
"136",246,"Wf9_HL5WNCCXX_L6_read372","MuTIR_2",93.798,129,8,0,10,138,1,129,2.7e-54,195,"CCCAGAGCC","+"
"137",247,"Wf9_HL5WNCCXX_L6_read374","MuTIR_2",93.798,129,8,0,15,143,1,129,2.7e-54,195,"TTCCTCGCC","+"
"138",248,"Wf9_HL5WNCCXX_L6_read378","MuTIR_2",97.674,43,1,0,108,150,1,43,3.67e-18,75,"CCCAGAGCC","+"
"139",249,"Wf9_HL5WNCCXX_L6_read379","MuTIR_2",90.179,112,11,0,39,150,1,112,7.66e-40,147,"CCTAGCCGA","+"
"140",250,"Wf9_HL5WNCCXX_L6_read385","MuTIR_2",95.556,90,4,0,55,144,1,90,2.76e-39,145,"CCCAGAGCC","+"
"142",252,"Wf9_HL5WNCCXX_L6_read390","MuTIR_2",90.076,131,13,0,20,150,1,131,4.55e-47,171,"TTAAGGAGG","+"
"143",253,"Wf9_HL5WNCCXX_L6_read393","MuTIR_2",94.167,120,7,0,30,149,1,120,5.84e-51,183,"CCCAGAGCC","+"
"144",254,"Wf9_HL5WNCCXX_L6_read395","MuTIR_2",94.828,58,3,0,93,150,1,58,3.64e-23,91.6,"GTTGGAAGA","+"
"145",255,"Wf9_HL5WNCCXX_L6_read396","MuTIR_2",89.552,134,14,0,17,150,1,134,4.55e-47,171,"GCTGGGAAG","+"
"146",256,"Wf9_HL5WNCCXX_L6_read398","MuTIR_2",90.526,95,9,0,56,150,1,95,9.98e-34,126,"TCCAACGAG","+"
"147",257,"Wf9_HL5WNCCXX_L6_read401","MuTIR_2",91.111,90,8,0,58,147,1,90,1.29e-32,122,"GGCTCTGGG","+"
"153",263,"Wf9_HL5WNCCXX_L6_read420","MuTIR_2",93.798,129,8,0,3,131,1,129,2.7e-54,195,"CGGATAGAA","-"
"163",273,"Wf9_HL5WNCCXX_L6_read447","MuTIR_2",93.75,64,4,0,46,109,1,64,7.82e-25,97.1,"TTATTATAA","-"
"167",277,"Wf9_HL5WNCCXX_L6_read457","MuTIR_2",93.798,129,8,0,3,131,1,129,2.7e-54,195,"CGGATAGAA","-"
"180",304,"Wf9_HL5WNCCXX_L6_read552","MuTIR_2",86.777,121,14,2,31,150,1,120,5.96e-36,134,"CCTCCTTAA","+"
"181",305,"Wf9_HL5WNCCXX_L6_read553","MuTIR_2",85.271,129,17,2,14,141,1,128,2.15e-35,132,"CCTCCTTGA","+"
"182",315,"Wf9_HL5WNCCXX_L6_read591","MuTIR_2",89.706,68,7,0,79,146,1,68,4.71e-22,87.9,"CCCACCACG","+"
"185",325,"Wf9_HL5WNCCXX_L6_read650","MuTIR_3",94.355,124,7,0,27,150,1,124,3.49e-53,191,"AAAAAATGG","+"
"186",326,"Wf9_HL5WNCCXX_L6_read651","MuTIR_3",93.162,117,8,0,33,149,1,117,1.26e-47,172,"GGCCCCCAC","+"
"187",327,"Wf9_HL5WNCCXX_L6_read652","MuTIR_3",91.791,134,9,2,11,143,1,133,1.62e-51,185,"CCCTGCGAG","+"
"189",329,"Wf9_HL5WNCCXX_L6_read657","MuTIR_3",94.69,113,6,0,38,150,1,113,9.77e-49,176,"AAAACATTC","+"
"192",332,"Wf9_HL5WNCCXX_L6_read661","MuTIR_3",94.355,124,7,0,27,150,1,124,3.49e-53,191,"AAAAAATGG","+"
"193",333,"Wf9_HL5WNCCXX_L6_read662","MuTIR_3",94.783,115,6,0,36,150,1,115,7.55e-50,180,"AAAAAATGG","+"
"194",334,"Wf9_HL5WNCCXX_L6_read664","MuTIR_3",97.826,46,1,0,105,150,1,46,7.88e-20,80.5,"CCGTTTTTT","+"
"195",335,"Wf9_HL5WNCCXX_L6_read665","MuTIR_3",94.355,124,7,0,27,150,1,124,3.49e-53,191,"AAAAAATGG","+"
"197",337,"Wf9_HL5WNCCXX_L6_read669","MuTIR_3",96.226,53,2,0,94,146,1,53,4.71e-22,87.9,"CCGTTTTTT","+"
"198",338,"Wf9_HL5WNCCXX_L6_read673","MuTIR_3",91.791,134,9,2,18,150,1,133,1.62e-51,185,"CCCTGCGAG","+"
"210",353,"Wf9_HL5WNCCXX_L6_read722","MuTIR_3",88.696,115,13,0,36,150,1,115,3.56e-38,141,"TTCGCCCGA","+"
"211",354,"Wf9_HL5WNCCXX_L6_read723","MuTIR_3",86.719,128,16,1,24,150,1,128,3.56e-38,141,"CTGACAGAT","+"
"212",356,"Wf9_HL5WNCCXX_L6_read726","MuTIR_3",88.75,80,8,1,71,150,1,79,7.82e-25,97.1,"CCTCTAGAG","+"
"213",357,"Wf9_HL5WNCCXX_L6_read728","MuTIR_3",92.481,133,10,0,10,142,1,133,3.49e-53,191,"GTTCTGTAC","+"
"214",358,"Wf9_HL5WNCCXX_L6_read733","MuTIR_3",90.722,97,9,0,54,150,1,97,7.71e-35,130,"AGGGGTCGC","+"
"215",359,"Wf9_HL5WNCCXX_L6_read737","MuTIR_3",87.597,129,16,0,17,145,1,129,5.92e-41,150,"TTCGCCCGA","+"
"217",361,"Wf9_HL5WNCCXX_L6_read741","MuTIR_3",88.991,109,12,0,42,150,1,109,1.66e-36,135,"CTTCAGAGA","+"
"223",367,"Wf9_HL5WNCCXX_L6_read756","MuTIR_3",91.473,129,11,0,11,139,1,129,2.72e-49,178,"GGATTCAGA","-"
"224",368,"Wf9_HL5WNCCXX_L6_read759","MuTIR_3",87.826,115,13,1,28,141,1,115,5.96e-36,134,"CTAACTTCA","-"
"226",379,"Wf9_HL5WNCCXX_L6_read784","MuTIR_3",92.473,93,7,0,58,150,1,93,5.96e-36,134,"CTCCTCATC","+"
"227",380,"Wf9_HL5WNCCXX_L6_read785","MuTIR_3",94.595,111,6,0,40,150,1,111,1.26e-47,172,"GACCTCAAA","+"
"228",381,"Wf9_HL5WNCCXX_L6_read786","MuTIR_3",94.34,106,6,0,45,150,1,106,7.61e-45,163,"AGCAGAGAG","+"
"229",382,"Wf9_HL5WNCCXX_L6_read787","MuTIR_3",94.186,86,5,0,65,150,1,86,2.15e-35,132,"AGCAGAGAG","+"
"230",383,"Wf9_HL5WNCCXX_L6_read789","MuTIR_3",93.333,120,8,0,31,150,1,120,2.72e-49,178,"AGCAGAGAG","+"
"231",384,"Wf9_HL5WNCCXX_L6_read790","MuTIR_3",90.123,81,8,0,68,148,1,81,1.3e-27,106,"TCTTGCGGC","+"
"244",414,"Wf9_HL5WNCCXX_L6_read841","MuTIR_3",87.805,82,10,0,64,145,1,82,7.82e-25,97.1,"GCAGGCTAG","+"
"247",470,"Wf9_HL5WNCCXX_L6_read963","MuTIR_4",93.243,74,5,0,77,150,1,74,1.01e-28,110,"CTCTCTTGC","+"
"248",471,"Wf9_HL5WNCCXX_L6_read965","MuTIR_4",94.186,86,5,0,49,134,1,86,2.15e-35,132,"GTGACTGAG","+"
"249",472,"Wf9_HL5WNCCXX_L6_read966","MuTIR_4",87.943,141,17,0,10,150,1,141,1.63e-46,169,"GCCATTAAG","+"
"250",473,"Wf9_HL5WNCCXX_L6_read967","MuTIR_4",90.816,98,9,0,48,145,1,98,2.15e-35,132,"GCCATTAAG","+"
"251",474,"Wf9_HL5WNCCXX_L6_read969","MuTIR_4",90.816,98,9,0,48,145,1,98,2.15e-35,132,"GCCATTAAG","+"
"252",475,"Wf9_HL5WNCCXX_L6_read971","MuTIR_4",88.496,113,13,0,38,150,1,113,1.28e-37,139,"GTGACTGAG","+"
"253",476,"Wf9_HL5WNCCXX_L6_read974","MuTIR_4",93.671,79,5,0,72,150,1,79,1.67e-31,119,"CGGCCACCG","+"
"254",477,"Wf9_HL5WNCCXX_L6_read981","MuTIR_4",92,100,8,0,48,147,1,100,3.56e-38,141,"CACGAGCTG","+"
"256",479,"Wf9_HL5WNCCXX_L6_read991","MuTIR_4",93.056,72,5,0,79,150,1,72,1.3e-27,106,"CGGCCACCG","+"
"257",480,"Wf9_HL5WNCCXX_L6_read992","MuTIR_4",88.596,114,13,0,37,150,1,114,3.56e-38,141,"GCTGTCGAC","+"
"258",481,"Wf9_HL5WNCCXX_L6_read994","MuTIR_4",94.118,68,3,1,21,87,1,68,1.68e-26,102,"AATGGAAGC","+"
"259",482,"Wf9_HL5WNCCXX_L6_read996","MuTIR_4",93.023,86,6,0,57,142,1,86,9.98e-34,126,"GCTGTCGAC","+"
"260",483,"Wf9_HL5WNCCXX_L6_read999","MuTIR_4",90,140,14,0,11,150,1,140,5.84e-51,183,"CTCTCTTGC","+"
"263",486,"Wf9_HL5WNCCXX_L6_read1020","MuTIR_4",85.385,130,19,0,6,135,1,130,4.61e-37,137,"CTACAGATA","-"
"266",489,"Wf9_HL5WNCCXX_L6_read1025","MuTIR_4",87.692,130,16,0,9,138,1,130,4.58e-42,154,"CTGCAGATA","-"
"267",490,"Wf9_HL5WNCCXX_L6_read1026","MuTIR_4",90.833,120,11,0,8,127,1,120,7.61e-45,163,"CTTTTATGC","-"
"271",496,"Wf9_HL5WNCCXX_L6_read1074","MuTIR_4",89.61,77,8,0,72,148,1,77,2.18e-25,99,"GTCGACAGC","+"
"275",527,"Wf9_HL5WNCCXX_L6_read1183","MuTIR_5",91.429,105,7,1,45,147,1,105,2.76e-39,145,"GCTGCAGGA","+"
"276",528,"Wf9_HL5WNCCXX_L6_read1186","MuTIR_5",87.218,133,15,1,18,148,1,133,5.92e-41,150,"GACGCTCGC","+"
"277",529,"Wf9_HL5WNCCXX_L6_read1187","MuTIR_5",91.566,83,5,1,70,150,1,83,2.16e-30,115,"GCTGCAGGA","+"
"278",530,"Wf9_HL5WNCCXX_L6_read1188","MuTIR_5",87.5,112,12,1,33,142,1,112,2.77e-34,128,"GACGCTCGC","+"
"279",531,"Wf9_HL5WNCCXX_L6_read1189","MuTIR_5",91.25,80,5,1,73,150,1,80,1.01e-28,110,"GCTGCAGGA","+"
"281",533,"Wf9_HL5WNCCXX_L6_read1191","MuTIR_5",87.121,132,15,1,21,150,1,132,2.13e-40,148,"GACGCTCGC","+"
"282",534,"Wf9_HL5WNCCXX_L6_read1192","MuTIR_5",89.844,128,11,1,25,150,1,128,2.11e-45,165,"GCTGCAGGA","+"
"283",535,"Wf9_HL5WNCCXX_L6_read1193","MuTIR_5",91.25,80,5,1,73,150,1,80,1.01e-28,110,"GCTGCAGGA","+"
"284",536,"Wf9_HL5WNCCXX_L6_read1194","MuTIR_5",88.976,127,12,1,26,150,1,127,3.54e-43,158,"CGAGACGGC","+"
"285",537,"Wf9_HL5WNCCXX_L6_read1195","MuTIR_5",90,80,6,1,73,150,1,80,4.68e-27,104,"GCTGCAGGA","+"
"286",538,"Wf9_HL5WNCCXX_L6_read1198","MuTIR_5",90,80,6,1,73,150,1,80,4.68e-27,104,"GCTGCAGGA","+"
"287",539,"Wf9_HL5WNCCXX_L6_read1199","MuTIR_5",88.976,127,12,1,26,150,1,127,3.54e-43,158,"CGAGACGGC","+"
"288",540,"Wf9_HL5WNCCXX_L6_read1200","MuTIR_5",91.667,96,6,1,56,149,1,96,5.96e-36,134,"CGAGACGGC","+"
"292",544,"Wf9_HL5WNCCXX_L6_read1206","MuTIR_5",88.43,121,11,2,15,132,1,121,2.76e-39,145,"TCCCATTAG","-"
"300",552,"Wf9_HL5WNCCXX_L6_read1216","MuTIR_5",89.764,127,11,1,13,137,1,127,7.61e-45,163,"CGTTGTTAT","-"
"303",555,"Wf9_HL5WNCCXX_L6_read1219","MuTIR_5",89.764,127,11,1,13,137,1,127,7.61e-45,163,"CGTTGTTAT","-"
"306",558,"Wf9_HL5WNCCXX_L6_read1222","MuTIR_5",95.918,49,2,0,89,137,1,49,7.88e-20,80.5,"AGGCCTAGG","-"
"307",563,"Wf9_HL5WNCCXX_L6_read1265","MuTIR_6",95.455,132,6,0,19,150,1,132,2.68e-59,211,"TGCATTACA","+"
"308",564,"Wf9_HL5WNCCXX_L6_read1269","MuTIR_6",96.923,65,2,0,86,150,1,65,1.01e-28,110,"TGCACTACG","+"
"309",565,"Wf9_HL5WNCCXX_L6_read1271","MuTIR_6",96.296,108,4,0,42,149,1,108,2.72e-49,178,"TGCACTACG","+"
"310",566,"Wf9_HL5WNCCXX_L6_read1272","MuTIR_6",100,38,0,0,113,150,1,38,4.74e-17,71.3,"TGCATTACA","+"
"311",567,"Wf9_HL5WNCCXX_L6_read1274","MuTIR_6",96.825,63,2,0,88,150,1,63,1.3e-27,106,"TGCACTACG","+"
"312",568,"Wf9_HL5WNCCXX_L6_read1275","MuTIR_6",96.262,107,4,0,44,150,1,107,9.77e-49,176,"TGCATTACA","+"
"313",569,"Wf9_HL5WNCCXX_L6_read1279","MuTIR_6",93.651,63,4,0,88,150,1,63,2.81e-24,95.3,"TGCACTACG","+"
"319",575,"Wf9_HL5WNCCXX_L6_read1306","MuTIR_6",95.181,83,4,0,68,150,1,83,2.15e-35,132,"AGGAGAGGG","+"
"320",576,"Wf9_HL5WNCCXX_L6_read1307","MuTIR_6",95.763,118,5,0,32,149,1,118,3.49e-53,191,"AGGAGAGGG","+"
"322",578,"Wf9_HL5WNCCXX_L6_read1309","MuTIR_6",97.368,114,3,0,29,142,1,114,2.7e-54,195,"TCCTAGGCT","+"
"324",580,"Wf9_HL5WNCCXX_L6_read1311","MuTIR_6",97.368,114,3,0,36,149,1,114,2.7e-54,195,"TCCTAGGCT","+"
"325",581,"Wf9_HL5WNCCXX_L6_read1312","MuTIR_6",94.355,124,7,0,27,150,1,124,3.49e-53,191,"CCGTAGATC","+"
"327",583,"Wf9_HL5WNCCXX_L6_read1314","MuTIR_6",96,75,3,0,76,150,1,75,1.29e-32,122,"TCCTAGGCT","+"
"328",584,"Wf9_HL5WNCCXX_L6_read1316","MuTIR_6",96.04,101,4,0,50,150,1,101,2.11e-45,165,"CCGTAGATC","+"
"329",585,"Wf9_HL5WNCCXX_L6_read1317","MuTIR_6",97.368,114,3,0,30,143,1,114,2.7e-54,195,"TCCTAGGCT","+"
"330",586,"Wf9_HL5WNCCXX_L6_read1319","MuTIR_6",96.396,111,4,0,35,145,1,111,5.84e-51,183,"AGGAGAGGG","+"
"343",618,"Wf9_HL5WNCCXX_L6_read1412","MuTIR_7",90.226,133,12,1,18,150,1,132,9.77e-49,176,"TCGTACCGC","+"
"345",627,"Wf9_HFFGKADXX_CGATGT_read1","MuTIR_1",100,30,0,0,122,151,1,30,1.34e-12,56.5,"GTCGCCAGC","+"
"346",628,"Wf9_HFFGKADXX_CGATGT_read2","MuTIR_1",91.803,122,9,1,30,151,1,121,1.65e-46,169,"CTCTCTTTC","+"
"347",629,"Wf9_HFFGKADXX_CGATGT_read5","MuTIR_1",92.8,125,8,1,23,147,1,124,7.61e-50,180,"ATTGAAAGG","+"
"348",630,"Wf9_HFFGKADXX_CGATGT_read6","MuTIR_1",95.455,66,2,1,86,151,1,65,4.71e-27,104,"TAGACCGAC","+"
"349",631,"Wf9_HFFGKADXX_CGATGT_read7","MuTIR_1",94.574,129,6,1,23,151,1,128,2.1e-55,198,"GAAAGAGAG","+"
"350",632,"Wf9_HFFGKADXX_CGATGT_read9","MuTIR_1",94.521,73,3,1,79,151,1,72,2.81e-29,111,"GTCGCCAGC","+"
"351",633,"Wf9_HFFGKADXX_CGATGT_read10","MuTIR_1",94.34,53,2,1,99,151,1,52,7.94e-20,80.5,"GTCGGTCTA","+"
"353",635,"Wf9_HFFGKADXX_CGATGT_read12","MuTIR_1",91.964,112,8,1,37,148,1,111,1.28e-42,156,"GGAAGCGAG","+"
"354",636,"Wf9_HFFGKADXX_CGATGT_read13","MuTIR_1",95.161,62,2,1,90,151,1,61,7.88e-25,97.1,"GTCGCCAGC","+"
"361",644,"Wf9_HFFGKADXX_CGATGT_read28","MuTIR_1",90.323,124,7,2,30,148,1,124,3.56e-43,158,"CAAGGACGC","+"
"365",659,"Wf9_HFFGKADXX_CGATGT_read66","MuTIR_2",96.591,88,3,0,60,147,1,88,7.72e-40,147,"TTCCTCGCC","+"
"366",660,"Wf9_HFFGKADXX_CGATGT_read67","MuTIR_2",89.72,107,11,0,45,151,1,107,4.64e-37,137,"GGCTCTGGG","+"
"367",661,"Wf9_HFFGKADXX_CGATGT_read69","MuTIR_2",95.652,46,1,1,99,144,1,45,1.33e-17,73.1,"CCCAGAGCC","+"
"368",662,"Wf9_HFFGKADXX_CGATGT_read70","MuTIR_2",94.444,108,6,0,42,149,1,108,5.92e-46,167,"CCCAGAGCC","+"
"369",663,"Wf9_HFFGKADXX_CGATGT_read74","MuTIR_2",88.991,109,12,0,43,151,1,109,1.67e-36,135,"GCTGGGAAG","+"
"378",677,"Wf9_HFFGKADXX_CGATGT_read129","MuTIR_3",93.548,93,6,0,54,146,1,93,1.29e-37,139,"AAAACATTC","+"
"379",678,"Wf9_HFFGKADXX_CGATGT_read131","MuTIR_3",94.737,133,7,0,9,141,1,133,3.49e-58,207,"AACGACGAT","-"
"382",682,"Wf9_HFFGKADXX_CGATGT_read136","MuTIR_3",96.053,76,3,0,75,150,1,76,3.61e-33,124,"ACTGACGGG","+"
"385",686,"Wf9_HFFGKADXX_CGATGT_read148","MuTIR_3",94.262,122,7,0,27,148,1,122,4.55e-52,187,"GACCCTTTG","+"
"386",687,"Wf9_HFFGKADXX_CGATGT_read149","MuTIR_3",89.412,85,8,1,67,150,1,85,1.31e-27,106,"TCTTGCGGC","+"
"387",688,"Wf9_HFFGKADXX_CGATGT_read150","MuTIR_3",90.909,77,7,0,45,121,1,77,4.71e-27,104,"TCTTGCGGC","+"
"388",689,"Wf9_HFFGKADXX_CGATGT_read152","MuTIR_3",95.455,110,5,0,42,151,1,110,9.84e-49,176,"GACCCTTTG","+"
"391",706,"Wf9_HFFGKADXX_CGATGT_read187","MuTIR_4",88.785,107,12,0,45,151,1,107,6.01e-36,134,"GCCATTAAG","+"
"392",707,"Wf9_HFFGKADXX_CGATGT_read190","MuTIR_4",91.304,115,10,0,37,151,1,115,9.91e-44,159,"CTCTCTTGC","+"
"393",708,"Wf9_HFFGKADXX_CGATGT_read192","MuTIR_4",93.023,86,6,0,57,142,1,86,1.01e-33,126,"GCTGTCGAC","+"
"397",712,"Wf9_HFFGKADXX_CGATGT_read211","MuTIR_4",88.496,113,13,0,26,138,1,113,1.29e-37,139,"GTCGACAGC","+"
"399",715,"Wf9_HFFGKADXX_CGATGT_read225","MuTIR_5",89.286,140,13,1,14,151,1,140,9.84e-49,176,"GCTGCAGGA","+"
"402",719,"Wf9_HFFGKADXX_CGATGT_read238","MuTIR_6",95.69,116,5,0,32,147,1,116,4.55e-52,187,"TGCACTACG","+"
"403",720,"Wf9_HFFGKADXX_CGATGT_read240","MuTIR_6",96.104,77,3,0,75,151,1,77,1.01e-33,126,"TGCATTACA","+"
"404",722,"Wf9_HFFGKADXX_CGATGT_read243","MuTIR_6",93.976,83,5,0,69,151,1,83,1.01e-33,126,"AGGAGAGGG","+"
"405",723,"Wf9_HFFGKADXX_CGATGT_read244","MuTIR_6",95.495,111,5,0,39,149,1,111,2.74e-49,178,"AGGAGAGGG","+"
"406",732,"Wf9_HFFGKADXX_CGATGT_read268","MuTIR_7",89.024,82,9,0,70,151,1,82,1.31e-27,106,"ACAAACAGC","+"
"407",733,"Wf9_HFFGKADXX_CGATGT_read269","MuTIR_7",90.426,94,9,0,58,151,1,94,2.79e-34,128,"TCGTACCGC","+"
