original_order,Image_name,prop_ungerminated,prop_chlorotic,,number_seeds,ungerminated_seeds,chlorotic_seedlings,anything_else_interesting,date
1,1-A-0025.jpg,0.066666667,0,,30,2,0,,12/3/2020 18:18:33
2,1-A-0026.jpg,0.266666667,0,,30,8,0,,12/3/2020 18:20:35
3,1-A-0027.jpg,0.033333333,0,,30,1,0,,12/3/2020 18:22:02
4,1-A-0028.jpg,0.333333333,0.066666667,,30,10,2,,12/7/2020 15:56:15
5,1-A-0029.jpg,0.033333333,0,,30,1,0,,12/7/2020 15:56:48
6,1-A-0030.jpg,0.133333333,0,,30,4,0,,12/7/2020 15:57:10
7,1-A-0031.jpg,0.068965517,0,,29,2,0,,12/7/2020 15:57:52
8,1-A-0032.jpg,0.166666667,0,,30,5,0,shoot removed on one?,12/7/2020 15:58:17
9,1-A-0033.jpg,0.137931034,0.068965517,,29,4,2,"one corkscrew shoot, not sure on these chlorotic ones",12/7/2020 15:59:07
10,1-A-0034.jpg,0,0,,30,0,0,,12/7/2020 15:59:55
11,1-A-0035.jpg,0.066666667,0,,30,2,0,,12/7/2020 16:00:23
12,1-A-0036.jpg,0.066666667,0,,30,2,0,,12/7/2020 16:00:46
13,1-A-0037.jpg,0.103448276,0,,29,3,0,,12/7/2020 16:01:12
14,1-A-0038.jpg,0.3,0,,30,9,0,,12/7/2020 16:01:41
15,1-A-0039.jpg,0.166666667,0,,30,5,0,,12/7/2020 16:02:06
16,1-A-0040.jpg,0.1,0.2,,30,3,6,,12/7/2020 16:02:37
17,1-A-0041.jpg,0.033333333,0.166666667,,30,1,5,"red shoot variationn, moldy",12/7/2020 16:03:09
18,1-A-0042.jpg,0.133333333,0,,30,4,0,spiral,12/7/2020 16:03:48
19,1-A-0043.jpg,0.3,0,,10,3,0,,12/7/2020 16:04:08
20,1-A-0044.jpg,0.266666667,0.033333333,,30,8,1,unsure on chlorotic shoot,12/7/2020 16:04:37
21,1-A-0045.jpg,0.233333333,0.366666667,,30,7,11,,12/7/2020 16:05:16
22,1-A-0046.jpg,0.033333333,0,,30,1,0,,12/7/2020 16:05:40
23,1-A-0047.jpg,0.033333333,0,,30,1,0,,12/7/2020 16:06:06
24,1-A-0048.jpg,0.04,0.04,,25,1,1,unsure on chlorotic small shooot,12/7/2020 16:06:25
25,1-A-0049.jpg,0,0.137931034,,29,0,4,,12/7/2020 16:07:28
26,1-A-0050.jpg,0,0,,29,0,0,,12/7/2020 16:07:57
27,1-A-0051.jpg,0.166666667,0,,30,5,0,,12/7/2020 16:08:18
28,1-A-0052.jpg,0.066666667,0,,30,2,0,,12/7/2020 16:08:39
29,1-A-0053.jpg,0.173913043,0.043478261,,23,4,1,unsure on chlorotic shoot,12/7/2020 16:09:05
30,1-A-0054.jpg,0.08,0.04,,25,2,1,unsure on chlorotic shoot,12/7/2020 16:09:33
31,1-A-0055.jpg,0.166666667,0,,30,5,0,,12/7/2020 16:10:01
32,1-A-0056.jpg,0.1,0,,30,3,0,some seeds growing root without shoot,12/7/2020 16:10:35
33,1-A-0057.jpg,0.1,0,,30,3,0,,12/7/2020 16:11:11
34,1-A-0058.jpg,0,0,,30,0,0,,12/7/2020 16:11:36
35,1-A-0063.jpg,0.066666667,0,,30,2,0,,12/7/2020 16:12:08
36,1-A-0064.jpg,0.133333333,0,,30,4,0,,12/7/2020 16:12:31
37,1-A-0065.jpg,0.1,0,,30,3,0,,12/7/2020 16:13:01
38,1-A-0066.jpg,0.142857143,0,,28,4,0,spiral,12/7/2020 16:13:26
39,1-A-0067.jpg,0,0,,29,0,0,,12/7/2020 16:13:59
40,1-A-0068.jpg,0.133333333,0,,30,4,0,"two growing straight down, gravitropism?",12/7/2020 16:14:21
41,1-A-0069.jpg,0.566666667,0,,30,17,0,,12/7/2020 16:15:14
42,1-A-0071.jpg,0,0,,4,0,0,,12/7/2020 16:15:39
43,1-A-0072.jpg,0.272727273,0,,11,3,0,,12/7/2020 16:15:52
44,1-A-0073.jpg,0.153846154,0,,13,2,0,,12/7/2020 16:16:08
45,1-A-0074.jpg,0.166666667,0,,30,5,0,,12/7/2020 16:16:35
46,1-A-0075.jpg,0.033333333,0.033333333,,30,1,1,,12/7/2020 16:17:04
47,1-A-0076.jpg,0.033333333,0,,30,1,0,,12/7/2020 16:17:31
48,1-A-0077.jpg,0.133333333,0,,30,4,0,"one growing straight down, gravitropsim?",12/7/2020 16:17:59
49,1-A-0078.jpg,0.066666667,0.1,,30,2,3,,12/7/2020 16:18:40
50,1-A-0079.jpg,0.2,0,,30,6,0,,12/7/2020 16:19:08
51,1-A-0080.jpg,0.2,0,,30,6,0,one spiraly,12/12/2020 3:04:57
52,1-A-0081.jpg,0.2,0,,30,6,0,four black shoots,12/12/2020 3:05:28
53,1-A-0082.jpg,0.1,0,,30,3,0,,12/12/2020 3:06:06
54,1-A-0083.jpg,0,0,,25,0,0,,12/12/2020 3:06:25
55,1-A-0084.jpg,0.344827586,0,,29,10,0,,12/12/2020 3:07:01
56,1-A-0085.jpg,0.2,0,,30,6,0,,12/12/2020 3:07:32
57,1-A-0086.jpg,0,0,,29,0,0,,12/12/2020 3:08:09
58,1-A-0087.jpg,0.1,0,,30,3,0,,12/12/2020 3:08:37
59,1-A-0089.jpg,0.5,0,,10,5,0,,12/12/2020 3:08:53
60,1-A-0090.jpg,0.3,0,,30,9,0,,12/12/2020 3:09:17
61,1-A-0091.jpg,0.25,0,,8,2,0,,12/12/2020 3:09:29
62,1-A-0092.jpg,0.25,0,,28,7,0,two yellowish shoots but looks rotten,12/12/2020 3:09:59
63,1-A-0093.jpg,0.3,0.033333333,,30,9,1,,12/12/2020 3:10:48
64,1-A-0094.jpg,0.3,0.1,,30,9,3,chlorotic is hard since two shoots are tiny!,12/12/2020 3:11:13
65,1-A-0095.jpg,0.333333333,0,,12,4,0,lightish yellow but not quite chlorotic?,12/12/2020 3:11:47
66,1-A-0097.jpg,0.25,0,,16,4,0,,12/12/2020 3:12:17
67,1-A-0098.jpg,0.2,0,,5,1,0,final shoot could be chlorotic??,12/12/2020 3:12:32
68,1-A-0099.jpg,0,0,,30,0,0,,12/12/2020 3:13:01
69,1-A-0100.jpg,0.133333333,0,,30,4,0,,12/12/2020 3:13:32
70,1-A-0101.jpg,0.233333333,0,,30,7,0,two spiraly,12/12/2020 3:13:56
71,1-A-0102.jpg,0.444444444,0,,18,8,0,,12/12/2020 3:14:23
72,1-A-0103.jpg,0.233333333,0,,30,7,0,two spiraly,12/12/2020 3:14:54
73,1-A-0104.jpg,0.266666667,0,,30,8,0,,12/12/2020 3:15:27
74,1-A-0105.jpg,0,0,,3,0,0,,12/12/2020 3:16:05
75,1-A-0106.jpg,0.066666667,0.2,,30,2,6,two spiraly,12/12/2020 3:16:25
76,1-A-0107.jpg,0.344827586,0.103448276,,29,10,3,,12/12/2020 3:17:02
77,1-A-0108.jpg,0.105263158,0,,19,2,0,,12/12/2020 3:17:27
78,1-A-0110.jpg,0.033333333,0.166666667,,30,1,5,some short shoots could be chlorotic,12/12/2020 3:17:56
79,1-A-0111.jpg,0.1,0,,30,3,0,,12/12/2020 3:18:39
80,1-A-0112.jpg,0.2,0.133333333,,30,6,4,,12/12/2020 3:19:05
81,1-A-0113.jpg,0.066666667,0,,30,2,0,,12/12/2020 3:19:46
82,1-A-0114.jpg,0,0,,17,0,0,,12/12/2020 3:20:01
83,1-A-0115.jpg,0.068965517,0,,29,2,0,,12/12/2020 3:20:26
84,1-A-0116.jpg,0.038461538,0,,26,1,0,hard to see ungerm in top middle,12/12/2020 3:20:48
85,1-A-0117.jpg,0.166666667,0.133333333,,30,5,4,,12/12/2020 3:21:20
86,1-A-0118.jpg,0.47826087,0.130434783,,23,11,3,,12/12/2020 3:21:43
87,1-A-0119.jpg,0.419354839,0,,31,13,0,,12/12/2020 3:22:20
88,1-A-0120.jpg,0.333333333,0,,12,4,0,,12/12/2020 3:22:42
89,1-A-0121.jpg,0.473684211,0,,19,9,0,one gravitropism,12/12/2020 3:22:58
90,1-A-0122.jpg,0.2,0.133333333,,30,6,4,,12/12/2020 3:23:28
91,1-A-0123.jpg,0.222222222,0,,9,2,0,,12/12/2020 3:23:49
92,1-A-0125.jpg,0.034482759,0,,29,1,0,,12/12/2020 3:24:16
93,1-A-0126.jpg,0.2,0,,30,6,0,,12/12/2020 3:24:37
94,1-A-0127.jpg,0.166666667,0,,30,5,0,,12/12/2020 3:24:57
95,1-A-0128.jpg,0.1,0,,30,3,0,,12/12/2020 3:25:18
96,1-A-0129.jpg,0.3125,0,,16,5,0,,12/12/2020 3:25:33
97,1-A-0130.jpg,0.1,0,,30,3,0,,12/12/2020 3:25:53
98,1-A-0131.jpg,0.208333333,0,,24,5,0,,12/12/2020 3:26:13
99,1-A-0132.jpg,0,0,,6,0,0,,12/12/2020 3:26:31
100,1-A-0134.jpg,0.033333333,0.033333333,,30,1,1,"unsure on chlorosis, two spiraly",12/12/2020 3:26:57
101,1-A-0135.jpg,0,0,,30,0,0,,1/1/2021
102,1-A-0136.jpg,0.366666667,0,,30,11,0,,1/1/2021
103,1-A-0137.jpg,0.066666667,0,,30,2,0,,1/1/2021
104,1-A-0138.jpg,0.3,0,,30,9,0,,1/1/2021
105,1-A-0139.jpg,0.2,0,,30,6,0,,1/1/2021
106,1-A-0140.jpg,0.366666667,0,,30,11,0,inverted seedlings,1/1/2021
107,1-A-0141.jpg,0.428571429,0,,21,9,0,,1/1/2021
108,1-A-0142.jpg,0.533333333,0,,15,8,0,inverted seedlings,1/1/2021
109,1-A-0143.jpg,0.238095238,0,,21,5,0,,1/1/2021
110,1-A-0144.jpg,0.25,0,,4,1,0,,1/1/2021
111,1-A-0145.jpg,0.2,0,,30,6,0,,1/1/2021
112,1-A-0146.jpg,0.066666667,0,,30,2,0,inverted seedlings,1/1/2021
113,1-A-0147.jpg,0.366666667,0,,30,11,0,inverted seedlings,1/1/2021
114,1-A-0148.jpg,0.133333333,0,,30,4,0,inverted seedlings,1/1/2021
115,1-A-0149.jpg,0,0,,5,0,0,,1/1/2021
116,1-A-0150.jpg,0.133333333,0,,30,4,0,,1/1/2021
117,1-A-0151.jpg,0.133333333,0,,30,4,0,,1/1/2021
118,1-A-0152.jpg,0.4,0,,30,12,0,,1/1/2021
119,1-A-0153.jpg,0.266666667,0,,30,8,0,,1/1/2021
120,1-A-0154.jpg,0,0,,30,0,0,,1/1/2021
121,1-A-0155.jpg,0.066666667,0,,30,2,0,,1/1/2021
122,1-A-0156.jpg,0.066666667,0,,30,2,0,,1/1/2021
123,1-A-0157.jpg,0.266666667,0,,30,8,0,,1/1/2021
124,1-A-0158.jpg,0.266666667,0,,30,8,0,,1/1/2021
125,1-A-0159.jpg,0.2,0,,30,6,0,,1/1/2021
126,1-A-0160.jpg,0.428571429,0,,7,3,0,,1/1/2021
127,1-A-0161.jpg,0.266666667,0,,30,8,0,,1/1/2021
128,1-A-0162.jpg,0.033333333,0,,30,1,0,,1/1/2021
129,1-A-0163.jpg,0,0,,30,0,0,,1/1/2021
130,1-A-0164.jpg,0.066666667,0,,30,2,0,,1/1/2021
131,1-A-0165.jpg,0.2,0,,30,6,0,,1/1/2021
132,1-A-0167.jpg,0.233333333,0,,30,7,0,,1/1/2021
133,1-A-0168.jpg,0.033333333,0,,30,1,0,,1/1/2021
134,1-A-0169.jpg,0.1,0,,30,3,0,,1/1/2021
135,1-A-0170.jpg,0.3,0,,30,9,0,,1/1/2021
136,1-A-0171.jpg,0.133333333,0,,30,4,0,,1/1/2021
137,1-A-0172.jpg,0,0,,30,0,0,,1/1/2021
138,1-A-0173.jpg,0.2,0,,30,6,0,inverted seedlings,1/1/2021
139,1-A-0174.jpg,0,0,,9,0,0,,1/1/2021
140,1-A-0175.jpg,0.166666667,0,,12,2,0,,1/1/2021
141,1-A-0176.jpg,0,0,,30,0,0,,1/1/2021
142,1-A-0177.jpg,0.133333333,0,,30,4,0,,1/1/2021
143,1-A-0178.jpg,0.066666667,0,,30,2,0,,1/1/2021
144,1-A-0179.jpg,0.4,0,,30,12,0,,1/1/2021
145,1-A-0180.jpg,0.033333333,0,,30,1,0,,1/1/2021
146,1-A-0181.jpg,0.366666667,0,,30,11,0,,1/1/2021
147,1-A-0182.jpg,0,0,,30,0,0,,1/1/2021
148,1-A-0183.jpg,0.5,0,,30,15,0,,1/1/2021
149,1-A-0184.jpg,0.3,0.266666667,,30,9,8,white/pink,1/1/2021
150,1-A-0185.jpg,0.3,0,,30,9,0,,1/1/2021
151,1-A-0186.jpg,0.1,0.2,,30,3,6,white/pink,1/1/2021
152,1-A-0187.jpg,0.6,0,,30,18,0,,1/1/2021
153,1-A-0188.jpg,0.3,0,,30,9,0,,1/1/2021
154,1-A-0189.jpg,0.433333333,0,,30,13,0,inverted seedlings,1/1/2021
155,1-A-0190.jpg,0.466666667,0,,30,14,0,,1/1/2021
156,1-A-0191.jpg,0.266666667,0,,30,8,0,,1/1/2021
157,1-A-0192.jpg,0.133333333,0,,30,4,0,,1/1/2021
158,1-A-0217.jpg,0,0,,5,0,0,inverted seedlings,1/1/2021
159,1-A-0219.jpg,0.75,0,,4,3,0,,1/1/2021
160,1-A-0220.jpg,0.266666667,0.1,,30,8,3,inverted seedlings,1/1/2021
161,1-A-0221.jpg,0,0,,2,0,0,,1/1/2021
162,1-A-0222.jpg,0.066666667,0.066666667,,30,2,2,,1/1/2021
163,1-A-0223.jpg,0.166666667,0,,30,5,0,,1/1/2021
164,1-A-0224.jpg,0.133333333,0,,30,4,0,inverted seedlings,1/1/2021
165,1-A-0225.jpg,0.433333333,0,,30,13,0,,1/1/2021
166,1-A-0227.jpg,0,0.1,,30,0,3,corkscrew seedling,1/1/2021
167,1-A-0228.jpg,0,0,,4,0,0,,1/1/2021
168,1-A-0229.jpg,0,0,,30,0,0,inverted seedling,1/1/2021
169,1-A-0230.jpg,0.3,0.066666667,,30,9,2,,1/1/2021
170,1-A-0231.jpg,0.166666667,0.033333333,,30,5,1,white/pink,1/1/2021
171,1-A-0232.jpg,0.136363636,0,,22,3,0,moldy,1/1/2021
172,1-A-0233.jpg,0.066666667,0,,30,2,0,,1/1/2021
173,1-A-0234.jpg,0.033333333,0,,30,1,0,,1/1/2021
174,1-A-0235.jpg,0.117647059,0,,17,2,0,,1/1/2021
175,1-A-0236.jpg,0,0,,3,0,0,,1/1/2021
176,1-A-0237.jpg,0.285714286,0.19047619,,21,6,4,white/pink,1/1/2021
177,1-A-0238.jpg,0,0,,30,0,0,,1/1/2021
178,1-A-0240.jpg,0.1,0,,30,3,0,,1/1/2021
179,1-A-0241.jpg,0.233333333,0.1,,30,7,3,,1/1/2021
180,1-A-0242.jpg,0.333333333,0.133333333,,30,10,4,,1/1/2021
181,1-A-0243.jpg,0.266666667,0,,30,8,0,,1/1/2021
182,1-A-0244.jpg,0.1,0,,30,3,0,,1/1/2021
183,1-A-0246.jpg,0.133333333,0.133333333,,30,4,4,,1/1/2021
184,1-A-0247.jpg,0.066666667,0,,30,2,0,,1/1/2021
185,1-A-0248.jpg,0.666666667,0,,9,6,0,,1/1/2021
186,1-A-0249.jpg,0.133333333,0,,30,4,0,,1/1/2021
187,1-A-0251.jpg,0.52173913,0,,23,12,0,,1/1/2021
188,1-A-0252.jpg,0.1,0,,30,3,0,,1/1/2021
189,1-A-0253.jpg,0.033333333,0,,30,1,0,,1/1/2021
190,1-A-0254.jpg,0.333333333,0,,30,10,0,,1/1/2021
191,1-A-0255.jpg,0.133333333,0,,30,4,0,,1/1/2021
192,1-A-0256.jpg,0,0,,30,0,0,,1/1/2021
193,1-A-0257.jpg,0.318181818,0,,22,7,0,,1/1/2021
194,1-A-0258.jpg,0.166666667,0,,18,3,0,,1/1/2021
195,1-A-0259.jpg,0.066666667,0,,30,2,0,,1/1/2021
196,1-A-0260.jpg,0.066666667,0,,30,2,0,,1/1/2021
197,1-A-0261.jpg,0.466666667,0.066666667,,30,14,2,white/pink,1/1/2021
198,1-A-0262.jpg,0.133333333,0,,30,4,0,,1/1/2021
199,1-A-0263.jpg,0.066666667,0,,30,2,0,,1/1/2021
200,1-A-0264.jpg,0.1,0,,30,3,0,,1/1/2021
201,1-A-0266.jpg,0,0,,30,0,0,,1/1/2021
202,1-A-0268.jpg,0.2,0,,30,6,0,,1/1/2021
203,1-A-0269.jpg,0.1,0,,30,3,0,,1/1/2021
204,1-A-0270.jpg,0.066666667,0,,30,2,0,,1/1/2021
205,1-A-0271.jpg,0.1,0,,30,3,0,,1/1/2021
206,1-A-0272.jpg,0.133333333,0,,30,4,0,,1/1/2021
207,1-A-0273.jpg,0,0,,30,0,0,,1/1/2021
208,1-A-0274.jpg,0.1,0,,30,3,0,,1/1/2021
209,1-A-0275.jpg,0.033333333,0,,30,1,0,,1/1/2021
210,1-A-0276.jpg,0.133333333,0,,30,4,0,,1/1/2021
211,1-A-0277.jpg,0,0,,30,0,0,,1/1/2021
212,1-A-0278.jpg,0,0,,30,0,0,,1/1/2021
213,1-A-0279.jpg,0.033333333,0,,30,1,0,,1/1/2021
214,1-A-0280.jpg,0,0,,30,0,0,,1/1/2021
215,1-A-0281.jpg,0,0,,16,0,0,,1/1/2021
216,1-A-0283.jpg,0.1,0,,30,3,0,,1/1/2021
217,1-A-0284.jpg,0.066666667,0,,30,2,0,,1/1/2021
218,1-A-0285.jpg,0.066666667,0,,30,2,0,,1/1/2021
219,1-A-0286.jpg,0.033333333,0,,30,1,0,,1/1/2021
220,1-A-0287.jpg,0.133333333,0,,30,4,0,,1/1/2021
221,1-A-0288.jpg,0.033333333,0,,30,1,0,,1/1/2021
222,1-A-0289.jpg,0.066666667,0,,30,2,0,,1/1/2021
223,1-A-0290.jpg,0,0,,30,0,0,,1/1/2021
224,1-A-0291.jpg,0,0,,30,0,0,,1/1/2021
225,1-A-0292.jpg,0.166666667,0,,30,5,0,,1/1/2021
226,1-A-0293.jpg,0.033333333,0,,30,1,0,,1/1/2021
227,1-A-0294.jpg,0.133333333,0,,30,4,0,,1/1/2021
228,1-A-0295.jpg,0.1,0,,30,3,0,,1/1/2021
229,1-A-0297.jpg,0.1,0,,30,3,0,,1/1/2021
230,1-A-0298.jpg,0.033333333,0,,30,1,0,,1/1/2021
231,1-A-0299.jpg,0.1,0,,30,3,0,,1/1/2021
232,1-A-0300.jpg,0.033333333,0,,30,1,0,,1/1/2021
233,1-A-0301.jpg,0.066666667,0,,30,2,0,,1/1/2021
234,1-A-0303.jpg,0.1,0,,30,3,0,,1/1/2021
235,1-A-0304.jpg,0.333333333,0,,30,10,0,,1/1/2021
236,1-A-0305.jpg,0.133333333,0,,30,4,0,corkscrew and inverted seedlings,1/1/2021
237,1-A-0306.jpg,0.166666667,0,,30,5,0,,1/1/2021
238,1-A-0307.jpg,0.066666667,0,,30,2,0,,1/1/2021
239,1-A-0308.jpg,0.066666667,0,,30,2,0,,1/1/2021
240,1-A-0309.jpg,0.266666667,0,,30,8,0,,1/1/2021
241,1-A-0310.jpg,0.133333333,0,,30,4,0,,1/1/2021
242,1-A-0311.jpg,0.133333333,0,,30,4,0,,1/1/2021
243,1-A-0312.jpg,0.066666667,0,,30,2,0,,1/1/2021
244,1-A-0313.jpg,0.133333333,0,,30,4,0,,1/1/2021
245,1-A-0314.jpg,0.266666667,0,,30,8,0,,1/1/2021
246,1-A-0315.jpg,0.2,0,,30,6,0,,1/1/2021
247,1-A-0316.jpg,0.2,0,,30,6,0,,1/1/2021
248,1-A-0317.jpg,0.1,0,,30,3,0,,1/1/2021
249,1-A-0318.jpg,0.1,0,,30,3,0,,1/1/2021
250,1-A-0319.jpg,0.36,0,,25,9,0,,1/1/2021
251,1-A-0320.jpg,0.176470588,0,,17,3,0,,1/1/2021
252,1-A-0321.jpg,0.2,0,,10,2,0,,1/1/2021
253,1-A-0322.jpg,0.033333333,0,,30,1,0,,1/1/2021
254,1-A-0323.jpg,0.233333333,0,,30,7,0,,1/1/2021
255,1-A-0324.jpg,0.066666667,0,,30,2,0,,1/1/2021
256,1-A-0325.jpg,0.066666667,0,,30,2,0,,1/1/2021
257,1-A-0326.jpg,0.133333333,0,,30,4,0,,1/1/2021
258,1-A-0327.jpg,0,0,,30,0,0,,1/1/2021
259,1-A-0328.jpg,0.15,0.15,,20,3,3,white/pink,1/1/2021
260,1-A-0329.jpg,0.066666667,0,,30,2,0,,1/1/2021
261,1-A-0330.jpg,0.033333333,0,,30,1,0,,1/1/2021
262,1-A-0331.jpg,0.1,0,,30,3,0,,1/1/2021
263,1-A-0332.jpg,0.4,0,,30,12,0,,1/1/2021
264,1-A-0333.jpg,0.5,0.066666667,,30,15,2,pure white,1/1/2021
265,1-A-0334.jpg,0.066666667,0,,30,2,0,,1/1/2021
266,1-A-0335.jpg,0.2,0.05,,20,4,1,inverted seedlings,1/1/2021
267,1-A-0336.jpg,0.3,0,,20,6,0,,1/1/2021
268,1-A-0337.jpg,0.1,0,,30,3,0,,1/1/2021
269,1-A-0338.jpg,0.033333333,0,,30,1,0,,1/1/2021
270,1-A-0339.jpg,0,0,,30,0,0,,1/1/2021
271,1-A-0340.jpg,0.033333333,0,,30,1,0,,1/1/2021
272,1-A-0341.jpg,0.033333333,0,,30,1,0,,1/1/2021
273,1-A-0342.jpg,0.233333333,0,,30,7,0,,1/1/2021
274,1-A-0343.jpg,0.233333333,0,,30,7,0,,1/1/2021
275,1-A-0344.jpg,0,0,,30,0,0,,1/1/2021
276,1-A-0345.jpg,0.033333333,0,,30,1,0,,1/1/2021
277,1-A-0346.jpg,0.1,0,,30,3,0,,1/1/2021
278,1-A-0347.jpg,0.1,0,,30,3,0,,1/1/2021
279,1-A-0348.jpg,0.333333333,0.133333333,,30,10,4,pure white,1/1/2021
280,1-A-0349.jpg,0.233333333,0.366666667,,30,7,11,pure white,1/1/2021
281,1-A-0350.jpg,0.4,0,,30,12,0,,1/1/2021
282,1-A-0352.jpg,0.2,0,,30,6,0,inverted seedlings,1/1/2021
283,1-A-0353.jpg,0.066666667,0,,30,2,0,,1/1/2021
284,1-A-0354.jpg,0.1,0,,30,3,0,,1/1/2021
285,1-A-0355.jpg,0.2,0.033333333,,30,6,1,pure white,1/1/2021
286,1-A-0356.jpg,0,0,,30,0,0,,1/1/2021
287,1-A-0357.jpg,0.033333333,0.033333333,,30,1,1,,1/1/2021
288,1-A-0358.jpg,0.033333333,0.233333333,,30,1,7,pure white,1/1/2021
289,1-A-0359.jpg,0.033333333,0,,30,1,0,,1/1/2021
290,1-A-0360.jpg,0.5,0,,4,2,0,,1/1/2021
291,1-A-0362.jpg,0.428571429,0,,7,3,0,,1/1/2021
292,1-A-0363.jpg,0.133333333,0.133333333,,15,2,2,white/pink,1/1/2021
293,1-A-0369.jpg,0.366666667,0,,30,11,0,,1/1/2021
294,1-A-0370.jpg,0.1,0,,30,3,0,,1/1/2021
295,1-A-0371.jpg,0.033333333,0,,30,1,0,,1/1/2021
296,1-A-0372.jpg,0.2,0,,30,6,0,,1/1/2021
297,1-A-0373.jpg,0.1,0.133333333,,30,3,4,white/pink,1/1/2021
298,1-A-0374.jpg,0.033333333,0,,30,1,0,,1/1/2021
299,1-A-0375.jpg,0.233333333,0.2,,30,7,6,white/pink,1/1/2021
300,1-A-0376.jpg,0.066666667,0,,30,2,0,,1/1/2021
301,1-A-0377.jpg,0.166666667,0,,30,5,0,,1/1/2021
302,1-A-0378.jpg,0.266666667,0,,30,8,0,,1/1/2021
303,1-A-0379.jpg,0.033333333,0.133333333,,30,1,4,white/pink,1/1/2021
304,1-A-0380.jpg,0,0.15,,20,0,3,white/pink,1/1/2021
305,1-A-0381.jpg,0.233333333,0,,30,7,0,,1/1/2021
306,1-A-0409.jpg,0.166666667,0,,30,5,0,,1/1/2021
307,1-A-0410.jpg,0.25,0.0625,,16,4,1,,1/1/2021
308,1-A-0411.jpg,0.033333333,0,,30,1,0,,1/1/2021
309,1-A-0412.jpg,0.1,0,,30,3,0,,1/1/2021
310,1-A-0414.jpg,0.428571429,0.285714286,,7,3,2,pink/white,1/1/2021
311,1-A-0415.jpg,0.2,0,,30,6,0,,1/1/2021
312,1-A-0416.jpg,0,0.3,,30,0,9,pink/white,1/1/2021
313,1-A-0417.jpg,0.133333333,0,,30,4,0,,1/1/2021
314,1-A-0418.jpg,0.033333333,0,,30,1,0,,1/1/2021
315,1-A-0419.jpg,0,0,,30,0,0,,1/1/2021
316,1-A-0420.jpg,0,0,,30,0,0,,1/1/2021
317,1-A-0421.jpg,0.033333333,0,,30,1,0,,1/1/2021
318,1-A-0422.jpg,0,0.133333333,,30,0,4,pure white,1/1/2021
319,1-A-0423.jpg,0.033333333,0,,30,1,0,,1/1/2021
320,1-A-0424.jpg,0.033333333,0,,30,1,0,,1/1/2021
321,1-A-0425.jpg,0.066666667,0,,30,2,0,,1/1/2021
322,1-A-0426.jpg,0.066666667,0,,30,2,0,,1/1/2021
323,1-A-0427.jpg,0,0,,30,0,0,,1/1/2021
324,1-A-0428.jpg,0.033333333,0.133333333,,30,1,4,white/pink,1/1/2021
325,1-A-0429.jpg,0.066666667,0,,30,2,0,,1/1/2021
326,1-A-0430.jpg,0.133333333,0.433333333,,30,4,13,pure white,1/1/2021
327,1-A-0431.jpg,0.033333333,0,,30,1,0,,1/1/2021
328,1-A-0432.jpg,0.083333333,0,,12,1,0,,1/1/2021
329,1-A-0433.jpg,0.033333333,0,,30,1,0,inverted seedlings,1/1/2021
330,1-A-0435.jpg,0.033333333,0,,30,1,0,,1/1/2021
331,1-A-0436.jpg,0.033333333,0,,30,1,0,,1/1/2021
332,1-A-0437.jpg,0,0,,12,0,0,,1/1/2021
333,1-A-0438.jpg,0.233333333,0,,30,7,0,,1/1/2021
334,1-A-0439.jpg,0.2,0,,30,6,0,,1/1/2021
335,1-A-0440.jpg,0,0,,30,0,0,,1/1/2021
336,1-A-0441.jpg,0.1,0,,20,2,0,,1/1/2021
337,1-A-0444.jpg,0,0,,30,0,0,,1/1/2021
338,1-A-0445.jpg,0,0,,30,0,0,,1/1/2021
339,1-A-0446.jpg,0.033333333,0,,30,1,0,,1/1/2021
340,1-A-0447.jpg,0,0,,30,0,0,,1/1/2021
341,1-A-0448.jpg,0,0,,30,0,0,,1/1/2021
342,1-A-0449.jpg,0.033333333,0,,30,1,0,,1/1/2021
343,1-A-0450.jpg,0.033333333,0.166666667,,30,1,5,white,1/1/2021
344,1-A-0451.jpg,0,0,,30,0,0,,1/1/2021
345,1-A-0452.jpg,0.083333333,0,,12,1,0,,1/1/2021
346,1-A-0453.jpg,0.066666667,0,,30,2,0,,1/1/2021
347,1-A-0454.jpg,0.133333333,0.2,,30,4,6,,1/1/2021
348,1-A-0459.jpg,0.166666667,0,,30,5,0,,1/1/2021
349,1-A-0460.jpg,0,0,,28,0,0,,1/1/2021
350,1-A-0461.jpg,0,0,,30,0,0,,1/1/2021
351,1-A-0462.jpg,0.2,0,,25,5,0,,1/1/2021
352,1-A-0465.jpg,0.533333333,0,,30,16,0,,1/1/2021
353,1-A-0466.jpg,0.6,0,,30,18,0,,1/1/2021
354,1-A-0468.jpg,0.466666667,0,,30,14,0,,1/1/2021
355,1-A-0470.jpg,0.033333333,0,,30,1,0,,1/1/2021
356,1-A-0471.jpg,0.2,0,,30,6,0,,1/1/2021
357,1-A-0472.jpg,0.7,0,,30,21,0,,1/1/2021
358,1-A-0473.jpg,0,0,,30,0,0,,1/1/2021
359,1-A-0474.jpg,0,0,,30,0,0,,1/1/2021
360,1-A-0475.jpg,0,0,,30,0,0,,1/1/2021
361,1-A-0476.jpg,0.466666667,0,,30,14,0,,1/1/2021
362,1-A-0477.jpg,0.133333333,0,,30,4,0,,1/1/2021
363,1-A-0478.jpg,0.1,0,,30,3,0,,1/1/2021
364,1-A-0479.jpg,0,0,,30,0,0,,1/1/2021
365,1-A-0480.jpg,0.033333333,0,,30,1,0,,1/1/2021
366,1-A-0482.jpg,0.066666667,0,,30,2,0,,1/1/2021
367,1-A-0483.jpg,0.1,0,,30,3,0,,1/1/2021
368,1-A-0484.jpg,0.233333333,0,,30,7,0,,1/1/2021
369,1-A-0485.jpg,0.3,0,,30,9,0,,1/1/2021
370,1-A-0486.jpg,0.033333333,0,,30,1,0,,1/1/2021
371,1-A-0487.jpg,0.366666667,0,,30,11,0,,1/1/2021
372,1-A-0488.jpg,0.2,0,,30,6,0,,1/1/2021
373,1-A-0489.jpg,0.3,0,,30,9,0,,1/1/2021
374,1-A-0491.jpg,0,0,,30,0,0,,1/1/2021
375,1-A-0492.jpg,0.266666667,0,,30,8,0,,1/1/2021
376,1-A-0493.jpg,0.1,0.066666667,,30,3,2,,1/1/2021
377,1-A-0495.jpg,0.066666667,0,,30,2,0,,1/1/2021
378,1-A-0496.jpg,0.266666667,0,,30,8,0,,1/1/2021
379,1-A-0497.jpg,0.166666667,0,,30,5,0,,1/9/21
380,1-A-0498.jpg,0.133333333,0,,30,4,0,,1/9/21
381,1-A-0499.jpg,0.133333333,0,,30,4,0,,1/9/21
382,1-A-0500.jpg,0.133333333,0,,30,4,0,,1/9/21
383,1-A-0501.jpg,0.6,0,,30,18,0,,1/9/21
384,1-A-0502.jpg,0.266666667,0.033333333,,30,8,1,,1/9/21
385,1-A-0503.jpg,0.4,0,,30,12,0,,1/9/21
386,1-A-0506.jpg,0.533333333,0,,30,16,0,,1/9/21
387,1-A-0507.jpg,0,0,,30,0,0,,1/9/21
388,1-A-0508.jpg,0.166666667,0,,30,5,0,,1/9/21
389,1-A-0509.jpg,0.1,0,,30,3,0,,1/9/21
390,1-A-0511.jpg,0.166666667,0,,30,5,0,,1/9/21
391,1-A-0512.jpg,0.033333333,0,,30,1,0,,1/9/21
392,1-A-0513.jpg,0.033333333,0,,30,1,0,,1/9/21
393,1-A-0514.jpg,0.066666667,0,,30,2,0,,1/9/21
394,1-A-0515.jpg,0,0,,30,0,0,,1/9/21
395,1-A-0516.jpg,0.133333333,0,,30,4,0,,1/9/21
396,1-A-0517.jpg,0.033333333,0,,30,1,0,,1/9/21
397,1-A-0518.jpg,0.066666667,0,,30,2,0,,1/9/21
398,1-A-0519.jpg,0.233333333,0,,30,7,0,,1/9/21
399,1-A-0520.jpg,0.1,0,,30,3,0,,1/9/21
400,1-A-0522.jpg,0.15,0,,20,3,0,,1/9/21
401,1-A-0523.jpg,0,0,,1,0,0,***,1/9/21
402,1-A-0524.jpg,0.033333333,0,,30,1,0,,1/9/21
403,1-A-0525.jpg,0.133333333,0,,30,4,0,,1/9/21
404,1-A-0526.jpg,0.066666667,0,,30,2,0,,1/9/21
405,1-A-0527.jpg,0.033333333,0,,30,1,0,,1/9/21
406,1-A-0528.jpg,0.566666667,0,,30,17,0,,1/9/21
407,1-A-0529.jpg,0.3,0,,30,9,0,,1/9/21
408,1-A-0530.jpg,0.366666667,0.133333333,,30,11,4,,1/9/21
409,1-A-0531.jpg,0,0,,30,0,0,,1/9/21
410,1-A-0532.jpg,0.033333333,0,,30,1,0,,1/9/21
411,1-A-0533.jpg,0.1,0,,30,3,0,,1/9/21
412,1-A-0535.jpg,0.033333333,0,,30,1,0,,1/9/21
413,1-A-0536.jpg,0.233333333,0,,30,7,0,,1/9/21
414,1-A-0537.jpg,0.333333333,0,,30,10,0,,1/9/21
415,1-A-0538.jpg,0.133333333,0,,30,4,0,,1/9/21
416,1-A-0539.jpg,0,0,,30,0,0,,1/9/21
417,1-A-0540.jpg,0.333333333,0,,30,10,0,,1/9/21
418,1-A-0541.jpg,0.166666667,0,,30,5,0,,1/9/21
419,1-A-0542.jpg,0.133333333,0,,30,4,0,,1/9/21
420,1-A-0543.jpg,0.066666667,0,,30,2,0,,1/9/21
421,1-A-0544.jpg,0.2,0,,30,6,0,,1/9/21
422,1-A-0546.jpg,0.066666667,0,,30,2,0,,1/9/21
423,1-A-0547.jpg,0.1,0,,30,3,0,,1/9/21
424,1-A-0548.jpg,0.2,0,,20,4,0,,1/9/21
425,1-A-0549.jpg,0,0,,12,0,0,*** grown in soil,1/9/21
426,1-A-0550.jpg,0.566666667,0,,30,17,0,,1/9/21
427,1-A-0551.jpg,0.1,0,,30,3,0,,1/9/21
428,1-A-0552.jpg,0.3,0.166666667,,30,9,5,,1/9/21
429,1-A-0554.jpg,0.166666667,0,,30,5,0,,1/9/21
430,1-A-0555.jpg,0.033333333,0,,30,1,0,,1/9/21
431,1-A-0556.jpg,0.1,0,,30,3,0,,1/9/21
432,1-A-0557.jpg,0.133333333,0,,30,4,0,,1/9/21
433,1-A-0558.jpg,0,0,,30,0,0,,1/9/21
434,1-A-0559.jpg,0.066666667,0,,30,2,0,,1/9/21
435,1-A-0560.jpg,0.166666667,0,,12,2,0,,1/9/21
436,1-A-0561.jpg,0.066666667,0,,30,2,0,,1/9/21
437,1-A-0562.jpg,0.066666667,0,,30,2,0,,1/9/21
438,1-A-0563.jpg,0.066666667,0,,30,2,0,,1/9/21
439,1-A-0564.jpg,0.133333333,0,,30,4,0,,1/9/21
440,1-A-0565.jpg,0.133333333,0,,30,4,0,,1/9/21
441,1-A-0566.jpg,0.4,0,,30,12,0,,1/9/21
442,1-A-0567.jpg,0.3,0,,30,9,0,,1/9/21
443,1-A-0568.jpg,0.166666667,0,,30,5,0,,1/9/21
444,1-A-0569.jpg,0.033333333,0,,30,1,0,,1/9/21
445,1-A-0570.jpg,0.033333333,0,,30,1,0,,1/9/21
446,1-A-0571.jpg,0.033333333,0,,30,1,0,,1/9/21
447,1-A-0572.jpg,0,0,,30,0,0,,1/9/21
448,1-A-0573.jpg,0.266666667,0,,30,8,0,,1/9/21
449,1-A-0574.jpg,0.083333333,0,,12,1,0,,1/9/21
450,1-A-0575.jpg,0.033333333,0,,30,1,0,,1/9/21
451,1-A-0576.jpg,0.233333333,0,,30,7,0,,1/9/21
452,2-A-0577.jpg,0,0,,12,0,0,interesting geno,1/9/21
453,2-A-0578.jpg,0,0,,12,0,0,^^,1/9/21
454,2-A-0579.jpg,0.090909091,0,,11,1,0,^^,1/9/21
455,2-A-0580.jpg,0.166666667,0,,12,2,0,,1/9/21
456,2-A-0581.jpg,0.083333333,0,,12,1,0,,1/9/21
457,2-A-0582.jpg,0,0,,12,0,0,,1/9/21
458,2-A-0583.jpg,0.083333333,0,,12,1,0,,1/9/21
459,2-A-0584.jpg,0.25,0,,12,3,0,,1/9/21
460,2-A-0585.jpg,0.166666667,0,,12,2,0,,1/9/21
461,2-A-0586.jpg,0.5,0,,12,6,0,,1/9/21
462,2-A-0587.jpg,0.083333333,0,,12,1,0,...,1/9/21
463,2-A-0588.jpg,0,0,,12,0,0,,1/9/21
464,2-A-0589.jpg,0,0,,12,0,0,,1/9/21
465,2-A-0590.jpg,0.25,0,,12,3,0,,1/9/21
466,2-A-0591.jpg,0.166666667,0,,12,2,0,,1/9/21
467,2-A-0592.jpg,0,0,,12,0,0,,1/9/21
468,2-A-0594.jpg,0.333333333,0,,12,4,0,,1/9/21
469,2-A-0595.jpg,0,0,,12,0,0,end,1/9/21
470,2-A-0596.jpg,0,0.166666667,,12,0,2,inverted seedling,1/9/21
471,2-A-0597.jpg,0.083333333,0,,12,1,0,restart,1/9/21
472,2-A-0598.jpg,0,0,,12,0,0,,1/9/21
473,2-A-0600.jpg,0,0,,12,0,0,,1/9/21
474,2-A-0602.jpg,0,0,,12,0,0,,1/9/21
475,2-A-0603.jpg,0,0,,12,0,0,,1/9/21
476,2-A-0604.jpg,0,0,,12,0,0,,1/9/21
477,2-A-0605.jpg,0,0,,12,0,0,,1/9/21
478,2-A-0606.jpg,0,0,,12,0,0,,1/9/21
479,2-A-0607.jpg,0,0,,12,0,0,,1/9/21
480,2-A-0608.jpg,0,0,,12,0,0,,1/9/21
481,2-A-0609.jpg,0,0,,12,0,0,,1/9/21
482,2-A-0610.jpg,0,0,,12,0,0,,1/9/21
483,2-A-0611.jpg,0,0,,7,0,0,,1/9/21
484,2-A-0613.jpg,0,0,,12,0,0,,1/9/21
485,2-A-0614.jpg,0,0,,12,0,0,,1/9/21
486,2-A-0615.jpg,0,0,,12,0,0,,1/9/21
487,2-A-0616.jpg,0,0,,12,0,0,,1/9/21
488,2-A-0617.jpg,0,0,,12,0,0,,1/9/21
489,2-A-0618.jpg,0,0,,12,0,0,,1/9/21
490,2-A-0619.jpg,0,0,,12,0,0,,1/9/21
491,2-A-0620.jpg,0,0,,12,0,0,,1/9/21
492,2-A-0621.jpg,0.083333333,0,,12,1,0,,1/9/21
493,2-A-0622.jpg,0,0,,12,0,0,,1/9/21
494,2-A-0624-2.jpg,0,0,,12,0,0,***,1/9/21
495,2-A-0625.jpg,0.083333333,0,,12,1,0,,1/9/21
496,2-A-0626.jpg,0,0.083333333,,12,0,1,,1/9/21
497,2-A-0627.jpg,0,0,,12,0,0,,1/9/21
498,2-A-0628.jpg,0,0,,12,0,0,,1/9/21
499,2-A-0629.jpg,0.25,0,,12,3,0,,1/9/21
500,2-A-0630.jpg,0.083333333,0,,12,1,0,,1/9/21
501,2-A-0631.jpg,0.25,0,,12,3,0,,1/9/21
502,2-A-0632.jpg,0,0,,12,0,0,,1/9/21
503,2-A-0633.jpg,0.25,0,,12,3,0,,1/9/21
504,2-A-0634.jpg,0.083333333,0,,12,1,0,,1/9/21
505,2-A-0635.jpg,0.083333333,0,,12,1,0,,1/9/21
506,2-A-0636.jpg,0,0,,12,0,0,,1/9/21
507,2-A-0637.jpg,0,0,,12,0,0,,1/9/21
508,2-A-0638.jpg,0.333333333,0,,12,4,0,,1/9/21
509,2-A-0639.jpg,0.166666667,0,,12,2,0,,1/9/21
510,2-A-0640.jpg,0.25,0,,12,3,0,,1/9/21
511,2-A-0641.jpg,0.166666667,0,,12,2,0,,1/9/21
512,2-A-0642.jpg,0,0,,12,0,0,,1/9/21
513,2-A-0643.jpg,0.25,0,,12,3,0,,1/9/21
514,2-A-0644.jpg,0,0,,12,0,0,,1/9/21
515,2-A-0645.jpg,0.166666667,0,,12,2,0,,1/9/21
516,2-A-0646.jpg,0.083333333,0,,12,1,0,,1/9/21
517,2-A-0647.jpg,0,0,,12,0,0,,1/9/21
518,2-A-0648.jpg,0,0,,12,0,0,,1/9/21
519,2-A-0651.jpg,0,0,,12,0,0,,1/9/21
520,2-A-0652.jpg,0.083333333,0,,12,1,0,,1/9/21
521,2-A-0653.jpg,0,0,,12,0,0,,1/9/21
522,2-A-0654.jpg,0,0,,12,0,0,,1/9/21
523,2-A-0655.jpg,0,0,,12,0,0,,1/9/21
524,2-A-0656.jpg,0.083333333,0,,12,1,0,,1/9/21
525,2-A-0657.jpg,0,0,,12,0,0,,1/9/21
526,2-A-0658.jpg,0,0,,12,0,0,,1/9/21
527,2-A-0659.jpg,0,0,,12,0,0,,1/9/21
528,2-A-0660.jpg,0,0,,12,0,0,,1/9/21
529,2-A-0661.jpg,0,0,,12,0,0,,1/9/21
530,2-A-0662.jpg,0,0,,12,0,0,,1/9/21
531,2-A-0663.jpg,0,0,,12,0,0,,1/9/21
532,2-A-0664.jpg,0,0,,12,0,0,,1/9/21
533,2-A-0665.jpg,0,0,,12,0,0,,1/9/21
534,2-A-0666.jpg,0,0,,12,0,0,,1/9/21
535,2-A-0667.jpg,0,0,,12,0,0,,1/9/21
536,2-A-0668.jpg,0,0,,12,0,0,,1/9/21
537,2-A-0669.jpg,0,0,,12,0,0,,1/9/21
538,2-A-0670.jpg,0,0,,12,0,0,,1/9/21
539,2-A-0671.jpg,0,0,,12,0,0,,1/9/21
540,2-A-0672.jpg,0,0,,12,0,0,,1/9/21
541,2-A-0674.jpg,0.083333333,0,,12,1,0,,1/9/21
542,2-A-0675.jpg,0,0,,12,0,0,,1/9/21
543,2-A-0676.jpg,0.25,0,,12,3,0,,1/9/21
544,2-A-0677.jpg,0,0,,12,0,0,,1/9/21
545,2-A-0678.jpg,0.083333333,0,,12,1,0,,1/9/21
546,2-A-0679.jpg,0.083333333,0,,12,1,0,,1/9/21
547,2-A-0680.jpg,0,0,,12,0,0,,1/9/21
548,2-A-0681.jpg,0,0,,12,0,0,,1/9/21
549,2-A-0682.jpg,0.166666667,0,,12,2,0,,1/9/21
550,2-A-0684.jpg,0,0,,12,0,0,,1/9/21
551,2-A-0685.jpg,0,0,,12,0,0,,1/9/21
552,2-A-0686.jpg,0.166666667,0,,12,2,0,,1/9/21
553,2-A-0689.jpg,0,0,,12,0,0,,1/9/21
554,2-A-0690.jpg,0.166666667,0,,12,2,0,,1/9/21
555,2-A-0691.jpg,0.166666667,0,,12,2,0,,1/9/21
556,2-A-0692.jpg,0.083333333,0,,12,1,0,,1/9/21
557,2-A-0693.jpg,0.083333333,0,,12,1,0,,1/9/21
558,2-A-0694.jpg,0,0,,12,0,0,,1/9/21
559,2-A-0695.jpg,0.083333333,0,,12,1,0,,1/9/21
560,2-A-0696.jpg,0.083333333,0,,12,1,0,,1/9/21
561,2-A-0697.jpg,0.166666667,0,,12,2,0,,1/9/21
562,2-A-0698.jpg,0.083333333,0,,12,1,0,,1/9/21
563,2-A-0699.jpg,0.083333333,0,,12,1,0,,1/9/21
564,2-A-0700.jpg,0.083333333,0,,12,1,0,,1/9/21
565,2-A-0701.jpg,0.083333333,0,,12,1,0,,1/9/21
566,2-A-0702.jpg,0,0,,12,0,0,,1/9/21
567,2-A-0703.jpg,0.083333333,0,,12,1,0,,1/9/21
568,2-A-0704.jpg,0.083333333,0,,12,1,0,,1/9/21
569,2-A-0705.jpg,0,0,,12,0,0,,1/9/21
570,2-A-0706.jpg,0,0,,12,0,0,,1/9/21
571,2-A-0707.jpg,0.083333333,0.25,,12,1,3,,1/9/21
572,2-A-0708.jpg,0.083333333,0,,12,1,0,,1/9/21
573,2-A-0709.jpg,0,0,,12,0,0,,1/9/21
574,2-A-0710.jpg,0,0,,12,0,0,,1/9/21
575,2-A-0711.jpg,0,0,,12,0,0,,1/9/21
576,2-A-0712.jpg,0,0,,12,0,0,,1/9/21
577,2-A-0713.jpg,0.083333333,0,,12,1,0,,1/9/21
578,2-A-0714.jpg,0,0.25,,12,0,3,,1/9/21
579,2-A-0715.jpg,0,0,,12,0,0,,1/9/21
580,2-A-0716.jpg,0,0,,12,0,0,,1/9/21
581,2-A-0717.jpg,0.166666667,0,,12,2,0,,1/9/21
582,2-A-0718.jpg,0,0,,12,0,0,,1/9/21
583,2-A-0719.jpg,0,0,,12,0,0,,1/9/21
584,2-A-0720.jpg,0,0,,12,0,0,,1/9/21
585,2-A-0721.jpg,0,0,,7,0,0,,1/9/21
586,2-A-0722.jpg,0,0,,12,0,0,,1/9/21
587,2-A-0723.jpg,0,0,,12,0,0,,1/9/21
588,2-A-0724.jpg,0.083333333,0,,12,1,0,,1/9/21
589,2-A-0725.jpg,0,0,,12,0,0,,1/9/21
590,2-A-0726.jpg,0.25,0,,12,3,0,,1/9/21
591,2-A-0727.jpg,0,0,,12,0,0,,1/9/21
592,2-A-0728.jpg,0,0,,12,0,0,,1/9/21
593,2-A-0729.jpg,0.083333333,0,,12,1,0,,1/9/21
594,2-A-0730.jpg,0,0,,12,0,0,,1/9/21
595,2-A-0731.jpg,0.166666667,0,,12,2,0,,1/9/21
596,2-A-0732.jpg,0.166666667,0,,12,2,0,,1/9/21
597,2-A-0733.jpg,0.083333333,0,,12,1,0,,1/9/21
598,2-A-0734.jpg,0,0,,12,0,0,,1/9/21
599,2-A-0738.jpg,0,0,,12,0,0,,1/9/21
600,2-A-0739.jpg,0.166666667,0,,12,2,0,,1/9/21
601,2-A-0740.jpg,0,0,,12,0,0,,1/9/21
602,2-A-0741.jpg,0,0.083333333,,12,0,1,,1/9/21
603,2-A-0742.jpg,0,0,,12,0,0,,1/9/21
604,2-A-0743.jpg,0,0,,12,0,0,,1/9/21
605,2-A-0744.jpg,0,0,,12,0,0,,1/9/21
606,2-A-0745.jpg,0,0,,12,0,0,,1/9/21
607,2-A-0746.jpg,0.166666667,0,,12,2,0,,1/9/21
608,2-A-0747.jpg,0,0,,12,0,0,,1/9/21
609,2-A-0748.jpg,0.083333333,0,,12,1,0,,1/9/21
610,2-A-0750.jpg,0,0,,3,0,0,,1/9/21
611,2-A-0753.jpg,0,0,,12,0,0,,1/9/21
612,2-A-0754.jpg,0.166666667,0,,12,2,0,,1/9/21
613,2-A-0755.jpg,0,0,,12,0,0,,1/9/21
614,2-A-0756.jpg,0,0,,12,0,0,,1/9/21
615,2-A-0757.jpg,0.1,0,,10,1,0,inverted,1/9/21
616,2-A-0758.jpg,0,0,,12,0,0,,1/9/21
617,2-A-0759.jpg,0,0,,12,0,0,,1/9/21
618,2-A-0760.jpg,0,0,,12,0,0,,1/9/21
619,2-A-0761.jpg,0.083333333,0,,12,1,0,,1/9/21
620,2-A-0762.jpg,0,0,,12,0,0,,1/9/21
621,2-A-0763.jpg,0,0,,12,0,0,,1/9/21
622,2-A-0764.jpg,0,0,,12,0,0,,1/9/21
623,2-A-0765.jpg,0,0,,12,0,0,,1/9/21
624,2-A-0769.jpg,0,0,,12,0,0,,1/9/21
625,2-A-0770.jpg,0.166666667,0,,12,2,0,,1/9/21
626,2-A-0771.jpg,0.166666667,0,,12,2,0,,1/9/21
627,2-A-0772.jpg,0.166666667,0,,12,2,0,,1/9/21
628,2-A-0773.jpg,0,0,,12,0,0,,1/9/21
629,2-A-0774.jpg,0.416666667,0,,12,5,0,,1/9/21
630,2-A-0775.jpg,0.416666667,0.166666667,,12,5,2,,1/9/21
631,2-A-0776.jpg,0,0,,12,0,0,,1/9/21
632,2-A-0777.jpg,0,0,,12,0,0,,1/9/21
633,2-A-0778.jpg,0,0,,12,0,0,,1/9/21
634,2-A-0779.jpg,0.083333333,0,,12,1,0,,1/9/21
635,2-A-0781.jpg,0.083333333,0,,12,1,0,,1/9/21
636,2-A-0783.jpg,0.083333333,0,,12,1,0,,1/9/21
637,2-A-0784.jpg,0,0,,12,0,0,,1/9/21
638,2-A-0785.jpg,0.083333333,0.333333333,,12,1,4,,1/9/21
639,2-A-0786.jpg,0,0,,12,0,0,,1/9/21
640,2-A-0787.jpg,0,0,,12,0,0,,1/9/21
641,2-A-0788.jpg,0,0,,12,0,0,,1/9/21
642,2-A-0789.jpg,0,0,,12,0,0,,1/9/21
643,2-A-0790.jpg,0.166666667,0,,12,2,0,,1/9/21
644,2-A-0791.jpg,0,0,,12,0,0,,1/9/21
645,2-A-0792.jpg,0.166666667,0.083333333,,12,2,1,,1/9/21
646,2-A-0793.jpg,0,0,,12,0,0,,1/9/21
647,2-A-0794.jpg,0.25,0.083333333,,12,3,1,,1/9/21
648,2-A-0795.jpg,0,0,,12,0,0,,1/9/21
649,2-A-0796.jpg,0,0,,12,0,0,,1/9/21
650,2-A-0797.jpg,0,0,,12,0,0,,1/9/21
651,2-A-0798.jpg,0,0,,12,0,0,,1/9/21
652,2-A-0799.jpg,0,0,,12,0,0,,1/9/21
653,2-A-0800.jpg,0.083333333,0.083333333,,12,1,1,,1/9/21
654,2-A-0801.jpg,0,0,,12,0,0,,1/9/21
655,2-A-0802.jpg,0,0,,12,0,0,,1/9/21
656,2-A-0803.jpg,0,0,,12,0,0,,1/9/21
657,2-A-0804.jpg,0,0,,12,0,0,,1/9/21
658,2-A-0805.jpg,0,0,,12,0,0,,1/9/21
659,2-A-0806.jpg,0.166666667,0.083333333,,12,2,1,,1/9/21
660,2-A-0807.jpg,0.083333333,0,,12,1,0,,1/9/21
661,2-A-0808.jpg,0,0,,12,0,0,,1/9/21
662,2-A-0809.jpg,0,0,,12,0,0,,1/9/21
663,2-A-0810.jpg,0.166666667,0,,12,2,0,,1/9/21
664,2-A-0811.jpg,0.166666667,0,,12,2,0,,1/9/21
665,2-A-0812.jpg,0,0,,12,0,0,,1/9/21
666,2-A-0813.jpg,0.083333333,0,,12,1,0,,1/9/21
667,2-A-0814.jpg,0,0,,12,0,0,,1/9/21
668,2-A-0815.jpg,0,0,,12,0,0,,1/9/21
669,2-A-0816.jpg,0.25,0,,12,3,0,,1/9/21
670,2-A-0818.jpg,0,0,,12,0,0,,1/9/21
671,2-A-0819.jpg,0.083333333,0,,12,1,0,,1/9/21
672,2-A-0820.jpg,0.166666667,0,,12,2,0,,1/9/21
673,2-A-0821.jpg,0,0,,12,0,0,,1/9/21
674,2-A-0822.jpg,0.083333333,0,,12,1,0,,1/9/21
675,2-A-0823.jpg,0.083333333,0,,12,1,0,,1/9/21
676,2-A-0824.jpg,0,0,,12,0,0,,1/9/21
677,2-A-0825.jpg,0,0,,12,0,0,,1/9/21
678,2-A-0826.jpg,0,0,,12,0,0,,1/9/21
679,2-A-0827.jpg,0.083333333,0,,12,1,0,,1/9/21
680,2-A-0828.jpg,0.083333333,0,,12,1,0,,1/9/21
681,2-A-0829.jpg,0,0,,12,0,0,,1/9/21
682,2-A-0830.jpg,0.083333333,0,,12,1,0,,1/9/21
683,2-A-0831.jpg,0,0,,12,0,0,,1/9/21
684,2-A-0832.jpg,0,0,,12,0,0,,1/9/21
685,2-A-0833.jpg,0.083333333,0,,12,1,0,,1/9/21
686,2-A-0834.jpg,0,0,,12,0,0,,1/9/21
687,2-A-0835.jpg,0,0,,12,0,0,,1/9/21
688,2-A-0836.jpg,0.166666667,0,,12,2,0,,1/9/21
689,2-A-0837.jpg,0,0,,12,0,0,,1/9/21
690,2-A-0839.jpg,0,0,,12,0,0,,1/9/21
691,2-A-0840.jpg,0.083333333,0,,12,1,0,,1/9/21
692,2-A-0841.jpg,0.083333333,0,,12,1,0,,1/9/21
693,2-A-0842.jpg,0,0,,12,0,0,,1/9/21
694,2-A-0843.jpg,0,0,,12,0,0,,1/9/21
695,2-A-0844.jpg,0,0,,12,0,0,,1/9/21
696,2-A-0845.jpg,0,0,,12,0,0,,1/9/21
697,2-A-0846.jpg,0.166666667,0,,12,2,0,,1/9/21
698,2-A-0847.jpg,0.166666667,0,,12,2,0,,1/9/21
699,2-A-0848.jpg,0,0,,6,0,0,,1/9/21
700,2-A-0849.jpg,0,0,,11,0,0,,1/9/21
701,2-A-0850.jpg,0,0,,12,0,0,,1/9/21
702,2-A-0851.jpg,0,0,,12,0,0,,1/9/21
703,2-A-0853.jpg,0,0,,12,0,0,,1/9/21
704,2-A-0854.jpg,0,0,,12,0,0,,1/9/21
705,2-A-0855.jpg,0,0,,12,0,0,,1/9/21
706,2-A-0856.jpg,0.083333333,0,,12,1,0,,1/9/21
707,2-A-0857.jpg,0,0,,12,0,0,,1/9/21
708,2-A-0859.jpg,0.083333333,0,,12,1,0,,1/9/21
709,2-A-0860.jpg,0.083333333,0,,12,1,0,,1/9/21
710,2-A-0861.jpg,0.166666667,0,,12,2,0,,1/9/21
711,2-A-0862.jpg,0,0,,12,0,0,,1/9/21
712,2-A-0863.jpg,0,0,,5,0,0,,1/9/21
713,2-A-0867.jpg,0,0,,12,0,0,,1/9/21
714,2-A-0868.jpg,0,0,,12,0,0,,1/9/21
715,2-A-0869.jpg,0,0,,12,0,0,,1/9/21
716,2-A-0870.jpg,0.166666667,0,,12,2,0,,1/9/21
717,2-A-0871.jpg,0.083333333,0,,12,1,0,,1/9/21
718,2-A-0872.jpg,0,0,,12,0,0,,1/9/21
719,2-A-0873.jpg,0,0,,12,0,0,,1/9/21
720,2-A-0874.jpg,0.083333333,0,,12,1,0,,1/9/21
721,2-A-0875.jpg,0,0,,12,0,0,,1/9/21
722,2-A-0876.jpg,0.166666667,0,,12,2,0,,1/9/21
723,2-A-0877.jpg,0,0,,12,0,0,,1/9/21
724,2-A-0878.jpg,0.25,0,,12,3,0,,1/9/21
725,2-A-0879.jpg,0,0,,12,0,0,,1/9/21
726,2-A-0880.jpg,0.083333333,0.25,,12,1,3,,1/9/21
727,2-A-0881.jpg,0.083333333,0,,12,1,0,,1/9/21
728,2-A-0882.jpg,0.083333333,0,,12,1,0,,1/9/21
729,2-A-0883.jpg,0,0,,12,0,0,,1/9/21
730,2-A-0884.jpg,0.166666667,0,,12,2,0,,1/9/21
731,2-A-0885.jpg,0.083333333,0,,12,1,0,,1/9/21
732,2-A-0886.jpg,0.25,0,,12,3,0,,1/9/21
733,2-A-0887.jpg,0,0,,12,0,0,,1/9/21
734,2-A-0888.jpg,0,0,,12,0,0,,1/9/21
735,2-A-0889.jpg,0,0,,12,0,0,,1/9/21
736,2-A-0890.jpg,0,0,,12,0,0,,1/9/21
737,2-A-0891.jpg,0,0,,12,0,0,,1/9/21
738,2-A-0892.jpg,0,0,,12,0,0,,1/9/21
739,2-A-0893.jpg,0.083333333,0,,12,1,0,,1/9/21
740,2-A-0894.jpg,0,0.166666667,,12,0,2,,1/9/21
741,2-A-0895.jpg,0.083333333,0,,12,1,0,,1/9/21
742,2-A-0896.jpg,0.083333333,0,,12,1,0,,1/9/21
743,2-A-0897.jpg,0,0,,12,0,0,,1/9/21
744,2-A-0898.jpg,0,0,,12,0,0,,1/9/21
745,2-A-0899.jpg,0.083333333,0.083333333,,12,1,1,,1/9/21
746,2-A-0900.jpg,0,0,,12,0,0,,1/9/21
747,2-A-0901.jpg,0,0,,12,0,0,,1/9/21
748,2-A-0902.jpg,0.083333333,0,,12,1,0,,1/9/21
749,2-A-0903.jpg,0.166666667,0,,12,2,0,,1/9/21
750,2-A-0904.jpg,0,0,,12,0,0,,1/9/21
751,2-A-0905.jpg,0,0.166666667,,12,0,2,,1/9/21
752,2-A-0906.jpg,0.166666667,0,,12,2,0,,1/9/21
753,2-A-0907.jpg,0,0,,12,0,0,,1/9/21
754,2-A-0908.jpg,0.083333333,0.166666667,,12,1,2,,1/9/21
755,2-A-0909.jpg,0.083333333,0,,12,1,0,,1/9/21
756,2-A-0910.jpg,0,0,,12,0,0,,1/9/21
757,2-A-0911.jpg,0,0,,12,0,0,,1/9/21
758,2-A-0912.jpg,0,0,,12,0,0,,1/9/21
759,2-A-0913.jpg,0,0,,12,0,0,,1/9/21
760,2-A-0914.jpg,0,0.083333333,,12,0,1,,1/9/21
761,2-A-0915.jpg,0,0,,12,0,0,,1/9/21
762,2-A-0916.jpg,0,0,,12,0,0,,1/9/21
763,2-A-0917.jpg,0.166666667,0,,12,2,0,,1/9/21
764,2-A-0918.jpg,0,0,,12,0,0,,1/9/21
765,2-A-0919.jpg,0,0,,12,0,0,,1/9/21
766,2-A-0920.jpg,0,0,,12,0,0,,1/9/21
767,2-A-0923.jpg,0,0,,12,0,0,,1/9/21
768,2-A-0924.jpg,0.083333333,0,,12,1,0,,1/9/21
769,2-A-0925.jpg,0,0,,12,0,0,,1/9/21
770,2-A-0926.jpg,0,0,,12,0,0,,1/9/21
771,2-A-0927.jpg,0,0,,12,0,0,,1/9/21
772,2-A-0928.jpg,0,0,,12,0,0,,1/9/21
773,2-A-0929.jpg,0.083333333,0,,12,1,0,,1/9/21
774,2-A-0930.jpg,0,0,,12,0,0,,1/9/21
775,2-A-0931.jpg,0,0,,12,0,0,,1/9/21
776,2-A-0932.jpg,0,0,,12,0,0,,1/9/21
777,2-A-0934.jpg,0.25,0,,12,3,0,,1/9/21
778,2-A-0938.jpg,0,0,,12,0,0,,1/9/21
779,2-A-0939.jpg,0.333333333,0,,12,4,0,,1/9/21
780,2-A-0941.jpg,0.333333333,0,,9,3,0,,1/9/21
781,2-A-0942.jpg,0,0,,12,0,0,,1/9/21
782,2-A-0943.jpg,0.083333333,0,,12,1,0,,1/9/21
783,2-A-0945.jpg,0,0,,12,0,0,,1/9/21
784,2-A-0946.jpg,0,0,,12,0,0,,1/9/21
785,2-A-0947.jpg,0,0,,12,0,0,,1/9/21
786,2-A-0948.jpg,0,0,,12,0,0,,1/9/21
787,2-A-0949.jpg,0.083333333,0,,12,1,0,,1/9/21
788,2-A-0950.jpg,0.166666667,0,,12,2,0,,1/9/21
789,2-A-0951.jpg,0.25,0,,12,3,0,,1/9/21
790,2-A-0952.jpg,0,0,,12,0,0,,1/9/21
791,2-A-0953.jpg,0,0,,7,0,0,,1/9/21
792,2-A-0954.jpg,0,0,,12,0,0,,1/9/21
793,2-A-0955.jpg,0.083333333,0,,12,1,0,,1/9/21
794,2-A-0956.jpg,0,0,,12,0,0,,1/9/21
795,2-A-0957.jpg,0,0,,12,0,0,,1/9/21
796,2-A-0958.jpg,0,0,,12,0,0,,1/9/21
797,2-A-0959.jpg,0.083333333,0,,12,1,0,,1/9/21
798,2-A-0960.jpg,0.083333333,0,,12,1,0,,1/9/21
799,2-A-0961.jpg,0,0.416666667,,12,0,5,,1/9/21
800,2-A-0962.jpg,0,0,,12,0,0,,1/10/21
801,2-A-0963.jpg,0,0,,4,0,0,,1/10/21
802,2-A-0965.jpg,0,0,,12,0,0,,1/10/21
803,2-A-0968.jpg,0,0,,12,0,0,,1/10/21
804,2-A-0969.jpg,0,0.083333333,,12,0,1,,1/10/21
805,2-A-0970.jpg,0,0.25,,12,0,3,,1/10/21
806,2-A-0971.jpg,0,0,,12,0,0,,1/10/21
807,2-A-0972.jpg,0.083333333,0,,12,1,0,,1/10/21
808,2-A-0973.jpg,0,0,,12,0,0,,1/10/21
809,2-A-0974.jpg,0,0,,12,0,0,,1/10/21
810,2-A-0975.jpg,0,0,,12,0,0,,1/10/21
811,2-A-0976.jpg,0,0,,12,0,0,,1/10/21
812,2-A-0977.jpg,0,0,,12,0,0,,1/10/21
813,2-A-0978.jpg,0.083333333,0,,12,1,0,,1/10/21
814,2-A-0979.jpg,0.083333333,0,,12,1,0,,1/10/21
815,2-A-0980.jpg,0,0,,5,0,0,,1/10/21
816,2-A-0981.jpg,0,0,,12,0,0,,1/10/21
817,2-A-0982.jpg,0,0,,12,0,0,,1/10/21
818,2-A-0984.jpg,0,0,,12,0,0,,1/10/21
819,2-A-0985.jpg,0,0,,12,0,0,,1/10/21
820,2-A-0986.jpg,0,0,,12,0,0,,1/10/21
821,2-A-0987.jpg,0,0,,12,0,0,,1/10/21
822,2-A-0988.jpg,0.090909091,0,,11,1,0,,1/10/21
823,2-A-0989.jpg,0,0,,8,0,0,,1/10/21
824,2-A-0990.jpg,0.125,0.25,,8,1,2,,1/10/21
825,2-A-0992.jpg,0.083333333,0,,12,1,0,,1/10/21
826,2-A-0993.jpg,0.083333333,0,,12,1,0,,1/10/21
827,2-A-0994.jpg,0,0,,12,0,0,,1/10/21
828,2-A-0995.jpg,0.25,0,,12,3,0,,1/10/21
829,2-A-0996.jpg,0,0,,12,0,0,,1/10/21
830,2-A-0997.jpg,0,0,,12,0,0,,1/10/21
831,2-A-0998.jpg,0,0,,8,0,0,,1/10/21
832,2-A-1000.jpg,0,0,,9,0,0,,1/10/21
833,2-A-1003.jpg,0,0,,12,0,0,,1/10/21
834,2-A-1004.jpg,0,0,,12,0,0,,1/10/21
835,2-A-1005.jpg,0,0.166666667,,12,0,2,,1/10/21
836,2-A-1006.jpg,0.083333333,0,,12,1,0,,1/10/21
837,2-A-1007.jpg,0,0,,12,0,0,,1/10/21
838,2-A-1008.jpg,0,0,,12,0,0,,1/10/21
839,2-A-1009.jpg,0,0,,12,0,0,,1/10/21
840,2-A-1010.jpg,0.083333333,0,,12,1,0,,1/10/21
841,2-A-1011.jpg,0.083333333,0,,12,1,0,,1/10/21
842,2-A-1012.jpg,0.083333333,0,,12,1,0,,1/10/21
843,2-A-1013.jpg,0,0.083333333,,12,0,1,,1/10/21
844,2-A-1014.jpg,0,0,,12,0,0,,1/10/21
845,2-A-1015.jpg,0,0,,12,0,0,,1/10/21
846,2-A-1016.jpg,0,0,,12,0,0,,1/10/21
847,2-A-1018.jpg,0.083333333,0,,12,1,0,,1/10/21
848,2-A-1021.jpg,0,0.083333333,,12,0,1,,1/10/21
849,2-A-1023.jpg,0,0,,12,0,0,,1/10/21
850,2-A-1024.jpg,0.083333333,0,,12,1,0,,1/10/21
851,2-A-1025.jpg,0,0,,12,0,0,,1/10/21
852,2-A-1026.jpg,0.083333333,0,,12,1,0,,1/10/21
853,2-A-1027.jpg,0.25,0,,12,3,0,,1/10/21
854,2-A-1028.jpg,0,0,,12,0,0,,1/10/21
855,2-A-1029.jpg,0,0,,12,0,0,,1/10/21
856,2-A-1030.jpg,0,0.083333333,,12,0,1,,1/10/21
857,2-A-1031.jpg,0.083333333,0,,12,1,0,,1/10/21
858,2-A-1032.jpg,0.333333333,0,,12,4,0,,1/10/21
859,2-A-1033.jpg,0,0,,12,0,0,,1/10/21
860,2-A-1034.jpg,0,0,,12,0,0,,1/10/21
861,2-A-1035.jpg,0.142857143,0,,7,1,0,,1/10/21
862,2-A-1040.jpg,0,0,,12,0,0,,1/10/21
863,2-A-1041.jpg,0.083333333,0,,12,1,0,,1/10/21
864,2-A-1042.jpg,0.083333333,0,,12,1,0,,1/10/21
865,2-A-1043.jpg,0,0,,11,0,0,,1/10/21
866,2-A-1044.jpg,0.083333333,0,,12,1,0,,1/10/21
867,2-A-1045.jpg,0.166666667,0,,12,2,0,,1/10/21
868,2-A-1046.jpg,0,0,,12,0,0,,1/10/21
869,2-A-1047.jpg,0,0,,12,0,0,,1/10/21
870,2-A-1048.jpg,0.166666667,0,,12,2,0,,1/10/21
871,2-A-1049.jpg,0.083333333,0,,12,1,0,,1/10/21
872,2-A-1050.jpg,0,0,,12,0,0,,1/10/21
873,2-A-1051.jpg,0,0,,12,0,0,,1/10/21
874,2-A-1052.jpg,0,0,,12,0,0,,1/10/21
875,2-A-1055.jpg,0,0,,12,0,0,,1/10/21
876,2-A-1056.jpg,0.166666667,0,,12,2,0,,1/10/21
877,2-A-1057.jpg,0,0,,12,0,0,,1/10/21
878,2-A-1058.jpg,0.166666667,0,,12,2,0,,1/10/21
879,2-A-1059.jpg,0,0,,12,0,0,,1/10/21
880,2-A-1060.jpg,0.083333333,0,,12,1,0,,1/10/21
881,2-A-1061.jpg,0,0,,12,0,0,,1/10/21
882,2-A-1062.jpg,0,0,,12,0,0,,1/10/21
883,2-A-1063.jpg,0,0,,12,0,0,,1/10/21
884,2-A-1064.jpg,0,0,,12,0,0,,1/10/21
885,2-A-1065.jpg,0,0,,12,0,0,,1/10/21
886,2-A-1066.jpg,0.083333333,0,,12,1,0,,1/10/21
887,2-A-1067.jpg,0.083333333,0,,12,1,0,,1/10/21
888,2-A-1068.jpg,0,0,,12,0,0,,1/10/21
889,2-A-1069.jpg,0,0,,12,0,0,,1/10/21
890,2-A-1071.jpg,0,0,,12,0,0,,1/10/21
891,2-A-1072.jpg,0,0.166666667,,12,0,2,,1/10/21
892,2-A-1073.jpg,0,0,,12,0,0,,1/10/21
893,2-A-1074.jpg,0,0,,12,0,0,,1/10/21
894,2-A-1075.jpg,0,0,,12,0,0,,1/10/21
895,2-A-1076.jpg,0,0,,12,0,0,,1/10/21
896,2-A-1077.jpg,0,0,,12,0,0,,1/10/21
897,2-A-1078.jpg,0,0,,12,0,0,,1/10/21
898,2-A-1079.jpg,0,0,,12,0,0,,1/10/21
899,2-A-1080.jpg,0.083333333,0,,12,1,0,,1/10/21
900,2-A-1082.jpg,0.083333333,0,,12,1,0,,1/10/21
901,2-A-1083.jpg,0.166666667,0,,12,2,0,,1/10/21
902,2-A-1084.jpg,0.083333333,0,,12,1,0,,1/10/21
903,2-A-1085.jpg,0,0.083333333,,12,0,1,,1/10/21
904,2-A-1086.jpg,0.166666667,0,,12,2,0,,1/10/21
905,2-A-1087.jpg,0,0,,12,0,0,,1/10/21
906,2-A-1088.jpg,0.083333333,0,,12,1,0,,1/10/21
907,2-A-1089.jpg,0,0.666666667,,12,0,8,,1/10/21
908,2-A-1090.jpg,0,0,,12,0,0,,1/10/21
909,2-A-1091.jpg,0,0.083333333,,12,0,1,,1/10/21
910,2-A-1092.jpg,0,0,,12,0,0,,1/10/21
911,2-A-1093.jpg,0,0,,12,0,0,,1/10/21
912,2-A-1094.jpg,0,0,,12,0,0,,1/10/21
913,2-A-1095.jpg,0,0,,12,0,0,,1/10/21
914,2-A-1096.jpg,0.083333333,0,,12,1,0,,1/10/21
915,2-A-1097.jpg,0.111111111,0,,9,1,0,,1/10/21
916,2-A-1100.jpg,0,0,,7,0,0,,1/10/21
917,2-A-1101.jpg,0.083333333,0,,12,1,0,,1/10/21
918,2-A-1102.jpg,0,0,,12,0,0,,1/10/21
919,2-A-1103.jpg,0,0,,12,0,0,,1/10/21
920,2-A-1104.jpg,0,0,,12,0,0,,1/10/21
921,2-A-1105.jpg,0,0,,12,0,0,inverted seedling,1/10/21
922,2-A-1106.jpg,0,0,,12,0,0,,1/10/21
923,2-A-1108.jpg,0.1,0,,10,1,0,,1/10/21
924,2-A-1109.jpg,0,0,,12,0,0,,1/10/21
925,2-A-1110.jpg,0,0,,12,0,0,,1/10/21
926,2-A-1111.jpg,0,0,,12,0,0,,1/10/21
927,2-A-1112.jpg,0,0,,12,0,0,,1/10/21
928,2-A-1113.jpg,0,0.166666667,,12,0,2,,1/10/21
929,2-A-1114.jpg,0,0,,12,0,0,,1/10/21
930,2-A-1117.jpg,0,0,,12,0,0,,1/10/21
931,2-A-1118.jpg,0,0,,12,0,0,,1/10/21
932,2-A-1119.jpg,0.083333333,0,,12,1,0,,1/10/21
933,2-A-1120.jpg,0.083333333,0,,12,1,0,,1/10/21
934,2-A-1121.jpg,0,0,,12,0,0,,1/10/21
935,2-A-1122.jpg,0,0,,12,0,0,,1/10/21
936,2-A-1123.jpg,0,0,,12,0,0,,1/10/21
937,2-A-1125.jpg,0,0,,12,0,0,,1/10/21
938,2-A-1126.jpg,0,0,,8,0,0,,1/10/21
939,2-A-1127.jpg,0,0,,9,0,0,,1/10/21
940,2-A-1130.jpg,0,0,,12,0,0,,1/10/21
941,2-A-1131.jpg,0,0,,12,0,0,,1/10/21
942,2-A-1132.jpg,0,0.083333333,,12,0,1,,1/10/21
943,2-A-1133.jpg,0.166666667,0,,12,2,0,,1/10/21
944,2-A-1134.jpg,0.083333333,0.25,,12,1,3,,1/10/21
945,2-A-1135.jpg,0,0,,12,0,0,,1/10/21
946,2-A-1136.jpg,0,0,,12,0,0,,1/10/21
947,2-A-1137.jpg,0,0,,12,0,0,,1/10/21
948,2-A-1138.jpg,0,0,,12,0,0,,1/10/21
949,2-A-1139.jpg,0,0,,12,0,0,,1/10/21
950,2-A-1140.jpg,0.166666667,0,,12,2,0,,1/10/21
951,2-A-1141.jpg,0,0,,12,0,0,,1/10/21
952,2-A-1142.jpg,0,0,,12,0,0,,1/10/21
953,2-A-1143.jpg,0.083333333,0,,12,1,0,,1/10/21
954,2-A-1144.jpg,0,0,,12,0,0,,1/10/21
955,2-A-1145.jpg,0.083333333,0,,12,1,0,,1/10/21
956,2-A-1148.jpg,0,0,,12,0,0,,1/10/21
957,2-A-1149.jpg,0,0,,12,0,0,,1/10/21
958,2-A-1150.jpg,0.083333333,0,,12,1,0,,1/10/21
959,2-A-1151.jpg,0,0,,12,0,0,,1/10/21
960,2-A-1152.jpg,0,0,,11,0,0,,1/10/21
1481,4-A-1153.jpg,0.266666667,0,,30,8,0,,1/10/21
1482,4-A-1154.jpg,0,0,,4,0,0,,1/10/21
1483,4-A-1155.jpg,0.533333333,0,,30,16,0,,1/10/21
1484,4-A-1156.jpg,0.233333333,0,,30,7,0,,1/10/21
1485,4-A-1157.jpg,0.2,0,,30,6,0,,1/10/21
1486,4-A-1161.jpg,0.166666667,0,,30,5,0,,1/10/21
1487,4-A-1162.jpg,0.166666667,0,,30,5,0,,1/10/21
1488,4-A-1163.jpg,0.066666667,0,,30,2,0,,1/10/21
1489,4-A-1164.jpg,0.066666667,0.033333333,,30,2,1,,1/10/21
1490,4-A-1165.jpg,0,0,,30,0,0,,1/10/21
1491,4-A-1166.jpg,0,0,,30,0,0,,1/10/21
1492,4-A-1167.jpg,0.137931034,0,,29,4,0,,1/10/21
1493,4-A-1168.jpg,0.2,0,,30,6,0,,1/10/21
1494,4-A-1169.jpg,0.066666667,0,,30,2,0,,1/10/21
1495,4-A-1170.jpg,0.133333333,0,,30,4,0,inverted ,1/10/21
1496,4-A-1171.jpg,0.066666667,0,,30,2,0,,1/10/21
1497,4-A-1172.jpg,0.233333333,0,,30,7,0,wrinkled leaves,1/10/21
1498,4-A-1173.jpg,0.066666667,0,,30,2,0,,1/10/21
1499,4-A-1174.jpg,0.033333333,0.033333333,,30,1,1,,1/10/21
1500,4-A-1175.jpg,0,0.033333333,,30,0,1,,1/10/21
1501,4-A-1176.jpg,0.133333333,0,,30,4,0,,1/10/21
1502,4-A-1177.jpg,0.166666667,0,,30,5,0,,1/10/21
1503,4-A-1179.jpg,0.142857143,0,,7,1,0,,1/10/21
1504,4-A-1180.jpg,0.033333333,0,,30,1,0,,1/10/21
1505,4-A-1181.jpg,0,0,,12,0,0,,1/10/21
1506,4-A-1182.jpg,0.083333333,0,,12,1,0,,1/10/21
1507,4-A-1183.jpg,0.166666667,0,,12,2,0,,1/10/21
1508,4-A-1184.jpg,0,0,,12,0,0,,1/10/21
1509,4-A-1185.jpg,0.083333333,0,,12,1,0,,1/10/21
1510,4-A-1186.jpg,0.25,0,,12,3,0,,1/10/21
1511,4-A-1187.jpg,0.25,0,,12,3,0,,1/10/21
1512,4-A-1188.jpg,0.083333333,0,,12,1,0,,1/10/21
1513,4-A-1189.jpg,0,0,,12,0,0,,1/10/21
1514,4-A-1190.jpg,0,0,,12,0,0,,1/10/21
1515,4-A-1191.jpg,0.083333333,0.083333333,,12,1,1,,1/10/21
1516,4-A-1195.jpg,0,0,,12,0,0,,1/10/21
1517,4-A-1196.jpg,0,0,,12,0,0,,1/10/21
1518,4-A-1197.jpg,0,0,,12,0,0,,1/10/21
1519,4-A-1198.jpg,0,0,,12,0,0,,1/10/21
1520,4-A-1199.jpg,0,0.083333333,,12,0,1,,1/10/21
1521,4-A-1200.jpg,0,0,,12,0,0,,1/10/21
1522,4-A-1201.jpg,0.083333333,0,,12,1,0,,1/10/21
1523,4-A-1202.jpg,0.083333333,0,,12,1,0,,1/10/21
1524,4-A-1203.jpg,0,0,,12,0,0,,1/10/21
1525,4-A-1204.jpg,0,0,,12,0,0,,1/10/21
1526,4-A-1205.jpg,0,0,,12,0,0,,1/10/21
1527,4-A-1206.jpg,0.416666667,0.083333333,,12,5,1,inverted,1/10/21
1528,4-A-1207.jpg,0.777777778,0,,9,7,0,,1/10/21
1529,4-A-1209.jpg,0,0,,12,0,0,,1/10/21
1530,4-A-1211.jpg,0.333333333,0,,12,4,0,,1/10/21
1531,4-A-1212.jpg,0,0,,12,0,0,,1/10/21
1532,4-A-1213.jpg,0,0,,12,0,0,,1/10/21
1533,4-A-1214.jpg,0.083333333,0,,12,1,0,,1/10/21
1534,4-A-1215.jpg,0,0,,12,0,0,,1/10/21
1535,4-A-1216.jpg,0,0,,12,0,0,,1/10/21
1536,4-A-1217.jpg,0.083333333,0,,12,1,0,,1/10/21
1537,4-A-1219.jpg,0.166666667,0.416666667,,12,2,5,inverted,1/10/21
1538,4-A-1221.jpg,0,0,,12,0,0,,1/10/21
1539,4-A-1222.jpg,0,0.333333333,,12,0,4,,1/10/21
1540,4-A-1223.jpg,0.083333333,0,,12,1,0,,1/10/21
1541,4-A-1224.jpg,0,0,,12,0,0,,1/10/21
1542,4-A-1225.jpg,0,0,,12,0,0,,1/10/21
1543,4-A-1226.jpg,0.166666667,0.083333333,,12,2,1,,1/10/21
1544,4-A-1227.jpg,0,0,,12,0,0,,1/10/21
1545,4-A-1228.jpg,0,0,,12,0,0,,1/10/21
1546,4-A-1229.jpg,0,0,,12,0,0,,1/10/21
1547,4-A-1230.jpg,0.083333333,0,,12,1,0,,1/10/21
1548,4-A-1231.jpg,0.083333333,0,,12,1,0,,1/10/21
1549,4-A-1232.jpg,0.333333333,0,,12,4,0,,1/10/21
1550,4-A-1233.jpg,0.083333333,0,,12,1,0,,1/10/21
1551,4-A-1234.jpg,0,0,,12,0,0,,1/10/21
1552,4-A-1235.jpg,0.166666667,0.083333333,,12,2,1,,1/10/21
1553,4-A-1236.jpg,0.083333333,0,,12,1,0,,1/10/21
1554,4-A-1237.jpg,0.083333333,0,,12,1,0,,1/10/21
1555,4-A-1238.jpg,0,0,,12,0,0,,1/10/21
1556,4-A-1239.jpg,0.083333333,0,,12,1,0,,1/10/21
1557,4-A-1240.jpg,0.25,0,,12,3,0,,1/10/21
1558,4-A-1241.jpg,0.083333333,0,,12,1,0,,1/10/21
1559,4-A-1242.jpg,0.083333333,0,,12,1,0,,1/10/21
1560,4-A-1243.jpg,0,0,,12,0,0,,1/10/21
1561,4-A-1244.jpg,0,0,,12,0,0,,1/10/21
1562,4-A-1245.jpg,0,0,,7,0,0,,1/10/21
1563,4-A-1249.jpg,0,0,,12,0,0,,1/10/21
1564,4-A-1250.jpg,0,0,,12,0,0,,1/10/21
1565,4-A-1251.jpg,0.083333333,0,,12,1,0,,1/10/21
1566,4-A-1252.jpg,0,0,,12,0,0,,1/10/21
1567,4-A-1253.jpg,0,0,,12,0,0,,1/10/21
1568,4-A-1254.jpg,0.083333333,0,,12,1,0,,1/10/21
1569,4-A-1255.jpg,0.083333333,0,,12,1,0,,1/10/21
1570,4-A-1256.jpg,0.083333333,0,,12,1,0,,1/10/21
1571,4-A-1257.jpg,0,0,,12,0,0,,1/10/21
1572,4-A-1258.jpg,0.166666667,0.166666667,,12,2,2,,1/10/21
1573,4-A-1259.jpg,0,0,,11,0,0,,1/10/21
1574,4-A-1260.jpg,0,0,,12,0,0,,1/10/21
1575,4-A-1261.jpg,0.083333333,0,,12,1,0,,1/10/21
1576,4-A-1262.jpg,0,0.4,,5,0,2,,1/10/21
1577,4-A-1264.jpg,0.2,0,,5,1,0,,1/10/21
1578,4-A-1267.jpg,0,0,,12,0,0,,1/10/21
1579,4-A-1268.jpg,0.083333333,0,,12,1,0,,1/10/21
1580,4-A-1269.jpg,0,0,,12,0,0,,1/10/21
1581,4-A-1270.jpg,0.083333333,0,,12,1,0,,1/10/21
1582,4-A-1271.jpg,0,0,,12,0,0,,1/10/21
1583,4-A-1272.jpg,0,0,,12,0,0,,1/10/21
1584,4-A-1273.jpg,0,0,,12,0,0,,1/10/21
1585,4-A-1274.jpg,0,0,,12,0,0,,1/10/21
1586,4-A-1275.jpg,0.090909091,0,,11,1,0,,1/10/21
1587,4-A-1276.jpg,0.083333333,0,,12,1,0,,1/10/21
1588,4-A-1277.jpg,0,0,,12,0,0,,1/10/21
1589,4-A-1278.jpg,0,0,,12,0,0,,1/10/21
1590,4-A-1280.jpg,0.083333333,0,,12,1,0,,1/10/21
1591,4-A-1281.jpg,0.25,0,,4,1,0,,1/10/21
1592,4-A-1282.jpg,0,0,,12,0,0,,1/10/21
1593,4-A-1283.jpg,0.083333333,0,,12,1,0,,1/10/21
1594,4-A-1284.jpg,0.083333333,0.166666667,,12,1,2,,1/10/21
1595,4-A-1285.jpg,0,0,,12,0,0,,1/10/21
1596,4-A-1286.jpg,0,0,,5,0,0,,1/10/21
1597,4-A-1287.jpg,0,0,,12,0,0,,1/10/21
1598,4-A-1288.jpg,0,0,,12,0,0,,1/10/21
1599,4-A-1289.jpg,0,0,,12,0,0,,1/10/21
1600,4-A-1290.jpg,0.25,0,,12,3,0,,1/10/21
1601,4-A-1291.jpg,0,0,,12,0,0,,1/10/21
1602,4-A-1292.jpg,0,0,,12,0,0,,1/10/21
1603,4-A-1293.jpg,0.083333333,0,,12,1,0,,1/10/21
1604,4-A-1295.jpg,0,0,,12,0,0,,1/10/21
1605,4-A-1296.jpg,0,0,,12,0,0,,1/10/21
1606,4-A-1297.jpg,0,0,,12,0,0,,1/10/21
1607,4-A-1298.jpg,0,0,,12,0,0,,1/10/21
1608,4-A-1299.jpg,0,0,,12,0,0,,1/10/21
1609,4-A-1300.jpg,0.166666667,0,,12,2,0,,1/10/21
1610,4-A-1301.jpg,0,0.166666667,,12,0,2,yellow/burnt,1/10/21
1611,4-A-1302.jpg,0.166666667,0,,12,2,0,,1/10/21
1612,4-A-1303.jpg,0.25,0,,12,3,0,,1/10/21
1613,4-A-1305.jpg,0.083333333,0,,12,1,0,,1/10/21
1614,4-A-1306.jpg,0,0,,12,0,0,,1/10/21
1615,4-A-1307.jpg,0.083333333,0,,12,1,0,,1/10/21
1616,4-A-1308.jpg,0.083333333,0,,12,1,0,,1/10/21
1617,4-A-1309.jpg,0.166666667,0,,12,2,0,,1/10/21
1618,4-A-1310.jpg,0.25,0,,12,3,0,,1/10/21
1619,4-A-1311.jpg,0.083333333,0,,12,1,0,,1/10/21
1620,4-A-1312.jpg,0,0,,12,0,0,,1/10/21
1621,4-A-1313.jpg,0.181818182,0,,11,2,0,,1/10/21
1622,4-A-1314.jpg,0.166666667,0,,12,2,0,,1/10/21
1623,4-A-1315.jpg,0,0,,12,0,0,,1/10/21
1624,4-A-1316.jpg,0.166666667,0,,12,2,0,,1/10/21
1625,4-A-1317.jpg,0,0,,12,0,0,,1/10/21
1626,4-A-1318.jpg,0.583333333,0,,12,7,0,,1/10/21
1627,4-A-1320.jpg,0,0,,12,0,0,,1/10/21
1628,4-A-1321.jpg,0.166666667,0,,12,2,0,,1/10/21
1629,4-A-1322.jpg,0,0,,12,0,0,,1/10/21
1630,4-A-1323.jpg,0,0,,12,0,0,,1/10/21
1631,4-A-1324.jpg,0,0,,12,0,0,,1/10/21
1632,4-A-1325.jpg,0,0,,12,0,0,,1/10/21
1633,4-A-1326.jpg,0.083333333,0,,12,1,0,,1/10/21
1634,4-A-1327.jpg,0,0,,12,0,0,,1/10/21
1635,4-A-1328.jpg,0.25,0,,12,3,0,,1/10/21
1636,4-A-1329.jpg,0.25,0,,12,3,0,,1/10/21
1637,4-A-1330.jpg,0.083333333,0,,12,1,0,,1/10/21
1638,4-A-1331.jpg,0,0,,12,0,0,,1/10/21
1639,4-A-1332.jpg,0,0,,12,0,0,,1/10/21
1640,4-A-1333.jpg,0,0,,12,0,0,,1/10/21
1641,4-A-1334.jpg,0,0,,12,0,0,,1/10/21
1642,4-A-1335.jpg,0,0.166666667,,12,0,2,,1/10/21
1643,4-A-1336.jpg,0,0,,12,0,0,,1/10/21
1644,4-A-1337.jpg,0,0,,12,0,0,,1/10/21
1645,4-A-1338.jpg,0.083333333,0,,12,1,0,,1/10/21
1646,4-A-1339.jpg,0,0,,12,0,0,,1/10/21
1647,4-A-1340.jpg,0,0,,12,0,0,,1/10/21
1648,4-A-1341.jpg,0,0,,12,0,0,,1/10/21
1649,4-A-1342.jpg,0.083333333,0,,12,1,0,,1/10/21
1650,4-A-1343.jpg,0.083333333,0,,12,1,0,,1/10/21
1651,4-A-1344.jpg,0.166666667,0,,12,2,0,,1/10/21
1652,4-A-1345.jpg,0.25,0,,12,3,0,,1/10/21
1653,4-A-1346.jpg,0.25,0,,12,3,0,,1/10/21
1654,4-A-1347.jpg,0.083333333,0.083333333,,12,1,1,,1/10/21
1655,4-A-1348.jpg,0.083333333,0,,12,1,0,,1/10/21
1656,4-A-1349.jpg,0.25,0,,12,3,0,,1/10/21
1657,4-A-1350.jpg,0.25,0,,12,3,0,,1/10/21
1658,4-A-1351.jpg,0.083333333,0.333333333,,12,1,4,,1/10/21
1659,4-A-1353.jpg,0.083333333,0,,12,1,0,,1/10/21
1660,4-A-1354.jpg,0.166666667,0,,12,2,0,,1/10/21
1661,4-A-1355.jpg,0,0,,12,0,0,,1/10/21
1662,4-A-1356.jpg,0.083333333,0,,12,1,0,,1/10/21
1663,4-A-1357.jpg,0.166666667,0,,12,2,0,,1/10/21
1664,4-A-1358.jpg,0,0,,12,0,0,,1/10/21
1665,4-A-1359.jpg,0,0,,12,0,0,,1/10/21
1666,4-A-1360.jpg,0.166666667,0,,12,2,0,,1/10/21
1667,4-A-1361.jpg,0.083333333,0,,12,1,0,,1/10/21
1668,4-A-1362.jpg,0.166666667,0,,12,2,0,,1/10/21
1669,4-A-1363.jpg,0.083333333,0,,12,1,0,,1/10/21
1670,4-A-1364.jpg,0,0,,12,0,0,,1/10/21
1671,4-A-1365.jpg,0.25,0,,12,3,0,,1/10/21
1672,4-A-1366.jpg,0.083333333,0,,12,1,0,,1/10/21
1673,4-A-1367.jpg,0.166666667,0,,12,2,0,,1/10/21
1674,4-A-1368.jpg,0,0,,12,0,0,,1/10/21
1675,4-A-1369.jpg,0,0,,12,0,0,,1/10/21
1676,4-A-1371.jpg,0.25,0,,12,3,0,,1/10/21
1677,4-A-1372.jpg,0.083333333,0,,12,1,0,,1/10/21
1678,4-A-1373.jpg,0.25,0,,12,3,0,,1/10/21
1679,4-A-1374.jpg,0.083333333,0.083333333,,12,1,1,,1/10/21
1680,4-A-1375.jpg,0,0,,12,0,0,,1/10/21
1681,4-A-1376.jpg,0.25,0,,12,3,0,,1/10/21
1682,4-A-1377.jpg,0.083333333,0,,12,1,0,,1/10/21
1683,4-A-1378.jpg,0,0,,12,0,0,,1/10/21
1684,4-A-1379.jpg,0.222222222,0,,9,2,0,,1/10/21
1685,4-A-1382.jpg,0,0,,3,0,0,,1/10/21
1686,4-A-1383.jpg,0,0,,12,0,0,,1/10/21
1687,4-A-1384.jpg,0.083333333,0,,12,1,0,,1/10/21
1688,4-A-1385.jpg,0.25,0,,12,3,0,,1/10/21
1689,4-A-1386.jpg,0.333333333,0,,12,4,0,,1/10/21
1690,4-A-1387.jpg,0,0,,12,0,0,,1/10/21
1691,4-A-1388.jpg,0.083333333,0,,12,1,0,,1/10/21
1692,4-A-1389.jpg,0.083333333,0,,12,1,0,,1/10/21
1693,4-A-1390.jpg,0.25,0,,12,3,0,,1/10/21
1694,4-A-1391.jpg,0.25,0.083333333,,12,3,1,,1/10/21
1695,4-A-1393.jpg,0.166666667,0,,12,2,0,,1/10/21
1696,4-A-1394.jpg,0.083333333,0,,12,1,0,,1/10/21
1697,4-A-1395.jpg,0.083333333,0,,12,1,0,,1/10/21
1698,4-A-1396.jpg,0,0.25,,12,0,3,,1/10/21
1699,4-A-1397.jpg,0.083333333,0.25,,12,1,3,,1/10/21
1700,4-A-1398.jpg,0,0.083333333,,12,0,1,,1/10/21
1701,4-A-1399.jpg,0.083333333,0.333333333,,12,1,4,,1/10/21
1702,4-A-1400.jpg,0,0.166666667,,12,0,2,,1/10/21
1703,4-A-1401.jpg,0,0,,12,0,0,,1/10/21
1704,4-A-1402.jpg,0,0.166666667,,12,0,2,,1/10/21
1705,4-A-1403.jpg,0,0,,12,0,0,,1/10/21
1706,4-A-1404.jpg,0.25,0,,12,3,0,,1/10/21
1707,4-A-1405.jpg,0.272727273,0,,11,3,0,,1/10/21
1708,4-A-1406.jpg,0,0,,12,0,0,,1/10/21
1709,4-A-1407.jpg,0.083333333,0.166666667,,12,1,2,,1/10/21
1710,4-A-1408.jpg,0.083333333,0.333333333,,12,1,4,,1/10/21
1711,4-A-1409.jpg,0,0,,12,0,0,,1/10/21
1712,4-A-1410.jpg,0,0,,12,0,0,,1/10/21
1713,4-A-1412.jpg,0,0,,12,0,0,,1/10/21
1714,4-A-1413.jpg,0,0,,12,0,0,,1/10/21
1715,4-A-1414.jpg,0.083333333,0,,12,1,0,,1/10/21
1716,4-A-1415.jpg,0.083333333,0.25,,12,1,3,,1/10/21
1717,4-A-1416.jpg,0.272727273,0,,11,3,0,,1/10/21
1718,4-A-1417.jpg,0,0,,12,0,0,,1/10/21
1719,4-A-1418.jpg,0,0,,12,0,0,,1/10/21
1720,4-A-1419.jpg,0,0,,12,0,0,,1/10/21
1721,4-A-1420.jpg,0,0,,12,0,0,,1/10/21
1722,4-A-1421.jpg,0,0,,12,0,0,,1/10/21
1723,4-A-1422.jpg,0,0,,12,0,0,,1/10/21
1724,4-A-1423.jpg,0.083333333,0,,12,1,0,,1/10/21
1725,4-A-1424.jpg,0.083333333,0,,12,1,0,,1/10/21
1726,4-A-1425.jpg,0,0,,12,0,0,,1/10/21
1727,4-A-1429.jpg,0.25,0,,12,3,0,,1/10/21
1728,4-A-1431.jpg,0,0,,12,0,0,,1/10/21
1729,4-A-1432.jpg,0,0,,12,0,0,,1/10/21
1730,4-A-1433.jpg,0.083333333,0,,12,1,0,,1/10/21
1731,4-A-1434.jpg,0.333333333,0,,12,4,0,,1/10/21
1732,4-A-1435.jpg,0.166666667,0,,12,2,0,,1/10/21
1733,4-A-1436.jpg,0.416666667,0,,12,5,0,,1/10/21
1734,4-A-1437.jpg,0,0,,12,0,0,,1/10/21
1735,4-A-1438.jpg,0.166666667,0,,12,2,0,,1/10/21
1736,4-A-1439.jpg,0.083333333,0,,12,1,0,,1/10/21
1737,4-A-1440.jpg,0.25,0,,12,3,0,,1/10/21
1738,4-A-1441.jpg,0,0.083333333,,12,0,1,,1/10/21
1739,4-A-1442.jpg,0.25,0,,8,2,0,,1/10/21
1740,4-A-1443.jpg,0,0,,12,0,0,,1/10/21
1741,4-A-1444.jpg,0,0,,12,0,0,,1/10/21
1742,4-A-1448.jpg,0,0,,12,0,0,,1/10/21
1743,4-A-1449.jpg,0.083333333,0,,12,1,0,,1/10/21
1744,4-A-1450.jpg,0,0,,12,0,0,,1/10/21
1745,4-A-1451.jpg,0.083333333,0,,12,1,0,,1/10/21
1746,4-A-1452.jpg,0,0,,12,0,0,,1/10/21
1747,4-A-1453.jpg,0.166666667,0,,12,2,0,,1/10/21
1748,4-A-1454.jpg,0.083333333,0,,12,1,0,,1/10/21
1749,4-A-1455.jpg,0.166666667,0,,12,2,0,,1/10/21
1750,4-A-1456.jpg,0,0.083333333,,12,0,1,,1/10/21
1751,4-A-1457.jpg,0.166666667,0,,12,2,0,,1/10/21
1752,4-A-1458.jpg,0,0,,12,0,0,,1/10/21
1753,4-A-1459.jpg,0,0,,12,0,0,,1/10/21
1754,4-A-1460.jpg,0,0,,12,0,0,,1/10/21
1755,4-A-1461.jpg,0.083333333,0,,12,1,0,,1/10/21
1756,4-A-1462.jpg,0.083333333,0,,12,1,0,,1/10/21
1757,4-A-1463.jpg,0.083333333,0,,12,1,0,,1/10/21
1758,4-A-1464.jpg,0.166666667,0,,12,2,0,,1/10/21
1759,4-A-1465.jpg,0.166666667,0,,12,2,0,,1/10/21
1760,4-A-1466.jpg,0.083333333,0,,12,1,0,,1/10/21
1761,4-A-1467.jpg,0,0,,12,0,0,,1/10/21
1762,4-A-1468.jpg,0.083333333,0.166666667,,12,1,2,,1/10/21
1763,4-A-1469.jpg,0,0,,12,0,0,,1/10/21
1764,4-A-1470.jpg,0,0,,12,0,0,,1/10/21
1765,4-A-1471.jpg,0.083333333,0,,12,1,0,,1/10/21
1766,4-A-1472.jpg,0.083333333,0,,12,1,0,inverted/corkscrew,1/10/21
1767,4-A-1473.jpg,0.5,0,,12,6,0,,1/10/21
1768,4-A-1474.jpg,0,0,,12,0,0,,1/10/21
1769,4-A-1475.jpg,0,0,,12,0,0,,1/10/21
1770,4-A-1476.jpg,0,0,,12,0,0,,1/10/21
1771,4-A-1477.jpg,0.25,0,,12,3,0,,1/10/21
1772,4-A-1478.jpg,0.083333333,0,,12,1,0,,1/10/21
1773,4-A-1479.jpg,0,0,,12,0,0,,1/10/21
1774,4-A-1480.jpg,0.166666667,0,,12,2,0,,1/10/21
1775,4-A-1481.jpg,0.083333333,0,,12,1,0,,1/10/21
1776,4-A-1482.jpg,0.083333333,0,,12,1,0,,1/10/21
1777,4-A-1483.jpg,0.083333333,0,,12,1,0,,1/10/21
1778,4-A-1484.jpg,0.166666667,0,,12,2,0,,1/10/21
1779,4-A-1485.jpg,0,0,,12,0,0,,1/10/21
1780,4-A-1486.jpg,0.083333333,0,,12,1,0,,1/10/21
1781,4-A-1487.jpg,0.166666667,0,,12,2,0,,1/10/21
1782,4-A-1488.jpg,0,0,,12,0,0,,1/10/21
1783,4-A-1489.jpg,0.083333333,0.166666667,,12,1,2,,1/10/21
1784,4-A-1490.jpg,0.083333333,0,,12,1,0,,1/10/21
1785,4-A-1491.jpg,0,0,,12,0,0,,1/10/21
1786,4-A-1494.jpg,0.083333333,0,,12,1,0,,1/10/21
1787,4-A-1495.jpg,0,0,,12,0,0,,1/10/21
1788,4-A-1496.jpg,0,0,,12,0,0,,1/10/21
1789,4-A-1497.jpg,0.083333333,0.083333333,,12,1,1,,1/10/21
1790,4-A-1498.jpg,0.166666667,0,,12,2,0,,1/10/21
1791,4-A-1499.jpg,0.25,0,,12,3,0,,1/10/21
1792,4-A-1500.jpg,0,0,,12,0,0,,1/10/21
1793,4-A-1501.jpg,0.166666667,0,,12,2,0,,1/10/21
1794,4-A-1502.jpg,0.166666667,0,,12,2,0,,12/21/2020 20:46:19
1795,4-A-1503.jpg,0,0.166666667,,12,0,2,white,12/21/2020 20:46:01
1796,4-A-1504.jpg,0.083333333,0,,12,1,0,,12/21/2020 20:45:47
1797,4-A-1505.jpg,0,0,,12,0,0,,12/21/2020 20:45:34
1798,4-A-1506.jpg,0.166666667,0.083333333,,12,2,1,,12/21/2020 20:45:17
1799,4-A-1508.jpg,0,0,,12,0,0,,12/21/2020 20:44:59
1800,4-A-1509.jpg,0.166666667,0,,12,2,0,two really deeply pigmented red roots,12/20/2020 1:12:51
1801,4-A-1510.jpg,0,0,,11,0,0,all red shoots,12/20/2020 1:12:32
1802,4-A-1511.jpg,0.083333333,0,,12,1,0,,12/20/2020 1:12:17
1803,4-A-1512.jpg,0.166666667,0,,12,2,0,,12/20/2020 1:12:03
1804,4-A-1513.jpg,0.083333333,0.166666667,,12,1,2,,12/20/2020 1:11:48
1805,4-A-1514.jpg,0.166666667,0,,12,2,0,,12/20/2020 1:11:34
1806,4-A-1515.jpg,0,0,,12,0,0,five red shoots,12/20/2020 1:11:15
1807,4-A-1516.jpg,0.25,0,,12,3,0,six red shoots,12/20/2020 1:10:50
1808,4-A-1517.jpg,0.083333333,0,,12,1,0,,12/20/2020 1:10:41
1809,4-A-1518.jpg,0.083333333,0.166666667,,12,1,2,,12/20/2020 1:10:24
1810,4-A-1519.jpg,0.25,0,,12,3,0,,12/20/2020 1:10:12
1811,4-A-1520.jpg,0.083333333,0,,12,1,0,,12/20/2020 1:09:56
1812,4-A-1524.jpg,0,0,,12,0,0,,12/20/2020 1:09:45
1813,4-A-1527.jpg,0,0,,12,0,0,,12/20/2020 1:09:34
1814,4-A-1528.jpg,0.166666667,0,,12,2,0,,12/20/2020 1:09:23
1815,4-A-1529.jpg,0,0,,12,0,0,,12/20/2020 1:09:10
1816,4-A-1530.jpg,0,0,,12,0,0,,12/20/2020 1:08:56
1817,4-A-1531.jpg,0,0,,12,0,0,,12/20/2020 1:08:45
1818,4-A-1532.jpg,0,0,,12,0,0,,12/20/2020 1:08:29
1819,4-A-1533.jpg,0.083333333,0,,12,1,0,,12/20/2020 1:08:14
1820,4-A-1534.jpg,0,0,,12,0,0,,12/20/2020 1:08:04
1821,4-A-1535.jpg,0,0,,12,0,0,,12/20/2020 1:07:56
1822,4-A-1537.jpg,0.25,0,,12,3,0,,12/20/2020 1:07:39
1823,4-A-1538.jpg,0,0,,12,0,0,,12/20/2020 1:07:27
1824,4-A-1540.jpg,0,0,,12,0,0,,12/20/2020 1:07:09
1825,4-A-1541.jpg,0.083333333,0.083333333,,12,1,1,,12/20/2020 1:06:50
1826,4-A-1542.jpg,0,0.333333333,,12,0,4,,12/20/2020 1:06:37
1827,4-A-1543.jpg,0,0,,12,0,0,,12/20/2020 1:06:23
1828,4-A-1544.jpg,0,0.25,,12,0,3,,12/20/2020 1:06:09
1829,4-A-1545.jpg,0,0,,12,0,0,,12/20/2020 1:05:56
1830,4-A-1546.jpg,0.166666667,0,,12,2,0,,12/20/2020 1:05:42
1831,4-A-1547.jpg,0,0,,12,0,0,,12/20/2020 1:05:29
1832,4-A-1548.jpg,0,0.083333333,,12,0,1,,12/20/2020 1:05:14
1833,4-A-1549.jpg,0,0,,12,0,0,,12/20/2020 1:05:01
1834,4-A-1550.jpg,0.083333333,0,,12,1,0,,12/20/2020 1:04:48
1835,4-A-1551.jpg,0,0,,12,0,0,,12/20/2020 1:04:36
1836,4-A-1552.jpg,0.166666667,0.083333333,,12,2,1,,12/20/2020 1:04:21
1837,4-A-1553.jpg,0.166666667,0,,12,2,0,,12/20/2020 1:04:08
1838,4-A-1554.jpg,0.083333333,0,,12,1,0,,12/20/2020 1:03:53
1839,4-A-1555.jpg,0,0,,12,0,0,,12/20/2020 1:03:39
1840,4-A-1556.jpg,0,0,,12,0,0,,12/20/2020 1:03:28
1841,4-A-1557.jpg,0.166666667,0,,12,2,0,,12/20/2020 1:03:14
1842,4-A-1558.jpg,0,0,,12,0,0,,12/20/2020 1:02:58
1843,4-A-1559.jpg,0,0,,12,0,0,,12/20/2020 1:02:42
1844,4-A-1560.jpg,0,0,,12,0,0,,12/20/2020 1:02:31
1845,4-A-1561.jpg,0.333333333,0,,12,4,0,,12/20/2020 1:02:18
1846,4-A-1562.jpg,0.166666667,0,,12,2,0,,12/20/2020 1:01:57
1847,4-A-1563.jpg,0,0,,12,0,0,,12/20/2020 1:01:43
1848,4-A-1564.jpg,0.416666667,0,,12,5,0,,12/20/2020 1:01:30
1849,4-A-1565.jpg,0.083333333,0,,12,1,0,one gravitropism shoot,12/20/2020 1:01:04
1850,4-A-1571.jpg,0,0,,12,0,0,,12/20/2020 1:00:48
1851,4-A-1572.jpg,0.166666667,0,,12,2,0,,12/20/2020 1:00:36
1852,4-A-1573.jpg,0,0,,12,0,0,one spiraly shoot,12/20/2020 1:00:18
1853,4-A-1574.jpg,0.083333333,0,,12,1,0,,12/20/2020 1:00:07
1854,4-A-1575.jpg,0,0,,12,0,0,,12/20/2020 0:59:54
1855,4-A-1576.jpg,0.166666667,0.166666667,,12,2,2,,12/20/2020 0:59:41
1856,4-A-1577.jpg,0.166666667,0,,12,2,0,,12/20/2020 0:59:25
1857,4-A-1578.jpg,0.166666667,0,,12,2,0,,12/20/2020 0:59:11
1858,4-A-1579.jpg,0.083333333,0,,12,1,0,,12/20/2020 0:58:57
1859,4-A-1580.jpg,0.083333333,0,,12,1,0,,12/20/2020 0:58:42
1860,4-A-1581.jpg,0.083333333,0,,12,1,0,five pink roots,12/20/2020 0:58:18
1861,4-A-1582.jpg,0.083333333,0,,12,1,0,,12/20/2020 0:58:02
1862,4-A-1583.jpg,0.083333333,0,,12,1,0,,12/20/2020 0:57:49
1863,4-A-1584.jpg,0,0,,12,0,0,,12/20/2020 0:57:33
1864,4-A-1585.jpg,0,0.416666667,,12,0,5,,12/20/2020 0:57:18
1865,4-A-1586.jpg,0,0,,12,0,0,,12/20/2020 0:57:07
1866,4-A-1587.jpg,0.416666667,0,,12,5,0,,12/20/2020 0:56:50
1867,4-A-1589.jpg,0.166666667,0,,12,2,0,,12/20/2020 0:56:32
1868,4-A-1590.jpg,0.75,0.166666667,,12,9,2,,12/20/2020 0:56:16
1869,4-A-1591.jpg,0.083333333,0,,12,1,0,one no shoot,12/20/2020 0:55:53
1870,4-A-1592.jpg,0.083333333,0.083333333,,12,1,1,,12/20/2020 0:55:37
1871,4-A-1593.jpg,0.083333333,0,,12,1,0,,12/20/2020 0:55:22
1872,4-A-1594.jpg,0,0,,12,0,0,,12/20/2020 0:55:07
1873,4-A-1595.jpg,0.454545455,0,,11,5,0,white mold,12/20/2020 0:54:52
1874,4-A-1596.jpg,0.083333333,0,,12,1,0,,12/20/2020 0:54:36
1875,4-A-1597.jpg,0.083333333,0,,12,1,0,,12/20/2020 0:54:22
1876,4-A-1598.jpg,0.083333333,0,,12,1,0,,12/20/2020 0:54:08
1877,4-A-1599.jpg,0.25,0,,12,3,0,one double shoot,12/20/2020 0:53:50
1878,4-A-1601.jpg,0.083333333,0,,12,1,0,one gravitropism,12/20/2020 0:53:29
1879,4-A-1602.jpg,0,0,,12,0,0,,12/20/2020 0:53:15
1880,4-A-1603.jpg,0.083333333,0.333333333,,12,1,4,,12/20/2020 0:53:03
1881,4-A-1604.jpg,0.333333333,0.083333333,,12,4,1,,12/20/2020 0:52:46
1882,4-A-1605.jpg,0,0,,12,0,0,,12/20/2020 0:52:34
1883,4-A-1606.jpg,0,0,,11,0,0,,12/20/2020 0:52:21
1884,4-A-1607.jpg,0,0,,12,0,0,,12/20/2020 0:52:08
1885,4-A-1608.jpg,0.166666667,0.083333333,,12,2,1,,12/20/2020 0:51:53
1886,4-A-1609.jpg,0.166666667,0,,12,2,0,,12/20/2020 0:51:38
1887,4-A-1610.jpg,0.166666667,0.166666667,,12,2,2,,12/20/2020 0:51:23
1888,4-A-1611.jpg,0,0,,12,0,0,,12/20/2020 0:51:08
1889,4-A-1612.jpg,0.083333333,0,,12,1,0,,12/20/2020 0:50:56
1890,4-A-1613.jpg,0,0,,12,0,0,,12/20/2020 0:50:43
1891,4-A-1614.jpg,0,0,,12,0,0,,12/20/2020 0:50:30
1892,4-A-1615.jpg,0,0,,12,0,0,,12/20/2020 0:50:16
1893,4-A-1616.jpg,0.166666667,0,,12,2,0,,12/20/2020 0:50:04
1894,4-A-1617.jpg,0.166666667,0.25,,12,2,3,"six lighter, three clearly yellow",12/20/2020 0:49:37
1895,4-A-1618.jpg,0.083333333,0,,12,1,0,,12/20/2020 0:49:23
1896,4-A-1619.jpg,0,0,,12,0,0,"three pink roots, some dark shoots",12/20/2020 0:48:59
1897,4-A-1620.jpg,0,0.25,,12,0,3,,12/20/2020 0:48:45
1898,4-A-1621.jpg,0.166666667,0,,12,2,0,,12/20/2020 0:48:32
1899,4-A-1622.jpg,0,0,,12,0,0,,12/20/2020 0:48:18
1900,4-A-1623.jpg,0,0,,11,0,0,,12/20/2020 0:48:05
1901,4-A-1624.jpg,0.083333333,0,,12,1,0,,12/20/2020 0:47:51
1902,4-A-1626.jpg,0.125,0,,8,1,0,,12/20/2020 0:47:33
1903,4-A-1627.jpg,0.083333333,0,,12,1,0,,12/20/2020 0:47:21
1904,4-A-1628.jpg,0.083333333,0,,12,1,0,,12/20/2020 0:47:09
1905,4-A-1629.jpg,0.083333333,0.25,,12,1,3,,12/20/2020 0:46:49
1906,4-A-1630.jpg,0,0,,12,0,0,,12/20/2020 0:46:36
1907,4-A-1631.jpg,0.333333333,0,,12,4,0,,12/20/2020 0:46:23
1908,4-A-1632.jpg,0,0,,12,0,0,,12/20/2020 0:46:11
1909,4-A-1633.jpg,0,0,,12,0,0,,12/20/2020 0:45:59
1910,4-A-1634.jpg,0,0,,12,0,0,,12/20/2020 0:45:46
1911,4-A-1635.jpg,0.166666667,0,,12,2,0,,12/20/2020 0:45:34
1912,4-A-1636.jpg,0,0.083333333,,12,0,1,maybe just a sunny spot?,12/20/2020 0:45:11
1913,4-A-1637.jpg,0.083333333,0,,12,1,0,,12/20/2020 0:44:58
1914,4-A-1638.jpg,0.083333333,0,,12,1,0,,12/20/2020 0:44:45
1915,4-A-1639.jpg,0.25,0,,12,3,0,,12/20/2020 0:44:33
1916,4-A-1640.jpg,0.416666667,0,,12,5,0,,12/20/2020 0:44:19
1917,4-A-1641.jpg,0.333333333,0,,12,4,0,moldy,12/20/2020 0:44:04
1918,4-A-1642.jpg,0,0,,12,0,0,,12/20/2020 0:43:47
1919,4-A-1643.jpg,0.166666667,0,,12,2,0,,12/20/2020 0:43:35
1920,4-A-1644.jpg,0.166666667,0,,12,2,0,,12/20/2020 0:43:22
1921,4-A-1645.jpg,0,0,,12,0,0,,12/20/2020 0:43:08
1922,4-A-1646.jpg,0.090909091,0,,11,1,0,,12/20/2020 0:42:54
1923,4-A-1647.jpg,0,0,,12,0,0,,12/20/2020 0:42:38
1924,4-A-1648.jpg,0,0,,12,0,0,,12/20/2020 0:42:24
1925,4-A-1649.jpg,0.083333333,0,,12,1,0,,12/20/2020 0:41:53
1926,4-A-1650.jpg,0,0.333333333,,12,0,4,,12/12/2020 4:13:05
1927,4-A-1651.jpg,0,0,,12,0,0,,12/12/2020 4:12:47
1928,4-A-1652.jpg,0.25,0,,12,3,0,,12/12/2020 4:12:34
1929,4-A-1653.jpg,0,0,,12,0,0,,12/12/2020 4:12:23
1930,4-A-1654.jpg,0,0.166666667,,12,0,2,,12/12/2020 4:12:09
1931,4-A-1655.jpg,0.166666667,0,,12,2,0,,12/12/2020 4:11:54
1932,4-B-0001.jpg,0.083333333,0,,12,1,0,,12/12/2020 4:10:11
1933,4-B-0002.jpg,0,0,,12,0,0,,12/12/2020 4:09:26
1934,4-B-0003.jpg,0,0.166666667,,12,0,2,"two white, also three yellowgreen",12/12/2020 4:09:16
1935,4-B-0004.jpg,0.583333333,0,,12,7,0,,12/12/2020 4:09:02
1936,4-B-0005.jpg,0,0,,12,0,0,,12/12/2020 4:08:47
1937,4-B-0006.jpg,0.166666667,0,,12,2,0,,12/12/2020 4:08:29
1938,4-B-0007.jpg,0,0.25,,12,0,3,yellow green. borderline,12/12/2020 4:07:55
1939,4-B-0008.jpg,0,0,,12,0,0,,12/12/2020 4:07:39
1940,4-B-0009.jpg,0,0,,12,0,0,,12/12/2020 4:07:26
1941,4-B-0010.jpg,0.166666667,0,,12,2,0,,12/12/2020 4:07:04
1942,4-B-0011.jpg,0,0,,12,0,0,,12/12/2020 4:06:50
1943,4-B-0012.jpg,0.166666667,0,,12,2,0,,12/12/2020 4:06:37
1944,4-B-0013.jpg,0,0,,12,0,0,"1 spiral, three kinda different brownish green color",12/12/2020 4:06:01
1945,4-B-0014.jpg,0,0.272727273,,11,0,3,,12/12/2020 4:05:43
1946,4-B-0015.jpg,0,0,,12,0,0,one pink root,12/12/2020 4:05:21
1947,4-B-0016.jpg,0.25,0,,12,3,0,,12/12/2020 4:04:42
1948,4-B-0017.jpg,0.083333333,0,,12,1,0,,12/12/2020 4:03:50
1949,4-B-0018.jpg,0,0.083333333,,12,0,1,,12/12/2020 3:56:08
1950,4-B-0019.jpg,0.083333333,0,,12,1,0,,12/12/2020 3:55:14
1951,4-B-0020.jpg,0,0,,12,0,0,four spiraly big shoots,12/12/2020 3:54:03
1952,4-B-0021.jpg,0,0,,12,0,0,,12/12/2020 3:52:55
1953,4-B-0022.jpg,0,0,,12,0,0,,12/12/2020 3:52:08
1954,4-B-0023.jpg,0,0,,12,0,0,one spiral,12/12/2020 3:51:08
1955,4-B-0024.jpg,0,0.083333333,,12,0,1,,12/12/2020 3:50:03
1956,4-B-0025.jpg,0,0,,12,0,0,"yellow green shoots, but leaves not out so not sure",12/12/2020 3:48:50
1957,4-B-0026.jpg,0,0.25,,12,0,3,,12/12/2020 3:47:48
1958,4-B-0027.jpg,0,0,,12,0,0,,12/12/2020 3:46:38
1959,4-B-0028.jpg,0.083333333,0,,12,1,0,,12/12/2020 3:45:34
1960,4-B-0029.jpg,0,0,,12,0,0,,12/12/2020 3:44:38
1961,4-B-0030.jpg,0,0,,12,0,0,,12/12/2020 3:43:36
1962,4-B-0031.jpg,0,0.333333333,,12,0,4,white,12/12/2020 3:42:07
1963,4-B-0032.jpg,0,0,,12,0,0,one black shoot,12/12/2020 3:40:27
1964,4-B-0033.jpg,0,0.083333333,,12,0,1,,12/12/2020 3:39:09
1965,4-B-0034.jpg,0,0,,12,0,0,,12/12/2020 3:38:18
1966,4-B-0035.jpg,0,0,,12,0,0,,12/12/2020 3:38:04
1967,4-B-0036.jpg,0,0,,12,0,0,,12/12/2020 3:37:51
1968,4-B-0037.jpg,0,0.25,,12,0,3,,12/12/2020 3:37:38
1969,4-B-0038.jpg,0.666666667,0,,12,8,0,,12/12/2020 3:37:21
1970,4-B-0039.jpg,0.5,0,,12,6,0,,12/12/2020 3:37:08
1971,4-B-0040.jpg,0.333333333,0,,12,4,0,,12/12/2020 3:36:53
1972,4-B-0041.jpg,0.583333333,0,,12,7,0,,12/12/2020 3:36:38
1973,4-B-0042.jpg,0.583333333,0,,12,7,0,,12/12/2020 3:36:21
1974,4-B-0043.jpg,0.846153846,0,,13,11,0,,12/12/2020 3:36:04
1975,4-B-0044.jpg,0,0,,12,0,0,,12/12/2020 3:35:50
1976,4-B-0045.jpg,0.5,0.416666667,,12,6,5,,12/12/2020 3:35:32
1977,4-B-0046.jpg,0.583333333,0,,12,7,0,,12/12/2020 3:35:12
1978,4-B-0047.jpg,0.166666667,0,,12,2,0,,12/12/2020 3:34:59
1979,4-B-0048.jpg,0.5,0,,12,6,0,,12/12/2020 3:34:44
1980,4-B-0049.jpg,0.5,0,,12,6,0,,12/12/2020 3:34:23
1981,4-B-0050.jpg,0.166666667,0,,12,2,0,,12/12/2020 3:33:39
1982,4-B-0051.jpg,0.583333333,0,,12,7,0,one spiraly,12/12/2020 3:33:21
1983,4-B-0052.jpg,0.166666667,0,,12,2,0,,12/12/2020 3:33:09
1984,4-B-0053.jpg,0.083333333,0,,12,1,0,,12/12/2020 3:32:55
1985,4-B-0054.jpg,0.833333333,0,,12,10,0,,12/12/2020 3:32:33
1986,4-B-0055.jpg,0.083333333,0,,12,1,0,,12/12/2020 3:32:17
1987,4-B-0056.jpg,0.583333333,0,,12,7,0,,12/12/2020 3:32:00
1988,4-B-0057.jpg,0.916666667,0,,12,11,0,,12/12/2020 3:31:43
1989,4-B-0058.jpg,0.666666667,0,,12,8,0,,12/12/2020 3:31:30
1990,4-B-0059.jpg,0.666666667,0,,12,8,0,,12/12/2020 3:31:10
1991,4-B-0060.jpg,0.333333333,0,,12,4,0,,12/12/2020 3:30:56
1992,4-B-0063.jpg,0.333333333,0,,12,4,0,,12/12/2020 3:30:39
1993,4-B-0064.jpg,0.166666667,0,,12,2,0,,12/12/2020 3:30:26
1994,4-B-0065.jpg,0.25,0,,12,3,0,,12/12/2020 3:30:13
1995,4-B-0066.jpg,0,0,,12,0,0,,12/12/2020 3:29:58
1996,4-B-0067.jpg,0.5,0,,12,6,0,,12/12/2020 3:29:42
1997,4-B-0068.jpg,0.583333333,0,,12,7,0,,12/12/2020 3:29:19
1998,4-B-0069.jpg,0.25,0,,12,3,0,,12/12/2020 3:29:06
1999,4-B-0070.jpg,0.416666667,0,,12,5,0,,12/12/2020 3:28:50
2000,4-B-0071.jpg,0.166666667,0,,12,2,0,,12/12/2020 3:28:35
2001,4-B-0072.jpg,0.416666667,0,,12,5,0,,12/12/2020 3:28:10
2002,4-B-0073.jpg,0.333333333,0,,12,4,0,,12/12/2020 3:27:56
2003,5-B-0074.jpg,1,0,,12,12,0,moldy,12/7/2020 16:19:51
2004,5-B-0075.jpg,0,0,,12,0,0,,12/7/2020 16:20:14
2005,5-B-0076.jpg,0.181818182,0,,11,2,0,,12/7/2020 16:20:40
2006,5-B-0077.jpg,1,0,,12,12,0,moldy,12/7/2020 16:20:53
2007,5-B-0078.jpg,0.166666667,0.25,,12,2,3,,12/7/2020 16:21:12
2008,5-B-0079.jpg,0,0,,12,0,0,one long root without shoot,12/7/2020 16:21:28
2009,5-B-0080.jpg,0.25,0,,12,3,0,,12/7/2020 16:21:56
2010,5-B-0081.jpg,0,0.166666667,,12,0,2,,12/7/2020 16:22:14
2011,5-B-0082.jpg,0,0,,12,0,0,,12/7/2020 16:22:26
2012,5-B-0083.jpg,0.333333333,0,,12,4,0,,12/7/2020 16:22:49
2013,5-B-0084.jpg,0.909090909,0,,11,10,0,,12/7/2020 16:23:08
2014,5-B-0085.jpg,0,0,,11,0,0,,12/7/2020 16:23:22
2015,5-B-0086.jpg,0,0,,12,0,0,,12/7/2020 16:23:37
2016,5-B-0087.jpg,0,0,,12,0,0,3 spiral wihtout upward shoot growth,12/7/2020 16:23:52
2017,5-B-0088.jpg,0.181818182,0,,11,2,0,,12/7/2020 16:24:21
2018,5-B-0089.jpg,0,0.166666667,,12,0,2,,12/7/2020 16:24:37
2019,5-B-0090.jpg,0,0,,12,0,0,,12/7/2020 16:24:55
2020,5-B-0091.jpg,0,0,,12,0,0,one gravitropism,12/7/2020 16:25:17
2021,5-B-0092.jpg,0,0,,11,0,0,,12/7/2020 16:25:35
2022,5-B-0093.jpg,0,0,,12,0,0,,12/7/2020 16:25:53
2023,5-B-0094.jpg,0.083333333,0.25,,12,1,3,,12/7/2020 16:26:10
2024,5-B-0095.jpg,0.25,0.25,,12,3,3,,12/7/2020 16:26:27
2025,5-B-0096.jpg,0,0,,12,0,0,,12/7/2020 16:26:43
2026,5-B-0097.jpg,0.083333333,0,,12,1,0,two gravitropsim,12/7/2020 16:27:03
2027,5-B-0098.jpg,0,0.166666667,,12,0,2,two spiraly,12/7/2020 16:27:32
2028,5-B-0099.jpg,0,0,,12,0,0,one spiraly,12/7/2020 16:27:56
2029,5-B-0100.jpg,0,0.166666667,,12,0,2,,12/7/2020 16:28:17
2030,5-B-0101.jpg,0,0,,12,0,0,one not growing up,12/7/2020 16:28:31
2031,5-B-0102.jpg,0,0,,12,0,0,three gravitropsim,12/7/2020 16:29:00
2032,5-B-0103.jpg,0,0,,12,0,0,four with way more root and no shoot,12/7/2020 16:29:32
2033,5-B-0104.jpg,0,0.166666667,,12,0,2,,12/7/2020 16:29:57
2034,5-B-0105.jpg,0,0,,12,0,0,,12/7/2020 16:30:14
2035,5-B-0106.jpg,0,0,,12,0,0,two with way more root than shoot,12/7/2020 16:30:32
2036,5-B-0107.jpg,0,0,,12,0,0,,12/7/2020 16:30:53
2037,5-B-0108.jpg,0,0,,12,0,0,3 spiraly,12/7/2020 16:31:15
2038,5-B-0109.jpg,0.083333333,0.166666667,,12,1,2,,12/7/2020 16:31:33
2039,5-B-0110.jpg,0,0,,12,0,0,,12/7/2020 16:31:50
2040,5-B-0111.jpg,0,0,,12,0,0,,12/7/2020 16:32:03
2041,5-B-0112.jpg,0.083333333,0,,12,1,0,,12/7/2020 16:32:20
2042,5-B-0113.jpg,0,0,,12,0,0,,12/7/2020 16:32:41
2043,5-B-0114.jpg,0.090909091,0,,11,1,0,,12/7/2020 16:32:54
2044,5-B-0115.jpg,0.416666667,0,,12,5,0,,12/7/2020 16:33:11
2045,5-B-0116.jpg,0.083333333,0,,12,1,0,"one spiraly, two no shoot growth",12/7/2020 16:33:30
2046,5-B-0117.jpg,0.166666667,0,,12,2,0,"one lots of root no shoot, one shoot spiral",12/7/2020 16:34:04
2047,5-B-0118.jpg,0.5,0,,12,6,0,,12/7/2020 16:34:52
2048,5-B-0119.jpg,0,0,,12,0,0,,12/7/2020 16:35:08
2049,5-B-0120.jpg,0.083333333,0,,12,1,0,,12/7/2020 16:35:25
2050,5-B-0121.jpg,0,0,,12,0,0,,12/7/2020 16:35:47
2051,5-B-0122.jpg,0,0,,12,0,0,one with pink roots,12/7/2020 16:36:04
2052,5-B-0123.jpg,0.333333333,0,,12,4,0,,12/7/2020 16:36:28
2053,5-B-0124.jpg,0.5,0,,12,6,0,,12/7/2020 16:36:45
2054,5-B-0125.jpg,0.083333333,0,,12,1,0,,12/7/2020 16:36:58
2055,5-B-0126.jpg,0.083333333,0,,12,1,0,,12/7/2020 16:37:20
2056,5-B-0127.jpg,0,0,,12,0,0,,12/7/2020 16:37:35
2057,5-B-0128.jpg,0,0,,12,0,0,,12/7/2020 16:37:54
2058,5-B-0129.jpg,0,0,,12,0,0,,12/7/2020 16:38:11
2059,5-B-0130.jpg,0.166666667,0,,12,2,0,two without shoot growth but long roots,12/7/2020 16:38:33
2060,5-B-0131.jpg,0,0,,12,0,0,,12/7/2020 18:46:47
2061,5-B-0132.jpg,0,0,,12,0,0,1 without shoot,12/7/2020 18:47:17
2062,5-B-0133.jpg,0,0,,12,0,0,1 without shoot,12/7/2020 18:47:52
2063,5-B-0134.jpg,0,0,,12,0,0,,12/7/2020 18:48:17
2064,5-B-0135.jpg,0.083333333,0,,12,1,0,,12/7/2020 18:48:49
2065,5-B-0136.jpg,0,0,,12,0,0,,12/7/2020 18:49:23
2066,5-B-0137.jpg,0,0,,12,0,0,,12/7/2020 18:49:40
2067,5-B-0138.jpg,0,0,,12,0,0,"2 without shoot, long root",12/7/2020 18:50:09
2068,5-B-0139.jpg,0.083333333,0,,12,1,0,,12/7/2020 18:50:28
2069,5-B-0140.jpg,0.75,0,,12,9,0,,12/7/2020 18:50:43
2070,5-B-0141.jpg,0.333333333,0,,12,4,0,,12/7/2020 18:51:00
2071,5-B-0142.jpg,0,0,,12,0,0,"2 without shoot long root, one lighter green but not quite chlorotic?",12/7/2020 18:51:19
2072,5-B-0143.jpg,0.083333333,0,,12,1,0,,12/7/2020 18:51:47
2073,5-B-0144.jpg,0.666666667,0,,12,8,0,,12/7/2020 18:52:06
2074,5-B-0145.jpg,0,0,,12,0,0,,12/7/2020 18:52:19
2075,5-B-0146.jpg,0.083333333,0,,12,1,0,,12/7/2020 18:52:33
2076,5-B-0147.jpg,0.083333333,0,,12,1,0,,12/7/2020 18:52:47
2077,5-B-0148.jpg,0.166666667,0,,12,2,0,,12/7/2020 18:53:03
2078,5-B-0149.jpg,0.25,0,,12,3,0,,12/7/2020 18:53:21
2079,5-B-0150.jpg,0,0,,12,0,0,,12/7/2020 18:53:36
2080,5-B-0151.jpg,0,0,,12,0,0,,12/7/2020 18:53:49
2081,5-B-0152.jpg,0.333333333,0,,12,4,0,,12/7/2020 18:54:05
2082,5-B-0153.jpg,0.083333333,0,,12,1,0,,12/7/2020 18:54:27
2083,5-B-0154.jpg,0.083333333,0,,12,1,0,one without shoot only root,12/7/2020 18:54:42
2084,5-B-0155.jpg,0,0,,12,0,0,,12/7/2020 18:55:01
2085,5-B-0156.jpg,0.615384615,0,,13,8,0,moldy,12/7/2020 18:55:28
2086,5-B-0157.jpg,0.083333333,0,,12,1,0,,12/7/2020 18:55:46
2087,5-B-0158.jpg,0.25,0,,12,3,0,variation in red,12/7/2020 18:56:04
2088,5-B-0159.jpg,0.083333333,0,,12,1,0,,12/7/2020 18:56:56
2089,5-B-0160.jpg,0,0,,12,0,0,"one root only, one shoot only",
2090,5-B-0161.jpg,0.416666667,0,,12,5,0,three root only,12/7/2020 20:33:04
2091,5-B-0162.jpg,0.166666667,0,,12,2,0,one spiral,12/7/2020 20:33:33
2092,5-B-0163.jpg,0,0,,12,0,0,one borderline nongerminant,12/7/2020 20:34:11
2093,5-B-0164.jpg,0,0,,12,0,0,one no shoot long root,12/7/2020 20:34:36
2094,5-B-0165.jpg,0.25,0,,12,3,0,two spiral strange branching,12/7/2020 20:35:37
2095,5-B-0166.jpg,0,0,,12,0,0,,12/7/2020 20:36:11
2096,5-B-0167.jpg,0,0,,12,0,0,,12/7/2020 20:36:29
2097,5-B-0168.jpg,0,0,,12,0,0,one no shoot,12/7/2020 20:36:44
2098,5-B-0169.jpg,0,0,,12,0,0,,12/7/2020 20:37:16
2099,5-B-0170.jpg,0,0,,12,0,0,,12/7/2020 20:37:28
2100,5-B-0171.jpg,0,0.5,,12,0,6,,12/7/2020 20:38:28
2101,5-B-0172.jpg,0,0,,12,0,0,two root only,12/7/2020 20:38:43
2102,5-B-0173.jpg,0,0,,12,0,0,,12/7/2020 20:39:04
2103,5-B-0174.jpg,0,0,,12,0,0,one root only,12/7/2020 20:39:18
2104,5-B-0175.jpg,0,0,,12,0,0,"three red shoot, one no shoot",12/7/2020 20:39:40
2105,5-B-0176.jpg,0,0,,12,0,0,three red shoot,12/7/2020 20:40:00
2106,5-B-0177.jpg,0,0,,12,0,0,"two red shoot, one no shoot",12/7/2020 20:40:21
2107,5-B-0178.jpg,0,0,,12,0,0,"four red shoot, one no shoot",12/7/2020 20:40:45
2108,5-B-0179.jpg,0,0,,12,0,0,two no shoot,12/7/2020 20:41:17
2109,5-B-0180.jpg,0,0,,12,0,0,three puny shoots,12/7/2020 20:41:36
2110,5-B-0181.jpg,0.083333333,0,,12,1,0,,12/7/2020 20:42:05
2111,5-B-0182.jpg,0,0,,12,0,0,two no shoot,12/7/2020 20:42:19
2112,5-B-0183.jpg,0.166666667,0,,12,2,0,,12/7/2020 20:42:35
2113,5-B-0184.jpg,0,0,,12,0,0,one no shoot,12/7/2020 20:42:49
2114,5-B-0185.jpg,0,0,,12,0,0,one no shoot,12/7/2020 20:43:06
2115,5-B-0186.jpg,0,0,,12,0,0,,12/7/2020 20:43:22
2116,5-B-0187.jpg,0,0,,12,0,0,,12/7/2020 20:43:36
2117,5-B-0188.jpg,0,0,,12,0,0,,12/7/2020 20:43:52
2118,5-B-0189.jpg,0.333333333,0,,12,4,0,one no shoot,12/7/2020 20:45:11
2119,5-B-0190.jpg,0,0,,12,0,0,two spiraly,12/7/2020 20:45:38
2120,5-B-0191.jpg,0.166666667,0,,12,2,0,,12/7/2020 20:45:59
2121,5-B-0192.jpg,0.333333333,0.166666667,,12,4,2,,12/7/2020 20:46:19
2122,5-B-0193.jpg,0.083333333,0,,12,1,0,one gravitropism,12/7/2020 20:46:40
2123,5-B-0194.jpg,0,0,,12,0,0,one no shoot,12/7/2020 20:47:01
2124,5-B-0195.jpg,0,0,,12,0,0,,12/7/2020 20:47:23
2125,5-B-0196.jpg,0,0,,12,0,0,one gravitropism,12/7/2020 20:47:46
2126,5-B-0197.jpg,0,0,,12,0,0,,12/7/2020 20:48:05
2127,5-B-0198.jpg,0,0,,12,0,0,,12/7/2020 20:48:19
2128,5-B-0199.jpg,0.083333333,0,,12,1,0,,12/7/2020 20:48:35
2129,5-B-0200.jpg,0,0,,12,0,0,,12/7/2020 20:48:51
2130,5-B-0201.jpg,0.083333333,0,,12,1,0,two yellow/green,12/7/2020 20:49:10
2131,5-B-0202.jpg,0,0,,12,0,0,,12/7/2020 20:49:35
2132,5-B-0203.jpg,0,0.083333333,,12,0,1,very white chlorotic,12/7/2020 20:49:55
2133,5-B-0204.jpg,0,0,,12,0,0,,12/7/2020 20:50:24
2134,5-B-0205.jpg,0.166666667,0,,12,2,0,,12/7/2020 20:50:44
2135,5-B-0206.jpg,0,0,,12,0,0,,12/7/2020 20:51:00
2136,5-B-0207.jpg,0.083333333,0,,12,1,0,,12/7/2020 20:51:14
2137,5-B-0208.jpg,0,0,,12,0,0,one no shoot,12/7/2020 20:51:31
2138,5-B-0209.jpg,0,0.333333333,,12,0,4,"one no shoot, chlorotic very white",12/7/2020 20:52:09
2139,5-B-0210.jpg,0,0,,12,0,0,,12/7/2020 20:54:07
2140,5-B-0211.jpg,0,0,,12,0,0,,12/7/2020 20:54:23
2141,5-B-0212.jpg,0,0,,12,0,0,,12/7/2020 20:54:37
2142,5-B-0213.jpg,0,0,,12,0,0,,12/7/2020 20:54:52
2143,5-B-0214.jpg,0.166666667,0,,12,2,0,,12/7/2020 20:55:11
2144,5-B-0215.jpg,0,0,,12,0,0,,12/7/2020 20:55:25
2145,5-B-0216.jpg,0.083333333,0,,12,1,0,,12/7/2020 20:55:43
2146,5-B-0217.jpg,0,0,,12,0,0,,12/7/2020 20:56:12
2147,5-B-0218.jpg,0,0,,12,0,0,one no shoot,12/7/2020 20:56:26
2148,5-B-0219.jpg,0.166666667,0,,12,2,0,two no shoot,12/7/2020 20:56:48
2149,5-B-0220.jpg,0.166666667,0,,12,2,0,,12/7/2020 20:57:08
2150,5-B-0221.jpg,0,0,,12,0,0,,12/7/2020 20:57:29
2151,5-B-0222.jpg,0,0.333333333,,12,0,4,really white chlorotic,12/7/2020 20:57:46
2152,5-B-0223.jpg,0,0.083333333,,12,0,1,,12/7/2020 20:58:07
2153,5-B-0224.jpg,0.083333333,0,,12,1,0,,12/7/2020 20:58:29
2154,5-B-0225.jpg,0,0,,12,0,0,1 really slow growing,12/7/2020 20:58:48
2155,5-B-0226.jpg,0.083333333,0.166666667,,12,1,2,yellowish chlorotic,12/7/2020 20:59:12
2156,5-B-0227.jpg,0,0,,12,0,0,,12/7/2020 21:03:12
2157,5-B-0228.jpg,0.083333333,0,,12,1,0,,12/7/2020 21:03:29
2158,5-B-0229.jpg,0,0,,12,0,0,two no shoot,12/7/2020 21:03:54
2159,5-B-0230.jpg,0.083333333,0,,12,1,0,,12/7/2020 22:42:07
2160,5-B-0231.jpg,0,0,,12,0,0,,12/7/2020 22:42:22
2161,5-B-0232.jpg,0,0,,12,0,0,,12/7/2020 22:42:35
2162,5-B-0233.jpg,0,0,,12,0,0,,12/7/2020 22:42:51
2163,5-B-0234.jpg,0,0,,12,0,0,,12/7/2020 22:43:06
2164,5-B-0235.jpg,0,0,,12,0,0,,12/7/2020 22:43:20
2165,5-B-0236.jpg,0,0,,12,0,0,moldy one lacking root one lacking shoot,12/7/2020 22:43:37
2166,5-B-0237.jpg,0.083333333,0,,12,1,0,,12/7/2020 22:44:01
2167,5-B-0238.jpg,0,0,,12,0,0,,12/7/2020 22:44:18
2168,5-B-0239.jpg,0,0,,12,0,0,,12/7/2020 22:44:32
2169,5-B-0240.jpg,0,0,,12,0,0,one spiraly,12/7/2020 22:44:50
2170,5-B-0241.jpg,0,0,,12,0,0,one root only,12/7/2020 22:45:11
2171,5-B-0242.jpg,0,0,,12,0,0,,12/7/2020 22:45:31
2172,5-B-0243.jpg,0.083333333,0.166666667,,12,1,2,,12/7/2020 22:45:52
2173,5-B-0244.jpg,0,0,,12,0,0,,12/7/2020 22:46:05
2174,5-B-0245.jpg,0,0,,12,0,0,,12/7/2020 22:46:21
2175,5-B-0246.jpg,0,0,,12,0,0,2 wothout shoot,12/7/2020 22:47:57
2176,5-B-0247.jpg,0.083333333,0.083333333,,12,1,1,,12/7/2020 22:48:14
2177,5-B-0248.jpg,0,0,,12,0,0,"one without root, one without shoot",12/7/2020 22:48:32
2178,5-B-0249.jpg,0.083333333,0,,12,1,0,,12/7/2020 22:48:52
2179,5-B-0250.jpg,0,0,,12,0,0,,12/7/2020 22:49:07
2180,5-B-0251.jpg,0.333333333,0.083333333,,12,4,1,one without shoot,12/7/2020 22:49:25
2181,5-B-0252.jpg,0,0,,12,0,0,,12/7/2020 22:49:41
2182,5-B-0253.jpg,0,0,,12,0,0,,12/7/2020 22:49:59
2183,5-B-0254.jpg,0,0,,12,0,0,,12/7/2020 22:50:12
2184,5-B-0255.jpg,0,0,,12,0,0,,12/7/2020 22:50:25
2185,5-B-0256.jpg,0.083333333,0.083333333,,12,1,1,,12/7/2020 22:50:40
2186,5-B-0257.jpg,0.25,0,,12,3,0,,12/7/2020 22:50:54
2187,5-B-0258.jpg,0.083333333,0,,12,1,0,,12/7/2020 22:51:10
2188,5-B-0259.jpg,0,0,,12,0,0,,12/7/2020 22:51:22
2189,5-B-0260.jpg,0.083333333,0,,12,1,0,,12/7/2020 22:51:34
2190,5-B-0261.jpg,0.083333333,0.166666667,,12,1,2,,12/7/2020 22:51:51
2191,5-B-0262.jpg,0,0,,12,0,0,,12/7/2020 22:52:05
2192,5-B-0263.jpg,0.083333333,0.166666667,,12,1,2,,12/7/2020 22:52:19
2193,5-B-0264.jpg,0.083333333,0.416666667,,12,1,5,one without shoot,12/7/2020 22:52:41
2194,5-B-0265.jpg,0,0,,12,0,0,,12/7/2020 22:53:02
2195,5-B-0266.jpg,0.083333333,0,,12,1,0,,12/7/2020 22:53:18
2196,5-B-0267.jpg,0,0,,12,0,0,one without shoot,12/7/2020 22:53:41
2197,5-B-0268.jpg,0,0,,12,0,0,,12/7/2020 22:53:52
2198,5-B-0269.jpg,0.083333333,0,,12,1,0,two without shoot,12/7/2020 22:54:06
2199,5-B-0270.jpg,0,0.083333333,,12,0,1,yellowish,12/7/2020 22:54:24
2200,5-B-0271.jpg,0,0.25,,12,0,3,,12/7/2020 22:54:46
,,,,,,,,,
,,,,,,,,,
,,,,,,,,,
,,,,,,,,,
,,,,,,,,,
,,,,,,,,,
,,,,,,,,,
,,,,,,,,,
,,,,,,,,,
,,,,,,,,,
,,,,,,,,,
,,,,,,,,,
,,,,,,,,,
,,,,,,,,,
,,,,,,,,,
,,,,,,,,,
,,,,,,,,,
,,,,,,,,,
,,,,,,,,,
,,,,,,,,,
,,,,,,,,,
,,,,,,,,,
,,,,,,,,,
,,,,,,,,,
,,,,,,,,,
,,,,,,,,,
,,,,,,,,,
,,,,,,,,,
,,,,,,,,,
,,,,,,,,,
,,,,,,,,,
,,,,,,,,,
,,,,,,,,,
,,,,,,,,,
,,,,,,,,,
,,,,,,,,,
,,,,,,,,,
,,,,,,,,,
,,,,,,,,,
,,,,,,,,,
,,,,,,,,,
,,,,,,,,,
,,,,,,,,,
,,,,,,,,,
,,,,,,,,,
,,,,,,,,,
,,,,,,,,,
,,,,,,,,,
,,,,,,,,,
,,,,,,,,,
,,,,,,,,,
,,,,,,,,,
,,,,,,,,,
,,,,,,,,,
,,,,,,,,,
,,,,,,,,,
,,,,,,,,,
,,,,,,,,,
,,,,,,,,,
,,,,,,,,,
,,,,,,,,,
,,,,,,,,,
,,,,,,,,,
,,,,,,,,,
,,,,,,,,,
,,,,,,,,,
,,,,,,,,,
,,,,,,,,,
,,,,,,,,,
,,,,,,,,,
,,,,,,,,,
,,,,,,,,,
,,,,,,,,,
,,,,,,,,,
,,,,,,,,,
,,,,,,,,,
,,,,,,,,,
,,,,,,,,,
,,,,,,,,,
,,,,,,,,,
,,,,,,,,,
,,,,,,,,,
,,,,,,,,,
,,,,,,,,,
,,,,,,,,,
,,,,,,,,,
,,,,,,,,,
,,,,,,,,,
,,,,,,,,,
,,,,,,,,,
,,,,,,,,,
,,,,,,,,,
,,,,,,,,,
,,,,,,,,,
,,,,,,,,,
,,,,,,,,,
,,,,,,,,,
,,,,,,,,,
,,,,,,,,,
,,,,,,,,,
,,,,,,,,,
,,,,,,,,,
,,,,,,,,,
,,,,,,,,,
,,,,,,,,,
,,,,,,,,,
,,,,,,,,,
,,,,,,,,,
,,,,,,,,,
,,,,,,,,,
,,,,,,,,,
,,,,,,,,,
,,,,,,,,,
,,,,,,,,,
,,,,,,,,,
,,,,,,,,,
,,,,,,,,,
,,,,,,,,,
,,,,,,,,,
,,,,,,,,,
,,,,,,,,,
,,,,,,,,,
,,,,,,,,,
,,,,,,,,,
,,,,,,,,,
,,,,,,,,,
,,,,,,,,,
,,,,,,,,,
,,,,,,,,,
,,,,,,,,,
,,,,,,,,,
,,,,,,,,,
,,,,,,,,,
,,,,,,,,,
,,,,,,,,,
,,,,,,,,,
,,,,,,,,,
,,,,,,,,,
,,,,,,,,,
,,,,,,,,,
,,,,,,,,,
,,,,,,,,,
,,,,,,,,,
,,,,,,,,,
,,,,,,,,,
,,,,,,,,,
,,,,,,,,,
,,,,,,,,,
,,,,,,,,,
,,,,,,,,,
,,,,,,,,,
,,,,,,,,,
,,,,,,,,,
,,,,,,,,,
,,,,,,,,,
,,,,,,,,,
,,,,,,,,,
,,,,,,,,,
,,,,,,,,,
,,,,,,,,,
,,,,,,,,,
,,,,,,,,,
,,,,,,,,,
,,,,,,,,,
,,,,,,,,,
,,,,,,,,,
,,,,,,,,,
,,,,,,,,,
,,,,,,,,,
,,,,,,,,,
,,,,,,,,,
,,,,,,,,,
,,,,,,,,,
,,,,,,,,,
,,,,,,,,,
,,,,,,,,,
,,,,,,,,,
,,,,,,,,,
,,,,,,,,,
,,,,,,,,,
,,,,,,,,,
,,,,,,,,,
,,,,,,,,,
,,,,,,,,,
,,,,,,,,,
,,,,,,,,,
,,,,,,,,,
,,,,,,,,,
,,,,,,,,,
,,,,,,,,,
,,,,,,,,,
,,,,,,,,,
,,,,,,,,,
,,,,,,,,,
,,,,,,,,,
,,,,,,,,,
,,,,,,,,,
,,,,,,,,,
,,,,,,,,,
,,,,,,,,,
,,,,,,,,,
,,,,,,,,,
,,,,,,,,,
,,,,,,,,,
,,,,,,,,,
,,,,,,,,,
,,,,,,,,,
,,,,,,,,,
,,,,,,,,,
,,,,,,,,,
,,,,,,,,,
,,,,,,,,,
,,,,,,,,,
,,,,,,,,,
,,,,,,,,,
,,,,,,,,,
,,,,,,,,,
,,,,,,,,,
,,,,,,,,,
,,,,,,,,,
,,,,,,,,,
,,,,,,,,,
,,,,,,,,,
,,,,,,,,,
,,,,,,,,,
,,,,,,,,,
,,,,,,,,,
,,,,,,,,,
,,,,,,,,,
,,,,,,,,,
,,,,,,,,,
,,,,,,,,,
,,,,,,,,,
,,,,,,,,,
,,,,,,,,,
,,,,,,,,,
,,,,,,,,,
,,,,,,,,,
,,,,,,,,,
,,,,,,,,,
,,,,,,,,,
,,,,,,,,,
,,,,,,,,,
,,,,,,,,,
,,,,,,,,,
,,,,,,,,,
,,,,,,,,,
,,,,,,,,,
,,,,,,,,,
,,,,,,,,,
,,,,,,,,,
,,,,,,,,,
,,,,,,,,,
,,,,,,,,,
,,,,,,,,,
,,,,,,,,,
,,,,,,,,,
,,,,,,,,,
,,,,,,,,,
,,,,,,,,,
,,,,,,,,,
,,,,,,,,,
,,,,,,,,,
,,,,,,,,,
,,,,,,,,,
,,,,,,,,,
,,,,,,,,,
,,,,,,,,,
,,,,,,,,,
,,,,,,,,,
,,,,,,,,,
,,,,,,,,,
,,,,,,,,,
,,,,,,,,,
,,,,,,,,,
,,,,,,,,,
,,,,,,,,,
,,,,,,,,,
,,,,,,,,,
,,,,,,,,,
,,,,,,,,,
,,,,,,,,,
,,,,,,,,,
,,,,,,,,,
,,,,,,,,,
,,,,,,,,,
,,,,,,,,,
,,,,,,,,,
,,,,,,,,,
,,,,,,,,,
,,,,,,,,,
,,,,,,,,,
,,,,,,,,,
,,,,,,,,,
,,,,,,,,,
,,,,,,,,,
,,,,,,,,,
,,,,,,,,,
,,,,,,,,,
,,,,,,,,,
,,,,,,,,,
,,,,,,,,,
,,,,,,,,,
,,,,,,,,,
,,,,,,,,,
,,,,,,,,,
,,,,,,,,,
,,,,,,,,,
,,,,,,,,,
,,,,,,,,,
,,,,,,,,,
,,,,,,,,,
,,,,,,,,,
,,,,,,,,,
,,,,,,,,,
,,,,,,,,,
,,,,,,,,,
,,,,,,,,,
,,,,,,,,,
,,,,,,,,,
,,,,,,,,,
,,,,,,,,,
,,,,,,,,,
,,,,,,,,,
,,,,,,,,,
,,,,,,,,,
,,,,,,,,,
,,,,,,,,,
,,,,,,,,,
,,,,,,,,,
,,,,,,,,,
,,,,,,,,,
,,,,,,,,,
,,,,,,,,,
,,,,,,,,,
,,,,,,,,,
,,,,,,,,,
,,,,,,,,,
,,,,,,,,,
,,,,,,,,,
,,,,,,,,,
,,,,,,,,,
,,,,,,,,,
,,,,,,,,,
,,,,,,,,,
,,,,,,,,,
,,,,,,,,,
,,,,,,,,,
,,,,,,,,,
,,,,,,,,,
,,,,,,,,,
,,,,,,,,,
,,,,,,,,,
,,,,,,,,,
,,,,,,,,,
,,,,,,,,,
,,,,,,,,,
,,,,,,,,,
,,,,,,,,,
,,,,,,,,,
,,,,,,,,,
,,,,,,,,,
,,,,,,,,,
,,,,,,,,,
,,,,,,,,,
,,,,,,,,,
,,,,,,,,,
,,,,,,,,,
,,,,,,,,,
,,,,,,,,,
,,,,,,,,,
,,,,,,,,,
,,,,,,,,,
,,,,,,,,,
,,,,,,,,,
,,,,,,,,,
,,,,,,,,,
,,,,,,,,,
,,,,,,,,,
,,,,,,,,,
,,,,,,,,,
,,,,,,,,,
,,,,,,,,,
,,,,,,,,,
,,,,,,,,,
,,,,,,,,,
,,,,,,,,,
,,,,,,,,,
,,,,,,,,,
,,,,,,,,,
,,,,,,,,,
,,,,,,,,,
,,,,,,,,,
,,,,,,,,,
,,,,,,,,,
,,,,,,,,,
,,,,,,,,,
,,,,,,,,,
,,,,,,,,,
,,,,,,,,,
,,,,,,,,,
,,,,,,,,,
,,,,,,,,,
,,,,,,,,,
,,,,,,,,,
,,,,,,,,,
,,,,,,,,,
,,,,,,,,,
,,,,,,,,,
,,,,,,,,,
,,,,,,,,,
,,,,,,,,,
,,,,,,,,,
,,,,,,,,,
,,,,,,,,,
,,,,,,,,,
,,,,,,,,,
,,,,,,,,,
,,,,,,,,,
,,,,,,,,,
,,,,,,,,,
,,,,,,,,,
,,,,,,,,,
,,,,,,,,,
,,,,,,,,,
,,,,,,,,,
,,,,,,,,,
,,,,,,,,,
,,,,,,,,,
,,,,,,,,,
,,,,,,,,,
,,,,,,,,,
,,,,,,,,,
,,,,,,,,,
,,,,,,,,,
,,,,,,,,,
,,,,,,,,,
,,,,,,,,,
,,,,,,,,,
,,,,,,,,,
,,,,,,,,,
,,,,,,,,,
,,,,,,,,,
,,,,,,,,,
,,,,,,,,,
,,,,,,,,,
,,,,,,,,,
,,,,,,,,,
,,,,,,,,,
,,,,,,,,,
,,,,,,,,,
,,,,,,,,,
,,,,,,,,,
,,,,,,,,,
,,,,,,,,,
,,,,,,,,,
,,,,,,,,,
,,,,,,,,,
,,,,,,,,,
,,,,,,,,,
,,,,,,,,,
,,,,,,,,,
,,,,,,,,,
,,,,,,,,,
,,,,,,,,,
,,,,,,,,,
,,,,,,,,,
,,,,,,,,,
,,,,,,,,,
,,,,,,,,,
,,,,,,,,,
,,,,,,,,,
,,,,,,,,,
,,,,,,,,,
,,,,,,,,,
,,,,,,,,,
,,,,,,,,,
,,,,,,,,,
,,,,,,,,,
,,,,,,,,,
,,,,,,,,,
,,,,,,,,,
,,,,,,,,,
,,,,,,,,,
,,,,,,,,,
,,,,,,,,,
,,,,,,,,,
,,,,,,,,,
,,,,,,,,,
,,,,,,,,,
,,,,,,,,,
,,,,,,,,,
,,,,,,,,,
,,,,,,,,,
,,,,,,,,,
,,,,,,,,,
,,,,,,,,,
,,,,,,,,,
,,,,,,,,,
,,,,,,,,,
,,,,,,,,,
,,,,,,,,,
,,,,,,,,,
,,,,,,,,,
,,,,,,,,,
,,,,,,,,,
,,,,,,,,,
,,,,,,,,,
,,,,,,,,,
,,,,,,,,,
,,,,,,,,,
,,,,,,,,,
,,,,,,,,,
,,,,,,,,,
,,,,,,,,,
,,,,,,,,,
,,,,,,,,,
,,,,,,,,,
,,,,,,,,,
,,,,,,,,,
,,,,,,,,,
,,,,,,,,,
,,,,,,,,,
,,,,,,,,,
,,,,,,,,,
,,,,,,,,,
,,,,,,,,,
,,,,,,,,,
,,,,,,,,,
,,,,,,,,,
,,,,,,,,,
,,,,,,,,,
,,,,,,,,,
,,,,,,,,,
,,,,,,,,,
,,,,,,,,,
,,,,,,,,,
,,,,,,,,,
,,,,,,,,,
,,,,,,,,,
,,,,,,,,,
,,,,,,,,,
,,,,,,,,,
,,,,,,,,,
,,,,,,,,,
,,,,,,,,,
,,,,,,,,,
,,,,,,,,,
,,,,,,,,,
,,,,,,,,,
,,,,,,,,,
,,,,,,,,,
,,,,,,,,,
,,,,,,,,,
,,,,,,,,,
,,,,,,,,,
,,,,,,,,,
,,,,,,,,,
,,,,,,,,,
,,,,,,,,,
,,,,,,,,,
,,,,,,,,,
,,,,,,,,,
,,,,,,,,,
,,,,,,,,,
,,,,,,,,,
,,,,,,,,,
,,,,,,,,,
,,,,,,,,,
,,,,,,,,,
,,,,,,,,,
,,,,,,,,,
,,,,,,,,,
,,,,,,,,,
,,,,,,,,,
,,,,,,,,,
,,,,,,,,,
,,,,,,,,,
,,,,,,,,,
,,,,,,,,,
,,,,,,,,,
,,,,,,,,,
,,,,,,,,,
,,,,,,,,,
,,,,,,,,,
,,,,,,,,,
,,,,,,,,,
,,,,,,,,,
,,,,,,,,,
,,,,,,,,,
,,,,,,,,,
,,,,,,,,,
,,,,,,,,,