"","qname","sname","percent_identity","alignment_length","mismatches","gap_opens","q_start","q_end","s_start","s_end","evalue","bit_score","rounded_hundred","rounded_thousand","id_exact","id_hundred","id_thousand"
"26","Ci7Goodman-Buckler_HB1JEADXX_CCGTCC_read25_flanking","chr10",100,29,0,0,5,33,80709002,80708974,5.7e-06,54.7,80709000,80709000,"chr10_80709002","chr10_80709000","chr10_80709000"
"28","Ci7Goodman-Buckler_HB1JEADXX_CCGTCC_read32_flanking","chr2",97.674,43,1,0,1,43,1979175,1979133,1.11e-12,75,1979200,1979000,"chr2_1979175","chr2_1979200","chr2_1979000"
"29","Ci7Goodman-Buckler_HB1JEADXX_CCGTCC_read34_flanking","chr3",98.462,65,0,1,1,64,176620629,176620693,4.7e-24,113,176620600,176621000,"chr3_176620629","chr3_176620600","chr3_176621000"
"30","Ci7Goodman-Buckler_HB1JEADXX_CCGTCC_read35_flanking","chr6",99.123,114,1,0,1,114,123174401,123174514,1.74e-51,206,123174400,123174000,"chr6_123174401","chr6_123174400","chr6_123174000"
"31","Ci7Goodman-Buckler_HB1JEADXX_CCGTCC_read37_flanking","chr4",100,100,0,0,1,100,165622845,165622944,1.88e-45,185,165622800,165623000,"chr4_165622845","chr4_165622800","chr4_165623000"
"32","Ci7Goodman-Buckler_HB1JEADXX_CCGTCC_read41_flanking","chr4",100,55,0,0,1,55,165622890,165622944,7.76e-21,102,165622900,165623000,"chr4_165622890","chr4_165622900","chr4_165623000"
"33","Ci7Goodman-Buckler_HB1JEADXX_CCGTCC_read43_flanking","chr3",98.571,70,0,1,1,69,176620624,176620693,8.83e-27,122,176620600,176621000,"chr3_176620624","chr3_176620600","chr3_176621000"
"35","Ci7Goodman-Buckler_HB1JEADXX_CCGTCC_read112_flanking","chr1",100,60,0,0,1,60,103884738,103884797,1.51e-23,111,103884700,103885000,"chr1_103884738","chr1_103884700","chr1_103885000"
"37","Ci7Goodman-Buckler_HB1JEADXX_CCGTCC_read265_flanking","chr3",100,88,0,0,1,88,213054369,213054282,7.38e-39,163,213054400,213054000,"chr3_213054369","chr3_213054400","chr3_213054000"
"38","Ci7Goodman-Buckler_HB1JEADXX_CCGTCC_read266_flanking","chr2",100,55,0,0,1,55,202993330,202993276,7.76e-21,102,202993300,202993000,"chr2_202993330","chr2_202993300","chr2_202993000"
"39","Ci7Goodman-Buckler_HB1JEADXX_CCGTCC_read267_flanking","chr2",100,45,0,0,1,45,19574481,19574525,1.94e-15,84.2,19574500,19574000,"chr2_19574481","chr2_19574500","chr2_19574000"
"40","Ci7Goodman-Buckler_HB1JEADXX_CCGTCC_read268_flanking","chr10",98.734,79,1,0,1,79,12647273,12647195,3.12e-32,141,12647300,12647000,"chr10_12647273","chr10_12647300","chr10_12647000"
"49","Ci7Goodman-Buckler_HB1JEADXX_CCGTCC_read276_flanking","chr10",98.214,112,2,0,1,112,12647306,12647195,1.04e-48,196,12647300,12647000,"chr10_12647306","chr10_12647300","chr10_12647000"
"57","Ci7Goodman-Buckler_HB1JEADXX_CCGTCC_read281_flanking","chr8",100,44,0,0,1,44,109767442,109767399,6.62e-15,82.4,109767400,109767000,"chr8_109767442","chr8_109767400","chr8_109767000"
"58","Ci7Goodman-Buckler_HB1JEADXX_CCGTCC_read284_flanking","chr8",100,76,0,0,1,76,109767474,109767399,2.83e-32,141,109767500,109767000,"chr8_109767474","chr8_109767500","chr8_109767000"
"61","Ci7Goodman-Buckler_HB1JEADXX_CCGTCC_read287_flanking","chr10",100,30,0,0,1,30,58452657,58452686,1.27e-07,56.5,58452700,58453000,"chr10_58452657","chr10_58452700","chr10_58453000"
"62","Ci7Goodman-Buckler_HB1JEADXX_CCGTCC_read306_flanking","chr1",96.667,90,3,0,1,90,175932508,175932597,6.78e-35,150,175932500,175933000,"chr1_175932508","chr1_175932500","chr1_175933000"
"63","Ci7Goodman-Buckler_HB1JEADXX_CCGTCC_read313_flanking","chr3",90,90,1,3,1,82,231446732,231446643,8.95e-23,110,231446700,231447000,"chr3_231446732","chr3_231446700","chr3_231447000"
"64","Ci7Goodman-Buckler_HB1JEADXX_CCGTCC_read314_flanking","chr3",100,75,0,0,1,75,213054356,213054282,9.99e-32,139,213054400,213054000,"chr3_213054356","chr3_213054400","chr3_213054000"
"65","Ci7Goodman-Buckler_HB1JEADXX_CCGTCC_read319_flanking","chr8",96.491,57,2,0,1,57,109767455,109767399,1.39e-18,95.3,109767500,109767000,"chr8_109767455","chr8_109767500","chr8_109767000"
"68","Ci7Goodman-Buckler_HB1JEADXX_CCGTCC_read411_flanking","chr3",100,58,0,0,1,58,187584231,187584288,1.84e-22,108,187584200,187584000,"chr3_187584231","chr3_187584200","chr3_187584000"
"69","Ci7Goodman-Buckler_HB1JEADXX_CCGTCC_read506_flanking","chr7",83.333,114,8,4,1,114,18202453,18202351,3.94e-18,95.3,18202500,18202000,"chr7_18202453","chr7_18202500","chr7_18202000"
"70","Ci7Goodman-Buckler_HB1JEADXX_CCGTCC_read508_flanking","chr1",100,70,0,0,1,70,266979012,266979081,5.4e-29,130,266979000,266979000,"chr1_266979012","chr1_266979000","chr1_266979000"
"587","Ci7Goodman-Buckler_HB1JEADXX_CCGTCC_read511_flanking","chr2",100,41,0,0,1,41,223225716,223225756,2.59e-13,76.8,223225700,223226000,"chr2_223225716","chr2_223225700","chr2_223226000"
"588","Ci7Goodman-Buckler_HB1JEADXX_CCGTCC_read514_flanking","chr7",95.96,99,2,1,1,97,18202259,18202357,1.3e-37,159,18202300,18202000,"chr7_18202259","chr7_18202300","chr7_18202000"
"589","Ci7Goodman-Buckler_HB1JEADXX_CCGTCC_read543_flanking","chr9",94.34,53,1,2,1,53,162039233,162039283,3.51e-14,80.5,162039200,162039000,"chr9_162039233","chr9_162039200","chr9_162039000"
"590","Ci7Goodman-Buckler_HB1JEADXX_CCGTCC_read548_flanking","chr2",98.81,84,1,0,1,84,219873660,219873743,5.37e-35,150,219873700,219874000,"chr2_219873660","chr2_219873700","chr2_219874000"
"591","Ci7Goodman-Buckler_HB1JEADXX_CCGTCC_read549_flanking","chr9",100,29,0,0,1,29,149483911,149483939,4.56e-07,54.7,149483900,149484000,"chr9_149483911","chr9_149483900","chr9_149484000"
"592","Ci7Goodman-Buckler_HB1JEADXX_CCGTCC_read550_flanking","chr3",100,43,0,0,1,43,223732433,223732391,2.26e-14,80.5,223732400,223732000,"chr3_223732433","chr3_223732400","chr3_223732000"
"593","Ci7Goodman-Buckler_HB1JEADXX_CCGTCC_read582_flanking","chr8",100,85,0,0,1,85,148115712,148115628,3.32e-37,158,148115700,148116000,"chr8_148115712","chr8_148115700","chr8_148116000"
"594","Ci7Goodman-Buckler_HB1JEADXX_CCGTCC_read600_flanking","chr7",100,65,0,0,1,65,168517871,168517807,2.88e-26,121,168517900,168518000,"chr7_168517871","chr7_168517900","chr7_168518000"
"606","Ci7Goodman-Buckler_HB1JEADXX_CCGTCC_read601_flanking","chr7",100,69,0,0,1,69,168517875,168517807,1.9e-28,128,168517900,168518000,"chr7_168517875","chr7_168517900","chr7_168518000"
"618","Ci7Goodman-Buckler_HB1JEADXX_CCGTCC_read619_flanking","chr7",100,44,0,0,1,44,161980629,161980586,6.62e-15,82.4,161980600,161981000,"chr7_161980629","chr7_161980600","chr7_161981000"
"619","Ci7Goodman-Buckler_HB1JEADXX_CCGTCC_read678_flanking","chr3",100,32,0,0,1,32,187193891,187193922,1.47e-08,60.2,187193900,187194000,"chr3_187193891","chr3_187193900","chr3_187194000"
"620","Ci7Goodman-Buckler_HB1JEADXX_CCGTCC_read680_flanking","chr6",97.015,67,2,0,1,67,152826553,152826619,5.19e-24,113,152826600,152827000,"chr6_152826553","chr6_152826600","chr6_152827000"
"623","Ci7Goodman-Buckler_HB1JEADXX_CCGTCC_read684_flanking","chr6",90.909,99,6,3,1,99,152826524,152826619,8.96e-29,130,152826500,152827000,"chr6_152826524","chr6_152826500","chr6_152827000"
"626","Ci7Goodman-Buckler_HB1JEADXX_CCGTCC_read685_flanking","chr1",100,69,0,0,1,69,254999140,254999072,1.9e-28,128,254999100,254999000,"chr1_254999140","chr1_254999100","chr1_254999000"
"627","Ci7Goodman-Buckler_HB1JEADXX_CCGTCC_read691_flanking","chr6",90.654,107,7,3,1,107,152826516,152826619,1.65e-31,139,152826500,152827000,"chr6_152826516","chr6_152826500","chr6_152827000"
"630","Ci7Goodman-Buckler_HB1JEADXX_CCGTCC_read697_flanking","chr4",100,79,0,0,1,79,108103727,108103805,6.46e-34,147,108103700,108104000,"chr4_108103727","chr4_108103700","chr4_108104000"
"631","Ci7Goodman-Buckler_HB1JEADXX_CCGTCC_read700_flanking","chr10",88.235,68,6,2,41,107,140003470,140003536,1.02e-13,80.5,140003500,140003000,"chr10_140003470","chr10_140003500","chr10_140003000"
"633","Ci7Goodman-Buckler_HB1JEADXX_CCGTCC_read705_flanking","chr6",97.561,41,1,0,1,41,152826579,152826619,1.28e-11,71.3,152826600,152827000,"chr6_152826579","chr6_152826600","chr6_152827000"
"634","Ci7Goodman-Buckler_HB1JEADXX_CCGTCC_read794_flanking","chr1",97.143,70,2,0,1,70,65465908,65465977,1.3e-25,119,65465900,65466000,"chr1_65465908","chr1_65465900","chr1_65466000"
"635","Ci7Goodman-Buckler_HB1JEADXX_CCGTCC_read832_flanking","chr5",100,28,0,0,1,28,195071993,195072020,1.37e-06,52.8,195072000,195072000,"chr5_195071993","chr5_195072000","chr5_195072000"
"636","Ci7Goodman-Buckler_HB1JEADXX_CCGTCC_read835_flanking","chr6",100,43,0,0,1,43,18036926,18036968,2.26e-14,80.5,18036900,18037000,"chr6_18036926","chr6_18036900","chr6_18037000"
"638","Ci7Goodman-Buckler_HB1JEADXX_CCGTCC_read841_flanking","chr6",100,89,0,0,1,89,18036880,18036968,2.09e-39,165,18036900,18037000,"chr6_18036880","chr6_18036900","chr6_18037000"
"640","Ci7Goodman-Buckler_HB1JEADXX_CCGTCC_read844_flanking","chr9",100,39,0,0,1,39,16779334,16779296,2.94e-12,73.1,16779300,16779000,"chr9_16779334","chr9_16779300","chr9_16779000"
"641","Ci7Goodman-Buckler_HB1JEADXX_CCGTCC_read846_flanking","chr2",98.78,82,1,0,1,82,219873815,219873734,6.82e-34,147,219873800,219874000,"chr2_219873815","chr2_219873800","chr2_219874000"
"642","Ci7Goodman-Buckler_HB1JEADXX_CCGTCC_read849_flanking","chr4",96.629,89,3,0,1,89,92853500,92853588,2.1e-34,148,92853500,92854000,"chr4_92853500","chr4_92853500","chr4_92854000"
"643","Ci7Goodman-Buckler_HB1JEADXX_CCGTCC_read850_flanking","chr9",100,121,0,0,1,121,16779416,16779296,5.14e-57,224,16779400,16779000,"chr9_16779416","chr9_16779400","chr9_16779000"
"644","Ci7Goodman-Buckler_HB1JEADXX_CCGTCC_read851_flanking","chr8",100,34,0,0,1,34,124286892,124286925,1.26e-09,63.9,124286900,124287000,"chr8_124286892","chr8_124286900","chr8_124287000"
"645","Ci7Goodman-Buckler_HB1JEADXX_CCGTCC_read865_flanking","chr5",94.231,104,6,0,5,108,167773199,167773096,1.27e-37,159,167773200,167773000,"chr5_167773199","chr5_167773200","chr5_167773000"
"648","Ci7Goodman-Buckler_HB1JEADXX_CCGTCC_read915_flanking","chr5",100,55,0,0,1,55,167773309,167773255,7.76e-21,102,167773300,167773000,"chr5_167773309","chr5_167773300","chr5_167773000"
"650","Ci7Goodman-Buckler_HB1JEADXX_CCGTCC_read924_flanking","chr2",100,50,0,0,1,50,159582065,159582016,3.86e-18,93.5,159582100,159582000,"chr2_159582065","chr2_159582100","chr2_159582000"
"654","Ci7Goodman-Buckler_HB1JEADXX_CCGTCC_read929_flanking","chr6",100,46,0,0,1,46,48613009,48612964,5.66e-16,86.1,48613000,48613000,"chr6_48613009","chr6_48613000","chr6_48613000"
"659","Ci7Goodman-Buckler_HB1JEADXX_CCGTCC_read934_flanking","chr4",98,50,1,0,1,50,102261416,102261367,1.8e-16,87.9,102261400,102261000,"chr4_102261416","chr4_102261400","chr4_102261000"
"661","Ci7Goodman-Buckler_HB1JEADXX_CCGTCC_read937_flanking","chr9",100,80,0,0,1,80,161778701,161778780,1.83e-34,148,161778700,161779000,"chr9_161778701","chr9_161778700","chr9_161779000"
"662","Ci7Goodman-Buckler_HB1JEADXX_CCGTCC_read943_flanking","chr6",100,56,0,0,1,56,48613019,48612964,2.23e-21,104,48613000,48613000,"chr6_48613019","chr6_48613000","chr6_48613000"
"667","Ci7Goodman-Buckler_HB1JEADXX_CCGTCC_read974_flanking","chr10",100,43,0,0,1,43,4013965,4013923,2.26e-14,80.5,4014000,4014000,"chr10_4013965","chr10_4014000","chr10_4014000"
"668","Ci7Goodman-Buckler_HB1JEADXX_CCGTCC_read975_flanking","chr5",100,63,0,0,1,63,27636376,27636314,3.53e-25,117,27636400,27636000,"chr5_27636376","chr5_27636400","chr5_27636000"
"877","Ci7Goodman-Buckler_HLC27CCXX_L7_read1_flanking","chr6",99.115,113,1,0,1,113,123174402,123174514,6.2e-51,204,123174400,123174000,"chr6_123174402","chr6_123174400","chr6_123174000"
"879","Ci7Goodman-Buckler_HLC27CCXX_L7_read3_flanking","chr5",100,89,0,0,1,89,210371643,210371555,2.09e-39,165,210371600,210372000,"chr5_210371643","chr5_210371600","chr5_210372000"
"880","Ci7Goodman-Buckler_HLC27CCXX_L7_read8_flanking","chr2",100,73,0,0,1,73,141874064,141874136,1.24e-30,135,141874100,141874000,"chr2_141874064","chr2_141874100","chr2_141874000"
"882","Ci7Goodman-Buckler_HLC27CCXX_L7_read10_flanking","chr4",100,35,0,0,2,36,165623851,165623817,3.86e-10,65.8,165623900,165624000,"chr4_165623851","chr4_165623900","chr4_165624000"
"883","Ci7Goodman-Buckler_HLC27CCXX_L7_read11_flanking","chr2",100,73,0,0,1,73,141874064,141874136,1.24e-30,135,141874100,141874000,"chr2_141874064","chr2_141874100","chr2_141874000"
"885","Ci7Goodman-Buckler_HLC27CCXX_L7_read14_flanking","chr3",100,60,0,0,1,60,170400056,170400115,1.69e-23,111,170400100,170400000,"chr3_170400056","chr3_170400100","chr3_170400000"
"886","Ci7Goodman-Buckler_HLC27CCXX_L7_read15_flanking","chr5",98.333,60,1,0,1,60,210371505,210371564,7.24e-22,106,210371500,210372000,"chr5_210371505","chr5_210371500","chr5_210372000"
"887","Ci7Goodman-Buckler_HLC27CCXX_L7_read17_flanking","chr4",100,60,0,0,1,60,165622885,165622944,1.51e-23,111,165622900,165623000,"chr4_165622885","chr4_165622900","chr4_165623000"
"889","Ci7Goodman-Buckler_HLC27CCXX_L7_read25_flanking","chr1",100,39,0,0,1,39,251910231,251910269,2.94e-12,73.1,251910200,251910000,"chr1_251910231","chr1_251910200","chr1_251910000"
"891","Ci7Goodman-Buckler_HLC27CCXX_L7_read98_flanking","chr7",98.701,77,1,0,3,79,181597042,181596966,3.89e-31,137,181597000,181597000,"chr7_181597042","chr7_181597000","chr7_181597000"
"892","Ci7Goodman-Buckler_HLC27CCXX_L7_read150_flanking","chr1",100,105,0,0,1,105,266978977,266979081,3.35e-48,195,266979000,266979000,"chr1_266978977","chr1_266979000","chr1_266979000"
"1465","Ci7Goodman-Buckler_HLC27CCXX_L7_read153_flanking","chr1",100,114,0,0,1,114,266984608,266984495,3.71e-53,211,266984600,266985000,"chr1_266984608","chr1_266984600","chr1_266985000"
"18825","Ci7Goodman-Buckler_HLC27CCXX_L7_read157_flanking","chr8",100,83,0,0,1,83,103754787,103754869,4.08e-36,154,103754800,103755000,"chr8_103754787","chr8_103754800","chr8_103755000"
"18826","Ci7Goodman-Buckler_HLC27CCXX_L7_read161_flanking","chr2",100,64,0,0,1,64,219873680,219873743,1.01e-25,119,219873700,219874000,"chr2_219873680","chr2_219873700","chr2_219874000"
"18827","Ci7Goodman-Buckler_HLC27CCXX_L7_read170_flanking","chr2",94.565,92,0,2,1,87,3342464,3342555,4.4e-31,137,3342500,3342000,"chr2_3342464","chr2_3342500","chr2_3342000"
"18828","Ci7Goodman-Buckler_HLC27CCXX_L7_read256_flanking","chr2",100,60,0,0,1,60,159582075,159582016,1.51e-23,111,159582100,159582000,"chr2_159582075","chr2_159582100","chr2_159582000"
"18832","Ci7Goodman-Buckler_HLC27CCXX_L7_read261_flanking","chr6",100,43,0,0,1,43,48613006,48612964,2.26e-14,80.5,48613000,48613000,"chr6_48613006","chr6_48613000","chr6_48613000"
"18837","Ci7Goodman-Buckler_HLC27CCXX_L7_read262_flanking","chr6",100,111,0,0,1,111,48613074,48612964,1.66e-51,206,48613100,48613000,"chr6_48613074","chr6_48613100","chr6_48613000"
"18855","Ci7Goodman-Buckler_HLC27CCXX_L7_read306_flanking","chr1",100,43,0,0,22,64,27705630,27705588,5.26e-14,80.5,27705600,27706000,"chr1_27705630","chr1_27705600","chr1_27706000"
